Dziennik,Data,Wpis,Liczba
1TMR,2023-09-04,obecność,192
1TMR,2023-09-05,obecność,179
1TMR,2023-09-06,obecność,192
1TMR,2023-09-07,obecność,190
1TMR,2023-09-07,nieob. uspraw.,2
1TMR,2023-09-08,obecność,177
1TMR,2023-09-11,obecność,185
1TMR,2023-09-12,obecność,154
1TMR,2023-09-13,obecność,182
1TMR,2023-09-14,obecność,145
1TMR,2023-09-14,nieob. uspraw.,22
1TMR,2023-09-15,obecność,169
1TMR,2023-09-18,obecność,183
1TMR,2023-09-19,obecność,163
1TMR,2023-09-20,obecność,184
1TMR,2023-09-21,obecność,110
1TMR,2023-09-22,nieob. uspr. p.s.,171
1TMR,2023-09-25,obecność,168
1TMR,2023-09-26,obecność,155
1TMR,2023-09-26,nieob. uspraw.,13
1TMR,2023-09-27,obecność,177
1TMR,2023-09-28,obecność,132
1TMR,2023-09-29,obecność,161
1TMR,2023-10-02,obecność,168
1TMR,2023-10-03,obecność,183
1TMR,2023-10-04,obecność,172
1TMR,2023-10-05,obecność,138
1TMR,2023-10-06,obecność,161
1TMR,2023-10-09,obecność,155
1TMR,2023-10-09,zwolniony,11
1TMR,2023-10-10,obecność,161
1TMR,2023-10-11,obecność,155
1TMR,2023-10-11,nieob. uspraw.,26
1TMR,2023-10-12,obecność,130
1TMR,2023-10-16,obecność,149
1TMR,2023-10-17,obecność,110
1TMR,2023-10-18,obecność,168
1TMR,2023-10-18,nieobecność,6
1TMR,2023-10-19,nieob. uspraw.,45
1TMR,2023-10-19,obecność,64
1TMR,2023-10-20,obecność,161
1TMR,2023-10-23,obecność,170
1TMR,2023-10-24,obecność,166
1TMR,2023-10-25,obecność,177
1TMR,2023-10-26,obecność,138
1TMR,2023-10-27,obecność,192
1TMR,2023-10-30,obecność,165
1TMR,2023-10-31,nieob. uspraw.,63
1TMR,2023-11-02,obecność,96
1TMR,2023-11-03,obecność,137
1TMR,2023-11-06,obecność,201
1TMR,2023-11-07,obecność,162
1TMR,2023-11-07,nieob. uspr. p.s.,10
1TMR,2023-11-08,obecność,139
1TMR,2023-11-09,obecność,131
1TMR,2023-11-10,nieob. uspraw.,25
1TMR,2023-11-13,nieob. uspraw.,15
1TMR,2023-11-14,obecność,151
1TMR,2023-11-15,nieob. uspraw.,13
1TMR,2023-11-15,obecność,179
1TMR,2023-11-16,obecność,130
1TMR,2023-11-17,nieob. uspraw.,7
1TMR,2023-11-20,obecność,178
1TMR,2023-11-21,nieob. uspr. p.s.,77
1TMR,2023-11-22,obecność,113
1TMR,2023-11-23,obecność,47
1TMR,2023-11-23,nieobecność,4
1TMR,2023-11-24,obecność,137
1TMR,2023-11-27,obecność,149
1TMR,2023-11-28,obecność,139
1TMR,2023-11-29,obecność,120
1TMR,2023-11-30,obecność,111
1TMR,2023-12-01,obecność,147
1TMR,2023-12-04,obecność,170
1TMR,2023-12-04,nieob. uspraw.,17
1TMR,2023-12-05,obecność,170
1TMR,2023-12-06,obecność,183
1TMR,2023-12-07,obecność,124
1TMR,2023-12-08,obecność,153
1TMR,2023-12-11,obecność,148
1TMR,2023-12-12,obecność,151
1TMR,2023-12-13,obecność,184
1TMR,2023-12-14,obecność,63
1TMR,2023-12-15,obecność,185
1TMR,2023-12-18,obecność,144
1TMR,2023-12-18,nieob. uspraw.,16
1TMR,2023-12-19,nieob. uspraw.,19
1TMR,2023-12-19,obecność,149
1TMR,2023-12-20,obecność,171
1TMR,2023-12-21,nieob. uspraw.,46
1TMR,2023-12-21,obecność,122
1TMR,2024-01-02,nieob. uspraw.,56
1TMR,2024-01-03,obecność,154
1TMR,2024-01-04,obecność,125
1TMR,2024-01-05,obecność,161
1TMR,2024-01-08,obecność,136
1TMR,2024-01-09,obecność,133
1TMR,2024-01-10,obecność,79
1TMR,2024-01-11,nieob. uspraw.,42
1TMR,2024-01-12,obecność,161
1TMR,2024-01-29,obecność,172
1TMR,2024-01-30,obecność,156
1TMR,2024-01-31,obecność,166
1TMR,2024-02-01,obecność,144
1TMR,2024-02-02,obecność,155
1TMR,2024-02-05,obecność,165
1TMR,2024-02-06,obecność,175
1TMR,2024-02-07,obecność,159
1TMR,2024-02-08,obecność,126
1TMR,2024-02-09,obecność,32
1TMR,2024-02-12,obecność,171
1TMR,2024-02-13,obecność,144
1TMR,2024-02-13,nieob. uspraw.,20
1TMR,2024-02-14,obecność,142
1TMR,2024-02-14,nieob. uspraw.,24
1TMR,2024-02-15,obecność,154
1TMR,2024-02-16,obecność,177
1TMR,2024-02-19,obecność,171
1TMR,2024-02-20,obecność,104
1TMR,2024-02-20,nieob. uspraw.,85
1TMR,2024-02-21,obecność,146
1TMR,2024-02-22,obecność,157
1TMR,2024-02-23,obecność,140
1TMR,2024-02-26,obecność,160
1TMR,2024-02-27,obecność,164
1TMR,2024-02-28,obecność,149
1TMR,2024-02-29,obecność,130
1TMR,2024-03-01,obecność,105
1TMR,2024-03-04,obecność,162
1TMR,2024-03-05,obecność,170
1TMR,2024-03-06,obecność,129
1TMR,2024-03-07,obecność,112
1TMR,2024-03-08,obecność,113
1TMR,2024-03-11,obecność,164
1TMR,2024-03-12,obecność,147
1TMR,2024-03-13,obecność,145
1TMR,2024-03-14,obecność,149
1TMR,2024-03-15,obecność,170
1TMR,2024-03-18,obecność,149
1TMR,2024-03-18,nieob. uspr. p.s.,8
1TMR,2024-03-19,obecność,162
1TMR,2024-03-20,nieob. uspraw.,140
1TMR,2024-03-21,nieob. uspraw.,163
1TMR,2024-03-22,obecność,77
1TMR,2024-03-25,obecność,183
1TMR,2024-03-26,nieob. uspraw.,13
1TMR,2024-03-26,obecność,108
1TMR,2024-03-27,nieob. uspraw.,51
1TMR,2024-04-03,obecność,173
1TMR,2024-04-04,obecność,143
1TMR,2024-04-08,obecność,142
1TMR,2024-04-09,obecność,124
1TMR,2024-04-10,obecność,177
1TMR,2024-04-10,nieob. uspr. p.s.,4
1TMR,2024-04-11,nieob. uspr. p.s.,3
1TMR,2024-04-12,obecność,78
1TMR,2024-04-15,obecność,147
1TMR,2024-04-16,obecność,139
1TMR,2024-04-17,obecność,175
1TMR,2024-04-18,obecność,140
1TMR,2024-04-19,obecność,136
1TMR,2024-04-22,nieob. uspraw.,23
1TMR,2024-04-23,obecność,142
1TMR,2024-04-24,obecność,167
1TMR,2024-04-25,obecność,118
1TMR,2024-04-26,obecność,185
1TMR,2024-05-06,obecność,146
1TMR,2024-05-07,obecność,120
1TMR,2024-05-07,nieob. uspraw.,22
1TMR,2024-05-08,obecność,122
1TMR,2024-05-09,nieob. uspraw.,27
1TMR,2024-05-10,nieob. uspraw.,22
1TMR,2024-05-13,obecność,131
1TMR,2024-05-14,nieob. uspraw.,25
1TMR,2024-05-15,obecność,136
1TMR,2024-05-15,nieob. uspr. p.s.,4
1TMR,2024-05-16,obecność,88
1TMR,2024-05-17,obecność,64
1TMR,2024-05-20,obecność,161
1TMR,2024-05-22,nieob. uspraw.,40
1TMR,2024-05-23,nieob. uspraw.,29
1TMR,2024-05-24,obecność,185
1TMR,2024-05-27,obecność,115
1TMR,2024-05-28,obecność,126
1TMR,2024-05-28,nieob. uspraw.,64
1TMR,2024-05-29,obecność,94
1TMR,2024-05-29,spóźnienie,2
1TMR,2024-06-03,obecność,103
1TMR,2024-06-04,nieob. uspraw.,63
1TMR,2024-06-05,obecność,139
1TMR,2024-06-06,obecność,71
1TMR,2024-06-07,obecność,88
1TMR,2024-06-10,nieob. uspraw.,69
1TMR,2024-06-11,nieob. uspraw.,160
1TMR,2024-06-12,nieob. uspraw.,94
1TMR,2024-06-12,obecność,26
1TMR,2024-06-17,nieob. uspraw.,156
1TMR,2024-06-18,nieob. uspraw.,138
1TMR,2024-06-19,nieob. uspraw.,138
1TMR,2024-06-20,nieob. uspraw.,158
1TMR,2024-06-21,obecność,168
1TMR,2023-09-27,nieobecność,4
1TMR,2023-10-04,nieob. uspraw.,18
1TMR,2023-10-11,nieobecność,6
1TMR,2023-10-17,nieob. uspraw.,31
1TMR,2023-11-06,nieob. uspraw.,12
1TMR,2023-11-07,nieob. uspraw.,18
1TMR,2023-11-08,nieob. uspraw.,22
1TMR,2023-11-13,obecność,170
1TMR,2023-11-17,obecność,154
1TMR,2023-11-22,nieob. uspraw.,30
1TMR,2023-11-23,nieob. uspraw.,91
1TMR,2023-11-30,nieob. uspraw.,32
1TMR,2023-12-05,nieob. uspraw.,20
1TMR,2023-12-07,nieob. uspraw.,20
1TMR,2023-12-14,nieob. uspraw.,80
1TMR,2024-01-02,obecność,135
1TMR,2024-01-03,nieobecność,2
1TMR,2024-01-04,nieobecność,4
1TMR,2024-01-08,nieobecność,3
1TMR,2024-01-10,nieob. uspraw.,60
1TMR,2024-01-11,obecność,95
1TMR,2024-01-11,nieobecność,1
1TMR,2024-02-01,nieob. uspraw.,14
1TMR,2024-02-02,nieob. uspraw.,25
1TMR,2024-02-05,nieobecność,4
1TMR,2024-02-06,nieobecność,5
1TMR,2024-02-07,nieob. uspraw.,9
1TMR,2024-02-09,nieob. uspraw.,153
1TMR,2024-02-12,nieob. uspraw.,16
1TMR,2024-03-01,nieob. uspraw.,80
1TMR,2024-03-05,nieobecność,1
1TMR,2024-03-06,nieob. uspraw.,39
1TMR,2024-03-08,nieob. uspraw.,72
1TMR,2024-03-12,nieob. uspraw.,31
1TMR,2024-03-13,nieobecność,2
1TMR,2024-03-22,nieob. uspraw.,91
1TMR,2024-03-26,nieobecność,15
1TMR,2024-04-04,nieobecność,1
1TMR,2024-04-05,obecność,110
1TMR,2024-04-05,nieobecność,2
1TMR,2024-04-08,nieob. uspraw.,39
1TMR,2024-04-11,nieob. uspraw.,34
1TMR,2024-04-12,nieob. uspraw.,98
1TMR,2024-04-15,nieobecność,13
1TMR,2024-04-22,nieobecność,22
1TMR,2024-05-07,nieobecność,26
1TMR,2024-05-08,nieob. uspraw.,34
1TMR,2024-05-09,obecność,105
1TMR,2024-05-16,nieobecność,15
1TMR,2024-05-17,nieob. uspraw.,128
1TMR,2024-05-23,obecność,89
1TMR,2024-05-29,nieob. uspraw.,96
1TMR,2024-06-03,nieob. uspraw.,61
1TMR,2024-06-04,obecność,123
1TMR,2024-06-05,nieob. uspraw.,52
1TMR,2024-06-06,nieob. uspraw.,48
1TMR,2024-06-13,nieob. uspraw.,108
1TMR,2024-06-14,nieob. uspraw.,153
1TMR,2023-09-14,nieob. uspr. p.s.,1
1TMR,2023-09-18,nieob. uspr. p.s.,5
1TMR,2023-10-06,nieob. uspraw.,24
1TMR,2023-10-19,spóźnienie,11
1TMR,2023-10-31,obecność,121
1TMR,2023-11-02,nieob. uspraw.,48
1TMR,2023-11-03,nieob. uspraw.,48
1TMR,2023-11-10,obecność,152
1TMR,2023-11-24,nieobecność,2
1TMR,2023-11-28,spóźnienie,1
1TMR,2024-01-09,nieobecność,5
1TMR,2024-01-10,nieobecność,4
1TMR,2024-02-02,spóźnienie,4
1TMR,2024-02-29,nieob. uspraw.,12
1TMR,2024-03-04,nieob. uspraw.,25
1TMR,2024-03-05,nieob. uspraw.,19
1TMR,2024-03-13,nieob. uspraw.,13
1TMR,2024-03-15,nieob. uspraw.,8
1TMR,2024-03-26,nieob. uspr. p.s.,54
1TMR,2024-03-27,obecność,110
1TMR,2024-04-11,obecność,27
1TMR,2024-04-19,nieob. uspraw.,25
1TMR,2024-04-22,obecność,142
1TMR,2024-05-14,obecność,134
1TMR,2024-05-14,nieobecność,7
1TMR,2024-05-15,spóźnienie,6
1TMR,2024-05-22,obecność,123
1TMR,2024-05-22,spóźnienie,12
1TMR,2024-05-27,nieob. uspraw.,49
1TMR,2024-06-07,nieob. uspraw.,99
1TMR,2024-06-10,obecność,85
1TMR,2024-06-11,obecność,30
1TMR,2023-09-11,spóźnienie,1
1TMR,2023-09-19,spóźnienie,1
1TMR,2023-10-02,nieobecność,4
1TMR,2023-11-13,spóźnienie,1
1TMR,2023-11-14,nieobecność,8
1TMR,2023-11-21,obecność,16
1TMR,2023-11-21,nieob. uspraw.,72
1TMR,2024-01-11,spóźnienie,3
1TMR,2024-02-01,nieobecność,8
1TMR,2024-02-05,nieob. uspraw.,9
1TMR,2024-04-24,nieob. uspraw.,16
1TMR,2024-05-09,nieobecność,11
1TMR,2024-06-13,obecność,12
1TMR,2023-09-19,nieobecność,3
1TMR,2023-11-22,nieobecność,1
1TMR,2023-11-27,nieob. uspraw.,31
1TMR,2023-11-28,nieob. uspraw.,41
1TMR,2023-12-11,nieob. uspraw.,16
1TMR,2024-03-20,obecność,4
1TMR,2024-04-11,nieobecność,5
1TMR,2023-09-29,nieob. uspraw.,24
1TMR,2023-10-04,nieobecność,2
1TMR,2023-10-09,nieob. uspraw.,23
1TMR,2023-10-10,nieob. uspraw.,23
1TMR,2023-10-12,nieob. uspraw.,6
1TMR,2023-10-16,nieobecność,2
1TMR,2023-10-24,nieobecność,8
1TMR,2023-10-30,nieobecność,7
1TMR,2023-11-13,nieobecność,2
1TMR,2023-11-20,nieobecność,1
1TMR,2023-11-29,nieob. uspraw.,13
1TMR,2023-12-06,nieob. uspraw.,9
1TMR,2023-12-08,nieob. uspraw.,32
1TMR,2023-12-12,nieob. uspraw.,14
1TMR,2023-12-20,nieob. uspraw.,16
1TMR,2024-01-02,nieobecność,1
1TMR,2024-01-08,nieob. uspraw.,12
1TMR,2024-01-30,nieob. uspraw.,8
1TMR,2024-02-08,nieob. uspraw.,18
1TMR,2024-02-12,nieobecność,2
1TMR,2024-02-15,nieob. uspraw.,14
1TMR,2024-02-22,nieobecność,2
1TMR,2024-02-26,nieobecność,13
1TMR,2024-03-11,nieob. uspr. p.s.,16
1TMR,2024-03-14,nieobecność,1
1TMR,2024-04-08,nieobecność,8
1TMR,2024-04-15,nieob. uspraw.,25
1TMR,2024-04-16,nieob. uspraw.,22
1TMR,2024-04-19,nieobecność,24
1TMR,2024-04-23,nieobecność,7
1TMR,2024-04-25,nieob. uspraw.,12
1TMR,2024-05-13,nieob. uspraw.,21
1TMR,2024-05-16,nieob. uspraw.,14
1TMR,2024-05-22,nieobecność,17
1TMR,2023-09-11,nieob. uspraw.,5
1TMR,2023-09-13,nieob. uspraw.,10
1TMR,2023-10-12,spóźnienie,2
1TMR,2023-10-25,nieobecność,7
1TMR,2023-10-31,nieobecność,5
1TMR,2023-11-14,nieob. uspraw.,6
1TMR,2023-11-16,spóźnienie,1
1TMR,2023-11-29,nieobecność,5
1TMR,2023-12-12,spóźnienie,2
1TMR,2023-12-13,nieobecność,8
1TMR,2024-01-03,nieob. uspraw.,36
1TMR,2024-01-04,nieob. uspraw.,39
1TMR,2024-01-31,nieobecność,2
1TMR,2024-02-28,nieob. uspraw.,19
1TMR,2024-03-13,nieob. uspr. p.s.,7
1TMR,2024-03-15,nieobecność,6
1TMR,2024-03-18,nieobecność,8
1TMR,2024-03-27,nieobecność,2
1TMR,2024-04-10,nieobecność,3
1TMR,2024-04-17,nieob. uspraw.,13
1TMR,2024-05-06,nieobecność,10
1TMR,2024-05-13,nieobecność,13
1TMR,2023-09-12,nieob. uspraw.,14
1TMR,2023-10-03,nieob. uspraw.,9
1TMR,2023-10-10,nieob. uspr. p.s.,6
1TMR,2023-10-23,nieob. uspraw.,8
1TMR,2023-10-26,nieob. uspraw.,6
1TMR,2023-11-09,nieob. uspraw.,6
1TMR,2023-11-24,nieob. uspraw.,15
1TMR,2024-03-07,nieob. uspraw.,31
1TMR,2024-03-15,spóźnienie,1
1TMR,2024-03-18,nieob. uspraw.,24
1TMR,2024-04-09,nieob. uspraw.,20
1TMR,2024-04-10,nieob. uspraw.,32
1TMR,2023-09-22,nieob. uspraw.,4
1TMR,2023-09-22,obecność,7
1TMR,2023-09-25,nieob. uspraw.,19
1TMR,2023-09-25,spóźnienie,1
1TMR,2023-10-17,nieobecność,1
1TMR,2023-11-07,nieobecność,2
1TMR,2023-09-08,nieob. uspraw.,8
1TMR,2023-10-09,spóźnienie,2
1TMR,2023-10-16,nieob. uspraw.,14
1TMR,2023-10-30,nieob. uspraw.,16
1TMR,2023-11-23,spóźn. uspr.,1
1TMR,2024-02-01,spóźn. uspr.,1
1TMR,2024-02-19,spóźnienie,1
1TMR,2024-02-20,spóźnienie,1
1TMR,2024-03-27,spóźnienie,2
1TMR,2024-04-03,nieobecność,3
1TMR,2024-04-05,nieob. uspraw.,16
1TMR,2024-04-11,spóźnienie,3
1TMR,2024-04-23,nieob. uspraw.,13
1TMR,2024-05-20,nieobecność,4
1TMR,2024-05-23,nieobecność,1
1TMR,2024-06-04,spóźnienie,4
1TMR,2024-06-06,spóźnienie,1
1TMR,2023-09-28,nieob. uspraw.,12
1TMR,2024-02-21,nieob. uspraw.,21
1TMR,2024-02-22,nieob. uspraw.,7
1TMR,2024-03-25,nieob. uspraw.,5
1TMR,2024-04-03,nieob. uspraw.,16
1TMR,2024-04-18,nieob. uspraw.,3
1TMR,2024-06-20,obecność,7
1TMR,2023-11-08,nieobecność,2
1TMR,2023-12-18,nieobecność,3
1TMR,2024-01-29,nieob. uspraw.,16
1TMR,2024-03-04,nieobecność,2
1TMR,2024-04-17,nieobecność,1
1TMR,2024-06-18,obecność,6
1TMR,2023-11-27,nieobecność,1
1TMR,2024-03-19,nieob. uspraw.,23
1TMR,2023-09-18,zwolniony,1
1TMR,2023-09-21,nieob. uspraw.,10
1TMR,2023-09-25,nieobecność,3
1TMR,2023-10-24,nieob. uspraw.,16
1TMR,2023-11-06,nieobecność,2
1TMR,2023-11-16,nieob. uspraw.,13
1TMR,2023-11-20,nieob. uspraw.,9
1TMR,2024-01-09,nieob. uspraw.,30
1TMR,2024-02-06,nieob. uspraw.,10
1TMR,2024-02-16,nieob. uspraw.,8
1TMR,2024-02-19,nieob. uspraw.,15
1TMR,2024-02-23,nieob. uspraw.,21
1TMR,2024-03-14,nieob. uspr. p.s.,11
1TMR,2024-05-15,nieob. uspraw.,21
1TMR,2023-09-19,nieob. uspraw.,1
1TMR,2023-09-20,nieob. uspraw.,8
1TMR,2024-03-11,spóźnienie,1
1TMR,2024-03-27,nieob. uspr. p.s.,3
1TMR,2024-06-17,obecność,9
1TMR,2023-10-11,nieob. uspr. p.s.,5
1TMR,2023-10-12,nieob. uspr. p.s.,6
1TMR,2023-10-18,nieob. uspraw.,18
1TMR,2023-10-25,nieob. uspraw.,8
1TMR,2023-11-08,nieob. uspr. p.s.,5
1TMR,2023-11-09,nieob. uspr. p.s.,6
1TMR,2023-12-20,nieobecność,5
1TMR,2024-01-08,nieob. uspr. p.s.,1
1TMR,2024-01-10,nieob. uspr. p.s.,1
1TMR,2024-01-11,nieob. uspr. p.s.,3
1TMR,2024-02-02,nieob. uspr. p.s.,1
1TMR,2024-02-13,spóźn. uspr.,1
1TMR,2024-02-19,nieob. uspr. p.s.,1
1TMR,2024-02-21,zwolniony,1
1TMR,2024-02-22,nieob. uspr. p.s.,2
1TMR,2024-03-07,nieob. uspr. p.s.,1
1TMR,2024-03-12,nieob. uspr. p.s.,4
1TMR,2024-03-19,nieob. uspr. p.s.,3
1TMR,2024-03-21,obecność,5
1TMR,2024-04-15,nieob. uspr. p.s.,3
1TMR,2024-04-16,nieob. uspr. p.s.,1
1TMR,2024-04-17,nieob. uspr. p.s.,3
1TMR,2024-04-18,nieob. uspr. p.s.,1
1TMR,2024-04-22,nieob. uspr. p.s.,2
1TMR,2024-04-23,nieob. uspr. p.s.,4
1TMR,2024-04-24,nieob. uspr. p.s.,7
1TMR,2024-04-25,nieob. uspr. p.s.,6
1TMR,2024-05-06,nieob. uspr. p.s.,3
1TMR,2024-05-16,nieob. uspr. p.s.,2
1TMR,2024-05-23,nieob. uspr. p.s.,1
1TMR,2024-06-05,spóźnienie,1
1TMR,2024-06-19,obecność,6
1TMR,2024-06-20,nieob. uspr. p.s.,3
1TMR,2024-02-26,nieob. uspraw.,16
1TMR,2024-02-27,nieob. uspraw.,24
1TMR,2024-03-19,nieobecność,2
1TMR,2023-09-15,nieob. uspraw.,16
1TMR,2023-11-09,nieobecność,1
1TMR,2023-12-01,nieob. uspraw.,7
1TMR,2023-12-04,nieob. uspr. p.s.,1
1TMR,2024-05-06,nieob. uspraw.,7
1TMR,2024-06-03,spóźnienie,1
1TMR,2023-09-27,nieob. uspraw.,10
1TMR,2024-01-29,nieobecność,1
1TMR,2024-04-16,nieobecność,2
1TMR,2024-04-25,nieobecność,8
1TMR,2024-05-10,obecność,2
1TMR,2023-11-23,spóźnienie,1
1TMR,2024-01-30,nieobecność,2
1TMR,2024-02-01,spóźnienie,1
1TMR,2024-02-13,spóźnienie,1
1TMR,2024-03-13,spóźnienie,1
1TMR,2024-04-12,nieob. uspr. p.s.,8
1TMR,2024-04-15,spóźnienie,1
1TMR,2024-04-16,spóźnienie,2
1TMR,2024-05-08,nieobecność,10
1TMR,2024-05-13,spóźnienie,1
1TMR,2023-10-02,nieob. uspraw.,8
1TMR,2024-05-15,nieobecność,1
1TMR,2024-02-27,nieobecność,2
1TMR,2024-03-11,nieob. uspraw.,8
1TMR,2024-04-24,nieobecność,2
1TMR,2024-06-14,obecność,7
1TMR,2023-09-18,nieob. uspraw.,2
1TMR,2023-09-27,spóźnienie,1
1TMR,2023-10-05,nieob. uspraw.,6
1TMR,2023-11-10,nieobecność,8
1TMR,2023-11-28,nieobecność,1
1TMR,2023-12-14,spóźnienie,1
1TMR,2024-02-14,nieobecność,2
1TMR,2024-02-19,nieobecność,1
1TMR,2024-02-29,nieobecność,2
1TMR,2024-03-12,nieobecność,8
1TMR,2024-03-14,nieob. uspraw.,7
1TMR,2024-03-25,nieobecność,1
1TMR,2024-04-12,nieobecność,1
1TMR,2024-05-27,spóźnienie,1
1TR,2023-09-04,obecność,176
1TR,2023-09-05,nieob. uspraw.,8
1TR,2023-09-05,obecność,181
1TR,2023-09-06,obecność,172
1TR,2023-09-07,obecność,184
1TR,2023-09-08,obecność,174
1TR,2023-09-11,obecność,164
1TR,2023-09-11,nieob. uspraw.,18
1TR,2023-09-12,obecność,150
1TR,2023-09-13,obecność,130
1TR,2023-09-14,obecność,152
1TR,2023-09-15,obecność,170
1TR,2023-09-18,obecność,139
1TR,2023-09-18,nieob. uspraw.,15
1TR,2023-09-19,obecność,158
1TR,2023-09-20,obecność,139
1TR,2023-09-21,obecność,140
1TR,2023-09-22,nieob. uspraw.,137
1TR,2023-09-25,obecność,175
1TR,2023-09-26,obecność,156
1TR,2023-09-27,obecność,164
1TR,2023-09-28,obecność,134
1TR,2023-09-29,nieob. uspraw.,51
1TR,2023-09-29,obecność,131
1TR,2023-10-02,spóźnienie,4
1TR,2023-10-02,obecność,161
1TR,2023-10-02,nieob. uspraw.,9
1TR,2023-10-03,nieob. uspraw.,19
1TR,2023-10-04,obecność,162
1TR,2023-10-05,obecność,161
1TR,2023-10-06,obecność,154
1TR,2023-10-09,obecność,123
1TR,2023-10-09,zwolniony,3
1TR,2023-10-10,obecność,169
1TR,2023-10-11,obecność,164
1TR,2023-10-12,obecność,158
1TR,2023-10-16,obecność,183
1TR,2023-10-16,nieob. uspraw.,9
1TR,2023-10-17,obecność,175
1TR,2023-10-18,obecność,164
1TR,2023-10-19,obecność,146
1TR,2023-10-20,obecność,107
1TR,2023-10-20,nieob. uspr. p.s.,19
1TR,2023-10-23,obecność,169
1TR,2023-10-24,nieob. uspraw.,24
1TR,2023-10-24,obecność,158
1TR,2023-10-25,obecność,122
1TR,2023-10-26,obecność,130
1TR,2023-10-27,obecność,144
1TR,2023-10-27,nieob. uspraw.,37
1TR,2023-10-30,obecność,155
1TR,2023-10-31,nieob. uspraw.,112
1TR,2023-11-02,obecność,116
1TR,2023-11-03,obecność,112
1TR,2023-11-03,nieob. uspraw.,60
1TR,2023-11-06,obecność,169
1TR,2023-11-07,obecność,164
1TR,2023-11-08,obecność,162
1TR,2023-11-09,obecność,157
1TR,2023-11-10,obecność,147
1TR,2023-11-13,obecność,149
1TR,2023-11-14,obecność,163
1TR,2023-11-15,obecność,162
1TR,2023-11-16,nieob. uspraw.,36
1TR,2023-11-17,obecność,122
1TR,2023-11-20,obecność,155
1TR,2023-11-21,nieob. uspraw.,22
1TR,2023-11-21,spóźnienie,1
1TR,2023-11-21,obecność,131
1TR,2023-11-22,obecność,136
1TR,2023-11-23,nieob. uspraw.,109
1TR,2023-11-24,obecność,150
1TR,2023-11-27,obecność,156
1TR,2023-11-28,obecność,139
1TR,2023-11-29,obecność,130
1TR,2023-11-30,obecność,107
1TR,2023-12-01,obecność,128
1TR,2023-12-04,obecność,91
1TR,2023-12-04,nieob. uspraw.,37
1TR,2023-12-05,obecność,124
1TR,2023-12-05,nieob. uspraw.,49
1TR,2023-12-06,obecność,118
1TR,2023-12-07,obecność,123
1TR,2023-12-08,obecność,159
1TR,2023-12-11,obecność,163
1TR,2023-12-12,obecność,118
1TR,2023-12-13,obecność,136
1TR,2023-12-14,obecność,118
1TR,2023-12-15,obecność,152
1TR,2023-12-18,obecność,128
1TR,2023-12-19,obecność,144
1TR,2023-12-20,obecność,85
1TR,2023-12-20,nieob. uspraw.,64
1TR,2023-12-21,obecność,145
1TR,2024-01-02,obecność,113
1TR,2024-01-02,nieobecność,6
1TR,2024-01-03,obecność,172
1TR,2024-01-04,obecność,148
1TR,2024-01-05,obecność,132
1TR,2024-01-08,obecność,111
1TR,2024-01-09,obecność,118
1TR,2024-01-10,obecność,143
1TR,2024-01-11,obecność,148
1TR,2024-01-12,obecność,96
1TR,2024-01-12,nieob. uspraw.,55
1TR,2024-01-29,obecność,161
1TR,2024-01-30,obecność,156
1TR,2024-01-31,obecność,143
1TR,2024-02-01,obecność,131
1TR,2024-02-02,obecność,139
1TR,2024-02-05,nieob. uspraw.,19
1TR,2024-02-05,obecność,145
1TR,2024-02-06,obecność,136
1TR,2024-02-06,nieob. uspraw.,28
1TR,2024-02-07,obecność,143
1TR,2024-02-08,obecność,126
1TR,2024-02-09,nieob. uspraw.,111
1TR,2024-02-12,obecność,146
1TR,2024-02-12,nieob. uspraw.,21
1TR,2024-02-13,obecność,149
1TR,2024-02-14,obecność,85
1TR,2024-02-15,obecność,130
1TR,2024-02-15,nieob. uspraw.,38
1TR,2024-02-16,obecność,131
1TR,2024-02-16,nieob. uspraw.,29
1TR,2024-02-19,obecność,139
1TR,2024-02-20,nieob. uspraw.,101
1TR,2024-02-20,obecność,67
1TR,2024-02-21,obecność,126
1TR,2024-02-22,obecność,141
1TR,2024-02-23,obecność,130
1TR,2024-02-26,obecność,153
1TR,2024-02-27,obecność,141
1TR,2024-02-28,obecność,131
1TR,2024-02-29,obecność,169
1TR,2024-02-29,nieob. uspraw.,7
1TR,2024-03-01,nieob. uspraw.,43
1TR,2024-03-04,obecność,146
1TR,2024-03-04,nieob. uspraw.,29
1TR,2024-03-05,obecność,140
1TR,2024-03-06,obecność,143
1TR,2024-03-07,obecność,113
1TR,2024-03-07,nieob. uspraw.,41
1TR,2024-03-08,obecność,135
1TR,2024-03-08,nieob. uspraw.,26
1TR,2024-03-11,obecność,152
1TR,2024-03-11,nieob. uspraw.,24
1TR,2024-03-12,obecność,164
1TR,2024-03-12,nieob. uspraw.,11
1TR,2024-03-13,obecność,133
1TR,2024-03-13,nieob. uspr. p.s.,2
1TR,2024-03-14,obecność,124
1TR,2024-03-15,obecność,96
1TR,2024-03-18,obecność,153
1TR,2024-03-18,nieob. uspraw.,23
1TR,2024-03-19,obecność,160
1TR,2024-03-20,obecność,101
1TR,2024-03-21,obecność,23
1TR,2024-03-22,nieob. uspr. p.s.,70
1TR,2024-03-25,obecność,155
1TR,2024-03-25,nieob. uspraw.,19
1TR,2024-03-26,nieob. uspr. p.s.,56
1TR,2024-03-27,spóźnienie,1
1TR,2024-03-27,obecność,153
1TR,2024-04-03,obecność,141
1TR,2024-04-04,obecność,150
1TR,2024-04-04,nieob. uspraw.,18
1TR,2024-04-05,obecność,141
1TR,2024-04-08,obecność,140
1TR,2024-04-08,spóźnienie,4
1TR,2024-04-09,obecność,139
1TR,2024-04-09,nieob. uspraw.,19
1TR,2024-04-10,obecność,119
1TR,2024-04-11,obecność,101
1TR,2024-04-12,obecność,24
1TR,2024-04-15,obecność,137
1TR,2024-04-16,obecność,150
1TR,2024-04-16,nieob. uspraw.,9
1TR,2024-04-17,obecność,146
1TR,2024-04-18,obecność,128
1TR,2024-04-18,spóźnienie,1
1TR,2024-04-18,nieob. uspraw.,31
1TR,2024-04-19,obecność,125
1TR,2024-04-19,nieob. uspraw.,34
1TR,2024-04-22,obecność,158
1TR,2024-04-23,nieob. uspraw.,16
1TR,2024-04-23,obecność,122
1TR,2024-04-24,obecność,122
1TR,2024-04-25,obecność,110
1TR,2024-04-25,nieob. uspraw.,39
1TR,2024-04-26,nieob. uspraw.,64
1TR,2024-05-06,obecność,111
1TR,2024-05-07,obecność,151
1TR,2024-05-07,nieob. uspraw.,9
1TR,2024-05-08,obecność,108
1TR,2024-05-09,obecność,96
1TR,2024-05-10,obecność,79
1TR,2024-05-10,nieob. uspraw.,60
1TR,2024-05-13,obecność,92
1TR,2024-05-13,nieob. uspraw.,26
1TR,2024-05-14,obecność,128
1TR,2024-05-14,nieob. uspraw.,30
1TR,2024-05-15,nieob. uspraw.,56
1TR,2024-05-16,obecność,105
1TR,2024-05-16,nieob. uspraw.,35
1TR,2024-05-17,obecność,95
1TR,2024-05-17,nieob. uspraw.,63
1TR,2024-05-20,obecność,136
1TR,2024-05-21,obecność,130
1TR,2024-05-21,nieob. uspraw.,29
1TR,2024-05-22,nieob. uspraw.,41
1TR,2024-05-23,obecność,109
1TR,2024-05-24,obecność,160
1TR,2024-05-27,obecność,148
1TR,2024-05-27,nieob. uspraw.,12
1TR,2024-05-28,obecność,141
1TR,2024-05-29,obecność,122
1TR,2024-06-03,obecność,107
1TR,2024-06-03,nieob. uspr. p.s.,24
1TR,2024-06-04,obecność,70
1TR,2024-06-04,nieob. uspr. p.s.,19
1TR,2024-06-05,nieob. uspraw.,50
1TR,2024-06-06,obecność,102
1TR,2024-06-06,nieob. uspraw.,38
1TR,2024-06-07,nieob. uspraw.,84
1TR,2024-06-10,nieob. uspraw.,99
1TR,2024-06-11,nieob. uspraw.,114
1TR,2024-06-12,nieobecność,120
1TR,2024-06-12,obecność,6
1TR,2024-06-13,nieobecność,122
1TR,2024-06-14,nieobecność,143
1TR,2024-06-14,obecność,1
1TR,2024-06-17,nieobecność,108
1TR,2024-06-17,obecność,18
1TR,2024-06-18,nieobecność,143
1TR,2024-06-19,nieobecność,113
1TR,2024-06-20,nieobecność,144
1TR,2024-06-21,obecność,160
1TR,2023-09-21,nieob. uspraw.,40
1TR,2023-09-22,obecność,39
1TR,2023-09-28,nieob. uspraw.,42
1TR,2023-10-03,obecność,151
1TR,2023-10-23,nieob. uspraw.,14
1TR,2023-11-16,obecność,123
1TR,2023-12-13,nieob. uspraw.,40
1TR,2024-01-09,nieob. uspraw.,28
1TR,2024-02-09,obecność,36
1TR,2024-03-01,obecność,45
1TR,2024-03-06,nieob. uspraw.,13
1TR,2024-03-08,nieob. uspr. p.s.,15
1TR,2024-03-22,nieob. uspraw.,63
1TR,2024-03-26,obecność,100
1TR,2024-05-15,obecność,84
1TR,2024-05-22,obecność,113
1TR,2024-05-29,nieob. uspraw.,31
1TR,2024-06-04,nieob. uspraw.,60
1TR,2024-06-05,obecność,84
1TR,2024-06-10,nieob. uspr. p.s.,18
1TR,2024-06-10,obecność,43
1TR,2024-02-28,nieob. uspraw.,44
1TR,2024-03-05,nieob. uspraw.,34
1TR,2024-03-14,nieob. uspraw.,22
1TR,2024-03-15,nieob. uspraw.,13
1TR,2024-03-20,nieob. uspraw.,75
1TR,2024-03-21,nieob. uspraw.,112
1TR,2024-03-26,nieob. uspraw.,17
1TR,2024-04-05,nieob. uspraw.,19
1TR,2024-04-10,nieob. uspraw.,29
1TR,2024-04-12,nieob. uspr. p.s.,48
1TR,2024-04-19,zwolniony,1
1TR,2024-04-26,spóźnienie,1
1TR,2024-04-26,obecność,95
1TR,2024-05-06,nieob. uspraw.,9
1TR,2024-05-08,nieob. uspraw.,46
1TR,2024-05-09,nieob. uspraw.,24
1TR,2024-06-03,spóźnienie,15
1TR,2023-10-26,nieob. uspraw.,27
1TR,2023-10-27,nieobecność,3
1TR,2023-11-02,nieob. uspraw.,56
1TR,2023-11-07,nieob. uspraw.,18
1TR,2023-11-10,nieob. uspraw.,36
1TR,2023-11-20,nieobecność,3
1TR,2023-11-22,nieob. uspraw.,48
1TR,2023-12-08,nieob. uspraw.,17
1TR,2023-12-11,nieob. uspraw.,11
1TR,2023-12-18,nieob. uspr. p.s.,2
1TR,2023-12-18,nieob. uspraw.,20
1TR,2023-12-21,nieob. uspraw.,24
1TR,2024-01-02,nieob. uspraw.,57
1TR,2024-01-08,nieob. uspraw.,56
1TR,2024-01-29,nieob. uspraw.,6
1TR,2024-02-06,spóźnienie,2
1TR,2024-02-07,nieob. uspraw.,17
1TR,2024-02-08,nieobecność,2
1TR,2024-03-19,nieob. uspraw.,13
1TR,2024-04-03,nieob. uspraw.,29
1TR,2024-04-12,nieob. uspraw.,48
1TR,2024-04-25,spóźnienie,3
1TR,2024-05-20,nieob. uspraw.,24
1TR,2024-05-28,nieob. uspraw.,18
1TR,2024-06-03,nieob. uspraw.,14
1TR,2024-06-19,obecność,7
1TR,2023-09-14,nieob. uspraw.,9
1TR,2023-10-30,nieob. uspraw.,29
1TR,2023-11-17,nieob. uspraw.,36
1TR,2023-11-23,obecność,67
1TR,2023-11-24,nieob. uspraw.,11
1TR,2023-12-06,nieob. uspraw.,56
1TR,2024-01-11,nieobecność,3
1TR,2024-03-13,nieob. uspraw.,23
1TR,2024-05-10,nieobecność,1
1TR,2024-06-07,obecność,56
1TR,2023-09-15,zwolniony,2
1TR,2023-10-06,nieob. uspraw.,21
1TR,2023-10-10,nieob. uspraw.,12
1TR,2023-10-11,nieob. uspraw.,14
1TR,2023-10-12,nieob. uspraw.,30
1TR,2023-10-31,obecność,71
1TR,2023-11-09,nieob. uspraw.,22
1TR,2023-11-27,nieob. uspraw.,25
1TR,2023-12-01,nieob. uspraw.,25
1TR,2023-12-14,nieob. uspraw.,35
1TR,2023-12-15,nieob. uspraw.,19
1TR,2024-01-11,spóźnienie,2
1TR,2024-02-08,nieob. uspraw.,19
1TR,2024-02-19,nieob. uspraw.,29
1TR,2024-02-21,nieob. uspraw.,41
1TR,2024-02-22,nieob. uspraw.,26
1TR,2024-02-23,nieob. uspraw.,17
1TR,2024-04-10,nieob. uspr. p.s.,6
1TR,2024-04-11,nieob. uspraw.,32
1TR,2024-04-24,nieob. uspraw.,32
1TR,2024-04-25,nieob. uspr. p.s.,8
1TR,2024-05-23,nieob. uspraw.,11
1TR,2023-09-27,nieob. uspraw.,6
1TR,2023-10-05,nieob. uspraw.,15
1TR,2023-10-25,nieob. uspraw.,31
1TR,2023-11-13,nieob. uspraw.,12
1TR,2023-11-15,nieob. uspraw.,16
1TR,2024-01-04,nieob. uspraw.,22
1TR,2024-06-11,obecność,28
1TR,2024-06-12,nieob. uspraw.,28
1TR,2024-06-13,nieob. uspraw.,14
1TR,2024-06-14,nieob. uspraw.,16
1TR,2024-06-17,nieob. uspraw.,14
1TR,2024-06-18,nieob. uspraw.,16
1TR,2024-06-19,nieob. uspraw.,14
1TR,2024-06-20,nieob. uspraw.,16
1TR,2023-09-05,nieobecność,3
1TR,2023-09-13,nieob. uspraw.,32
1TR,2023-09-15,nieobecność,4
1TR,2023-09-18,nieobecność,6
1TR,2023-09-19,nieobecność,8
1TR,2023-09-21,nieobecność,4
1TR,2023-10-02,nieobecność,9
1TR,2023-10-04,nieob. uspraw.,16
1TR,2023-10-09,nieob. uspraw.,7
1TR,2023-10-18,nieob. uspraw.,14
1TR,2023-10-19,nieob. uspraw.,15
1TR,2023-10-20,nieob. uspraw.,35
1TR,2023-11-02,nieobecność,12
1TR,2023-11-06,nieob. uspraw.,13
1TR,2023-11-14,nieob. uspraw.,20
1TR,2023-11-20,nieob. uspraw.,26
1TR,2023-12-04,nieobecność,4
1TR,2023-12-05,nieobecność,3
1TR,2023-12-11,nieobecność,2
1TR,2023-12-19,nieobecność,1
1TR,2024-01-04,spóźnienie,1
1TR,2024-01-05,nieobecność,15
1TR,2024-02-05,nieobecność,3
1TR,2024-02-06,nieobecność,2
1TR,2024-02-12,nieobecność,1
1TR,2024-02-13,nieob. uspraw.,18
1TR,2024-02-16,nieobecność,8
1TR,2024-02-21,nieobecność,1
1TR,2024-02-22,nieobecność,1
1TR,2024-02-26,spóźnienie,1
1TR,2024-02-26,nieobecność,1
1TR,2024-03-04,nieobecność,1
1TR,2024-03-05,nieobecność,2
1TR,2024-03-14,nieobecność,7
1TR,2024-03-21,nieobecność,12
1TR,2024-03-22,obecność,21
1TR,2024-03-25,nieobecność,2
1TR,2024-03-26,spóźnienie,1
1TR,2024-03-26,nieobecność,1
1TR,2024-03-27,nieobecność,8
1TR,2023-10-17,nieob. uspraw.,7
1TR,2023-11-29,nieob. uspr. p.s.,11
1TR,2023-11-29,nieobecność,1
1TR,2023-11-30,nieobecność,3
1TR,2023-11-30,nieob. uspr. p.s.,10
1TR,2024-06-13,obecność,4
1TR,2023-09-20,nieob. uspraw.,26
1TR,2023-09-25,nieob. uspraw.,9
1TR,2023-09-26,nieob. uspraw.,17
1TR,2023-11-03,nieobecność,12
1TR,2023-11-28,nieob. uspraw.,21
1TR,2023-11-29,nieob. uspraw.,42
1TR,2023-11-30,nieob. uspraw.,12
1TR,2024-01-10,nieob. uspraw.,33
1TR,2024-01-11,nieob. uspraw.,23
1TR,2024-01-30,nieobecność,1
1TR,2024-02-01,nieob. uspraw.,16
1TR,2024-02-14,nieob. uspraw.,11
1TR,2024-02-27,nieob. uspraw.,27
1TR,2024-03-27,nieob. uspraw.,8
1TR,2023-09-12,nieob. uspraw.,17
1TR,2023-09-13,nieobecność,8
1TR,2023-09-19,nieob. uspraw.,12
1TR,2023-11-08,nieob. uspraw.,10
1TR,2023-12-07,nieobecność,2
1TR,2023-12-19,nieob. uspraw.,9
1TR,2024-01-05,nieob. uspraw.,7
1TR,2024-01-30,nieob. uspraw.,11
1TR,2024-01-31,nieob. uspraw.,21
1TR,2024-02-02,nieob. uspraw.,7
1TR,2024-02-26,nieob. uspraw.,13
1TR,2024-03-13,nieobecność,3
1TR,2024-03-19,nieobecność,2
1TR,2023-09-11,nieobecność,6
1TR,2023-09-12,nieobecność,24
1TR,2023-09-20,nieobecność,1
1TR,2023-12-07,nieob. uspraw.,7
1TR,2024-05-14,nieob. uspr. p.s.,1
1TR,2023-09-08,nieobecność,2
1TR,2023-09-19,nieob. uspr. p.s.,3
1TR,2023-10-12,nieobecność,3
1TR,2023-11-16,nieobecność,2
1TR,2023-11-17,nieobecność,3
1TR,2023-11-27,spóźnienie,1
1TR,2023-11-27,nieobecność,2
1TR,2023-12-01,nieobecność,1
1TR,2023-12-12,nieob. uspraw.,14
1TR,2023-12-14,nieobecność,1
1TR,2023-12-15,nieobecność,5
1TR,2023-12-18,nieobecność,4
1TR,2023-12-21,nieobecność,7
1TR,2024-01-04,nieobecność,5
1TR,2024-01-29,nieobecność,1
1TR,2024-02-02,nieobecność,1
1TR,2024-02-05,nieob. uspr. p.s.,1
1TR,2024-02-07,nieobecność,8
1TR,2024-03-06,nieob. uspr. p.s.,12
1TR,2024-03-14,spóźnienie,1
1TR,2024-03-15,nieobecność,1
1TR,2024-04-15,nieob. uspraw.,3
1TR,2024-04-23,nieobecność,1
1TR,2024-05-13,nieobecność,1
1TR,2024-05-29,nieobecność,1
1TR,2023-09-26,nieobecność,9
1TR,2023-10-26,spóźnienie,1
1TR,2023-11-09,nieobecność,5
1TR,2024-01-03,nieob. uspraw.,4
1TR,2024-04-22,nieob. uspraw.,2
1TR,2023-09-06,nieob. uspraw.,1
1TR,2023-12-06,zwolniony,2
1TR,2023-09-07,nieob. uspraw.,8
1TR,2023-09-08,nieob. uspraw.,16
1TR,2024-04-08,nieob. uspraw.,16
1TR,2023-09-06,nieobecność,1
1TR,2023-09-20,zwolniony,6
1TR,2023-10-26,nieobecność,3
1TR,2023-11-08,zwolniony,6
1TR,2023-09-19,zwolniony,1
1TR,2023-09-29,zwolniony,1
1TR,2023-09-18,zwolniony,1
1TR,2023-10-25,nieobecność,2
1TR,2024-01-31,nieob. uspr. p.s.,4
1TR,2024-02-13,nieob. uspr. p.s.,1
1TR,2024-03-21,nieob. uspr. p.s.,7
1TR,2024-04-09,spóźn. uspr.,1
1TR,2023-10-03,spóźnienie,1
1TR,2023-10-03,nieobecność,12
1TR,2023-10-05,nieobecność,8
1TR,2023-10-06,nieobecność,9
1TR,2023-10-09,nieobecność,9
1TR,2023-10-10,nieobecność,10
1TR,2023-10-11,nieobecność,8
1TR,2023-10-17,nieobecność,9
1TR,2023-10-18,nieobecność,8
1TR,2023-09-26,spóźnienie,1
1TR,2023-11-06,nieobecność,2
1TR,2024-01-08,nieobecność,9
1TR,2024-01-09,nieobecność,8
1TR,2024-03-13,zwolniony,2
1TR,2024-04-17,nieob. uspraw.,8
1TR,2024-05-13,spóźnienie,1
1TR,2024-05-17,spóźnienie,2
1TR,2023-09-22,nieobecność,8
1TR,2023-09-27,nieobecność,8
1TR,2023-09-28,nieobecność,8
1TR,2023-09-29,nieobecność,1
1TR,2023-10-23,nieobecność,1
1TR,2023-10-24,nieobecność,1
1TR,2023-11-07,nieobecność,1
1TR,2023-11-10,nieobecność,1
1TR,2023-11-23,nieobecność,8
1TR,2023-12-20,nieobecność,5
1TR,2024-01-12,nieobecność,2
1TR,2024-01-12,spóźnienie,1
1TR,2023-09-15,nieob. uspraw.,8
1TR,2023-11-21,nieob. uspr. p.s.,6
1TR,2023-10-02,zwolniony,1
1TW,2023-09-04,obecność,168
1TW,2023-09-05,obecność,153
1TW,2023-09-06,obecność,184
1TW,2023-09-07,obecność,186
1TW,2023-09-08,obecność,167
1TW,2023-09-11,nieob. uspraw.,14
1TW,2023-09-12,nieob. uspraw.,16
1TW,2023-09-13,nieob. uspraw.,16
1TW,2023-09-14,obecność,151
1TW,2023-09-15,obecność,172
1TW,2023-09-18,obecność,136
1TW,2023-09-19,obecność,178
1TW,2023-09-20,obecność,188
1TW,2023-09-21,obecność,175
1TW,2023-09-22,obecność,166
1TW,2023-09-25,obecność,147
1TW,2023-09-26,obecność,180
1TW,2023-09-27,obecność,157
1TW,2023-09-28,obecność,146
1TW,2023-09-29,obecność,174
1TW,2023-10-02,obecność,147
1TW,2023-10-03,obecność,155
1TW,2023-10-04,obecność,170
1TW,2023-10-05,obecność,180
1TW,2023-10-06,obecność,169
1TW,2023-10-09,obecność,126
1TW,2023-10-10,obecność,170
1TW,2023-10-11,obecność,161
1TW,2023-10-12,obecność,172
1TW,2023-10-16,obecność,134
1TW,2023-10-17,obecność,177
1TW,2023-10-18,obecność,187
1TW,2023-10-19,obecność,133
1TW,2023-10-20,obecność,161
1TW,2023-10-23,obecność,143
1TW,2023-10-24,obecność,152
1TW,2023-10-25,obecność,168
1TW,2023-10-26,obecność,178
1TW,2023-10-27,obecność,152
1TW,2023-10-30,obecność,140
1TW,2023-10-31,obecność,147
1TW,2023-11-02,nieob. uspraw.,131
1TW,2023-11-03,nieob. uspraw.,60
1TW,2023-11-06,obecność,161
1TW,2023-11-07,obecność,155
1TW,2023-11-08,obecność,173
1TW,2023-11-09,obecność,162
1TW,2023-11-10,obecność,162
1TW,2023-11-13,obecność,168
1TW,2023-11-14,obecność,193
1TW,2023-11-15,obecność,172
1TW,2023-11-15,zwolniony,1
1TW,2023-11-16,obecność,146
1TW,2023-11-17,obecność,134
1TW,2023-11-17,nieobecność,4
1TW,2023-11-20,obecność,143
1TW,2023-11-21,nieob. uspr. p.s.,120
1TW,2023-11-22,nieob. uspraw.,24
1TW,2023-11-23,nieobecność,8
1TW,2023-11-24,obecność,154
1TW,2023-11-27,obecność,160
1TW,2023-11-28,obecność,155
1TW,2023-11-29,obecność,148
1TW,2023-11-30,obecność,159
1TW,2023-11-30,nieobecność,5
1TW,2023-12-01,nieobecność,7
1TW,2023-12-04,nieobecność,14
1TW,2023-12-05,nieobecność,16
1TW,2023-12-06,obecność,140
1TW,2023-12-06,nieobecność,5
1TW,2023-12-07,obecność,199
1TW,2023-12-08,obecność,168
1TW,2023-12-11,obecność,145
1TW,2023-12-12,obecność,164
1TW,2023-12-13,nieobecność,16
1TW,2023-12-14,nieobecność,25
1TW,2023-12-15,obecność,140
1TW,2023-12-18,obecność,151
1TW,2023-12-19,nieobecność,4
1TW,2023-12-19,obecność,181
1TW,2023-12-20,obecność,146
1TW,2023-12-20,nieobecność,30
1TW,2023-12-21,nieobecność,2
1TW,2023-12-21,obecność,197
1TW,2024-01-02,nieobecność,24
1TW,2024-01-03,obecność,164
1TW,2024-01-04,obecność,163
1TW,2024-01-05,obecność,131
1TW,2024-01-08,nieobecność,22
1TW,2024-01-09,obecność,148
1TW,2024-01-09,nieobecność,11
1TW,2024-01-10,nieobecność,12
1TW,2024-01-11,obecność,126
1TW,2024-01-12,obecność,108
1TW,2024-01-29,obecność,159
1TW,2024-01-30,nieobecność,10
1TW,2024-01-30,obecność,155
1TW,2024-01-31,nieobecność,11
1TW,2024-01-31,obecność,153
1TW,2024-02-01,nieob. uspraw.,21
1TW,2024-02-02,nieob. uspraw.,25
1TW,2024-02-05,obecność,144
1TW,2024-02-05,nieobecność,3
1TW,2024-02-06,obecność,160
1TW,2024-02-07,nieobecność,5
1TW,2024-02-07,obecność,152
1TW,2024-02-08,obecność,153
1TW,2024-02-08,nieobecność,6
1TW,2024-02-09,obecność,121
1TW,2024-02-12,obecność,118
1TW,2024-02-12,nieobecność,3
1TW,2024-02-13,spóźnienie,3
1TW,2024-02-13,obecność,148
1TW,2024-02-14,obecność,180
1TW,2024-02-15,obecność,182
1TW,2024-02-16,obecność,164
1TW,2024-02-19,obecność,151
1TW,2024-02-20,nieob. uspraw.,57
1TW,2024-02-21,obecność,122
1TW,2024-02-21,nieobecność,11
1TW,2024-02-22,obecność,109
1TW,2024-02-23,obecność,124
1TW,2024-02-26,nieob. uspraw.,43
1TW,2024-02-27,obecność,147
1TW,2024-02-28,obecność,151
1TW,2024-02-28,nieobecność,5
1TW,2024-02-29,obecność,114
1TW,2024-03-01,obecność,164
1TW,2024-03-04,obecność,144
1TW,2024-03-04,nieobecność,1
1TW,2024-03-05,obecność,150
1TW,2024-03-06,nieob. uspraw.,22
1TW,2024-03-07,nieob. uspraw.,28
1TW,2024-03-08,nieob. uspraw.,31
1TW,2024-03-11,obecność,127
1TW,2024-03-12,obecność,153
1TW,2024-03-13,obecność,124
1TW,2024-03-13,nieobecność,12
1TW,2024-03-14,obecność,144
1TW,2024-03-15,obecność,158
1TW,2024-03-18,obecność,144
1TW,2024-03-19,nieob. uspraw.,21
1TW,2024-03-20,nieob. uspraw.,100
1TW,2024-03-21,nieob. uspraw.,122
1TW,2024-03-22,nieob. uspr. p.s.,127
1TW,2024-03-25,nieob. uspraw.,31
1TW,2024-03-26,obecność,140
1TW,2024-03-27,nieob. uspraw.,39
1TW,2024-04-03,nieobecność,8
1TW,2024-04-03,obecność,160
1TW,2024-04-04,obecność,145
1TW,2024-04-05,obecność,176
1TW,2024-04-08,obecność,142
1TW,2024-04-08,nieob. uspraw.,26
1TW,2024-04-09,nieob. uspraw.,26
1TW,2024-04-10,obecność,129
1TW,2024-04-11,obecność,129
1TW,2024-04-12,nieob. uspraw.,56
1TW,2024-04-12,obecność,72
1TW,2024-04-15,obecność,141
1TW,2024-04-16,obecność,144
1TW,2024-04-17,obecność,165
1TW,2024-04-17,nieobecność,3
1TW,2024-04-18,obecność,151
1TW,2024-04-18,nieobecność,4
1TW,2024-04-22,nieobecność,28
1TW,2024-04-23,obecność,186
1TW,2024-04-24,obecność,146
1TW,2024-04-25,obecność,134
1TW,2024-04-26,obecność,134
1TW,2024-05-06,nieob. uspraw.,30
1TW,2024-05-07,nieob. uspraw.,30
1TW,2024-05-08,nieob. uspraw.,36
1TW,2024-05-09,obecność,91
1TW,2024-05-09,nieob. uspraw.,39
1TW,2024-05-10,nieob. uspraw.,46
1TW,2024-05-13,obecność,108
1TW,2024-05-14,nieob. uspraw.,49
1TW,2024-05-15,obecność,125
1TW,2024-05-15,nieob. uspraw.,33
1TW,2024-05-16,obecność,114
1TW,2024-05-16,zwolniony,2
1TW,2024-05-17,nieobecność,8
1TW,2024-05-20,obecność,117
1TW,2024-05-21,obecność,130
1TW,2024-05-22,obecność,137
1TW,2024-05-23,obecność,139
1TW,2024-05-24,obecność,184
1TW,2024-05-27,obecność,138
1TW,2024-05-28,obecność,147
1TW,2024-05-29,obecność,122
1TW,2024-06-03,nieobecność,22
1TW,2024-06-04,obecność,138
1TW,2024-06-05,nieobecność,31
1TW,2024-06-06,nieobecność,35
1TW,2024-06-07,obecność,148
1TW,2024-06-10,obecność,40
1TW,2024-06-10,spóźnienie,7
1TW,2024-06-11,nieob. uspraw.,98
1TW,2024-06-12,nieob. uspraw.,118
1TW,2024-06-13,nieob. uspraw.,160
1TW,2024-06-14,nieob. uspraw.,190
1TW,2024-06-17,nieob. uspraw.,138
1TW,2024-06-18,nieob. uspraw.,159
1TW,2024-06-19,nieobecność,7
1TW,2024-06-20,nieob. uspraw.,164
1TW,2024-06-21,obecność,184
1TW,2023-09-11,obecność,158
1TW,2023-09-12,obecność,176
1TW,2023-09-13,obecność,180
1TW,2023-10-02,spóźnienie,3
1TW,2023-10-09,nieob. uspr. p.s.,19
1TW,2023-10-16,spóźnienie,3
1TW,2023-10-17,nieob. uspr. p.s.,5
1TW,2023-10-19,nieob. uspr. p.s.,5
1TW,2023-10-24,nieob. uspr. p.s.,8
1TW,2023-10-24,spóźnienie,2
1TW,2023-10-26,nieob. uspraw.,9
1TW,2023-10-31,nieob. uspr. p.s.,6
1TW,2023-11-03,obecność,92
1TW,2023-11-07,nieob. uspr. p.s.,9
1TW,2023-11-09,nieob. uspr. p.s.,12
1TW,2023-11-09,nieob. uspraw.,25
1TW,2023-11-22,obecność,124
1TW,2023-11-23,obecność,137
1TW,2023-11-28,nieob. uspraw.,35
1TW,2023-12-01,obecność,146
1TW,2023-12-04,obecność,147
1TW,2023-12-05,obecność,161
1TW,2023-12-13,obecność,152
1TW,2023-12-13,nieob. uspraw.,27
1TW,2023-12-14,obecność,142
1TW,2023-12-20,spóźnienie,3
1TW,2024-01-02,obecność,123
1TW,2024-01-02,nieob. uspr. p.s.,3
1TW,2024-01-03,nieob. uspr. p.s.,4
1TW,2024-01-04,nieob. uspraw.,37
1TW,2024-01-05,nieob. uspraw.,30
1TW,2024-01-08,nieob. uspr. p.s.,8
1TW,2024-01-08,obecność,100
1TW,2024-01-09,nieob. uspr. p.s.,6
1TW,2024-01-10,obecność,111
1TW,2024-01-10,nieob. uspr. p.s.,12
1TW,2024-01-11,nieob. uspr. p.s.,14
1TW,2024-02-01,obecność,146
1TW,2024-02-02,obecność,167
1TW,2024-02-09,nieobecność,13
1TW,2024-02-12,nieob. uspraw.,44
1TW,2024-02-12,spóźnienie,8
1TW,2024-02-20,obecność,118
1TW,2024-02-23,nieob. uspraw.,75
1TW,2024-02-26,obecność,125
1TW,2024-03-06,obecność,94
1TW,2024-03-07,obecność,148
1TW,2024-03-08,obecność,144
1TW,2024-03-11,nieob. uspr. p.s.,10
1TW,2024-03-13,spóźnienie,3
1TW,2024-03-18,nieob. uspraw.,16
1TW,2024-03-19,obecność,132
1TW,2024-03-19,spóźnienie,5
1TW,2024-03-20,obecność,45
1TW,2024-03-20,nieob. uspr. p.s.,9
1TW,2024-03-21,nieobecność,19
1TW,2024-03-21,nieob. uspr. p.s.,9
1TW,2024-03-21,obecność,17
1TW,2024-03-25,obecność,137
1TW,2024-03-27,obecność,108
1TW,2024-03-27,nieobecność,17
1TW,2024-04-09,obecność,164
1TW,2024-04-12,nieobecność,20
1TW,2024-04-15,nieobecność,12
1TW,2024-04-22,obecność,91
1TW,2024-04-22,nieob. uspr. p.s.,2
1TW,2024-04-23,nieob. uspr. p.s.,2
1TW,2024-04-24,spóźnienie,9
1TW,2024-04-25,nieob. uspraw.,28
1TW,2024-04-26,nieob. uspraw.,40
1TW,2024-05-07,obecność,98
1TW,2024-05-08,obecność,102
1TW,2024-05-09,nieobecność,12
1TW,2024-05-10,obecność,126
1TW,2024-05-14,obecność,95
1TW,2024-05-15,spóźnienie,15
1TW,2024-05-16,nieob. uspraw.,20
1TW,2024-05-17,nieob. uspraw.,10
1TW,2024-05-29,spóźnienie,5
1TW,2024-06-03,obecność,129
1TW,2024-06-03,nieob. uspr. p.s.,1
1TW,2024-06-03,spóźnienie,4
1TW,2024-06-04,nieobecność,3
1TW,2024-06-05,obecność,100
1TW,2024-06-05,spóźnienie,6
1TW,2024-06-06,spóźnienie,5
1TW,2024-06-06,obecność,108
1TW,2024-06-10,nieob. uspraw.,70
1TW,2024-06-11,obecność,46
1TW,2024-06-19,nieob. uspraw.,149
1TW,2024-06-20,nieob. uspr. p.s.,22
1TW,2024-06-20,obecność,6
1TW,2023-09-15,nieob. uspraw.,28
1TW,2023-09-25,nieob. uspraw.,28
1TW,2023-10-02,nieob. uspraw.,7
1TW,2023-10-03,nieobecność,7
1TW,2023-10-24,nieobecność,2
1TW,2023-10-27,nieob. uspraw.,23
1TW,2023-11-03,nieobecność,23
1TW,2023-11-14,spóźnienie,2
1TW,2023-11-15,nieob. uspraw.,12
1TW,2023-11-16,nieob. uspraw.,26
1TW,2023-11-17,nieob. uspraw.,30
1TW,2023-11-21,nieob. uspraw.,16
1TW,2023-11-29,nieobecność,2
1TW,2023-12-05,spóźnienie,1
1TW,2024-01-10,spóźnienie,5
1TW,2024-01-11,nieobecność,28
1TW,2024-01-12,nieobecność,35
1TW,2024-02-01,nieobecność,8
1TW,2024-02-09,nieob. uspraw.,64
1TW,2024-02-13,nieobecność,2
1TW,2024-02-19,spóźnienie,5
1TW,2024-02-21,nieob. uspraw.,41
1TW,2024-02-22,nieob. uspraw.,57
1TW,2024-02-26,spóźnienie,7
1TW,2024-02-28,spóźnienie,6
1TW,2024-03-04,nieob. uspraw.,20
1TW,2024-03-05,spóźnienie,7
1TW,2024-03-07,nieob. uspr. p.s.,12
1TW,2024-03-11,spóźnienie,3
1TW,2024-03-12,nieob. uspr. p.s.,5
1TW,2024-03-15,nieob. uspraw.,25
1TW,2024-03-18,nieobecność,8
1TW,2024-03-27,spóźnienie,3
1TW,2024-04-09,spóźnienie,2
1TW,2024-04-10,spóźnienie,4
1TW,2024-04-10,nieobecność,9
1TW,2024-04-11,spóźnienie,5
1TW,2024-04-15,spóźnienie,7
1TW,2024-04-16,spóźnienie,9
1TW,2024-04-22,spóźnienie,10
1TW,2024-04-23,spóźnienie,3
1TW,2024-04-25,spóźnienie,3
1TW,2024-04-26,nieobecność,18
1TW,2024-05-06,obecność,107
1TW,2024-05-06,spóźnienie,7
1TW,2024-05-07,spóźnienie,2
1TW,2024-05-10,nieobecność,10
1TW,2024-05-13,nieobecność,6
1TW,2024-05-16,nieobecność,4
1TW,2024-05-17,obecność,174
1TW,2024-05-20,spóźnienie,5
1TW,2024-05-21,spóźnienie,5
1TW,2024-05-22,spóźnienie,13
1TW,2024-05-23,nieobecność,6
1TW,2024-05-28,nieobecność,2
1TW,2024-05-29,nieobecność,15
1TW,2023-09-11,spóźnienie,3
1TW,2023-09-18,spóźnienie,1
1TW,2023-10-24,nieob. uspraw.,8
1TW,2023-11-02,nieobecność,24
1TW,2023-11-08,nieob. uspr. p.s.,3
1TW,2023-11-08,nieobecność,3
1TW,2023-11-09,nieobecność,1
1TW,2023-12-11,spóźnienie,1
1TW,2024-02-05,nieob. uspraw.,13
1TW,2024-02-14,nieobecność,2
1TW,2024-02-22,nieobecność,7
1TW,2024-02-29,nieobecność,3
1TW,2024-03-05,nieobecność,1
1TW,2024-03-08,nieobecność,8
1TW,2024-03-14,nieobecność,8
1TW,2024-03-15,nieobecność,1
1TW,2024-03-19,nieobecność,7
1TW,2024-03-20,nieobecność,14
1TW,2024-04-11,nieobecność,2
1TW,2024-05-22,nieob. uspraw.,25
1TW,2024-05-22,spóźn. uspr.,6
1TW,2024-05-23,spóźnienie,2
1TW,2024-05-28,spóźnienie,2
1TW,2024-05-29,nieob. uspraw.,48
1TW,2024-06-05,nieob. uspraw.,23
1TW,2024-06-06,nieob. uspraw.,44
1TW,2023-09-12,nieob. uspr. p.s.,6
1TW,2023-09-13,nieob. uspr. p.s.,2
1TW,2023-09-14,nieob. uspraw.,14
1TW,2023-09-28,nieob. uspr. p.s.,6
1TW,2023-10-02,nieob. uspr. p.s.,3
1TW,2023-10-03,nieob. uspr. p.s.,5
1TW,2023-10-04,nieob. uspr. p.s.,6
1TW,2023-10-05,nieob. uspr. p.s.,5
1TW,2023-10-10,nieob. uspr. p.s.,4
1TW,2023-10-11,nieob. uspr. p.s.,29
1TW,2023-10-12,nieob. uspr. p.s.,28
1TW,2023-11-02,obecność,45
1TW,2023-11-29,nieob. uspraw.,23
1TW,2023-11-30,nieob. uspraw.,36
1TW,2023-12-01,nieob. uspraw.,22
1TW,2023-12-04,nieob. uspraw.,14
1TW,2023-12-05,nieob. uspraw.,21
1TW,2023-12-06,nieob. uspr. p.s.,5
1TW,2023-12-12,nieob. uspraw.,26
1TW,2023-12-19,nieob. uspr. p.s.,3
1TW,2024-02-27,nieob. uspraw.,21
1TW,2024-03-22,nieob. uspraw.,38
1TW,2024-03-22,obecność,26
1TW,2024-04-16,nieob. uspraw.,39
1TW,2024-05-13,nieob. uspraw.,29
1TW,2024-05-27,nieob. uspraw.,29
1TW,2023-10-02,spóźn. uspr.,2
1TW,2023-10-05,nieob. uspraw.,14
1TW,2023-10-16,spóźn. uspr.,1
1TW,2023-11-23,nieob. uspraw.,55
1TW,2023-12-13,zwolniony,2
1TW,2023-12-18,spóźnienie,3
1TW,2024-01-03,zwolniony,5
1TW,2024-01-11,nieob. uspraw.,32
1TW,2024-01-12,zwolniony,4
1TW,2024-02-05,spóźn. uspr.,2
1TW,2024-02-14,nieob. uspraw.,14
1TW,2024-02-21,spóźnienie,1
1TW,2024-02-22,spóźnienie,2
1TW,2024-02-23,spóźnienie,1
1TW,2024-02-29,spóźnienie,4
1TW,2024-03-04,spóźnienie,1
1TW,2024-03-06,spóźnienie,1
1TW,2024-03-13,nieob. uspraw.,20
1TW,2024-03-13,zwolniony,2
1TW,2024-03-22,spóźn. uspr.,1
1TW,2024-04-03,zwolniony,3
1TW,2024-04-04,spóźnienie,1
1TW,2024-04-05,zwolniony,8
1TW,2024-04-11,nieob. uspraw.,30
1TW,2024-04-18,spóźnienie,2
1TW,2024-06-04,spóźnienie,1
1TW,2024-06-12,spóźnienie,6
1TW,2024-06-12,obecność,18
1TW,2023-09-12,zwolniony,2
1TW,2023-09-13,zwolniony,2
1TW,2023-09-18,nieob. uspraw.,35
1TW,2023-09-19,nieob. uspraw.,22
1TW,2023-09-20,zwolniony,4
1TW,2023-09-26,zwolniony,2
1TW,2023-09-29,nieob. uspraw.,26
1TW,2023-11-15,spóźn. uspr.,1
1TW,2023-11-21,obecność,39
1TW,2023-12-20,nieob. uspraw.,15
1TW,2024-02-08,nieob. uspraw.,16
1TW,2024-02-16,zwolniony,4
1TW,2024-03-12,nieob. uspraw.,9
1TW,2024-03-27,spóźn. uspr.,1
1TW,2024-04-24,nieob. uspraw.,30
1TW,2024-05-23,nieob. uspraw.,33
1TW,2024-05-28,nieob. uspraw.,15
1TW,2023-10-04,nieob. uspraw.,20
1TW,2023-10-06,nieob. uspraw.,31
1TW,2023-10-10,nieob. uspraw.,24
1TW,2023-10-31,nieob. uspraw.,35
1TW,2023-11-06,nieob. uspraw.,14
1TW,2023-11-24,nieob. uspraw.,21
1TW,2023-12-07,nieob. uspraw.,1
1TW,2023-12-08,zwolniony,1
1TW,2023-12-11,nieob. uspraw.,22
1TW,2024-02-02,zwolniony,7
1TW,2023-09-08,nieob. uspraw.,8
1TW,2023-09-14,nieob. uspr. p.s.,10
1TW,2023-10-26,nieob. uspr. p.s.,4
1TW,2023-11-17,nieob. uspr. p.s.,7
1TW,2023-12-18,nieob. uspr. p.s.,5
1TW,2023-12-20,nieob. uspr. p.s.,4
1TW,2024-02-14,nieob. uspr. p.s.,2
1TW,2024-03-05,nieob. uspr. p.s.,2
1TW,2024-03-08,nieob. uspr. p.s.,2
1TW,2024-03-15,nieob. uspr. p.s.,8
1TW,2024-03-19,nieob. uspr. p.s.,3
1TW,2024-05-15,nieob. uspr. p.s.,8
1TW,2024-05-16,nieob. uspr. p.s.,2
1TW,2024-05-20,nieob. uspr. p.s.,4
1TW,2024-05-21,nieob. uspr. p.s.,5
1TW,2024-05-22,nieob. uspr. p.s.,4
1TW,2024-05-23,nieob. uspr. p.s.,12
1TW,2023-09-26,nieob. uspraw.,18
1TW,2023-10-11,spóźn. uspr.,1
1TW,2023-10-19,nieob. uspraw.,12
1TW,2023-10-25,nieob. uspraw.,7
1TW,2023-11-08,nieob. uspraw.,19
1TW,2023-11-15,nieob. uspr. p.s.,4
1TW,2024-01-02,nieob. uspraw.,48
1TW,2024-01-09,nieob. uspraw.,8
1TW,2024-01-10,spóźn. uspr.,2
1TW,2024-01-31,nieob. uspraw.,9
1TW,2024-02-07,nieob. uspraw.,18
1TW,2024-02-12,spóźn. uspr.,2
1TW,2024-02-13,nieob. uspraw.,22
1TW,2024-02-28,nieob. uspr. p.s.,1
1TW,2024-02-28,nieob. uspraw.,27
1TW,2024-03-07,nieobecność,2
1TW,2024-03-11,nieob. uspraw.,28
1TW,2024-03-14,nieob. uspr. p.s.,2
1TW,2024-04-04,nieobecność,1
1TW,2024-04-04,nieob. uspraw.,19
1TW,2024-04-10,nieob. uspraw.,24
1TW,2024-05-08,nieobecność,4
1TW,2024-05-20,nieob. uspraw.,16
1TW,2024-05-21,nieob. uspraw.,26
1TW,2024-05-22,nieobecność,5
1TW,2024-06-04,nieob. uspraw.,24
1TW,2024-06-07,nieobecność,12
1TW,2023-09-05,nieob. uspraw.,14
1TW,2023-09-28,nieob. uspraw.,23
1TW,2023-11-20,nieob. uspraw.,1
1TW,2023-11-27,nieob. uspraw.,15
1TW,2023-12-14,nieob. uspraw.,32
1TW,2023-12-15,nieob. uspraw.,23
1TW,2023-12-19,nieob. uspraw.,10
1TW,2023-12-21,nieob. uspraw.,1
1TW,2024-01-08,nieob. uspraw.,31
1TW,2024-01-10,nieob. uspraw.,6
1TW,2024-01-30,nieob. uspraw.,10
1TW,2024-03-26,nieob. uspraw.,28
1TW,2024-04-18,nieob. uspraw.,5
1TW,2024-04-22,spóźn. uspr.,1
1TW,2024-05-24,nieob. uspraw.,8
1TW,2024-06-07,nieob. uspraw.,32
1TW,2023-10-09,nieob. uspraw.,30
1TW,2023-10-30,nieob. uspraw.,28
1TW,2023-11-14,nieob. uspraw.,2
1TW,2023-11-16,spóźnienie,1
1TW,2023-11-21,nieobecność,23
1TW,2023-12-11,nieobecność,7
1TW,2023-12-12,nieobecność,8
1TW,2023-12-15,nieobecność,7
1TW,2024-01-05,zwolniony,3
1TW,2024-02-15,nieob. uspraw.,16
1TW,2024-02-16,nieob. uspraw.,32
1TW,2024-03-06,nieobecność,1
1TW,2024-03-12,spóźnienie,1
1TW,2024-04-22,nieob. uspraw.,36
1TW,2023-10-11,zwolniony,1
1TW,2023-10-18,nieob. uspraw.,10
1TW,2023-10-23,nieob. uspraw.,18
1TW,2024-01-12,nieob. uspraw.,28
1TW,2024-01-29,nieob. uspraw.,16
1TW,2024-01-31,nieob. uspr. p.s.,2
1TW,2024-04-15,nieob. uspraw.,8
1TW,2024-04-24,spóźn. uspr.,3
1TW,2024-05-10,zwolniony,10
1TW,2024-06-03,nieob. uspraw.,12
1TW,2024-06-05,spóźn. uspr.,1
1TW,2024-06-05,zwolniony,1
1TW,2024-06-19,obecność,10
1TW,2023-10-03,zwolniony,1
1TW,2023-10-23,nieobecność,1
1TW,2023-11-20,nieobecność,6
1TW,2023-12-08,nieobecność,3
1TW,2023-12-13,spóźnienie,1
1TW,2023-12-18,nieobecność,1
1TW,2024-01-03,nieobecność,1
1TW,2024-01-05,nieobecność,10
1TW,2024-01-08,spóźnienie,1
1TW,2024-03-01,nieobecność,4
1TW,2024-04-24,nieob. uspr. p.s.,1
1TW,2024-06-13,obecność,8
1TW,2024-06-21,nieobecność,8
1TW,2023-12-18,nieob. uspraw.,15
1TW,2024-03-01,nieob. uspraw.,24
1TW,2024-03-05,nieob. uspraw.,8
1TW,2024-03-21,zwolniony,1
1TW,2023-09-20,nieob. uspraw.,8
1TW,2023-10-04,zwolniony,2
1TW,2023-10-11,nieob. uspraw.,6
1TW,2023-10-17,nieob. uspraw.,16
1TW,2023-10-20,nieob. uspraw.,14
1TW,2023-10-31,zwolniony,2
1TW,2024-04-03,nieob. uspraw.,19
1TW,2023-09-06,nieob. uspraw.,8
1TW,2023-09-07,nieob. uspraw.,8
1TW,2024-02-19,nieob. uspraw.,19
1TW,2024-03-08,zwolniony,7
1TW,2024-04-05,nieob. uspraw.,8
1TW,2024-06-05,nieob. uspr. p.s.,4
1TW,2024-06-14,obecność,2
1TW,2024-01-03,nieob. uspraw.,24
1TW,2024-02-29,nieob. uspraw.,20
1TW,2024-04-18,nieob. uspr. p.s.,4
1TW,2024-06-17,obecność,6
1TW,2024-06-18,obecność,7
1TW,2023-09-27,nieob. uspraw.,11
1TW,2023-10-16,nieob. uspraw.,12
1TW,2024-02-06,nieob. uspraw.,15
1TW,2024-02-29,spóźn. uspr.,1
1TW,2024-03-04,spóźn. uspr.,1
1TW,2023-10-26,zwolniony,1
1TW,2023-11-07,nieob. uspraw.,8
1TW,2023-11-14,spóźn. uspr.,1
1TW,2023-12-05,spóźn. uspr.,1
1TW,2023-12-08,nieob. uspraw.,3
1TW,2024-04-23,nieob. uspraw.,1
1TW,2024-05-15,nieobecność,8
1TW,2024-05-20,nieobecność,2
1TW,2024-05-27,nieobecność,1
1TW,2023-09-18,nieob. uspr. p.s.,3
1TW,2023-09-22,nieob. uspraw.,9
1TW,2023-09-27,nieob. uspr. p.s.,7
1TW,2024-03-04,nieob. uspr. p.s.,1
1TW,2024-03-13,nieob. uspr. p.s.,7
1TW,2024-04-25,spóźn. uspr.,1
1TW,2024-05-07,spóźn. uspr.,1
1TW,2024-05-15,spóźn. uspr.,1
1TW,2023-10-26,nieobecność,8
1TW,2023-10-30,nieobecność,7
1TW,2023-10-31,nieobecność,8
1TW,2023-11-15,nieobecność,8
1TW,2023-11-16,nieobecność,2
1TW,2023-11-28,nieobecność,8
1TW,2024-04-24,nieobecność,1
1TW,2024-06-10,nieobecność,3
1TW,2023-11-10,nieob. uspraw.,6
1TW,2023-11-13,nieob. uspraw.,7
1TW,2024-03-14,nieob. uspraw.,14
1TW,2024-05-13,nieob. uspr. p.s.,1
1TW,2023-10-03,nieob. uspraw.,7
1TW,2023-10-05,nieobecność,1
1TW,2023-10-18,nieobecność,1
1TW,2023-10-24,spóźn. uspr.,1
1TW,2023-11-07,spóźnienie,1
1TW,2023-11-10,nieobecność,7
1TW,2023-12-14,nieob. uspr. p.s.,1
1TW,2024-04-12,nieob. uspr. p.s.,7
1TŻ,2023-09-04,obecność,216
1TŻ,2023-09-05,spóźnienie,5
1TŻ,2023-09-05,obecność,210
1TŻ,2023-09-06,obecność,182
1TŻ,2023-09-07,obecność,203
1TŻ,2023-09-08,obecność,180
1TŻ,2023-09-11,obecność,194
1TŻ,2023-09-12,obecność,181
1TŻ,2023-09-13,obecność,202
1TŻ,2023-09-14,obecność,201
1TŻ,2023-09-15,obecność,170
1TŻ,2023-09-18,obecność,190
1TŻ,2023-09-19,obecność,167
1TŻ,2023-09-20,obecność,178
1TŻ,2023-09-21,obecność,185
1TŻ,2023-09-22,obecność,161
1TŻ,2023-09-25,obecność,218
1TŻ,2023-09-26,obecność,164
1TŻ,2023-09-27,obecność,177
1TŻ,2023-09-28,obecność,182
1TŻ,2023-09-29,obecność,168
1TŻ,2023-09-29,spóźnienie,4
1TŻ,2023-10-02,obecność,164
1TŻ,2023-10-03,obecność,216
1TŻ,2023-10-04,obecność,202
1TŻ,2023-10-05,obecność,173
1TŻ,2023-10-06,obecność,167
1TŻ,2023-10-09,obecność,168
1TŻ,2023-10-10,obecność,196
1TŻ,2023-10-10,spóźnienie,3
1TŻ,2023-10-11,obecność,196
1TŻ,2023-10-12,obecność,199
1TŻ,2023-10-16,obecność,157
1TŻ,2023-10-17,obecność,177
1TŻ,2023-10-18,obecność,209
1TŻ,2023-10-19,obecność,181
1TŻ,2023-10-20,obecność,142
1TŻ,2023-10-23,obecność,175
1TŻ,2023-10-24,obecność,176
1TŻ,2023-10-25,obecność,190
1TŻ,2023-10-26,obecność,183
1TŻ,2023-10-27,obecność,153
1TŻ,2023-10-30,obecność,166
1TŻ,2023-10-31,obecność,141
1TŻ,2023-11-02,obecność,144
1TŻ,2023-11-03,nieob. uspraw.,69
1TŻ,2023-11-06,obecność,189
1TŻ,2023-11-07,obecność,216
1TŻ,2023-11-08,obecność,208
1TŻ,2023-11-09,obecność,181
1TŻ,2023-11-09,nieob. uspraw.,17
1TŻ,2023-11-10,obecność,118
1TŻ,2023-11-13,obecność,158
1TŻ,2023-11-13,nieob. uspraw.,32
1TŻ,2023-11-14,obecność,160
1TŻ,2023-11-15,obecność,205
1TŻ,2023-11-16,obecność,177
1TŻ,2023-11-17,obecność,167
1TŻ,2023-11-20,obecność,180
1TŻ,2023-11-21,obecność,151
1TŻ,2023-11-22,obecność,197
1TŻ,2023-11-23,nieob. uspraw.,69
1TŻ,2023-11-24,obecność,195
1TŻ,2023-11-27,obecność,199
1TŻ,2023-11-28,obecność,186
1TŻ,2023-11-29,obecność,210
1TŻ,2023-11-30,spóźn. uspr.,7
1TŻ,2023-11-30,obecność,162
1TŻ,2023-12-01,obecność,123
1TŻ,2023-12-04,obecność,132
1TŻ,2023-12-05,obecność,178
1TŻ,2023-12-06,obecność,168
1TŻ,2023-12-07,nieob. uspraw.,25
1TŻ,2023-12-08,obecność,154
1TŻ,2023-12-11,obecność,151
1TŻ,2023-12-12,obecność,217
1TŻ,2023-12-13,obecność,206
1TŻ,2023-12-14,obecność,196
1TŻ,2023-12-15,obecność,175
1TŻ,2023-12-18,obecność,165
1TŻ,2023-12-19,nieob. uspraw.,26
1TŻ,2023-12-20,obecność,190
1TŻ,2023-12-21,nieobecność,26
1TŻ,2023-12-21,obecność,192
1TŻ,2024-01-02,obecność,196
1TŻ,2024-01-03,obecność,208
1TŻ,2024-01-04,nieobecność,15
1TŻ,2024-01-04,obecność,191
1TŻ,2024-01-05,obecność,177
1TŻ,2024-01-08,obecność,179
1TŻ,2024-01-09,obecność,186
1TŻ,2024-01-10,obecność,208
1TŻ,2024-01-11,obecność,198
1TŻ,2024-01-12,obecność,159
1TŻ,2024-01-29,obecność,185
1TŻ,2024-01-29,,29
1TŻ,2024-01-30,obecność,183
1TŻ,2024-01-31,obecność,174
1TŻ,2024-02-01,obecność,158
1TŻ,2024-02-02,obecność,165
1TŻ,2024-02-02,nieob. uspraw.,9
1TŻ,2024-02-05,obecność,181
1TŻ,2024-02-05,nieob. uspraw.,33
1TŻ,2024-02-06,obecność,206
1TŻ,2024-02-07,obecność,145
1TŻ,2024-02-08,obecność,145
1TŻ,2024-02-09,obecność,123
1TŻ,2024-02-12,obecność,189
1TŻ,2024-02-12,nieobecność,13
1TŻ,2024-02-13,obecność,153
1TŻ,2024-02-14,obecność,207
1TŻ,2024-02-15,obecność,161
1TŻ,2024-02-15,nieob. uspraw.,19
1TŻ,2024-02-16,obecność,153
1TŻ,2024-02-19,obecność,190
1TŻ,2024-02-20,obecność,163
1TŻ,2024-02-21,obecność,188
1TŻ,2024-02-22,obecność,149
1TŻ,2024-02-23,obecność,149
1TŻ,2024-02-26,obecność,198
1TŻ,2024-02-27,obecność,176
1TŻ,2024-02-28,obecność,164
1TŻ,2024-02-28,nieob. uspr. p.s.,2
1TŻ,2024-02-29,obecność,150
1TŻ,2024-03-01,obecność,214
1TŻ,2024-03-01,nieob. uspraw.,9
1TŻ,2024-03-04,obecność,188
1TŻ,2024-03-05,nieob. uspraw.,14
1TŻ,2024-03-05,obecność,179
1TŻ,2024-03-06,nieob. uspraw.,32
1TŻ,2024-03-07,obecność,151
1TŻ,2024-03-08,obecność,157
1TŻ,2024-03-11,obecność,169
1TŻ,2024-03-11,spóźn. uspr.,1
1TŻ,2024-03-12,obecność,159
1TŻ,2024-03-12,nieob. uspraw.,33
1TŻ,2024-03-13,nieob. uspraw.,20
1TŻ,2024-03-14,obecność,157
1TŻ,2024-03-15,obecność,124
1TŻ,2024-03-18,obecność,154
1TŻ,2024-03-19,obecność,140
1TŻ,2024-03-20,nieob. uspraw.,77
1TŻ,2024-03-21,nieob. uspraw.,89
1TŻ,2024-03-22,obecność,36
1TŻ,2024-03-25,obecność,160
1TŻ,2024-03-26,obecność,197
1TŻ,2024-03-27,obecność,158
1TŻ,2024-04-03,obecność,199
1TŻ,2024-04-04,obecność,170
1TŻ,2024-04-05,obecność,176
1TŻ,2024-04-08,obecność,180
1TŻ,2024-04-09,obecność,179
1TŻ,2024-04-10,obecność,193
1TŻ,2024-04-11,obecność,159
1TŻ,2024-04-12,obecność,123
1TŻ,2024-04-15,obecność,168
1TŻ,2024-04-16,obecność,174
1TŻ,2024-04-17,obecność,205
1TŻ,2024-04-18,obecność,172
1TŻ,2024-04-19,obecność,170
1TŻ,2024-04-22,obecność,195
1TŻ,2024-04-23,obecność,166
1TŻ,2024-04-24,obecność,211
1TŻ,2024-04-25,obecność,157
1TŻ,2024-04-26,obecność,149
1TŻ,2024-05-06,obecność,144
1TŻ,2024-05-07,obecność,164
1TŻ,2024-05-07,nieob. uspraw.,38
1TŻ,2024-05-08,obecność,154
1TŻ,2024-05-09,obecność,106
1TŻ,2024-05-09,nieobecność,25
1TŻ,2024-05-10,obecność,129
1TŻ,2024-05-13,obecność,146
1TŻ,2024-05-14,obecność,164
1TŻ,2024-05-15,obecność,188
1TŻ,2024-05-16,obecność,186
1TŻ,2024-05-17,nieob. uspraw.,37
1TŻ,2024-05-20,obecność,190
1TŻ,2024-05-21,obecność,149
1TŻ,2024-05-22,obecność,164
1TŻ,2024-05-23,nieobecność,32
1TŻ,2024-05-24,obecność,207
1TŻ,2024-05-27,obecność,185
1TŻ,2024-05-28,obecność,196
1TŻ,2024-05-29,nieob. uspraw.,8
1TŻ,2024-06-03,obecność,186
1TŻ,2024-06-04,obecność,177
1TŻ,2024-06-05,obecność,215
1TŻ,2024-06-06,obecność,120
1TŻ,2024-06-06,nieob. uspr. p.s.,3
1TŻ,2024-06-07,nieob. uspraw.,48
1TŻ,2024-06-10,obecność,127
1TŻ,2024-06-11,obecność,163
1TŻ,2024-06-12,obecność,156
1TŻ,2024-06-13,nieob. uspraw.,57
1TŻ,2024-06-14,nieob. uspraw.,67
1TŻ,2024-06-17,nieobecność,103
1TŻ,2024-06-18,nieobecność,141
1TŻ,2024-06-19,nieobecność,162
1TŻ,2024-06-20,nieobecność,135
1TŻ,2024-06-21,obecność,232
1TŻ,2023-09-12,spóźnienie,2
1TŻ,2023-09-22,nieob. uspraw.,28
1TŻ,2023-10-12,spóźnienie,2
1TŻ,2023-10-16,nieob. uspraw.,37
1TŻ,2023-10-25,nieobecność,16
1TŻ,2023-10-26,nieobecność,12
1TŻ,2023-11-02,nieob. uspraw.,68
1TŻ,2023-11-08,nieob. uspr. p.s.,2
1TŻ,2023-11-10,nieob. uspraw.,20
1TŻ,2023-11-14,nieob. uspraw.,36
1TŻ,2023-11-16,spóźnienie,3
1TŻ,2023-11-23,obecność,127
1TŻ,2023-11-30,nieob. uspraw.,20
1TŻ,2023-12-01,nieobecność,16
1TŻ,2023-12-04,nieob. uspraw.,25
1TŻ,2023-12-07,obecność,19
1TŻ,2023-12-07,nieob. uspr. p.s.,162
1TŻ,2023-12-11,nieobecność,2
1TŻ,2023-12-12,spóźnienie,2
1TŻ,2023-12-18,nieob. uspraw.,22
1TŻ,2023-12-19,spóźnienie,1
1TŻ,2023-12-19,obecność,183
1TŻ,2023-12-20,nieobecność,12
1TŻ,2023-12-20,nieob. uspraw.,11
1TŻ,2024-01-02,nieobecność,26
1TŻ,2024-01-29,nieobecność,2
1TŻ,2024-02-02,nieobecność,21
1TŻ,2024-02-09,nieobecność,10
1TŻ,2024-02-19,nieobecność,11
1TŻ,2024-03-01,nieobecność,2
1TŻ,2024-03-04,nieobecność,1
1TŻ,2024-03-06,obecność,173
1TŻ,2024-03-13,obecność,155
1TŻ,2024-03-18,nieob. uspr. p.s.,35
1TŻ,2024-03-19,nieobecność,4
1TŻ,2024-03-20,obecność,97
1TŻ,2024-03-21,nieobecność,36
1TŻ,2024-03-22,nieobecność,18
1TŻ,2024-03-27,nieob. uspraw.,17
1TŻ,2024-04-05,nieob. uspraw.,24
1TŻ,2024-04-15,nieob. uspr. p.s.,17
1TŻ,2024-04-17,nieobecność,10
1TŻ,2024-04-19,nieobecność,19
1TŻ,2024-04-24,spóźnienie,3
1TŻ,2024-04-26,nieob. uspr. p.s.,13
1TŻ,2024-04-26,nieobecność,21
1TŻ,2024-05-13,nieobecność,15
1TŻ,2024-05-17,obecność,145
1TŻ,2024-05-23,obecność,87
1TŻ,2024-05-27,nieobecność,30
1TŻ,2024-05-29,obecność,208
1TŻ,2024-06-03,spóźnienie,5
1TŻ,2024-06-04,nieob. uspr. p.s.,4
1TŻ,2024-06-07,obecność,139
1TŻ,2024-06-11,nieobecność,39
1TŻ,2024-06-13,nieobecność,88
1TŻ,2024-06-14,nieobecność,149
1TŻ,2023-10-20,nieob. uspraw.,22
1TŻ,2023-10-25,nieob. uspr. p.s.,1
1TŻ,2023-11-03,obecność,98
1TŻ,2023-11-13,nieobecność,9
1TŻ,2023-12-21,spóźn. uspr.,1
1TŻ,2024-02-02,zwolniony,6
1TŻ,2024-02-14,nieob. uspraw.,2
1TŻ,2024-02-29,spóźnienie,2
1TŻ,2024-03-11,spóźnienie,1
1TŻ,2024-03-22,nieob. uspr. p.s.,70
1TŻ,2024-04-12,zwolniony,3
1TŻ,2024-04-19,spóźnienie,2
1TŻ,2024-05-07,zwolniony,1
1TŻ,2024-05-09,nieob. uspraw.,38
1TŻ,2024-05-15,nieob. uspraw.,16
1TŻ,2024-05-16,zwolniony,2
1TŻ,2024-05-16,nieob. uspraw.,8
1TŻ,2024-05-17,zwolniony,2
1TŻ,2024-05-21,spóźnienie,2
1TŻ,2024-05-23,nieob. uspraw.,24
1TŻ,2024-05-27,nieob. uspraw.,11
1TŻ,2024-06-05,nieob. uspraw.,2
1TŻ,2024-06-10,nieob. uspraw.,33
1TŻ,2024-06-11,nieob. uspr. p.s.,3
1TŻ,2024-06-12,nieob. uspraw.,32
1TŻ,2024-06-17,nieob. uspraw.,53
1TŻ,2024-06-18,nieob. uspraw.,42
1TŻ,2024-06-19,nieob. uspraw.,40
1TŻ,2024-06-20,nieob. uspraw.,18
1TŻ,2023-09-05,spóźn. uspr.,2
1TŻ,2023-09-25,nieob. uspr. p.s.,2
1TŻ,2023-09-26,nieob. uspraw.,21
1TŻ,2023-09-27,nieob. uspr. p.s.,23
1TŻ,2023-09-29,nieob. uspraw.,15
1TŻ,2023-10-05,spóźn. uspr.,1
1TŻ,2023-10-11,nieob. uspraw.,18
1TŻ,2023-10-26,nieob. uspraw.,29
1TŻ,2023-10-27,nieob. uspraw.,28
1TŻ,2023-10-31,nieob. uspraw.,53
1TŻ,2023-11-21,nieob. uspr. p.s.,48
1TŻ,2023-12-07,nieobecność,20
1TŻ,2023-12-12,nieob. uspraw.,3
1TŻ,2023-12-13,spóźnienie,2
1TŻ,2023-12-14,nieob. uspraw.,23
1TŻ,2023-12-14,nieobecność,9
1TŻ,2023-12-19,nieob. uspr. p.s.,6
1TŻ,2023-12-21,nieob. uspraw.,2
1TŻ,2024-01-04,spóźnienie,1
1TŻ,2024-01-11,nieobecność,17
1TŻ,2024-01-12,nieob. uspr. p.s.,6
1TŻ,2024-01-31,nieob. uspr. p.s.,1
1TŻ,2024-02-01,nieob. uspraw.,6
1TŻ,2024-02-09,nieob. uspraw.,68
1TŻ,2024-02-13,nieob. uspr. p.s.,2
1TŻ,2024-02-15,nieob. uspr. p.s.,1
1TŻ,2024-02-15,nieobecność,16
1TŻ,2024-02-22,nieob. uspr. p.s.,5
1TŻ,2024-02-23,nieob. uspr. p.s.,2
1TŻ,2024-02-26,nieob. uspr. p.s.,8
1TŻ,2024-02-29,nieobecność,19
1TŻ,2024-03-01,nieob. uspr. p.s.,3
1TŻ,2024-03-04,nieob. uspr. p.s.,1
1TŻ,2024-03-05,nieob. uspr. p.s.,4
1TŻ,2024-03-05,spóźnienie,1
1TŻ,2024-03-06,nieob. uspr. p.s.,8
1TŻ,2024-03-08,nieob. uspraw.,42
1TŻ,2024-03-12,nieob. uspr. p.s.,6
1TŻ,2024-03-15,nieob. uspraw.,25
1TŻ,2024-03-19,nieob. uspr. p.s.,41
1TŻ,2024-03-25,nieobecność,25
1TŻ,2024-04-03,nieob. uspr. p.s.,1
1TŻ,2024-04-08,nieobecność,18
1TŻ,2024-04-11,nieob. uspr. p.s.,5
1TŻ,2024-04-12,nieobecność,24
1TŻ,2024-04-15,nieobecność,11
1TŻ,2024-04-22,nieob. uspr. p.s.,5
1TŻ,2024-04-23,nieob. uspr. p.s.,11
1TŻ,2024-04-24,nieob. uspr. p.s.,2
1TŻ,2024-05-07,nieobecność,18
1TŻ,2024-05-21,nieobecność,23
1TŻ,2024-05-28,nieob. uspraw.,16
1TŻ,2024-06-18,obecność,14
1TŻ,2024-06-19,obecność,16
1TŻ,2023-09-07,nieob. uspraw.,12
1TŻ,2023-09-18,nieob. uspraw.,21
1TŻ,2023-10-02,spóźn. uspr.,1
1TŻ,2023-10-06,nieob. uspr. p.s.,5
1TŻ,2023-11-06,spóźnienie,3
1TŻ,2023-11-22,nieob. uspr. p.s.,1
1TŻ,2024-01-10,nieob. uspraw.,8
1TŻ,2024-01-12,nieob. uspraw.,21
1TŻ,2024-01-31,nieob. uspraw.,14
1TŻ,2024-02-23,nieob. uspraw.,10
1TŻ,2024-02-23,nieobecność,13
1TŻ,2024-02-29,nieob. uspraw.,25
1TŻ,2024-03-01,spóźnienie,1
1TŻ,2024-04-10,nieob. uspr. p.s.,1
1TŻ,2024-04-11,nieob. uspraw.,24
1TŻ,2024-04-25,spóźnienie,3
1TŻ,2024-04-26,nieob. uspraw.,18
1TŻ,2024-05-14,spóźn. uspr.,1
1TŻ,2024-05-14,nieob. uspraw.,11
1TŻ,2024-06-12,nieobecność,30
1TŻ,2023-09-12,spóźn. uspr.,1
1TŻ,2023-11-03,nieob. uspr. p.s.,5
1TŻ,2023-11-10,nieob. uspr. p.s.,9
1TŻ,2023-11-15,nieob. uspraw.,18
1TŻ,2023-12-05,nieob. uspraw.,4
1TŻ,2023-12-12,nieobecność,10
1TŻ,2024-01-02,spóźnienie,1
1TŻ,2024-01-29,nieob. uspraw.,10
1TŻ,2024-01-30,nieob. uspraw.,14
1TŻ,2024-02-07,nieob. uspr. p.s.,2
1TŻ,2024-03-20,nieob. uspr. p.s.,8
1TŻ,2024-03-22,nieob. uspraw.,48
1TŻ,2024-03-25,nieob. uspraw.,10
1TŻ,2024-04-04,nieob. uspraw.,15
1TŻ,2024-04-17,nieob. uspr. p.s.,3
1TŻ,2024-05-06,nieob. uspraw.,35
1TŻ,2024-05-08,nieob. uspraw.,38
1TŻ,2024-05-10,nieob. uspraw.,49
1TŻ,2024-05-17,nieob. uspr. p.s.,5
1TŻ,2024-05-21,nieob. uspr. p.s.,15
1TŻ,2024-06-13,obecność,27
1TŻ,2024-06-14,obecność,12
1TŻ,2023-09-19,nieob. uspr. p.s.,7
1TŻ,2023-09-21,nieob. uspr. p.s.,8
1TŻ,2023-10-17,nieobecność,13
1TŻ,2023-10-31,nieobecność,3
1TŻ,2023-11-21,nieob. uspraw.,31
1TŻ,2023-11-22,nieob. uspraw.,17
1TŻ,2023-11-23,zwolniony,1
1TŻ,2024-02-20,nieob. uspraw.,28
1TŻ,2023-09-07,nieobecność,1
1TŻ,2023-09-15,nieob. uspraw.,18
1TŻ,2023-09-20,nieob. uspraw.,24
1TŻ,2023-09-29,nieobecność,1
1TŻ,2023-10-05,nieob. uspraw.,33
1TŻ,2023-10-10,nieob. uspraw.,8
1TŻ,2023-10-18,nieob. uspraw.,9
1TŻ,2023-10-23,nieob. uspraw.,24
1TŻ,2023-10-25,nieob. uspraw.,11
1TŻ,2023-10-30,nieob. uspraw.,21
1TŻ,2023-11-03,nieobecność,29
1TŻ,2023-11-10,nieobecność,19
1TŻ,2023-11-15,nieobecność,8
1TŻ,2023-11-20,nieobecność,14
1TŻ,2023-11-23,nieobecność,28
1TŻ,2023-11-30,nieobecność,32
1TŻ,2023-12-04,nieobecność,15
1TŻ,2023-12-05,nieobecność,11
1TŻ,2023-12-06,nieobecność,7
1TŻ,2023-12-08,nieobecność,15
1TŻ,2023-12-13,nieob. uspr. p.s.,1
1TŻ,2023-12-15,nieobecność,14
1TŻ,2023-12-21,spóźnienie,3
1TŻ,2024-01-09,nieobecność,27
1TŻ,2024-02-06,nieob. uspraw.,20
1TŻ,2024-02-07,nieob. uspraw.,35
1TŻ,2024-02-08,nieob. uspraw.,15
1TŻ,2024-02-13,nieobecność,30
1TŻ,2024-02-16,nieobecność,16
1TŻ,2024-02-21,nieobecność,12
1TŻ,2024-02-26,nieobecność,4
1TŻ,2024-02-27,nieobecność,9
1TŻ,2024-02-28,nieobecność,26
1TŻ,2024-03-06,nieobecność,19
1TŻ,2024-03-11,nieobecność,9
1TŻ,2024-03-13,nieobecność,14
1TŻ,2024-03-19,nieob. uspraw.,14
1TŻ,2024-04-03,nieobecność,10
1TŻ,2024-04-04,nieobecność,10
1TŻ,2024-04-18,nieobecność,18
1TŻ,2024-04-22,nieobecność,25
1TŻ,2024-04-24,nieobecność,2
1TŻ,2024-04-25,nieobecność,25
1TŻ,2024-05-14,spóźnienie,6
1TŻ,2024-05-14,nieobecność,12
1TŻ,2024-05-17,nieobecność,10
1TŻ,2024-05-29,nieobecność,1
1TŻ,2024-06-06,nieobecność,19
1TŻ,2024-06-07,nieobecność,41
1TŻ,2024-06-10,nieobecność,8
1TŻ,2023-10-12,spóźn. uspr.,1
1TŻ,2023-10-19,spóźn. uspr.,1
1TŻ,2023-10-24,nieob. uspraw.,8
1TŻ,2023-10-30,nieobecność,9
1TŻ,2023-11-07,nieobecność,4
1TŻ,2023-11-09,nieobecność,16
1TŻ,2023-11-30,spóźnienie,3
1TŻ,2023-12-01,spóźnienie,1
1TŻ,2023-12-13,nieobecność,1
1TŻ,2023-12-19,nieobecność,12
1TŻ,2024-01-03,nieob. uspr. p.s.,1
1TŻ,2024-01-10,nieobecność,1
1TŻ,2024-01-12,nieobecność,15
1TŻ,2024-02-05,nieobecność,8
1TŻ,2024-02-05,spóźnienie,3
1TŻ,2024-02-14,nieobecność,9
1TŻ,2024-02-16,nieob. uspraw.,31
1TŻ,2024-02-19,nieob. uspraw.,24
1TŻ,2024-02-21,nieob. uspraw.,18
1TŻ,2024-03-11,nieob. uspraw.,40
1TŻ,2024-03-18,spóźnienie,1
1TŻ,2024-04-15,nieob. uspraw.,31
1TŻ,2024-04-16,nieob. uspr. p.s.,4
1TŻ,2024-04-25,nieob. uspraw.,11
1TŻ,2024-05-20,nieobecność,15
1TŻ,2024-06-03,nieob. uspraw.,16
1TŻ,2024-06-06,nieob. uspraw.,30
1TŻ,2024-06-11,nieob. uspraw.,21
1TŻ,2023-09-08,nieob. uspraw.,14
1TŻ,2023-09-12,nieob. uspraw.,9
1TŻ,2023-11-14,nieobecność,3
1TŻ,2023-11-17,nieob. uspraw.,30
1TŻ,2023-12-06,nieob. uspraw.,14
1TŻ,2023-12-08,nieob. uspraw.,28
1TŻ,2023-12-20,spóźnienie,3
1TŻ,2024-01-03,nieobecność,9
1TŻ,2024-01-08,nieobecność,11
1TŻ,2024-01-09,nieob. uspraw.,15
1TŻ,2024-02-26,nieob. uspraw.,16
1TŻ,2024-03-14,nieobecność,5
1TŻ,2024-04-08,nieob. uspraw.,28
1TŻ,2024-04-11,nieobecność,8
1TŻ,2024-04-18,nieob. uspraw.,5
1TŻ,2024-04-19,nieob. uspraw.,9
1TŻ,2024-04-23,nieob. uspraw.,8
1TŻ,2024-05-06,nieobecność,21
1TŻ,2024-05-15,nieobecność,11
1TŻ,2024-05-15,nieob. uspr. p.s.,1
1TŻ,2024-05-20,nieob. uspraw.,15
1TŻ,2024-05-28,nieobecność,10
1TŻ,2023-09-11,spóźnienie,1
1TŻ,2023-09-21,nieob. uspraw.,24
1TŻ,2023-11-08,nieob. uspraw.,7
1TŻ,2024-01-10,nieob. uspr. p.s.,1
1TŻ,2024-02-08,nieobecność,8
1TŻ,2024-03-07,nieob. uspr. p.s.,4
1TŻ,2024-03-08,nieob. uspr. p.s.,3
1TŻ,2024-03-21,nieob. uspr. p.s.,22
1TŻ,2024-03-21,obecność,21
1TŻ,2024-04-12,nieob. uspraw.,31
1TŻ,2024-05-07,nieob. uspr. p.s.,1
1TŻ,2024-05-13,nieob. uspraw.,6
1TŻ,2024-05-20,nieob. uspr. p.s.,6
1TŻ,2024-05-22,nieob. uspr. p.s.,4
1TŻ,2024-06-20,nieob. uspr. p.s.,15
1TŻ,2024-06-20,obecność,4
1TŻ,2023-09-11,nieob. uspraw.,17
1TŻ,2023-09-13,nieob. uspraw.,8
1TŻ,2023-10-02,spóźnienie,3
1TŻ,2023-10-06,nieob. uspraw.,7
1TŻ,2023-10-09,nieob. uspraw.,13
1TŻ,2023-10-09,nieobecność,8
1TŻ,2023-11-06,nieob. uspraw.,2
1TŻ,2023-11-28,nieobecność,15
1TŻ,2023-12-05,nieob. uspr. p.s.,8
1TŻ,2023-12-18,nieobecność,9
1TŻ,2024-05-29,nieob. uspr. p.s.,1
1TŻ,2024-06-03,nieobecność,19
1TŻ,2023-10-27,nieob. uspr. p.s.,6
1TŻ,2023-12-15,nieob. uspraw.,6
1TŻ,2024-02-12,nieob. uspraw.,24
1TŻ,2024-02-13,nieob. uspraw.,14
1TŻ,2024-02-27,nieob. uspraw.,14
1TŻ,2024-04-09,nieob. uspraw.,22
1TŻ,2024-04-10,nieob. uspraw.,16
1TŻ,2024-04-16,nieob. uspraw.,14
1TŻ,2024-05-08,nieobecność,11
1TŻ,2024-05-13,nieob. uspr. p.s.,6
1TŻ,2024-06-05,nieob. uspr. p.s.,1
1TŻ,2023-12-01,nieob. uspraw.,24
1TŻ,2024-02-05,nieob. uspr. p.s.,1
1TŻ,2024-02-19,nieob. uspr. p.s.,1
1TŻ,2024-02-28,nieob. uspraw.,40
1TŻ,2024-03-11,nieob. uspr. p.s.,6
1TŻ,2024-03-14,nieob. uspr. p.s.,6
1TŻ,2024-04-19,nieob. uspr. p.s.,1
1TŻ,2024-05-28,nieob. uspr. p.s.,4
1TŻ,2023-09-19,nieob. uspraw.,19
1TŻ,2023-09-27,nieob. uspraw.,1
1TŻ,2023-10-02,nieob. uspraw.,13
1TŻ,2023-10-10,nieobecność,9
1TŻ,2023-10-16,nieobecność,6
1TŻ,2023-10-24,nieobecność,17
1TŻ,2023-11-16,nieobecność,10
1TŻ,2024-01-05,nieobecność,6
1TŻ,2024-01-30,nieobecność,2
1TŻ,2024-02-22,nieobecność,4
1TŻ,2024-03-07,nieob. uspraw.,13
1TŻ,2024-03-15,nieobecność,11
1TŻ,2024-04-09,nieobecność,2
1TŻ,2024-04-23,nieobecność,14
1TŻ,2024-05-22,nieobecność,21
1TŻ,2023-09-12,nieobecność,1
1TŻ,2023-09-18,nieobecność,10
1TŻ,2023-09-28,nieobecność,17
1TŻ,2023-10-02,nieobecność,9
1TŻ,2023-10-05,nieobecność,3
1TŻ,2023-10-06,nieobecność,9
1TŻ,2023-10-12,nieobecność,2
1TŻ,2023-10-17,nieob. uspraw.,36
1TŻ,2024-03-08,nieobecność,1
1TŻ,2024-04-04,nieob. uspr. p.s.,2
1TŻ,2024-04-18,nieob. uspr. p.s.,2
1TŻ,2024-06-04,nieobecność,9
1TŻ,2023-09-04,nieobecność,8
1TŻ,2023-09-11,nieobecność,8
1TŻ,2023-09-14,nieobecność,1
1TŻ,2023-09-15,nieobecność,2
1TŻ,2023-09-18,spóźnienie,1
1TŻ,2023-09-19,nieobecność,1
1TŻ,2023-09-22,spóźnienie,1
1TŻ,2023-09-26,spóźnienie,1
1TŻ,2023-09-28,spóźnienie,1
1TŻ,2023-10-03,nieobecność,2
1TŻ,2023-10-06,spóźnienie,2
1TŻ,2023-10-16,spóźnienie,1
1TŻ,2023-10-17,nieob. uspr. p.s.,3
1TŻ,2023-10-17,spóźnienie,1
1TŻ,2023-10-19,nieobecność,3
1TŻ,2023-10-23,nieobecność,1
1TŻ,2023-10-23,spóźnienie,1
1TŻ,2023-10-27,nieobecność,10
1TŻ,2023-10-30,spóźnienie,2
1TŻ,2023-11-06,nieobecność,1
1TŻ,2023-11-10,spóźnienie,2
1TŻ,2023-11-13,spóźnienie,1
1TŻ,2023-11-14,spóźnienie,2
1TŻ,2023-11-15,spóźnienie,1
1TŻ,2023-11-17,spóźnienie,1
1TŻ,2023-11-17,nieob. uspr. p.s.,1
1TŻ,2023-11-20,spóźnienie,2
1TŻ,2023-11-21,nieobecność,2
1TŻ,2023-11-23,spóźnienie,1
1TŻ,2023-11-24,spóźnienie,1
1TŻ,2023-11-27,nieobecność,1
1TŻ,2023-11-27,spóźnienie,1
1TŻ,2023-11-30,nieob. uspr. p.s.,2
1TŻ,2023-12-11,nieob. uspraw.,19
1TŻ,2023-12-15,spóźnienie,3
1TŻ,2024-01-04,nieob. uspr. p.s.,5
1TŻ,2024-01-05,nieob. uspr. p.s.,6
1TŻ,2024-01-12,spóźnienie,2
1TŻ,2024-02-01,nieob. uspr. p.s.,4
1TŻ,2024-02-06,nieobecność,2
1TŻ,2024-03-15,nieob. uspr. p.s.,12
1TŻ,2024-03-26,nieobecność,2
1TŻ,2024-03-27,nieobecność,28
1TŻ,2024-05-10,nieobecność,21
1TŻ,2024-05-24,nieobecność,21
1TŻ,2023-12-18,nieob. uspr. p.s.,7
1TŻ,2024-03-12,nieobecność,1
1TŻ,2023-09-14,nieob. uspraw.,16
1TŻ,2024-01-04,nieob. uspraw.,12
1TŻ,2024-03-05,nieobecność,1
1TŻ,2024-04-05,spóźnienie,1
1TŻ,2024-04-12,nieob. uspr. p.s.,6
1TŻ,2024-05-06,nieob. uspr. p.s.,3
1TŻ,2024-05-09,spóźnienie,3
1TŻ,2024-06-17,obecność,12
1TŻ,2023-09-28,nieob. uspraw.,16
1TŻ,2023-10-09,nieob. uspr. p.s.,4
1TŻ,2023-10-10,nieob. uspr. p.s.,6
1TŻ,2023-10-11,nieob. uspr. p.s.,3
1TŻ,2023-10-12,nieob. uspr. p.s.,13
1TŻ,2023-10-30,nieob. uspr. p.s.,3
1TŻ,2023-10-31,nieob. uspr. p.s.,4
1TŻ,2023-11-06,nieob. uspr. p.s.,6
1TŻ,2023-11-07,nieob. uspr. p.s.,10
1TŻ,2023-11-20,nieob. uspraw.,5
1TŻ,2023-11-24,nieob. uspraw.,3
1TŻ,2023-12-15,spóźn. uspr.,1
1TŻ,2023-12-20,spóźn. uspr.,2
1TŻ,2024-01-02,nieob. uspr. p.s.,5
1TŻ,2024-01-05,nieob. uspraw.,10
1TŻ,2024-01-08,nieob. uspr. p.s.,3
1TŻ,2024-01-11,nieob. uspr. p.s.,3
1TŻ,2024-04-22,spóźnienie,1
1TŻ,2024-05-13,spóźnienie,1
1TŻ,2024-05-21,nieob. uspraw.,8
1TŻ,2024-05-22,nieob. uspraw.,14
1TŻ,2024-06-04,nieob. uspraw.,7
1TŻ,2023-09-20,nieobecność,8
1TŻ,2023-09-26,nieobecność,8
1TŻ,2023-09-27,nieobecność,9
1TŻ,2023-11-02,nieobecność,12
1TŻ,2023-11-08,nieobecność,1
1TŻ,2023-11-22,nieobecność,2
1TŻ,2024-01-11,spóźnienie,2
1TŻ,2024-04-16,nieobecność,7
1TŻ,2023-10-19,nieob. uspraw.,14
1TŻ,2023-11-22,zwolniony,1
1TŻ,2023-12-01,nieob. uspr. p.s.,4
1TŻ,2024-01-08,nieob. uspraw.,7
1TŻ,2023-09-05,nieobecność,1
1TŻ,2023-10-04,nieobecność,8
1TŻ,2023-10-12,nieob. uspraw.,7
1TŻ,2023-10-20,nieobecność,6
1TŻ,2023-12-13,nieob. uspraw.,8
1TŻ,2024-02-20,nieobecność,1
1TŻ,2024-02-22,nieob. uspraw.,12
1TŻ,2024-02-29,nieob. uspr. p.s.,1
1TŻ,2024-03-04,nieob. uspraw.,7
1TŻ,2024-03-20,nieobecność,7
1TŻ,2024-05-16,nieobecność,7
1TŻ,2024-01-08,spóźnienie,1
1TŻ,2024-02-07,nieobecność,7
1TŻ,2024-03-18,nieob. uspraw.,7
1TŻ,2024-04-10,nieobecność,8
1TŻ,2023-09-28,nieob. uspr. p.s.,2
1TŻ,2023-09-29,nieob. uspr. p.s.,2
1TŻ,2023-10-02,nieob. uspr. p.s.,4
1TŻ,2023-10-03,nieob. uspr. p.s.,4
1TŻ,2023-10-05,nieob. uspr. p.s.,6
1TŻ,2023-11-09,nieob. uspr. p.s.,10
1TŻ,2023-11-13,zwolniony,1
1TŻ,2024-03-01,spóźn. uspr.,1
1TŻ,2024-04-25,nieob. uspr. p.s.,1
1TŻ,2023-09-21,nieobecność,1
1TŻ,2023-11-16,nieob. uspraw.,7
1TŻ,2024-01-11,nieob. uspraw.,8
1TŻ,2024-02-16,nieob. uspr. p.s.,1
1TŻ,2024-02-20,nieob. uspr. p.s.,7
1TŻ,2024-03-25,nieob. uspr. p.s.,2
1TŻ,2024-04-03,nieob. uspraw.,8
1TŻ,2023-10-09,spóźn. uspr.,1
1TŻ,2023-11-29,nieob. uspraw.,8
1TŻ,2024-04-11,nauka zdalna,1
2TM5,2023-09-04,obecność,154
2TM5,2023-09-05,obecność,157
2TM5,2023-09-06,obecność,182
2TM5,2023-09-07,obecność,142
2TM5,2023-09-08,obecność,147
2TM5,2023-09-11,obecność,145
2TM5,2023-09-12,obecność,152
2TM5,2023-09-13,obecność,160
2TM5,2023-09-14,obecność,102
2TM5,2023-09-15,obecność,107
2TM5,2023-09-18,obecność,120
2TM5,2023-09-19,obecność,147
2TM5,2023-09-20,obecność,144
2TM5,2023-09-21,obecność,117
2TM5,2023-09-22,nieob. uspr. p.s.,65
2TM5,2023-09-25,obecność,144
2TM5,2023-09-25,nieobecność,2
2TM5,2023-09-26,obecność,153
2TM5,2023-09-27,obecność,140
2TM5,2023-09-28,obecność,135
2TM5,2023-09-29,obecność,120
2TM5,2023-10-02,obecność,146
2TM5,2023-10-03,obecność,128
2TM5,2023-10-04,obecność,135
2TM5,2023-10-04,spóźnienie,10
2TM5,2023-10-05,obecność,146
2TM5,2023-10-06,obecność,115
2TM5,2023-10-09,obecność,136
2TM5,2023-10-10,nieob. uspraw.,12
2TM5,2023-10-11,obecność,148
2TM5,2023-10-11,nieob. uspr. p.s.,12
2TM5,2023-10-12,obecność,114
2TM5,2023-10-12,nieob. uspraw.,35
2TM5,2023-10-12,nieob. uspr. p.s.,19
2TM5,2023-10-16,obecność,158
2TM5,2023-10-17,obecność,146
2TM5,2023-10-18,obecność,145
2TM5,2023-10-19,nieob. uspraw.,13
2TM5,2023-10-20,obecność,133
2TM5,2023-10-23,obecność,133
2TM5,2023-10-24,obecność,136
2TM5,2023-10-24,spóźnienie,3
2TM5,2023-10-25,obecność,144
2TM5,2023-10-26,obecność,142
2TM5,2023-10-27,nieob. uspraw.,37
2TM5,2023-10-30,obecność,120
2TM5,2023-10-31,obecność,112
2TM5,2023-11-02,obecność,120
2TM5,2023-11-02,spóźnienie,5
2TM5,2023-11-03,obecność,121
2TM5,2023-11-06,obecność,160
2TM5,2023-11-07,obecność,160
2TM5,2023-11-08,obecność,147
2TM5,2023-11-09,obecność,141
2TM5,2023-11-10,obecność,92
2TM5,2023-11-13,obecność,143
2TM5,2023-11-13,nieob. uspr. p.s.,16
2TM5,2023-11-14,obecność,169
2TM5,2023-11-15,obecność,152
2TM5,2023-11-16,nieob. uspr. p.s.,64
2TM5,2023-11-17,obecność,134
2TM5,2023-11-20,obecność,148
2TM5,2023-11-21,obecność,117
2TM5,2023-11-21,nieob. uspr. p.s.,21
2TM5,2023-11-22,obecność,137
2TM5,2023-11-23,nieob. uspraw.,122
2TM5,2023-11-24,obecność,129
2TM5,2023-11-24,spóźnienie,4
2TM5,2023-11-27,obecność,164
2TM5,2023-11-28,obecność,144
2TM5,2023-11-29,nieob. uspr. p.s.,103
2TM5,2023-11-30,nieob. uspr. p.s.,114
2TM5,2023-12-01,nieob. uspraw.,108
2TM5,2023-12-04,obecność,142
2TM5,2023-12-05,obecność,171
2TM5,2023-12-06,obecność,141
2TM5,2023-12-07,obecność,140
2TM5,2023-12-08,obecność,123
2TM5,2023-12-11,obecność,160
2TM5,2023-12-12,obecność,140
2TM5,2023-12-12,spóźnienie,7
2TM5,2023-12-13,obecność,147
2TM5,2023-12-14,obecność,142
2TM5,2023-12-15,obecność,128
2TM5,2023-12-18,obecność,153
2TM5,2023-12-19,obecność,135
2TM5,2023-12-20,obecność,139
2TM5,2023-12-21,obecność,121
2TM5,2024-01-02,obecność,149
2TM5,2024-01-03,nieob. uspr. p.s.,2
2TM5,2024-01-03,obecność,148
2TM5,2024-01-03,nieobecność,17
2TM5,2024-01-04,obecność,154
2TM5,2024-01-04,spóźnienie,3
2TM5,2024-01-05,obecność,94
2TM5,2024-01-08,obecność,127
2TM5,2024-01-09,obecność,128
2TM5,2024-01-10,nieob. uspraw.,48
2TM5,2024-01-11,nieob. uspraw.,56
2TM5,2024-01-12,nieob. uspraw.,38
2TM5,2024-01-29,obecność,135
2TM5,2024-01-30,obecność,144
2TM5,2024-01-30,nieobecność,19
2TM5,2024-01-31,obecność,131
2TM5,2024-02-01,nieob. uspr. p.s.,3
2TM5,2024-02-01,obecność,129
2TM5,2024-02-02,obecność,123
2TM5,2024-02-05,nieobecność,10
2TM5,2024-02-05,obecność,143
2TM5,2024-02-06,obecność,156
2TM5,2024-02-06,nieobecność,14
2TM5,2024-02-07,obecność,113
2TM5,2024-02-07,nieob. uspr. p.s.,4
2TM5,2024-02-08,obecność,109
2TM5,2024-02-08,nieob. uspr. p.s.,2
2TM5,2024-02-09,nieob. uspraw.,87
2TM5,2024-02-12,obecność,136
2TM5,2024-02-13,obecność,159
2TM5,2024-02-14,obecność,158
2TM5,2024-02-14,spóźnienie,3
2TM5,2024-02-15,obecność,131
2TM5,2024-02-15,nieobecność,9
2TM5,2024-02-16,obecność,133
2TM5,2024-02-16,spóźnienie,7
2TM5,2024-02-16,nieob. uspraw.,22
2TM5,2024-02-19,obecność,130
2TM5,2024-02-20,obecność,88
2TM5,2024-02-20,nieobecność,24
2TM5,2024-02-21,nieob. uspraw.,18
2TM5,2024-02-21,obecność,129
2TM5,2024-02-22,obecność,119
2TM5,2024-02-23,obecność,114
2TM5,2024-02-23,spóźnienie,8
2TM5,2024-02-23,nieobecność,6
2TM5,2024-02-26,obecność,100
2TM5,2024-02-27,obecność,147
2TM5,2024-02-28,obecność,162
2TM5,2024-02-29,obecność,124
2TM5,2024-02-29,nieob. uspraw.,8
2TM5,2024-03-01,obecność,102
2TM5,2024-03-01,nieob. uspr. p.s.,1
2TM5,2024-03-04,obecność,126
2TM5,2024-03-05,obecność,124
2TM5,2024-03-06,obecność,121
2TM5,2024-03-07,obecność,153
2TM5,2024-03-08,nieob. uspraw.,17
2TM5,2024-03-11,obecność,128
2TM5,2024-03-12,obecność,152
2TM5,2024-03-13,obecność,189
2TM5,2024-03-14,obecność,123
2TM5,2024-03-15,obecność,115
2TM5,2024-03-18,obecność,145
2TM5,2024-03-19,obecność,122
2TM5,2024-03-20,nieob. uspraw.,152
2TM5,2024-03-21,nieob. uspraw.,154
2TM5,2024-03-22,obecność,61
2TM5,2024-03-25,spóźnienie,14
2TM5,2024-03-25,obecność,107
2TM5,2024-03-26,obecność,103
2TM5,2024-03-26,nieobecność,27
2TM5,2024-03-27,obecność,54
2TM5,2024-03-27,nieobecność,40
2TM5,2024-04-03,obecność,117
2TM5,2024-04-04,obecność,129
2TM5,2024-04-05,obecność,107
2TM5,2024-04-08,obecność,148
2TM5,2024-04-09,obecność,141
2TM5,2024-04-10,obecność,126
2TM5,2024-04-11,obecność,146
2TM5,2024-04-12,nieob. uspraw.,55
2TM5,2024-04-15,obecność,141
2TM5,2024-04-16,obecność,138
2TM5,2024-04-17,obecność,111
2TM5,2024-04-18,obecność,146
2TM5,2024-04-19,obecność,98
2TM5,2024-04-22,obecność,171
2TM5,2024-04-23,obecność,137
2TM5,2024-04-23,nieobecność,7
2TM5,2024-04-24,nieob. uspr. p.s.,60
2TM5,2024-04-24,obecność,82
2TM5,2024-04-25,obecność,81
2TM5,2024-04-26,nieob. uspraw.,46
2TM5,2024-05-06,praktyka zawodowa,154
2TM5,2024-05-07,praktyka zawodowa,154
2TM5,2024-05-08,praktyka zawodowa,154
2TM5,2024-05-09,praktyka zawodowa,154
2TM5,2024-05-10,praktyka zawodowa,154
2TM5,2024-05-13,praktyka zawodowa,154
2TM5,2024-05-14,praktyka zawodowa,154
2TM5,2024-05-15,praktyka zawodowa,154
2TM5,2024-05-16,praktyka zawodowa,154
2TM5,2024-05-17,praktyka zawodowa,154
2TM5,2024-05-20,obecność,129
2TM5,2024-05-21,obecność,139
2TM5,2024-05-21,spóźnienie,10
2TM5,2024-05-22,obecność,137
2TM5,2024-05-23,obecność,127
2TM5,2024-05-24,obecność,113
2TM5,2024-05-27,obecność,122
2TM5,2024-05-28,obecność,150
2TM5,2024-05-29,obecność,141
2TM5,2024-06-03,obecność,135
2TM5,2024-06-04,obecność,121
2TM5,2024-06-05,obecność,107
2TM5,2024-06-06,obecność,92
2TM5,2024-06-07,obecność,54
2TM5,2024-06-10,nieob. uspraw.,89
2TM5,2024-06-11,nieobecność,108
2TM5,2024-06-12,nieobecność,142
2TM5,2024-06-17,nieobecność,122
2TM5,2024-06-18,nieobecność,139
2TM5,2024-06-18,obecność,8
2TM5,2024-06-19,nieobecność,152
2TM5,2024-06-20,nieobecność,156
2TM5,2024-06-21,,168
2TM5,2023-09-12,spóźnienie,4
2TM5,2023-09-12,zwolniony,2
2TM5,2023-09-14,spóźnienie,6
2TM5,2023-09-19,nieobecność,8
2TM5,2023-09-22,nieob. uspraw.,46
2TM5,2023-09-25,nieob. uspraw.,25
2TM5,2023-10-10,obecność,156
2TM5,2023-10-10,nieobecność,2
2TM5,2023-10-16,spóźnienie,1
2TM5,2023-10-19,obecność,109
2TM5,2023-10-24,nieobecność,3
2TM5,2023-10-26,nieobecność,16
2TM5,2023-10-26,spóźnienie,1
2TM5,2023-10-27,obecność,61
2TM5,2023-10-30,nieobecność,7
2TM5,2023-10-31,nieobecność,18
2TM5,2023-10-31,spóźnienie,4
2TM5,2023-11-02,nieob. uspraw.,42
2TM5,2023-11-03,nieob. uspraw.,31
2TM5,2023-11-10,nieobecność,12
2TM5,2023-11-16,obecność,85
2TM5,2023-11-21,nieob. uspraw.,34
2TM5,2023-11-22,nieobecność,11
2TM5,2023-11-23,obecność,52
2TM5,2023-11-28,nieob. uspraw.,24
2TM5,2023-11-29,nieob. uspraw.,10
2TM5,2023-11-30,nieob. uspraw.,35
2TM5,2023-12-01,obecność,12
2TM5,2023-12-07,nieob. uspraw.,8
2TM5,2023-12-12,nieob. uspraw.,25
2TM5,2023-12-14,nieobecność,8
2TM5,2023-12-14,nieob. uspraw.,26
2TM5,2023-12-15,nieobecność,5
2TM5,2023-12-18,nieobecność,5
2TM5,2023-12-19,nieobecność,12
2TM5,2024-01-02,spóźnienie,2
2TM5,2024-01-10,obecność,104
2TM5,2024-01-11,obecność,65
2TM5,2024-01-12,obecność,63
2TM5,2024-01-30,nieob. uspraw.,7
2TM5,2024-01-31,nieobecność,23
2TM5,2024-02-07,nieobecność,22
2TM5,2024-02-08,spóźnienie,8
2TM5,2024-02-09,obecność,40
2TM5,2024-02-12,spóźnienie,1
2TM5,2024-03-08,obecność,155
2TM5,2024-03-27,nieob. uspraw.,60
2TM5,2024-04-03,nieob. uspraw.,45
2TM5,2024-04-04,nieob. uspraw.,43
2TM5,2024-04-10,nieob. uspraw.,16
2TM5,2024-04-11,spóźnienie,4
2TM5,2024-04-12,obecność,50
2TM5,2024-04-16,nieobecność,14
2TM5,2024-04-26,nieobecność,44
2TM5,2024-05-24,nieob. uspraw.,28
2TM5,2024-05-28,spóźnienie,2
2TM5,2024-06-05,spóźnienie,1
2TM5,2024-06-06,nieobecność,38
2TM5,2024-06-13,nieobecność,98
2TM5,2024-06-14,nieobecność,104
2TM5,2023-09-05,nieob. uspraw.,3
2TM5,2023-09-08,nieob. uspraw.,22
2TM5,2023-09-11,nieob. uspraw.,20
2TM5,2023-09-18,nieob. uspraw.,53
2TM5,2023-09-21,nieobecność,2
2TM5,2023-09-22,nieobecność,38
2TM5,2023-09-27,nieob. uspraw.,17
2TM5,2023-09-28,spóźn. uspr.,1
2TM5,2023-09-29,nieob. uspraw.,21
2TM5,2023-10-02,nieob. uspraw.,28
2TM5,2023-10-03,nieob. uspraw.,44
2TM5,2023-10-03,nieobecność,4
2TM5,2023-10-06,nieob. uspr. p.s.,2
2TM5,2023-10-11,nieob. uspraw.,16
2TM5,2023-10-16,nieob. uspr. p.s.,4
2TM5,2023-10-17,nieobecność,3
2TM5,2023-10-23,nieobecność,13
2TM5,2023-10-25,nieobecność,8
2TM5,2023-10-30,nieob. uspraw.,27
2TM5,2023-11-07,nieob. uspraw.,6
2TM5,2023-11-07,nieobecność,7
2TM5,2023-11-09,nieobecność,4
2TM5,2023-11-10,nieob. uspraw.,50
2TM5,2023-11-13,nieob. uspraw.,15
2TM5,2023-11-14,nieobecność,1
2TM5,2023-11-16,nieob. uspraw.,25
2TM5,2023-11-20,spóźnienie,3
2TM5,2023-11-20,nieobecność,3
2TM5,2023-11-21,nieobecność,4
2TM5,2023-11-23,spóźnienie,2
2TM5,2023-11-27,nieobecność,3
2TM5,2023-11-28,nieobecność,8
2TM5,2023-12-08,nieobecność,2
2TM5,2023-12-11,nieobecność,2
2TM5,2023-12-15,nieob. uspraw.,21
2TM5,2023-12-19,spóźnienie,2
2TM5,2024-01-12,nieobecność,31
2TM5,2024-01-30,spóźnienie,4
2TM5,2024-01-31,nieob. uspraw.,20
2TM5,2024-02-08,nieobecność,12
2TM5,2024-02-12,nieob. uspraw.,17
2TM5,2024-02-13,nieobecność,3
2TM5,2024-02-16,nieobecność,6
2TM5,2024-02-19,nieob. uspraw.,7
2TM5,2024-02-20,nieob. uspraw.,64
2TM5,2024-03-01,nieobecność,4
2TM5,2024-03-04,nieobecność,3
2TM5,2024-03-05,nieobecność,6
2TM5,2024-03-07,nieob. uspraw.,23
2TM5,2024-03-12,nieobecność,11
2TM5,2024-03-14,nieob. uspraw.,26
2TM5,2024-03-19,nieob. uspraw.,36
2TM5,2024-03-22,nieob. uspraw.,113
2TM5,2024-03-26,nieob. uspr. p.s.,16
2TM5,2024-04-03,nieobecność,14
2TM5,2024-04-04,nieobecność,4
2TM5,2024-04-09,nieobecność,7
2TM5,2024-04-10,nieobecność,12
2TM5,2024-04-15,nieobecność,3
2TM5,2024-04-18,nieobecność,6
2TM5,2024-04-25,nieob. uspraw.,44
2TM5,2024-04-26,obecność,20
2TM5,2024-05-20,nieob. uspraw.,22
2TM5,2024-05-22,nieobecność,31
2TM5,2024-05-23,nieobecność,13
2TM5,2024-05-28,nieobecność,12
2TM5,2024-05-29,nieobecność,19
2TM5,2024-06-03,nieobecność,8
2TM5,2024-06-04,nieob. uspraw.,41
2TM5,2024-06-05,nieob. uspraw.,42
2TM5,2024-06-06,nieob. uspraw.,46
2TM5,2024-06-07,nieob. uspraw.,57
2TM5,2024-06-11,nieob. uspraw.,40
2TM5,2023-09-07,nieob. uspraw.,12
2TM5,2023-09-12,nieob. uspraw.,18
2TM5,2023-09-14,nieob. uspraw.,43
2TM5,2023-09-15,nieob. uspraw.,46
2TM5,2023-09-19,nieob. uspraw.,18
2TM5,2023-09-26,nieob. uspraw.,20
2TM5,2023-09-28,nieob. uspraw.,32
2TM5,2023-10-04,spóźn. uspr.,3
2TM5,2023-10-06,nieob. uspraw.,28
2TM5,2023-10-09,nieob. uspraw.,14
2TM5,2023-10-16,nieob. uspraw.,12
2TM5,2023-10-17,nieob. uspraw.,24
2TM5,2023-10-18,nieob. uspr. p.s.,2
2TM5,2023-10-20,nieob. uspraw.,21
2TM5,2023-10-23,nieob. uspraw.,24
2TM5,2023-10-24,nieob. uspraw.,12
2TM5,2023-10-26,nieob. uspr. p.s.,1
2TM5,2023-10-31,nieob. uspraw.,42
2TM5,2023-11-07,spóźn. uspr.,3
2TM5,2023-11-14,nieob. uspraw.,3
2TM5,2023-11-20,nieob. uspraw.,20
2TM5,2023-11-22,nieob. uspraw.,26
2TM5,2023-11-24,nieob. uspraw.,17
2TM5,2023-11-27,nieob. uspraw.,8
2TM5,2023-12-04,nieob. uspraw.,10
2TM5,2023-12-05,nieob. uspraw.,4
2TM5,2023-12-06,nieob. uspraw.,23
2TM5,2023-12-06,nieobecność,12
2TM5,2023-12-08,nieob. uspraw.,7
2TM5,2023-12-11,nieob. uspraw.,12
2TM5,2023-12-18,nieob. uspraw.,18
2TM5,2023-12-19,nieob. uspraw.,5
2TM5,2024-01-02,nieob. uspraw.,21
2TM5,2024-01-03,nieob. uspraw.,9
2TM5,2024-01-04,nieob. uspraw.,11
2TM5,2024-01-05,nieob. uspraw.,32
2TM5,2024-01-08,nieob. uspraw.,20
2TM5,2024-01-09,nieob. uspraw.,19
2TM5,2024-02-01,nieob. uspraw.,19
2TM5,2024-02-02,nieob. uspraw.,8
2TM5,2024-02-07,nieob. uspraw.,37
2TM5,2024-02-08,nieob. uspraw.,21
2TM5,2024-02-13,nieob. uspraw.,11
2TM5,2024-02-14,nieob. uspraw.,15
2TM5,2024-02-15,nieob. uspraw.,36
2TM5,2024-02-16,spóźn. uspr.,5
2TM5,2024-03-04,nieob. uspraw.,25
2TM5,2024-03-05,nieob. uspraw.,44
2TM5,2024-03-08,spóźn. uspr.,1
2TM5,2024-03-11,nieob. uspraw.,18
2TM5,2024-03-12,nieob. uspraw.,10
2TM5,2024-03-15,nieob. uspraw.,44
2TM5,2024-03-15,nieobecność,10
2TM5,2024-03-18,nieob. uspraw.,9
2TM5,2024-03-19,nieobecność,10
2TM5,2024-03-25,nieob. uspraw.,31
2TM5,2024-04-05,nieob. uspraw.,19
2TM5,2024-04-09,nieob. uspraw.,26
2TM5,2024-04-15,nieob. uspraw.,10
2TM5,2024-04-16,nieob. uspraw.,24
2TM5,2024-04-17,nieob. uspraw.,35
2TM5,2024-04-19,nieob. uspraw.,5
2TM5,2024-04-19,spóźn. uspr.,3
2TM5,2024-04-23,nieob. uspraw.,32
2TM5,2024-05-27,nieobecność,9
2TM5,2024-06-07,nieobecność,43
2TM5,2024-06-10,nieobecność,33
2TM5,2024-06-17,obecność,4
2TM5,2023-09-08,nieob. uspr. p.s.,6
2TM5,2023-09-20,nieob. uspraw.,24
2TM5,2023-09-22,obecność,5
2TM5,2023-10-05,nieob. uspraw.,26
2TM5,2023-11-06,nieob. uspraw.,14
2TM5,2023-11-09,nieob. uspraw.,31
2TM5,2023-11-15,nieob. uspraw.,14
2TM5,2023-11-17,nieob. uspraw.,17
2TM5,2023-11-30,spóźn. uspr.,4
2TM5,2023-12-20,nieob. uspraw.,16
2TM5,2023-12-21,nieob. uspraw.,55
2TM5,2024-01-04,spóźn. uspr.,1
2TM5,2024-03-26,nieob. uspraw.,30
2TM5,2024-04-18,nieob. uspraw.,24
2TM5,2024-04-25,nieob. uspr. p.s.,2
2TM5,2024-05-28,nieob. uspraw.,12
2TM5,2024-06-03,nieob. uspraw.,9
2TM5,2024-06-05,spóźn. uspr.,2
2TM5,2023-09-14,nieobecność,1
2TM5,2023-09-21,nieob. uspraw.,28
2TM5,2023-10-05,nieobecność,3
2TM5,2023-10-06,nieobecność,9
2TM5,2023-10-23,spóźnienie,4
2TM5,2023-11-02,nieobecność,3
2TM5,2023-11-20,nieob. uspr. p.s.,1
2TM5,2023-12-13,nieob. uspraw.,18
2TM5,2024-02-08,spóźn. uspr.,2
2TM5,2024-02-22,nieob. uspraw.,6
2TM5,2024-02-28,nieobecność,6
2TM5,2024-03-14,nieobecność,4
2TM5,2024-03-25,spóźn. uspr.,2
2TM5,2024-04-11,spóźn. uspr.,1
2TM5,2024-04-11,nieob. uspraw.,13
2TM5,2024-05-21,spóźn. uspr.,3
2TM5,2024-05-22,nieob. uspraw.,8
2TM5,2023-09-06,nieob. uspraw.,9
2TM5,2023-12-07,zwolniony,1
2TM5,2024-02-22,nieobecność,7
2TM5,2024-03-06,nieobecność,9
2TM5,2024-03-15,nieob. uspr. p.s.,7
2TM5,2024-03-22,nieob. uspr. p.s.,1
2TM5,2024-04-08,spóźn. uspr.,3
2TM5,2024-04-12,nieobecność,5
2TM5,2024-04-25,nieobecność,27
2TM5,2024-05-24,nieobecność,13
2TM5,2024-02-09,nieob. uspr. p.s.,5
2TM5,2024-02-13,nieob. uspr. p.s.,3
2TM5,2024-02-19,nieob. uspr. p.s.,3
2TM5,2024-03-12,nieob. uspr. p.s.,3
2TM5,2024-04-08,nieob. uspr. p.s.,4
2TM5,2024-05-23,nieob. uspraw.,14
2TM5,2024-06-10,obecność,30
2TM5,2024-06-11,obecność,20
2TM5,2024-06-13,obecność,7
2TM5,2024-06-19,obecność,16
2TM5,2024-06-20,obecność,12
2TM5,2023-09-19,nieob. uspr. p.s.,3
2TM5,2023-09-26,nieob. uspr. p.s.,2
2TM5,2023-09-27,nieob. uspr. p.s.,19
2TM5,2023-10-27,nieob. uspr. p.s.,19
2TM5,2023-10-27,nieobecność,15
2TM5,2023-11-08,nieob. uspraw.,19
2TM5,2023-11-16,nieobecność,2
2TM5,2023-12-07,nieobecność,3
2TM5,2023-12-12,nieobecność,3
2TM5,2024-01-02,nieobecność,2
2TM5,2024-01-04,nieobecność,7
2TM5,2024-02-01,nieobecność,3
2TM5,2024-02-06,nieob. uspraw.,5
2TM5,2024-02-16,nieob. uspr. p.s.,3
2TM5,2024-02-23,spóźn. uspr.,2
2TM5,2024-02-23,nieob. uspraw.,2
2TM5,2024-03-01,nieob. uspraw.,25
2TM5,2024-03-06,nieob. uspraw.,23
2TM5,2024-04-19,spóźnienie,3
2TM5,2024-04-22,nieob. uspraw.,4
2TM5,2024-04-24,nieobecność,12
2TM5,2024-06-03,spóźnienie,1
2TM5,2024-06-04,spóźnienie,1
2TM5,2024-06-05,nieobecność,24
2TM5,2024-06-14,obecność,16
2TM5,2024-01-10,spóźnienie,3
2TM5,2024-03-19,nieob. uspr. p.s.,3
2TM5,2024-04-17,nieobecność,8
2TM5,2024-04-22,nieobecność,1
2TM5,2024-05-27,nieob. uspraw.,23
2TM5,2023-09-06,nieobecność,10
2TM5,2023-09-11,nieobecność,8
2TM5,2023-09-28,nieobecność,8
2TM5,2023-10-19,nieobecność,16
2TM5,2023-11-02,nieob. uspr. p.s.,4
2TM5,2023-11-03,spóźnienie,2
2TM5,2023-11-15,nieobecność,10
2TM5,2023-11-24,nieob. uspr. p.s.,4
2TM5,2024-01-29,nieobecność,19
2TM5,2024-04-08,nieobecność,5
2TM5,2024-04-09,spóźnienie,1
2TM5,2024-05-29,nieob. uspraw.,16
2TM5,2023-10-17,nieob. uspr. p.s.,3
2TM5,2023-11-17,nieobecność,2
2TM5,2023-11-17,spóźnienie,1
2TM5,2023-11-22,nieob. uspr. p.s.,2
2TM5,2023-11-30,obecność,1
2TM5,2024-02-09,nieobecność,21
2TM5,2024-02-21,nieobecność,17
2TM5,2024-03-19,spóźnienie,3
2TM5,2024-03-20,obecność,5
2TM5,2024-04-11,nieobecność,12
2TM5,2024-06-12,obecność,5
2TM5,2023-09-14,nieob. uspr. p.s.,1
2TM5,2023-09-15,nieob. uspr. p.s.,1
2TM5,2023-10-02,nieobecność,2
2TM5,2023-10-04,nieob. uspraw.,28
2TM5,2023-10-09,spóźnienie,4
2TM5,2023-10-09,nieob. uspr. p.s.,4
2TM5,2023-10-12,nieobecność,8
2TM5,2023-10-16,nieobecność,1
2TM5,2023-10-18,nieob. uspraw.,29
2TM5,2023-10-25,nieob. uspraw.,14
2TM5,2023-11-13,spóźn. uspr.,2
2TM5,2023-11-29,obecność,53
2TM5,2023-12-05,nieobecność,1
2TM5,2023-12-11,nieob. uspr. p.s.,2
2TM5,2023-12-20,nieobecność,21
2TM5,2024-01-10,nieobecność,12
2TM5,2024-01-30,nieob. uspr. p.s.,2
2TM5,2024-01-31,nieob. uspr. p.s.,2
2TM5,2024-02-19,nieobecność,14
2TM5,2024-02-26,nieobecność,5
2TM5,2024-03-11,nieobecność,8
2TM5,2024-04-05,nieobecność,6
2TM5,2024-06-10,spóźnienie,2
2TM5,2023-09-29,nieobecność,13
2TM5,2023-10-09,spóźn. uspr.,2
2TM5,2023-11-02,spóźn. uspr.,2
2TM5,2024-03-08,nieobecność,3
2TM5,2024-04-08,nieob. uspraw.,16
2TM5,2024-06-03,nieob. uspr. p.s.,1
2TM5,2024-03-05,nieob. uspr. p.s.,2
2TM5,2024-03-06,nieob. uspr. p.s.,1
2TM5,2024-03-13,nieob. uspraw.,9
2TM5,2024-03-14,spóźnienie,1
2TM5,2024-03-22,nieobecność,1
2TM5,2024-04-09,nieob. uspr. p.s.,1
2TM5,2023-09-20,nieob. uspr. p.s.,8
2TM5,2023-09-21,nieob. uspr. p.s.,7
2TM5,2023-10-05,nieob. uspr. p.s.,1
2TM5,2023-10-10,nieob. uspr. p.s.,5
2TM5,2023-10-19,nieob. uspr. p.s.,16
2TM5,2024-01-02,nieob. uspr. p.s.,2
2TM5,2024-01-10,nieob. uspr. p.s.,8
2TM5,2024-01-11,nieob. uspr. p.s.,3
2TM5,2024-02-26,nieob. uspr. p.s.,5
2TM5,2024-02-27,nieob. uspraw.,7
2TM5,2024-04-19,nieob. uspr. p.s.,1
2TM5,2024-05-21,nieob. uspr. p.s.,2
2TM5,2023-09-13,nieob. uspraw.,16
2TM5,2023-09-14,spóźn. uspr.,1
2TM5,2023-10-10,spóźnienie,1
2TM5,2023-10-26,nieob. uspraw.,16
2TM5,2023-11-14,nieob. uspr. p.s.,3
2TM5,2023-11-20,spóźn. uspr.,1
2TM5,2023-11-27,nieob. uspr. p.s.,1
2TM5,2023-12-07,nieob. uspr. p.s.,2
2TM5,2024-01-10,spóźn. uspr.,1
2TM5,2024-01-11,spóźnienie,2
2TM5,2024-02-09,spóźnienie,1
2TM5,2024-03-19,spóźn. uspr.,2
2TM5,2024-03-20,nieobecność,19
2TM5,2024-05-20,spóźn. uspr.,1
2TM5,2023-12-12,spóźn. uspr.,1
2TM5,2023-12-13,nieobecność,10
2TM5,2023-12-13,nieob. uspr. p.s.,1
2TM5,2024-02-05,nieob. uspraw.,1
2TM5,2024-02-28,nieob. uspraw.,8
2TM5,2024-06-04,nieobecność,13
2TM5,2023-09-25,nieob. uspr. p.s.,5
2TM5,2023-10-23,nieob. uspr. p.s.,2
2TM5,2023-09-05,nieobecność,1
2TM5,2023-09-11,nieob. uspr. p.s.,3
2TM5,2023-09-18,nieob. uspr. p.s.,3
2TM5,2023-09-26,nieobecność,1
2TM5,2023-10-09,nieobecność,16
2TM5,2023-11-06,nieobecność,2
2TM5,2023-11-08,nieobecność,10
2TM5,2023-12-01,nieobecność,12
2TM5,2023-12-04,nieobecność,2
2TM5,2024-02-02,nieobecność,1
2TM5,2023-09-08,nieobecność,1
2TM5,2024-01-05,nieobecność,6
2TM5,2024-01-08,nieobecność,7
2TM5,2024-01-09,nieobecność,7
2TM5,2024-01-11,nieobecność,6
2TM5,2024-02-06,nieob. uspr. p.s.,1
2TM5,2024-05-20,nieobecność,2
2TM5,2023-09-06,zwolniony,1
2TR5,2023-09-04,obecność,120
2TR5,2023-09-05,obecność,133
2TR5,2023-09-06,obecność,93
2TR5,2023-09-07,obecność,112
2TR5,2023-09-07,nieob. uspr. p.s.,8
2TR5,2023-09-08,obecność,104
2TR5,2023-09-11,obecność,100
2TR5,2023-09-11,nieob. uspraw.,20
2TR5,2023-09-12,nieob. uspraw.,9
2TR5,2023-09-13,nieob. uspraw.,31
2TR5,2023-09-14,obecność,85
2TR5,2023-09-14,nieob. uspr. p.s.,20
2TR5,2023-09-15,nieob. uspraw.,39
2TR5,2023-09-18,obecność,93
2TR5,2023-09-19,obecność,90
2TR5,2023-09-19,nieobecność,10
2TR5,2023-09-20,obecność,92
2TR5,2023-09-21,nieob. uspr. p.s.,7
2TR5,2023-09-21,obecność,95
2TR5,2023-09-22,nieob. uspr. p.s.,25
2TR5,2023-09-25,obecność,101
2TR5,2023-09-26,obecność,125
2TR5,2023-09-27,nieob. uspr. p.s.,44
2TR5,2023-09-27,zwolniony,1
2TR5,2023-09-28,obecność,108
2TR5,2023-09-28,nieob. uspr. p.s.,9
2TR5,2023-09-29,obecność,114
2TR5,2023-09-29,zwolniony,2
2TR5,2023-10-02,obecność,116
2TR5,2023-10-03,obecność,100
2TR5,2023-10-04,obecność,107
2TR5,2023-10-04,nieob. uspr. p.s.,2
2TR5,2023-10-05,nieobecność,5
2TR5,2023-10-05,obecność,89
2TR5,2023-10-05,nieob. uspr. p.s.,10
2TR5,2023-10-06,spóźnienie,3
2TR5,2023-10-06,obecność,113
2TR5,2023-10-06,nieob. uspr. p.s.,2
2TR5,2023-10-09,obecność,78
2TR5,2023-10-09,nieob. uspr. p.s.,1
2TR5,2023-10-09,zwolniony,2
2TR5,2023-10-10,obecność,92
2TR5,2023-10-10,nieob. uspr. p.s.,6
2TR5,2023-10-11,nieob. uspr. p.s.,18
2TR5,2023-10-12,nieob. uspr. p.s.,13
2TR5,2023-10-16,obecność,105
2TR5,2023-10-18,obecność,64
2TR5,2023-10-19,nieob. uspr. p.s.,4
2TR5,2023-10-19,obecność,94
2TR5,2023-10-20,obecność,84
2TR5,2023-10-23,obecność,93
2TR5,2023-10-23,spóźnienie,3
2TR5,2023-10-24,obecność,91
2TR5,2023-10-25,obecność,104
2TR5,2023-10-26,obecność,79
2TR5,2023-10-27,nieobecność,4
2TR5,2023-10-30,nieob. uspraw.,18
2TR5,2023-10-31,obecność,95
2TR5,2023-10-31,spóźnienie,1
2TR5,2023-11-02,obecność,85
2TR5,2023-11-02,nieob. uspr. p.s.,7
2TR5,2023-11-03,obecność,102
2TR5,2023-11-03,nieobecność,4
2TR5,2023-11-06,obecność,115
2TR5,2023-11-07,obecność,135
2TR5,2023-11-08,obecność,91
2TR5,2023-11-08,nieob. uspr. p.s.,1
2TR5,2023-11-09,obecność,96
2TR5,2023-11-09,nieob. uspr. p.s.,17
2TR5,2023-11-10,nieob. uspraw.,30
2TR5,2023-11-13,obecność,104
2TR5,2023-11-14,nieob. uspraw.,9
2TR5,2023-11-15,nieob. uspr. p.s.,6
2TR5,2023-11-15,obecność,107
2TR5,2023-11-16,obecność,107
2TR5,2023-11-17,nieob. uspraw.,17
2TR5,2023-11-20,obecność,96
2TR5,2023-11-22,obecność,97
2TR5,2023-11-23,obecność,57
2TR5,2023-11-24,obecność,74
2TR5,2023-11-24,nieobecność,10
2TR5,2023-11-27,obecność,101
2TR5,2023-11-28,obecność,91
2TR5,2023-11-29,obecność,87
2TR5,2023-11-30,obecność,89
2TR5,2023-11-30,nieob. uspr. p.s.,10
2TR5,2023-12-01,obecność,49
2TR5,2023-12-04,obecność,80
2TR5,2023-12-05,nieob. uspraw.,13
2TR5,2023-12-06,obecność,97
2TR5,2023-12-06,nieobecność,2
2TR5,2023-12-07,obecność,98
2TR5,2023-12-07,nieob. uspr. p.s.,8
2TR5,2023-12-08,obecność,81
2TR5,2023-12-08,nieobecność,3
2TR5,2023-12-11,spóźnienie,3
2TR5,2023-12-11,obecność,100
2TR5,2023-12-12,nieob. uspraw.,17
2TR5,2023-12-13,obecność,101
2TR5,2023-12-14,obecność,87
2TR5,2023-12-15,nieob. uspraw.,27
2TR5,2023-12-18,obecność,115
2TR5,2023-12-18,zwolniony,1
2TR5,2023-12-19,obecność,115
2TR5,2023-12-20,obecność,87
2TR5,2023-12-20,nieob. uspr. p.s.,7
2TR5,2023-12-21,obecność,77
2TR5,2024-01-02,obecność,88
2TR5,2024-01-03,obecność,109
2TR5,2024-01-03,nieob. uspr. p.s.,1
2TR5,2024-01-04,spóźnienie,4
2TR5,2024-01-04,obecność,98
2TR5,2024-01-04,nieob. uspr. p.s.,4
2TR5,2024-01-05,obecność,82
2TR5,2024-01-05,nieobecność,7
2TR5,2024-01-08,nieob. uspr. p.s.,3
2TR5,2024-01-08,obecność,79
2TR5,2024-01-09,obecność,91
2TR5,2024-01-09,nieobecność,9
2TR5,2024-01-10,obecność,93
2TR5,2024-01-10,nieob. uspr. p.s.,2
2TR5,2024-01-10,nieobecność,2
2TR5,2024-01-11,nieobecność,15
2TR5,2024-01-12,obecność,29
2TR5,2024-01-29,obecność,115
2TR5,2024-01-30,nieobecność,8
2TR5,2024-01-31,obecność,109
2TR5,2024-02-01,obecność,93
2TR5,2024-02-01,nieobecność,8
2TR5,2024-02-02,obecność,84
2TR5,2024-02-05,nieob. uspraw.,17
2TR5,2024-02-05,spóźn. uspr.,1
2TR5,2024-02-05,obecność,101
2TR5,2024-02-06,nieob. uspraw.,13
2TR5,2024-02-07,obecność,92
2TR5,2024-02-08,obecność,103
2TR5,2024-02-08,nieobecność,6
2TR5,2024-02-09,nieob. uspraw.,35
2TR5,2024-02-12,obecność,119
2TR5,2024-02-13,obecność,114
2TR5,2024-02-14,nieob. uspraw.,21
2TR5,2024-02-15,nieob. uspraw.,16
2TR5,2024-02-16,obecność,85
2TR5,2024-02-19,obecność,93
2TR5,2024-02-20,nieob. uspraw.,50
2TR5,2024-02-21,nieob. uspraw.,24
2TR5,2024-02-22,nieob. uspraw.,21
2TR5,2024-02-23,obecność,65
2TR5,2024-02-26,obecność,108
2TR5,2024-02-27,obecność,103
2TR5,2024-02-28,obecność,106
2TR5,2024-02-29,obecność,63
2TR5,2024-03-01,obecność,87
2TR5,2024-03-04,obecność,100
2TR5,2024-03-04,nieobecność,9
2TR5,2024-03-05,obecność,118
2TR5,2024-03-05,nieob. uspraw.,14
2TR5,2024-03-06,obecność,87
2TR5,2024-03-07,obecność,105
2TR5,2024-03-08,obecność,103
2TR5,2024-03-11,obecność,99
2TR5,2024-03-12,obecność,112
2TR5,2024-03-13,obecność,80
2TR5,2024-03-13,nieobecność,4
2TR5,2024-03-14,obecność,37
2TR5,2024-03-14,nieob. uspr. p.s.,74
2TR5,2024-03-15,obecność,59
2TR5,2024-03-18,nieob. uspraw.,23
2TR5,2024-03-19,nieob. uspraw.,13
2TR5,2024-03-20,nieob. uspraw.,59
2TR5,2024-03-21,nieob. uspraw.,80
2TR5,2024-03-22,nieob. uspraw.,40
2TR5,2024-03-25,obecność,98
2TR5,2024-03-26,obecność,68
2TR5,2024-03-26,spóźnienie,2
2TR5,2024-03-27,obecność,95
2TR5,2024-04-03,obecność,102
2TR5,2024-04-04,obecność,85
2TR5,2024-04-05,obecność,91
2TR5,2024-04-05,nieobecność,14
2TR5,2024-04-08,obecność,95
2TR5,2024-04-09,obecność,117
2TR5,2024-04-10,obecność,84
2TR5,2024-04-11,obecność,72
2TR5,2024-04-12,nieobecność,17
2TR5,2024-04-12,obecność,23
2TR5,2024-04-15,nieob. uspraw.,25
2TR5,2024-04-15,obecność,81
2TR5,2024-04-16,obecność,76
2TR5,2024-04-17,obecność,108
2TR5,2024-04-17,nieobecność,4
2TR5,2024-04-18,nieob. uspraw.,30
2TR5,2024-04-19,obecność,60
2TR5,2024-04-22,nieob. uspraw.,16
2TR5,2024-04-23,obecność,119
2TR5,2024-04-24,obecność,98
2TR5,2024-04-24,nieobecność,7
2TR5,2024-04-25,nieob. uspr. p.s.,7
2TR5,2024-04-25,obecność,70
2TR5,2024-04-26,obecność,72
2TR5,2024-04-26,nieobecność,11
2TR5,2024-04-26,nieob. uspr. p.s.,2
2TR5,2024-05-06,praktyka zawodowa,105
2TR5,2024-05-07,praktyka zawodowa,105
2TR5,2024-05-08,praktyka zawodowa,105
2TR5,2024-05-09,praktyka zawodowa,105
2TR5,2024-05-10,praktyka zawodowa,105
2TR5,2024-05-13,praktyka zawodowa,105
2TR5,2024-05-14,praktyka zawodowa,105
2TR5,2024-05-15,praktyka zawodowa,105
2TR5,2024-05-16,praktyka zawodowa,105
2TR5,2024-05-17,praktyka zawodowa,105
2TR5,2024-05-20,nieobecność,16
2TR5,2024-05-21,nieobecność,24
2TR5,2024-05-22,nieobecność,21
2TR5,2024-05-23,nieobecność,25
2TR5,2024-05-24,obecność,120
2TR5,2024-05-27,obecność,62
2TR5,2024-05-27,nieobecność,18
2TR5,2024-05-28,obecność,94
2TR5,2024-05-28,nieobecność,25
2TR5,2024-05-29,obecność,75
2TR5,2024-05-29,nieobecność,11
2TR5,2024-06-03,nieobecność,25
2TR5,2024-06-04,nieobecność,36
2TR5,2024-06-05,nieobecność,19
2TR5,2024-06-06,nieobecność,34
2TR5,2024-06-07,nieobecność,40
2TR5,2024-06-10,nieobecność,43
2TR5,2024-06-11,obecność,12
2TR5,2024-06-11,nieobecność,70
2TR5,2024-06-14,nieobecność,64
2TR5,2024-06-17,nieobecność,80
2TR5,2024-06-18,nieobecność,92
2TR5,2024-06-19,nieobecność,86
2TR5,2024-06-20,nieobecność,96
2TR5,2024-06-21,obecność,120
2TR5,2023-09-12,obecność,126
2TR5,2023-09-13,obecność,89
2TR5,2023-09-15,obecność,77
2TR5,2023-09-22,obecność,61
2TR5,2023-09-27,obecność,35
2TR5,2023-09-27,nieobecność,4
2TR5,2023-10-10,nieobecność,22
2TR5,2023-10-10,nieob. uspraw.,15
2TR5,2023-10-11,obecność,78
2TR5,2023-10-11,nieob. uspraw.,10
2TR5,2023-10-12,obecność,94
2TR5,2023-10-27,obecność,40
2TR5,2023-10-30,obecność,101
2TR5,2023-11-10,obecność,67
2TR5,2023-11-14,obecność,126
2TR5,2023-11-17,obecność,98
2TR5,2023-11-28,nieob. uspraw.,33
2TR5,2023-11-29,nieob. uspraw.,15
2TR5,2023-12-05,obecność,107
2TR5,2023-12-12,obecność,99
2TR5,2023-12-15,obecność,75
2TR5,2024-01-11,obecność,83
2TR5,2024-01-30,obecność,112
2TR5,2024-02-06,obecność,108
2TR5,2024-02-09,obecność,30
2TR5,2024-02-14,obecność,90
2TR5,2024-02-15,obecność,87
2TR5,2024-02-20,obecność,75
2TR5,2024-02-21,obecność,92
2TR5,2024-02-22,obecność,86
2TR5,2024-03-04,nieob. uspraw.,11
2TR5,2024-03-14,nieobecność,5
2TR5,2024-03-18,obecność,87
2TR5,2024-03-19,obecność,108
2TR5,2024-03-22,obecność,44
2TR5,2024-03-26,nieob. uspr. p.s.,44
2TR5,2024-03-26,nieobecność,12
2TR5,2024-04-18,obecność,85
2TR5,2024-04-18,nieobecność,4
2TR5,2024-04-22,obecność,78
2TR5,2024-05-20,obecność,78
2TR5,2024-05-21,obecność,85
2TR5,2024-05-22,obecność,67
2TR5,2024-05-23,obecność,56
2TR5,2024-06-03,obecność,70
2TR5,2024-06-04,obecność,51
2TR5,2024-06-05,obecność,58
2TR5,2024-06-07,obecność,31
2TR5,2024-06-10,obecność,23
2TR5,2024-06-12,nieobecność,12
2TR5,2023-09-06,spóźnienie,2
2TR5,2023-09-08,spóźnienie,1
2TR5,2023-09-15,nieobecność,4
2TR5,2023-09-18,nieob. uspr. p.s.,10
2TR5,2023-09-21,spóźnienie,1
2TR5,2023-09-22,nieobecność,1
2TR5,2023-09-22,spóźnienie,1
2TR5,2023-09-25,spóźnienie,3
2TR5,2023-09-29,nieobecność,3
2TR5,2023-10-02,nieob. uspr. p.s.,4
2TR5,2023-10-03,nieob. uspr. p.s.,17
2TR5,2023-10-04,nieobecność,2
2TR5,2023-10-18,nieobecność,18
2TR5,2023-10-18,spóźnienie,1
2TR5,2023-10-20,nieobecność,4
2TR5,2023-10-26,nieob. uspr. p.s.,3
2TR5,2023-10-31,nieobecność,6
2TR5,2023-11-02,nieobecność,8
2TR5,2023-11-03,spóźnienie,4
2TR5,2023-11-06,nieobecność,1
2TR5,2023-11-06,spóźnienie,3
2TR5,2023-11-08,spóźnienie,4
2TR5,2023-11-08,nieobecność,1
2TR5,2023-11-10,nieobecność,5
2TR5,2023-11-10,spóźnienie,1
2TR5,2023-11-13,nieob. uspraw.,16
2TR5,2023-11-15,spóźnienie,2
2TR5,2023-11-16,spóźnienie,1
2TR5,2023-11-17,nieobecność,4
2TR5,2023-11-22,spóźnienie,1
2TR5,2023-11-23,spóźnienie,3
2TR5,2023-11-24,spóźnienie,1
2TR5,2023-11-24,nieob. uspr. p.s.,1
2TR5,2023-11-27,spóźnienie,1
2TR5,2023-11-30,nieob. uspraw.,17
2TR5,2023-12-01,nieob. uspraw.,36
2TR5,2023-12-05,nieob. uspr. p.s.,3
2TR5,2023-12-05,nieobecność,11
2TR5,2023-12-06,spóźnienie,2
2TR5,2023-12-07,spóźnienie,6
2TR5,2023-12-08,nieob. uspraw.,15
2TR5,2023-12-11,nieobecność,9
2TR5,2023-12-13,spóźnienie,2
2TR5,2023-12-14,spóźnienie,1
2TR5,2023-12-15,spóźnienie,2
2TR5,2023-12-18,spóźnienie,1
2TR5,2023-12-19,spóźnienie,4
2TR5,2023-12-20,spóźnienie,1
2TR5,2023-12-21,nieobecność,26
2TR5,2024-01-02,nieobecność,14
2TR5,2024-01-03,spóźnienie,6
2TR5,2024-01-08,spóźnienie,2
2TR5,2024-01-09,spóźnienie,1
2TR5,2024-01-11,nieob. uspr. p.s.,1
2TR5,2024-01-29,nieobecność,4
2TR5,2024-01-31,spóźnienie,1
2TR5,2024-02-05,nieobecność,1
2TR5,2024-02-08,zwolniony,3
2TR5,2024-02-09,nieob. uspr. p.s.,2
2TR5,2024-02-12,spóźnienie,1
2TR5,2024-02-13,spóźnienie,2
2TR5,2024-02-13,nieobecność,4
2TR5,2024-02-14,nieob. uspr. p.s.,5
2TR5,2024-02-15,nieob. uspr. p.s.,9
2TR5,2024-02-16,nieobecność,11
2TR5,2024-02-19,nieob. uspr. p.s.,2
2TR5,2024-02-19,nieobecność,9
2TR5,2024-02-21,spóźnienie,4
2TR5,2024-02-22,spóźnienie,1
2TR5,2024-02-23,nieob. uspraw.,38
2TR5,2024-02-26,nieobecność,2
2TR5,2024-02-27,spóźnienie,1
2TR5,2024-02-28,nieob. uspr. p.s.,7
2TR5,2024-02-29,nieob. uspr. p.s.,2
2TR5,2024-03-06,spóźnienie,1
2TR5,2024-03-07,nieob. uspr. p.s.,2
2TR5,2024-03-07,spóźnienie,1
2TR5,2024-03-11,nieob. uspraw.,21
2TR5,2024-03-12,nieobecność,8
2TR5,2024-03-13,nieob. uspr. p.s.,25
2TR5,2024-03-14,spóźnienie,3
2TR5,2024-03-15,nieobecność,9
2TR5,2024-03-18,nieob. uspr. p.s.,7
2TR5,2024-03-18,nieobecność,3
2TR5,2024-03-19,nieobecność,9
2TR5,2024-03-20,nieobecność,11
2TR5,2024-03-20,obecność,10
2TR5,2024-03-20,nieob. uspr. p.s.,25
2TR5,2024-03-21,nieobecność,35
2TR5,2024-03-21,obecność,5
2TR5,2024-03-27,nieobecność,16
2TR5,2024-04-03,nieobecność,2
2TR5,2024-04-04,spóźnienie,6
2TR5,2024-04-04,nieobecność,8
2TR5,2024-04-11,spóźnienie,5
2TR5,2024-04-12,spóźnienie,1
2TR5,2024-04-15,nieobecność,3
2TR5,2024-04-16,nieob. uspr. p.s.,1
2TR5,2024-04-17,spóźnienie,1
2TR5,2024-04-23,spóźnienie,2
2TR5,2024-04-23,nieobecność,3
2TR5,2024-04-24,nieob. uspr. p.s.,7
2TR5,2024-04-25,spóźnienie,1
2TR5,2024-05-20,spóźnienie,2
2TR5,2024-05-20,nieob. uspr. p.s.,2
2TR5,2024-05-21,spóźnienie,2
2TR5,2024-05-22,nieob. uspr. p.s.,8
2TR5,2024-05-23,nieob. uspr. p.s.,3
2TR5,2024-05-29,spóźnienie,5
2TR5,2024-06-03,spóźnienie,4
2TR5,2024-06-04,spóźnienie,3
2TR5,2024-06-05,nieob. uspr. p.s.,4
2TR5,2024-06-06,obecność,25
2TR5,2023-09-05,nieobecność,1
2TR5,2023-09-28,spóźnienie,3
2TR5,2023-10-03,spóźnienie,3
2TR5,2023-10-11,nieobecność,11
2TR5,2023-10-24,nieob. uspraw.,14
2TR5,2023-10-24,nieobecność,15
2TR5,2023-10-25,nieob. uspraw.,16
2TR5,2023-10-26,nieob. uspraw.,21
2TR5,2023-10-27,nieob. uspraw.,30
2TR5,2023-11-02,spóźnienie,2
2TR5,2023-11-15,nieobecność,3
2TR5,2023-11-16,nieob. uspr. p.s.,8
2TR5,2023-11-22,nieob. uspr. p.s.,5
2TR5,2023-11-23,nieob. uspraw.,42
2TR5,2023-11-24,nieob. uspraw.,18
2TR5,2023-11-29,nieobecność,10
2TR5,2023-11-30,nieobecność,4
2TR5,2023-12-01,spóźnienie,4
2TR5,2023-12-14,nieob. uspr. p.s.,7
2TR5,2023-12-14,nieobecność,1
2TR5,2024-01-04,nieobecność,4
2TR5,2024-01-05,nieob. uspr. p.s.,3
2TR5,2024-01-08,nieobecność,4
2TR5,2024-01-11,nieob. uspraw.,21
2TR5,2024-01-12,nieob. uspraw.,39
2TR5,2024-02-01,nieob. uspraw.,18
2TR5,2024-02-02,nieob. uspraw.,6
2TR5,2024-02-22,nieobecność,12
2TR5,2024-03-01,nieobecność,7
2TR5,2024-03-15,nieob. uspraw.,18
2TR5,2024-04-11,nieobecność,5
2TR5,2024-04-19,nieobecność,4
2TR5,2024-04-23,nieob. uspr. p.s.,1
2TR5,2023-09-18,spóźnienie,1
2TR5,2023-09-22,nieob. uspraw.,32
2TR5,2023-10-03,nieob. uspraw.,11
2TR5,2023-10-11,spóźnienie,2
2TR5,2023-10-16,nieobecność,1
2TR5,2023-10-19,spóźnienie,1
2TR5,2023-10-20,spóźnienie,1
2TR5,2023-10-30,nieobecność,1
2TR5,2023-11-23,nieobecność,18
2TR5,2023-11-27,nieobecność,1
2TR5,2023-11-28,nieobecność,9
2TR5,2023-12-05,spóźnienie,1
2TR5,2023-12-07,nieobecność,5
2TR5,2023-12-12,nieobecność,19
2TR5,2023-12-13,nieobecność,1
2TR5,2023-12-18,nieobecność,1
2TR5,2023-12-20,nieobecność,1
2TR5,2024-01-03,nieobecność,3
2TR5,2024-01-12,nieobecność,6
2TR5,2024-01-31,nieobecność,2
2TR5,2024-02-08,nieob. uspr. p.s.,3
2TR5,2024-02-09,nieobecność,8
2TR5,2024-02-20,nieobecność,10
2TR5,2024-02-27,nieobecność,4
2TR5,2024-02-28,nieobecność,7
2TR5,2024-03-05,nieobecność,3
2TR5,2024-03-15,nieob. uspr. p.s.,4
2TR5,2024-03-22,nieobecność,6
2TR5,2024-03-25,nieobecność,1
2TR5,2024-04-16,nieobecność,1
2TR5,2024-04-19,spóźnienie,2
2TR5,2024-04-22,nieobecność,16
2TR5,2023-09-21,nieobecność,1
2TR5,2023-09-27,nieob. uspraw.,20
2TR5,2023-09-29,nieob. uspraw.,1
2TR5,2023-10-06,nieobecność,1
2TR5,2023-10-09,nieobecność,3
2TR5,2023-10-23,nieob. uspraw.,24
2TR5,2023-11-16,nieobecność,3
2TR5,2023-11-22,nieobecność,8
2TR5,2024-02-14,nieobecność,4
2TR5,2024-02-15,nieobecność,8
2TR5,2024-06-04,nieob. uspraw.,29
2TR5,2024-06-05,nieob. uspraw.,37
2TR5,2024-06-06,nieob. uspraw.,31
2TR5,2024-06-07,nieob. uspraw.,33
2TR5,2024-06-10,nieob. uspraw.,39
2TR5,2024-06-11,nieob. uspraw.,53
2TR5,2024-06-14,nieob. uspraw.,40
2TR5,2024-06-17,nieob. uspraw.,40
2TR5,2024-06-18,nieob. uspraw.,36
2TR5,2024-06-19,nieob. uspraw.,24
2TR5,2024-06-20,nieob. uspraw.,24
2TR5,2023-09-14,nieob. uspraw.,15
2TR5,2023-09-20,nieob. uspraw.,28
2TR5,2023-10-05,nieob. uspraw.,15
2TR5,2023-10-31,nieob. uspraw.,33
2TR5,2023-11-08,nieob. uspraw.,7
2TR5,2023-11-09,nieob. uspraw.,6
2TR5,2023-11-20,nieob. uspraw.,9
2TR5,2023-11-22,nieob. uspraw.,8
2TR5,2023-12-07,nieob. uspraw.,2
2TR5,2023-12-14,nieob. uspraw.,24
2TR5,2023-12-19,nieob. uspraw.,14
2TR5,2024-01-02,nieob. uspraw.,33
2TR5,2024-02-07,nieob. uspraw.,6
2TR5,2024-02-16,nieob. uspraw.,7
2TR5,2024-02-27,nieob. uspraw.,27
2TR5,2024-02-29,nieobecność,4
2TR5,2024-03-06,nieob. uspraw.,23
2TR5,2024-03-07,nieob. uspraw.,10
2TR5,2024-03-12,nieob. uspraw.,11
2TR5,2024-03-13,nieob. uspraw.,4
2TR5,2024-03-25,nieob. uspraw.,6
2TR5,2024-03-26,nieob. uspraw.,9
2TR5,2024-03-27,nieob. uspraw.,9
2TR5,2024-04-03,nieob. uspraw.,16
2TR5,2024-04-04,spóźn. uspr.,2
2TR5,2024-04-05,nieob. uspraw.,14
2TR5,2024-04-08,nieob. uspraw.,24
2TR5,2024-04-09,nieob. uspraw.,18
2TR5,2024-04-11,nieob. uspraw.,6
2TR5,2024-04-12,nieob. uspraw.,32
2TR5,2024-04-16,nieob. uspraw.,27
2TR5,2024-04-19,nieob. uspraw.,22
2TR5,2024-04-24,nieob. uspraw.,7
2TR5,2024-05-23,nieob. uspraw.,21
2TR5,2024-05-27,nieob. uspraw.,25
2TR5,2024-05-28,nieob. uspraw.,16
2TR5,2024-05-29,nieob. uspraw.,25
2TR5,2024-06-03,nieob. uspraw.,18
2TR5,2024-06-12,nieob. uspraw.,12
2TR5,2023-09-21,nieob. uspraw.,16
2TR5,2023-09-27,spóźn. uspr.,1
2TR5,2023-10-04,nieob. uspraw.,8
2TR5,2023-11-03,nieob. uspraw.,9
2TR5,2023-11-29,nieob. uspr. p.s.,7
2TR5,2023-12-06,nieob. uspr. p.s.,1
2TR5,2023-12-06,nieob. uspraw.,3
2TR5,2023-12-20,nieob. uspraw.,7
2TR5,2024-01-05,nieob. uspraw.,12
2TR5,2024-01-08,nieob. uspraw.,32
2TR5,2024-02-08,nieob. uspraw.,5
2TR5,2024-02-26,nieob. uspraw.,10
2TR5,2024-04-04,nieob. uspraw.,18
2TR5,2024-04-23,nieob. uspraw.,9
2TR5,2024-04-26,nieob. uspraw.,19
2TR5,2024-05-21,nieob. uspraw.,23
2TR5,2023-09-06,nieobecność,3
2TR5,2023-09-18,nieob. uspraw.,16
2TR5,2023-10-16,nieob. uspraw.,14
2TR5,2023-10-18,nieob. uspraw.,20
2TR5,2023-12-08,nieob. uspr. p.s.,5
2TR5,2023-12-08,spóźn. uspr.,1
2TR5,2023-12-19,nieob. uspr. p.s.,1
2TR5,2023-12-21,nieob. uspraw.,2
2TR5,2024-01-04,nieob. uspraw.,10
2TR5,2024-01-09,nieob. uspraw.,34
2TR5,2024-02-29,nieob. uspraw.,21
2TR5,2024-04-19,spóźn. uspr.,1
2TR5,2024-05-22,nieob. uspraw.,8
2TR5,2023-10-20,nieob. uspraw.,15
2TR5,2023-10-26,nieobecność,2
2TR5,2023-11-09,spóźnienie,1
2TR5,2023-11-27,nieob. uspraw.,17
2TR5,2023-12-18,nieob. uspraw.,2
2TR5,2024-01-29,spóźnienie,1
2TR5,2024-02-19,nieob. uspraw.,16
2TR5,2024-03-01,nieob. uspraw.,10
2TR5,2024-03-12,spóźnienie,1
2TR5,2024-03-14,nieob. uspraw.,1
2TR5,2024-04-08,spóźnienie,1
2TR5,2024-04-15,spóźn. uspr.,2
2TR5,2024-04-24,spóźnienie,1
2TR5,2024-06-07,spóźnienie,1
2TR5,2024-06-18,obecność,7
2TR5,2023-09-05,nieob. uspraw.,1
2TR5,2023-09-19,nieob. uspraw.,35
2TR5,2023-10-09,nieob. uspraw.,21
2TR5,2023-10-18,spóźn. uspr.,1
2TR5,2023-11-02,nieob. uspraw.,18
2TR5,2023-11-06,spóźn. uspr.,1
2TR5,2023-11-10,nieob. uspr. p.s.,1
2TR5,2023-11-28,spóźn. uspr.,1
2TR5,2023-12-07,spóźn. uspr.,1
2TR5,2023-12-19,spóźn. uspr.,1
2TR5,2024-02-06,nieobecność,14
2TR5,2024-02-16,nieob. uspr. p.s.,1
2TR5,2024-03-06,nieob. uspr. p.s.,8
2TR5,2024-03-12,spóźn. uspr.,1
2TR5,2024-03-19,spóźn. uspr.,1
2TR5,2024-04-11,spóźn. uspr.,1
2TR5,2024-04-25,nieob. uspraw.,10
2TR5,2024-04-25,nieobecność,2
2TR5,2024-05-29,spóźn. uspr.,2
2TR5,2024-06-03,spóźn. uspr.,2
2TR5,2024-06-04,spóźn. uspr.,1
2TR5,2023-10-03,nieobecność,4
2TR5,2023-10-12,nieob. uspraw.,12
2TR5,2023-10-12,nieobecność,1
2TR5,2023-11-15,nieob. uspraw.,1
2TR5,2023-12-04,nieob. uspraw.,10
2TR5,2024-02-07,nieobecność,7
2TR5,2024-03-07,nieobecność,2
2TR5,2024-03-19,spóźnienie,2
2TR5,2024-04-15,nieob. uspr. p.s.,9
2TR5,2024-04-22,nieob. uspr. p.s.,10
2TR5,2024-06-03,nieob. uspr. p.s.,1
2TR5,2023-09-06,nieob. uspraw.,7
2TR5,2023-09-25,nieob. uspraw.,16
2TR5,2023-09-26,nieob. uspraw.,10
2TR5,2024-01-31,nieob. uspraw.,8
2TR5,2024-04-10,nieob. uspraw.,6
2TR5,2024-02-01,nieob. uspr. p.s.,1
2TR5,2024-04-12,spóźn. uspr.,1
2TR5,2024-05-20,nieob. uspraw.,7
2TR5,2023-10-05,spóźnienie,1
2TR5,2023-10-19,nieob. uspraw.,6
2TR5,2023-11-16,nieob. uspraw.,1
2TR5,2023-11-28,spóźnienie,1
2TR5,2023-12-11,nieob. uspraw.,8
2TR5,2024-01-10,nieob. uspraw.,7
2TR5,2024-03-06,nieobecność,1
2TR5,2024-03-12,nieob. uspr. p.s.,2
2TR5,2024-03-19,nieob. uspr. p.s.,2
2TR5,2024-04-17,nieob. uspraw.,7
2TR5,2024-06-19,nieob. uspr. p.s.,8
2TW5,2023-09-04,obecność,161
2TW5,2023-09-04,,23
2TW5,2023-09-05,obecność,164
2TW5,2023-09-06,obecność,154
2TW5,2023-09-07,obecność,146
2TW5,2023-09-08,obecność,154
2TW5,2023-09-08,nieob. uspr. p.s.,6
2TW5,2023-09-11,obecność,184
2TW5,2023-09-12,obecność,166
2TW5,2023-09-13,obecność,146
2TW5,2023-09-14,obecność,150
2TW5,2023-09-15,obecność,124
2TW5,2023-09-18,nieob. uspraw.,49
2TW5,2023-09-19,obecność,156
2TW5,2023-09-20,obecność,153
2TW5,2023-09-20,nieob. uspraw.,28
2TW5,2023-09-21,obecność,165
2TW5,2023-09-22,obecność,84
2TW5,2023-09-25,obecność,159
2TW5,2023-09-25,nieob. uspraw.,22
2TW5,2023-09-26,obecność,151
2TW5,2023-09-27,obecność,154
2TW5,2023-09-28,obecność,164
2TW5,2023-09-29,obecność,118
2TW5,2023-10-02,obecność,166
2TW5,2023-10-03,obecność,170
2TW5,2023-10-04,obecność,151
2TW5,2023-10-05,obecność,159
2TW5,2023-10-06,obecność,158
2TW5,2023-10-06,nieob. uspraw.,11
2TW5,2023-10-09,obecność,147
2TW5,2023-10-09,spóźnienie,7
2TW5,2023-10-10,spóźnienie,3
2TW5,2023-10-10,obecność,172
2TW5,2023-10-11,obecność,135
2TW5,2023-10-12,obecność,159
2TW5,2023-10-16,obecność,144
2TW5,2023-10-17,obecność,119
2TW5,2023-10-18,obecność,143
2TW5,2023-10-19,nieob. uspraw.,40
2TW5,2023-10-20,obecność,146
2TW5,2023-10-23,obecność,144
2TW5,2023-10-23,nieobecność,7
2TW5,2023-10-24,obecność,122
2TW5,2023-10-24,nieobecność,17
2TW5,2023-10-25,nieob. uspraw.,6
2TW5,2023-10-26,nieob. uspraw.,13
2TW5,2023-10-27,obecność,117
2TW5,2023-10-30,obecność,141
2TW5,2023-10-31,nieob. uspraw.,113
2TW5,2023-11-02,obecność,56
2TW5,2023-11-02,nieob. uspraw.,110
2TW5,2023-11-03,obecność,110
2TW5,2023-11-06,obecność,160
2TW5,2023-11-07,spóźnienie,4
2TW5,2023-11-07,obecność,127
2TW5,2023-11-07,nieob. uspraw.,14
2TW5,2023-11-08,obecność,127
2TW5,2023-11-09,nieob. uspraw.,23
2TW5,2023-11-10,obecność,99
2TW5,2023-11-10,nieob. uspraw.,34
2TW5,2023-11-13,nieob. uspraw.,21
2TW5,2023-11-13,obecność,150
2TW5,2023-11-14,nieob. uspraw.,15
2TW5,2023-11-15,obecność,131
2TW5,2023-11-16,obecność,147
2TW5,2023-11-17,obecność,141
2TW5,2023-11-17,nieob. uspraw.,11
2TW5,2023-11-20,obecność,160
2TW5,2023-11-21,obecność,143
2TW5,2023-11-22,spóźn. uspr.,1
2TW5,2023-11-22,obecność,125
2TW5,2023-11-23,obecność,108
2TW5,2023-11-24,obecność,136
2TW5,2023-11-27,obecność,175
2TW5,2023-11-28,obecność,149
2TW5,2023-11-29,nieob. uspraw.,10
2TW5,2023-11-29,obecność,113
2TW5,2023-11-30,obecność,126
2TW5,2023-12-01,nieob. uspraw.,23
2TW5,2023-12-04,nieob. uspraw.,39
2TW5,2023-12-04,obecność,122
2TW5,2023-12-05,obecność,119
2TW5,2023-12-05,nieob. uspr. p.s.,3
2TW5,2023-12-06,obecność,79
2TW5,2023-12-07,nieob. uspraw.,35
2TW5,2023-12-08,obecność,144
2TW5,2023-12-11,obecność,177
2TW5,2023-12-12,obecność,135
2TW5,2023-12-13,obecność,102
2TW5,2023-12-14,obecność,140
2TW5,2023-12-15,nieob. uspraw.,21
2TW5,2023-12-18,obecność,174
2TW5,2023-12-19,obecność,117
2TW5,2023-12-19,nieob. uspraw.,15
2TW5,2023-12-20,obecność,148
2TW5,2023-12-21,nieob. uspraw.,26
2TW5,2023-12-21,obecność,142
2TW5,2024-01-02,obecność,116
2TW5,2024-01-03,obecność,162
2TW5,2024-01-04,spóźnienie,5
2TW5,2024-01-04,obecność,114
2TW5,2024-01-05,nieob. uspraw.,17
2TW5,2024-01-05,obecność,130
2TW5,2024-01-08,obecność,173
2TW5,2024-01-09,obecność,94
2TW5,2024-01-10,obecność,142
2TW5,2024-01-11,obecność,141
2TW5,2024-01-11,nieobecność,14
2TW5,2024-01-12,obecność,109
2TW5,2024-01-29,obecność,169
2TW5,2024-01-30,obecność,114
2TW5,2024-01-30,nieob. uspraw.,16
2TW5,2024-01-31,obecność,133
2TW5,2024-02-01,obecność,155
2TW5,2024-02-02,obecność,144
2TW5,2024-02-05,obecność,171
2TW5,2024-02-06,obecność,157
2TW5,2024-02-07,obecność,93
2TW5,2024-02-08,obecność,100
2TW5,2024-02-09,obecność,118
2TW5,2024-02-09,nieob. uspr. p.s.,3
2TW5,2024-02-12,obecność,143
2TW5,2024-02-12,nieobecność,7
2TW5,2024-02-13,nieob. uspr. p.s.,4
2TW5,2024-02-13,obecność,95
2TW5,2024-02-14,obecność,129
2TW5,2024-02-14,nieobecność,14
2TW5,2024-02-15,obecność,134
2TW5,2024-02-15,nieobecność,9
2TW5,2024-02-16,obecność,132
2TW5,2024-02-16,nieobecność,23
2TW5,2024-02-19,obecność,160
2TW5,2024-02-19,zwolniony,2
2TW5,2024-02-20,obecność,136
2TW5,2024-02-20,spóźnienie,12
2TW5,2024-02-20,nieob. uspraw.,10
2TW5,2024-02-21,obecność,140
2TW5,2024-02-21,spóźnienie,7
2TW5,2024-02-22,obecność,146
2TW5,2024-02-23,obecność,110
2TW5,2024-02-26,obecność,168
2TW5,2024-02-27,obecność,149
2TW5,2024-02-28,spóźnienie,5
2TW5,2024-02-28,obecność,86
2TW5,2024-02-28,nieobecność,8
2TW5,2024-02-29,obecność,120
2TW5,2024-03-01,obecność,141
2TW5,2024-03-04,obecność,161
2TW5,2024-03-05,obecność,133
2TW5,2024-03-05,zwolniony,3
2TW5,2024-03-06,obecność,120
2TW5,2024-03-07,obecność,151
2TW5,2024-03-08,obecność,97
2TW5,2024-03-08,nieobecność,17
2TW5,2024-03-11,obecność,136
2TW5,2024-03-12,nieob. uspraw.,44
2TW5,2024-03-13,obecność,89
2TW5,2024-03-13,nieob. uspr. p.s.,14
2TW5,2024-03-13,nieobecność,20
2TW5,2024-03-14,nieob. uspraw.,31
2TW5,2024-03-14,obecność,138
2TW5,2024-03-15,obecność,137
2TW5,2024-03-15,nieob. uspraw.,43
2TW5,2024-03-18,obecność,169
2TW5,2024-03-18,nieob. uspraw.,3
2TW5,2024-03-19,obecność,141
2TW5,2024-03-20,nieob. uspraw.,91
2TW5,2024-03-21,nieob. uspraw.,152
2TW5,2024-03-22,obecność,96
2TW5,2024-03-22,nieobecność,23
2TW5,2024-03-25,obecność,178
2TW5,2024-03-26,obecność,99
2TW5,2024-03-26,spóźnienie,9
2TW5,2024-03-27,obecność,109
2TW5,2024-03-27,nieobecność,11
2TW5,2024-04-03,obecność,177
2TW5,2024-04-03,nieobecność,22
2TW5,2024-04-04,nieob. uspraw.,8
2TW5,2024-04-05,nieob. uspraw.,10
2TW5,2024-04-08,nieob. uspraw.,24
2TW5,2024-04-09,nieob. uspraw.,33
2TW5,2024-04-10,nieob. uspraw.,11
2TW5,2024-04-11,nieob. uspraw.,16
2TW5,2024-04-12,nieob. uspraw.,31
2TW5,2024-04-15,obecność,82
2TW5,2024-04-15,nieob. uspr. p.s.,22
2TW5,2024-04-16,nieob. uspraw.,25
2TW5,2024-04-17,nieob. uspraw.,12
2TW5,2024-04-18,nieob. uspraw.,17
2TW5,2024-04-19,nieob. uspraw.,21
2TW5,2024-04-22,praktyka zawodowa,138
2TW5,2024-04-23,praktyka zawodowa,138
2TW5,2024-04-24,praktyka zawodowa,138
2TW5,2024-04-25,praktyka zawodowa,138
2TW5,2024-04-26,praktyka zawodowa,138
2TW5,2024-04-29,praktyka zawodowa,138
2TW5,2024-04-30,praktyka zawodowa,138
2TW5,2024-05-01,praktyka zawodowa,138
2TW5,2024-05-02,praktyka zawodowa,138
2TW5,2024-05-03,praktyka zawodowa,138
2TW5,2024-05-06,praktyka zawodowa,78
2TW5,2024-05-07,praktyka zawodowa,78
2TW5,2024-05-08,praktyka zawodowa,78
2TW5,2024-05-09,praktyka zawodowa,78
2TW5,2024-05-10,praktyka zawodowa,78
2TW5,2024-05-13,praktyka zawodowa,78
2TW5,2024-05-14,praktyka zawodowa,78
2TW5,2024-05-15,praktyka zawodowa,78
2TW5,2024-05-16,praktyka zawodowa,78
2TW5,2024-05-17,praktyka zawodowa,78
2TW5,2024-05-20,obecność,122
2TW5,2024-05-21,obecność,151
2TW5,2024-05-22,obecność,152
2TW5,2024-05-22,nieob. uspraw.,30
2TW5,2024-05-23,obecność,70
2TW5,2024-05-23,nieob. uspr. p.s.,45
2TW5,2024-05-24,obecność,159
2TW5,2024-05-27,obecność,149
2TW5,2024-05-28,obecność,138
2TW5,2024-05-28,nieob. uspr. p.s.,6
2TW5,2024-05-28,nieobecność,23
2TW5,2024-05-29,obecność,140
2TW5,2024-06-03,nieob. uspr. p.s.,161
2TW5,2024-06-04,obecność,119
2TW5,2024-06-04,nieobecność,29
2TW5,2024-06-05,nieob. uspraw.,18
2TW5,2024-06-05,obecność,139
2TW5,2024-06-06,nieob. uspr. p.s.,136
2TW5,2024-06-07,obecność,11
2TW5,2024-06-07,nieob. uspr. p.s.,115
2TW5,2024-06-10,nieob. uspraw.,88
2TW5,2024-06-11,nieob. uspraw.,90
2TW5,2024-06-12,nieob. uspraw.,96
2TW5,2024-06-13,nieob. uspraw.,152
2TW5,2024-06-14,nieob. uspraw.,118
2TW5,2024-06-17,nieob. uspraw.,140
2TW5,2024-06-18,nieob. uspraw.,176
2TW5,2024-06-19,nieob. uspraw.,132
2TW5,2024-06-20,nieobecność,173
2TW5,2024-06-21,nieob. uspraw.,43
2TW5,2023-09-05,nieobecność,2
2TW5,2023-09-07,nieobecność,1
2TW5,2023-09-08,nieobecność,2
2TW5,2023-09-12,nieobecność,3
2TW5,2023-09-12,spóźnienie,4
2TW5,2023-09-13,nieobecność,5
2TW5,2023-09-14,nieobecność,3
2TW5,2023-09-14,spóźnienie,3
2TW5,2023-09-14,nieob. uspraw.,21
2TW5,2023-09-14,nieob. uspr. p.s.,7
2TW5,2023-09-18,obecność,132
2TW5,2023-09-19,nieob. uspraw.,26
2TW5,2023-09-21,spóźnienie,3
2TW5,2023-09-26,nieobecność,1
2TW5,2023-09-28,nieob. uspr. p.s.,3
2TW5,2023-10-03,nieob. uspr. p.s.,2
2TW5,2023-10-04,nieob. uspraw.,10
2TW5,2023-10-05,nieob. uspr. p.s.,1
2TW5,2023-10-06,nieobecność,7
2TW5,2023-10-06,spóźnienie,4
2TW5,2023-10-06,nieob. uspr. p.s.,1
2TW5,2023-10-09,nieob. uspr. p.s.,13
2TW5,2023-10-10,nieob. uspr. p.s.,8
2TW5,2023-10-11,nieob. uspr. p.s.,17
2TW5,2023-10-12,nieob. uspr. p.s.,12
2TW5,2023-10-12,nieobecność,1
2TW5,2023-10-16,nieobecność,16
2TW5,2023-10-17,nieob. uspraw.,19
2TW5,2023-10-18,nieobecność,2
2TW5,2023-10-19,nieobecność,8
2TW5,2023-10-19,obecność,111
2TW5,2023-10-20,nieobecność,4
2TW5,2023-10-24,spóźnienie,3
2TW5,2023-10-25,obecność,131
2TW5,2023-10-25,nieob. uspr. p.s.,1
2TW5,2023-10-26,nieobecność,11
2TW5,2023-10-26,obecność,128
2TW5,2023-10-27,nieobecność,10
2TW5,2023-10-30,nieobecność,3
2TW5,2023-10-30,nieob. uspr. p.s.,4
2TW5,2023-10-31,nieobecność,14
2TW5,2023-10-31,obecność,29
2TW5,2023-11-02,nieobecność,13
2TW5,2023-11-03,nieob. uspraw.,64
2TW5,2023-11-06,nieobecność,3
2TW5,2023-11-06,nieob. uspr. p.s.,4
2TW5,2023-11-07,nieobecność,5
2TW5,2023-11-07,nieob. uspr. p.s.,10
2TW5,2023-11-08,nieob. uspr. p.s.,29
2TW5,2023-11-09,nieob. uspr. p.s.,39
2TW5,2023-11-09,nieobecność,11
2TW5,2023-11-10,nieob. uspr. p.s.,33
2TW5,2023-11-10,nieobecność,16
2TW5,2023-11-15,nieobecność,8
2TW5,2023-11-16,nieob. uspraw.,31
2TW5,2023-11-21,nieobecność,16
2TW5,2023-11-23,nieobecność,16
2TW5,2023-11-24,nieobecność,23
2TW5,2023-11-28,nieobecność,8
2TW5,2023-11-29,nieobecność,3
2TW5,2023-12-01,obecność,128
2TW5,2023-12-01,nieobecność,6
2TW5,2023-12-05,spóźnienie,7
2TW5,2023-12-06,nieobecność,5
2TW5,2023-12-06,spóźnienie,9
2TW5,2023-12-07,obecność,77
2TW5,2023-12-07,nieobecność,3
2TW5,2023-12-08,nieobecność,5
2TW5,2023-12-11,nieobecność,3
2TW5,2023-12-12,nieobecność,10
2TW5,2023-12-13,nieobecność,15
2TW5,2023-12-14,nieobecność,9
2TW5,2023-12-15,obecność,154
2TW5,2023-12-18,nieobecność,9
2TW5,2024-01-02,nieobecność,2
2TW5,2024-01-03,nieobecność,6
2TW5,2024-01-03,nieob. uspr. p.s.,3
2TW5,2024-01-04,nieobecność,25
2TW5,2024-01-05,nieobecność,12
2TW5,2024-01-08,nieobecność,11
2TW5,2024-01-10,nieobecność,30
2TW5,2024-01-10,nieob. uspr. p.s.,3
2TW5,2024-01-11,nieob. uspr. p.s.,4
2TW5,2024-01-12,nieobecność,48
2TW5,2024-01-29,nieobecność,7
2TW5,2024-01-31,nieobecność,9
2TW5,2024-02-01,nieobecność,14
2TW5,2024-02-02,nieobecność,7
2TW5,2024-02-06,nieobecność,18
2TW5,2024-02-07,nieobecność,3
2TW5,2024-02-08,spóźnienie,6
2TW5,2024-02-08,nieobecność,8
2TW5,2024-02-09,nieobecność,10
2TW5,2024-02-13,nieobecność,8
2TW5,2024-02-19,nieobecność,15
2TW5,2024-02-20,nieobecność,2
2TW5,2024-02-22,nieobecność,22
2TW5,2024-02-23,nieobecność,32
2TW5,2024-02-26,nieobecność,8
2TW5,2024-02-27,nieobecność,4
2TW5,2024-03-04,nieobecność,15
2TW5,2024-03-05,nieobecność,9
2TW5,2024-03-06,nieobecność,9
2TW5,2024-03-07,nieobecność,15
2TW5,2024-03-11,nieob. uspraw.,38
2TW5,2024-03-12,obecność,109
2TW5,2024-03-13,nieob. uspraw.,31
2TW5,2024-03-18,nieob. uspr. p.s.,12
2TW5,2024-03-19,nieob. uspr. p.s.,4
2TW5,2024-03-19,spóźnienie,4
2TW5,2024-03-19,nieob. uspraw.,6
2TW5,2024-03-26,nieobecność,23
2TW5,2024-03-27,spóźnienie,3
2TW5,2024-04-04,nieobecność,21
2TW5,2024-04-04,nieob. uspr. p.s.,13
2TW5,2024-04-05,nieobecność,7
2TW5,2024-04-05,obecność,142
2TW5,2024-04-08,obecność,145
2TW5,2024-04-08,spóźnienie,5
2TW5,2024-04-09,nieobecność,24
2TW5,2024-04-10,nieobecność,4
2TW5,2024-04-10,obecność,146
2TW5,2024-04-11,nieobecność,18
2TW5,2024-04-12,obecność,26
2TW5,2024-04-12,nieobecność,17
2TW5,2024-04-16,nieobecność,12
2TW5,2024-04-16,obecność,142
2TW5,2024-04-17,obecność,120
2TW5,2024-04-17,spóźnienie,1
2TW5,2024-04-18,obecność,113
2TW5,2024-04-18,nieobecność,2
2TW5,2024-04-19,nieobecność,33
2TW5,2024-04-19,obecność,55
2TW5,2024-04-19,spóźnienie,4
2TW5,2024-05-20,nieob. uspraw.,62
2TW5,2024-05-21,nieob. uspr. p.s.,6
2TW5,2024-05-21,nieob. uspraw.,24
2TW5,2024-05-23,nieob. uspraw.,19
2TW5,2024-05-27,nieobecność,17
2TW5,2024-05-28,nieob. uspraw.,11
2TW5,2024-05-29,nieobecność,12
2TW5,2024-06-05,nieobecność,26
2TW5,2024-06-07,nieob. uspraw.,33
2TW5,2024-06-11,obecność,63
2TW5,2023-09-13,nieob. uspraw.,31
2TW5,2023-09-15,nieob. uspraw.,14
2TW5,2023-10-24,nieob. uspraw.,18
2TW5,2023-11-06,spóźn. uspr.,2
2TW5,2023-11-07,spóźn. uspr.,1
2TW5,2023-11-09,spóźn. uspr.,1
2TW5,2023-11-09,obecność,107
2TW5,2023-11-13,spóźn. uspr.,1
2TW5,2023-11-14,obecność,142
2TW5,2023-11-16,spóźn. uspr.,2
2TW5,2023-11-30,nieob. uspraw.,23
2TW5,2023-11-30,nieobecność,11
2TW5,2023-12-13,spóźnienie,2
2TW5,2023-12-14,spóźnienie,3
2TW5,2023-12-15,spóźnienie,2
2TW5,2023-12-15,nieobecność,4
2TW5,2023-12-20,nieobecność,5
2TW5,2023-12-20,spóźnienie,5
2TW5,2023-12-21,nieobecność,14
2TW5,2024-02-01,spóźnienie,2
2TW5,2024-02-09,nieob. uspraw.,30
2TW5,2024-03-11,nieob. uspr. p.s.,8
2TW5,2024-03-12,nieob. uspr. p.s.,6
2TW5,2024-03-13,spóźnienie,6
2TW5,2024-03-14,nieobecność,14
2TW5,2024-03-20,obecność,53
2TW5,2024-03-25,nieob. uspraw.,6
2TW5,2024-04-04,obecność,136
2TW5,2024-04-11,obecność,124
2TW5,2024-04-17,nieobecność,3
2TW5,2024-04-18,nieob. uspr. p.s.,24
2TW5,2024-05-28,spóźnienie,5
2TW5,2024-05-29,nieob. uspr. p.s.,2
2TW5,2024-06-10,obecność,86
2TW5,2024-06-10,nieob. uspr. p.s.,10
2TW5,2024-06-12,obecność,15
2TW5,2024-06-12,nieob. uspr. p.s.,4
2TW5,2024-06-14,obecność,3
2TW5,2024-06-14,nieob. uspr. p.s.,15
2TW5,2024-06-17,obecność,14
2TW5,2023-09-18,nieobecność,3
2TW5,2023-09-20,nieobecność,1
2TW5,2023-09-22,nieobecność,5
2TW5,2023-09-25,spóźnienie,3
2TW5,2023-09-28,nieobecność,3
2TW5,2023-09-28,spóźnienie,2
2TW5,2023-10-11,nieob. uspraw.,5
2TW5,2023-11-03,nieobecność,8
2TW5,2023-11-06,spóźnienie,15
2TW5,2023-11-08,nieobecność,2
2TW5,2023-11-13,nieobecność,4
2TW5,2023-11-13,spóźnienie,5
2TW5,2023-11-14,spóźnienie,4
2TW5,2023-11-16,nieobecność,2
2TW5,2023-11-17,spóźnienie,2
2TW5,2023-11-17,nieobecność,5
2TW5,2023-12-01,spóźnienie,2
2TW5,2023-12-08,spóźnienie,1
2TW5,2023-12-12,spóźnienie,2
2TW5,2023-12-13,nieob. uspraw.,19
2TW5,2023-12-19,nieobecność,5
2TW5,2024-01-12,spóźnienie,2
2TW5,2024-01-30,spóźnienie,3
2TW5,2024-01-31,spóźnienie,6
2TW5,2024-02-02,nieob. uspraw.,10
2TW5,2024-02-05,nieobecność,10
2TW5,2024-02-14,spóźnienie,2
2TW5,2024-02-15,spóźnienie,4
2TW5,2024-02-16,spóźnienie,2
2TW5,2024-02-19,spóźnienie,6
2TW5,2024-03-05,spóźnienie,2
2TW5,2024-03-07,spóźnienie,4
2TW5,2024-03-15,nieobecność,3
2TW5,2024-03-19,nieobecność,6
2TW5,2024-03-22,nieob. uspraw.,42
2TW5,2024-04-04,spóźnienie,3
2TW5,2024-04-09,obecność,126
2TW5,2024-06-04,spóźnienie,2
2TW5,2024-06-05,nieob. uspr. p.s.,1
2TW5,2023-09-05,nieob. uspraw.,16
2TW5,2023-09-08,nieob. uspraw.,20
2TW5,2023-09-22,nieob. uspraw.,25
2TW5,2023-09-29,nieob. uspraw.,20
2TW5,2023-10-03,spóźnienie,2
2TW5,2023-10-11,nieobecność,4
2TW5,2023-10-12,spóźnienie,1
2TW5,2023-10-16,nieob. uspraw.,24
2TW5,2023-10-23,nieob. uspraw.,26
2TW5,2023-10-27,nieob. uspraw.,30
2TW5,2023-10-30,nieob. uspraw.,36
2TW5,2023-11-08,nieob. uspraw.,3
2TW5,2023-11-09,spóźnienie,1
2TW5,2023-12-05,nieobecność,2
2TW5,2024-01-30,nieobecność,5
2TW5,2024-02-13,spóźnienie,4
2TW5,2024-02-29,nieobecność,8
2TW5,2024-03-08,nieob. uspraw.,22
2TW5,2024-03-20,spóźnienie,1
2TW5,2024-04-09,zwolniony,1
2TW5,2024-04-11,spóźnienie,1
2TW5,2023-10-12,nieob. uspraw.,9
2TW5,2023-12-05,nieob. uspraw.,30
2TW5,2024-02-08,nieob. uspraw.,24
2TW5,2024-02-12,nieob. uspraw.,32
2TW5,2024-02-13,nieob. uspraw.,26
2TW5,2024-05-29,nieob. uspraw.,30
2TW5,2023-09-26,nieob. uspraw.,29
2TW5,2023-11-15,nieob. uspraw.,22
2TW5,2023-11-23,nieob. uspraw.,37
2TW5,2024-01-10,nieob. uspraw.,9
2TW5,2024-02-16,nieob. uspraw.,27
2TW5,2024-02-23,nieob. uspraw.,17
2TW5,2024-03-13,spóźn. uspr.,1
2TW5,2024-04-12,nieob. uspr. p.s.,39
2TW5,2024-06-04,nieob. uspraw.,33
2TW5,2024-06-20,nieob. uspraw.,8
2TW5,2023-10-09,nieob. uspraw.,16
2TW5,2023-11-27,nieobecność,4
2TW5,2023-12-08,nieob. uspraw.,11
2TW5,2024-03-01,nieobecność,1
2TW5,2024-03-12,nieobecność,1
2TW5,2024-03-20,nieobecność,15
2TW5,2024-04-08,nieobecność,10
2TW5,2024-04-18,spóźnienie,3
2TW5,2024-05-21,nieobecność,3
2TW5,2024-05-23,nieobecność,2
2TW5,2023-09-27,nieob. uspraw.,25
2TW5,2023-09-06,nieob. uspraw.,7
2TW5,2023-09-07,nieob. uspraw.,14
2TW5,2023-09-12,spóźn. uspr.,1
2TW5,2023-09-21,nieob. uspraw.,16
2TW5,2023-09-27,spóźnienie,2
2TW5,2023-09-27,nieobecność,1
2TW5,2023-10-02,nieobecność,1
2TW5,2023-10-23,nieob. uspr. p.s.,7
2TW5,2023-10-26,spóźn. uspr.,2
2TW5,2023-11-20,nieob. uspraw.,16
2TW5,2023-11-22,nieob. uspraw.,12
2TW5,2023-11-27,nieob. uspraw.,2
2TW5,2023-11-27,spóźn. uspr.,1
2TW5,2023-11-27,nieob. uspr. p.s.,1
2TW5,2023-11-29,nieob. uspr. p.s.,12
2TW5,2023-12-12,nieob. uspraw.,14
2TW5,2023-12-14,nieob. uspraw.,6
2TW5,2024-01-02,nieob. uspraw.,20
2TW5,2024-01-03,nieob. uspraw.,13
2TW5,2024-01-04,nieob. uspr. p.s.,3
2TW5,2024-01-29,nieob. uspraw.,8
2TW5,2024-01-31,nieob. uspraw.,12
2TW5,2024-02-01,nieob. uspraw.,13
2TW5,2024-02-07,nieob. uspraw.,28
2TW5,2024-02-14,nieob. uspraw.,16
2TW5,2024-02-15,nieob. uspraw.,14
2TW5,2024-02-22,spóźnienie,3
2TW5,2024-02-29,nieob. uspr. p.s.,4
2TW5,2024-03-06,spóźnienie,1
2TW5,2024-04-16,nieob. uspr. p.s.,4
2TW5,2024-05-22,spóźnienie,1
2TW5,2024-05-27,nieob. uspraw.,18
2TW5,2024-06-11,nieob. uspr. p.s.,1
2TW5,2024-01-04,nieob. uspraw.,12
2TW5,2024-02-05,zwolniony,2
2TW5,2024-02-06,nieob. uspraw.,9
2TW5,2024-02-26,nieob. uspraw.,8
2TW5,2024-03-01,nieob. uspraw.,17
2TW5,2024-03-26,nieob. uspraw.,6
2TW5,2024-03-27,nieob. uspraw.,13
2TW5,2024-04-03,nieob. uspraw.,8
2TW5,2024-04-17,nieob. uspr. p.s.,2
2TW5,2023-10-26,nieob. uspr. p.s.,2
2TW5,2023-10-26,spóźnienie,3
2TW5,2023-11-24,nieob. uspraw.,22
2TW5,2023-11-28,spóźnienie,3
2TW5,2023-12-06,nieob. uspraw.,21
2TW5,2024-01-09,nieob. uspraw.,10
2TW5,2024-02-21,nieob. uspraw.,6
2TW5,2024-02-22,nieob. uspraw.,11
2TW5,2024-03-07,nieob. uspr. p.s.,6
2TW5,2024-03-26,spóźn. uspr.,1
2TW5,2023-09-05,spóźnienie,2
2TW5,2023-09-08,spóźnienie,2
2TW5,2023-09-12,nieob. uspraw.,8
2TW5,2023-09-28,nieob. uspraw.,12
2TW5,2023-10-03,nieob. uspraw.,8
2TW5,2023-10-18,nieob. uspraw.,16
2TW5,2023-10-20,nieob. uspraw.,9
2TW5,2023-11-02,nieob. uspr. p.s.,2
2TW5,2023-11-02,spóźnienie,1
2TW5,2023-11-24,nieob. uspr. p.s.,1
2TW5,2023-11-28,nieob. uspraw.,1
2TW5,2023-12-11,nieob. uspraw.,4
2TW5,2023-12-18,nieob. uspraw.,1
2TW5,2024-01-09,spóźnienie,1
2TW5,2024-02-21,nieobecność,7
2TW5,2024-02-27,nieob. uspraw.,7
2TW5,2024-02-28,nieob. uspraw.,15
2TW5,2024-02-29,nieob. uspraw.,6
2TW5,2024-03-11,spóźn. uspr.,1
2TW5,2024-04-16,spóźnienie,1
2TW5,2023-10-02,nieob. uspraw.,16
2TW5,2023-12-20,nieob. uspraw.,3
2TW5,2024-01-09,nieobecność,10
2TW5,2024-01-31,nieob. uspr. p.s.,1
2TW5,2024-02-21,nieob. uspr. p.s.,1
2TW5,2024-02-27,spóźnienie,1
2TW5,2024-02-28,nieob. uspr. p.s.,1
2TW5,2024-03-05,nieob. uspraw.,14
2TW5,2024-03-06,nieob. uspraw.,8
2TW5,2024-03-07,nieob. uspraw.,8
2TW5,2024-05-22,nieobecność,1
2TW5,2024-03-04,nieob. uspraw.,8
2TW5,2023-10-27,spóźnienie,2
2TW5,2024-03-14,nieob. uspr. p.s.,1
2TW5,2023-10-05,nieob. uspraw.,1
2TW5,2023-10-09,nieobecność,1
2TW5,2023-11-20,nieobecność,8
2TW5,2024-04-15,nieob. uspraw.,8
2TW5,2024-06-04,nieob. uspr. p.s.,1
2TW5,2024-03-11,spóźnienie,1
2TW5,2024-05-28,zwolniony,1
2TW5,2023-09-22,spóźn. uspr.,1
2TW5,2023-09-26,spóźn. uspr.,1
2TW5,2023-10-06,spóźn. uspr.,1
2TW5,2023-10-10,spóźn. uspr.,1
2TW5,2023-11-13,nieob. uspr. p.s.,3
2TW5,2023-12-06,spóźn. uspr.,1
2TW5,2023-12-14,spóźn. uspr.,1
2TW5,2023-12-15,spóźn. uspr.,1
2TW5,2023-12-19,spóźn. uspr.,1
2TW5,2024-02-13,spóźn. uspr.,1
2TW5,2024-02-19,nieob. uspraw.,1
2TW5,2024-02-20,spóźn. uspr.,1
2TW5,2024-02-22,spóźn. uspr.,2
2TW5,2024-03-12,zwolniony,1
2TW5,2024-03-27,nieob. uspr. p.s.,2
2TW5,2024-04-04,spóźn. uspr.,1
2TW5,2023-10-02,nieob. uspr. p.s.,1
2TW5,2023-10-31,nieob. uspr. p.s.,5
2TW5,2023-11-27,spóźnienie,1
2TW5,2023-11-30,nieob. uspr. p.s.,1
2TW5,2024-03-21,obecność,5
2TW5,2024-03-21,nieob. uspr. p.s.,4
2TW5,2024-06-13,obecność,4
2TW5,2024-06-13,nieob. uspr. p.s.,3
2TW5,2024-06-17,nieob. uspr. p.s.,7
2TW5,2024-06-18,obecność,3
2TW5,2024-06-18,nieob. uspr. p.s.,5
2TW5,2024-06-19,nieob. uspr. p.s.,6
2TW5,2024-06-20,obecność,1
2TW5,2024-06-21,nieob. uspr. p.s.,1
2TW5,2023-10-24,spóźn. uspr.,1
2TW5,2024-02-05,nieob. uspraw.,1
2TW5,2024-02-07,spóźnienie,2
2TW5,2024-02-12,spóźnienie,2
2TW5,2024-03-15,nieob. uspr. p.s.,1
2TW5,2024-03-20,nieob. uspr. p.s.,1
2TŻ5,2023-09-04,obecność,160
2TŻ5,2023-09-05,obecność,154
2TŻ5,2023-09-06,obecność,154
2TŻ5,2023-09-07,obecność,175
2TŻ5,2023-09-08,obecność,141
2TŻ5,2023-09-11,obecność,148
2TŻ5,2023-09-12,obecność,142
2TŻ5,2023-09-13,obecność,156
2TŻ5,2023-09-14,obecność,163
2TŻ5,2023-09-15,obecność,146
2TŻ5,2023-09-15,nieob. uspr. p.s.,1
2TŻ5,2023-09-18,obecność,107
2TŻ5,2023-09-19,obecność,147
2TŻ5,2023-09-20,obecność,152
2TŻ5,2023-09-21,obecność,140
2TŻ5,2023-09-22,obecność,138
2TŻ5,2023-09-25,obecność,152
2TŻ5,2023-09-26,obecność,127
2TŻ5,2023-09-27,obecność,161
2TŻ5,2023-09-28,obecność,140
2TŻ5,2023-09-29,obecność,147
2TŻ5,2023-10-02,obecność,150
2TŻ5,2023-10-03,obecność,159
2TŻ5,2023-10-04,obecność,153
2TŻ5,2023-10-05,obecność,131
2TŻ5,2023-10-06,nieob. uspraw.,92
2TŻ5,2023-10-09,obecność,148
2TŻ5,2023-10-10,obecność,151
2TŻ5,2023-10-11,obecność,137
2TŻ5,2023-10-11,nieob. uspr. p.s.,20
2TŻ5,2023-10-12,nieob. uspr. p.s.,33
2TŻ5,2023-10-12,obecność,125
2TŻ5,2023-10-12,zwolniony,2
2TŻ5,2023-10-16,obecność,124
2TŻ5,2023-10-17,obecność,124
2TŻ5,2023-10-18,obecność,147
2TŻ5,2023-10-18,nieob. uspraw.,4
2TŻ5,2023-10-19,obecność,147
2TŻ5,2023-10-20,obecność,101
2TŻ5,2023-10-23,obecność,101
2TŻ5,2023-10-24,obecność,152
2TŻ5,2023-10-25,obecność,98
2TŻ5,2023-10-26,obecność,131
2TŻ5,2023-10-27,obecność,108
2TŻ5,2023-10-30,obecność,112
2TŻ5,2023-10-31,obecność,95
2TŻ5,2023-10-31,spóźn. uspr.,1
2TŻ5,2023-11-02,nieob. uspraw.,128
2TŻ5,2023-11-03,nieob. uspraw.,96
2TŻ5,2023-11-06,obecność,163
2TŻ5,2023-11-07,obecność,160
2TŻ5,2023-11-08,obecność,161
2TŻ5,2023-11-09,obecność,154
2TŻ5,2023-11-10,obecność,96
2TŻ5,2023-11-13,obecność,138
2TŻ5,2023-11-14,nieob. uspr. p.s.,109
2TŻ5,2023-11-15,obecność,135
2TŻ5,2023-11-16,obecność,156
2TŻ5,2023-11-17,nieob. uspraw.,46
2TŻ5,2023-11-20,obecność,123
2TŻ5,2023-11-21,obecność,113
2TŻ5,2023-11-22,obecność,136
2TŻ5,2023-11-23,obecność,142
2TŻ5,2023-11-24,obecność,150
2TŻ5,2023-11-24,nieob. uspr. p.s.,1
2TŻ5,2023-11-27,obecność,147
2TŻ5,2023-11-28,obecność,159
2TŻ5,2023-11-29,obecność,118
2TŻ5,2023-11-30,obecność,130
2TŻ5,2023-12-01,obecność,132
2TŻ5,2023-12-04,obecność,134
2TŻ5,2023-12-05,obecność,132
2TŻ5,2023-12-06,obecność,138
2TŻ5,2023-12-07,obecność,124
2TŻ5,2023-12-08,obecność,125
2TŻ5,2023-12-11,obecność,107
2TŻ5,2023-12-12,obecność,146
2TŻ5,2023-12-13,obecność,123
2TŻ5,2023-12-14,obecność,138
2TŻ5,2023-12-15,obecność,130
2TŻ5,2023-12-18,nieob. uspraw.,18
2TŻ5,2023-12-18,obecność,98
2TŻ5,2023-12-19,obecność,143
2TŻ5,2023-12-20,obecność,94
2TŻ5,2023-12-21,obecność,176
2TŻ5,2024-01-02,obecność,79
2TŻ5,2024-01-03,obecność,147
2TŻ5,2024-01-04,obecność,141
2TŻ5,2024-01-05,obecność,124
2TŻ5,2024-01-08,obecność,139
2TŻ5,2024-01-09,obecność,141
2TŻ5,2024-01-10,obecność,70
2TŻ5,2024-01-11,obecność,109
2TŻ5,2024-01-12,obecność,107
2TŻ5,2024-01-29,obecność,134
2TŻ5,2024-01-30,obecność,114
2TŻ5,2024-01-31,obecność,142
2TŻ5,2024-01-31,spóźn. uspr.,1
2TŻ5,2024-02-01,obecność,151
2TŻ5,2024-02-01,nieob. uspraw.,22
2TŻ5,2024-02-02,obecność,130
2TŻ5,2024-02-02,nieob. uspraw.,25
2TŻ5,2024-02-05,obecność,140
2TŻ5,2024-02-06,obecność,106
2TŻ5,2024-02-07,obecność,116
2TŻ5,2024-02-07,nieob. uspraw.,10
2TŻ5,2024-02-08,obecność,163
2TŻ5,2024-02-09,obecność,118
2TŻ5,2024-02-09,nieob. uspraw.,32
2TŻ5,2024-02-12,nieob. uspraw.,8
2TŻ5,2024-02-12,obecność,147
2TŻ5,2024-02-13,obecność,126
2TŻ5,2024-02-14,obecność,154
2TŻ5,2024-02-15,obecność,165
2TŻ5,2024-02-16,obecność,134
2TŻ5,2024-02-16,nieob. uspr. p.s.,1
2TŻ5,2024-02-19,nieob. uspraw.,40
2TŻ5,2024-02-20,obecność,108
2TŻ5,2024-02-21,obecność,140
2TŻ5,2024-02-22,obecność,141
2TŻ5,2024-02-22,nieob. uspraw.,29
2TŻ5,2024-02-23,obecność,114
2TŻ5,2024-02-26,obecność,140
2TŻ5,2024-02-27,obecność,132
2TŻ5,2024-02-28,nieob. uspr. p.s.,37
2TŻ5,2024-02-29,obecność,148
2TŻ5,2024-03-01,obecność,151
2TŻ5,2024-03-04,obecność,118
2TŻ5,2024-03-05,obecność,127
2TŻ5,2024-03-06,obecność,123
2TŻ5,2024-03-07,obecność,164
2TŻ5,2024-03-08,obecność,131
2TŻ5,2024-03-08,nieob. uspraw.,36
2TŻ5,2024-03-11,obecność,131
2TŻ5,2024-03-12,obecność,117
2TŻ5,2024-03-13,obecność,64
2TŻ5,2024-03-13,nieob. uspraw.,74
2TŻ5,2024-03-13,spóźn. uspr.,1
2TŻ5,2024-03-14,obecność,137
2TŻ5,2024-03-15,obecność,67
2TŻ5,2024-03-18,obecność,129
2TŻ5,2024-03-19,spóźn. uspr.,3
2TŻ5,2024-03-19,obecność,53
2TŻ5,2024-03-20,obecność,101
2TŻ5,2024-03-21,nieob. uspraw.,157
2TŻ5,2024-03-22,nieob. uspraw.,80
2TŻ5,2024-03-25,obecność,133
2TŻ5,2024-03-26,obecność,107
2TŻ5,2024-03-26,spóźn. uspr.,2
2TŻ5,2024-03-27,obecność,124
2TŻ5,2024-04-03,obecność,134
2TŻ5,2024-04-04,obecność,144
2TŻ5,2024-04-05,obecność,142
2TŻ5,2024-04-05,nieob. uspr. p.s.,1
2TŻ5,2024-04-08,obecność,126
2TŻ5,2024-04-09,obecność,128
2TŻ5,2024-04-10,obecność,141
2TŻ5,2024-04-11,obecność,59
2TŻ5,2024-04-11,nieob. uspraw.,56
2TŻ5,2024-04-12,obecność,141
2TŻ5,2024-04-15,obecność,103
2TŻ5,2024-04-16,obecność,134
2TŻ5,2024-04-17,obecność,160
2TŻ5,2024-04-18,obecność,138
2TŻ5,2024-04-19,obecność,139
2TŻ5,2024-04-22,obecność,118
2TŻ5,2024-04-23,obecność,129
2TŻ5,2024-04-24,obecność,150
2TŻ5,2024-04-25,obecność,133
2TŻ5,2024-04-25,spóźn. uspr.,4
2TŻ5,2024-04-26,obecność,95
2TŻ5,2024-05-20,nieob. uspraw.,63
2TŻ5,2024-05-20,zwolniony,10
2TŻ5,2024-05-21,obecność,91
2TŻ5,2024-05-22,obecność,92
2TŻ5,2024-05-23,nieob. uspr. p.s.,66
2TŻ5,2024-05-24,obecność,98
2TŻ5,2024-05-27,obecność,110
2TŻ5,2024-05-28,obecność,126
2TŻ5,2024-05-29,obecność,68
2TŻ5,2024-06-03,obecność,118
2TŻ5,2024-06-04,obecność,82
2TŻ5,2024-06-04,nieob. uspraw.,54
2TŻ5,2024-06-05,obecność,72
2TŻ5,2024-06-06,obecność,78
2TŻ5,2024-06-06,nieob. uspraw.,32
2TŻ5,2024-06-07,obecność,86
2TŻ5,2024-06-10,nieob. uspraw.,43
2TŻ5,2024-06-11,obecność,46
2TŻ5,2024-06-11,nieob. uspraw.,56
2TŻ5,2024-06-12,nieob. uspraw.,43
2TŻ5,2024-06-13,nieob. uspraw.,64
2TŻ5,2024-06-14,nieob. uspraw.,45
2TŻ5,2024-06-17,nieobecność,86
2TŻ5,2024-06-18,nieobecność,129
2TŻ5,2024-06-19,nieobecność,91
2TŻ5,2024-06-20,nieobecność,128
2TŻ5,2024-06-21,nieobecność,24
2TŻ5,2023-09-12,nieob. uspraw.,18
2TŻ5,2023-09-21,nieob. uspraw.,14
2TŻ5,2023-09-22,nieob. uspraw.,28
2TŻ5,2023-10-06,nieob. uspr. p.s.,58
2TŻ5,2023-10-09,nieob. uspr. p.s.,8
2TŻ5,2023-12-01,nieob. uspr. p.s.,1
2TŻ5,2023-12-15,nieob. uspraw.,13
2TŻ5,2023-12-18,nieobecność,3
2TŻ5,2024-01-30,nieob. uspraw.,27
2TŻ5,2024-01-31,nieob. uspraw.,28
2TŻ5,2024-02-07,nieobecność,6
2TŻ5,2024-02-12,nieobecność,8
2TŻ5,2024-02-23,nieob. uspr. p.s.,1
2TŻ5,2024-02-28,obecność,103
2TŻ5,2024-03-13,nieobecność,17
2TŻ5,2024-03-13,spóźnienie,2
2TŻ5,2024-03-19,nieob. uspr. p.s.,57
2TŻ5,2024-03-25,spóźnienie,6
2TŻ5,2024-03-26,spóźnienie,6
2TŻ5,2024-03-27,nieob. uspraw.,44
2TŻ5,2024-04-09,nieobecność,5
2TŻ5,2024-04-11,nieobecność,17
2TŻ5,2024-04-16,nieobecność,12
2TŻ5,2024-04-19,nieob. uspr. p.s.,9
2TŻ5,2024-04-25,spóźnienie,8
2TŻ5,2024-05-20,nieobecność,30
2TŻ5,2024-05-27,nieobecność,9
2TŻ5,2024-06-04,nieobecność,23
2TŻ5,2024-06-06,nieobecność,15
2TŻ5,2024-06-07,nieobecność,23
2TŻ5,2024-06-10,obecność,64
2TŻ5,2024-06-11,nieobecność,45
2TŻ5,2024-06-12,obecność,17
2TŻ5,2024-06-12,nieobecność,55
2TŻ5,2024-06-13,nieobecność,88
2TŻ5,2024-06-14,nieobecność,94
2TŻ5,2024-06-21,obecność,144
2TŻ5,2023-09-26,nieob. uspraw.,22
2TŻ5,2023-10-05,nieob. uspraw.,18
2TŻ5,2023-10-06,obecność,2
2TŻ5,2023-10-12,nieob. uspraw.,16
2TŻ5,2023-10-20,nieob. uspraw.,40
2TŻ5,2023-10-26,nieob. uspr. p.s.,2
2TŻ5,2023-10-27,nieob. uspraw.,38
2TŻ5,2023-10-30,nieob. uspraw.,45
2TŻ5,2023-10-31,nieob. uspraw.,53
2TŻ5,2023-11-15,nieob. uspr. p.s.,3
2TŻ5,2023-11-17,obecność,84
2TŻ5,2023-11-30,nieob. uspraw.,21
2TŻ5,2023-12-06,nieob. uspraw.,27
2TŻ5,2023-12-07,nieob. uspraw.,25
2TŻ5,2023-12-08,nieob. uspr. p.s.,8
2TŻ5,2023-12-13,nieob. uspr. p.s.,2
2TŻ5,2023-12-19,nieob. uspraw.,18
2TŻ5,2024-01-02,spóźn. uspr.,3
2TŻ5,2024-01-04,nieob. uspraw.,30
2TŻ5,2024-01-05,nieob. uspraw.,40
2TŻ5,2024-01-09,nieob. uspraw.,18
2TŻ5,2024-01-10,nieob. uspraw.,16
2TŻ5,2024-01-12,nieob. uspraw.,39
2TŻ5,2024-02-05,nieob. uspraw.,17
2TŻ5,2024-02-14,nieob. uspr. p.s.,9
2TŻ5,2024-02-19,obecność,100
2TŻ5,2024-02-20,nieob. uspraw.,14
2TŻ5,2024-02-23,nieob. uspraw.,33
2TŻ5,2024-02-26,nieob. uspraw.,20
2TŻ5,2024-02-28,nieob. uspraw.,14
2TŻ5,2024-02-29,nieob. uspraw.,25
2TŻ5,2024-03-01,nieob. uspraw.,9
2TŻ5,2024-03-13,nieob. uspr. p.s.,18
2TŻ5,2024-03-14,nieob. uspraw.,21
2TŻ5,2024-03-15,nieob. uspraw.,65
2TŻ5,2024-03-18,nieob. uspr. p.s.,16
2TŻ5,2024-03-18,nieob. uspraw.,18
2TŻ5,2024-04-03,nieob. uspraw.,36
2TŻ5,2024-04-08,nieob. uspraw.,29
2TŻ5,2024-04-09,nieob. uspraw.,30
2TŻ5,2024-04-18,nieob. uspraw.,30
2TŻ5,2024-04-23,nieob. uspraw.,17
2TŻ5,2024-04-24,nieob. uspraw.,13
2TŻ5,2024-04-25,nieob. uspraw.,15
2TŻ5,2024-04-26,nieob. uspraw.,29
2TŻ5,2024-05-21,nieob. uspraw.,39
2TŻ5,2024-05-22,nieob. uspraw.,26
2TŻ5,2024-05-24,nieob. uspraw.,30
2TŻ5,2024-05-27,nieob. uspraw.,38
2TŻ5,2024-05-28,nieob. uspraw.,21
2TŻ5,2024-05-29,nieob. uspraw.,45
2TŻ5,2024-06-05,nieob. uspraw.,39
2TŻ5,2024-06-07,nieob. uspraw.,53
2TŻ5,2024-06-14,obecność,24
2TŻ5,2024-06-17,nieob. uspraw.,18
2TŻ5,2024-06-18,obecność,17
2TŻ5,2024-06-18,nieob. uspraw.,22
2TŻ5,2024-06-19,nieob. uspraw.,13
2TŻ5,2024-06-20,nieob. uspraw.,24
2TŻ5,2023-09-05,spóźnienie,2
2TŻ5,2023-09-06,nieob. uspraw.,9
2TŻ5,2023-09-06,spóźnienie,5
2TŻ5,2023-09-11,nieob. uspraw.,8
2TŻ5,2023-09-11,spóźnienie,5
2TŻ5,2023-09-12,spóźnienie,4
2TŻ5,2023-09-13,spóźnienie,1
2TŻ5,2023-09-14,spóźnienie,1
2TŻ5,2023-09-20,nieob. uspraw.,16
2TŻ5,2023-09-27,nieob. uspraw.,9
2TŻ5,2023-09-28,nieob. uspraw.,18
2TŻ5,2023-09-29,nieob. uspr. p.s.,3
2TŻ5,2023-10-05,spóźnienie,3
2TŻ5,2023-10-16,spóźnienie,2
2TŻ5,2023-10-16,nieob. uspraw.,9
2TŻ5,2023-10-17,nieob. uspraw.,18
2TŻ5,2023-10-19,spóźnienie,4
2TŻ5,2023-10-23,nieob. uspraw.,12
2TŻ5,2023-10-24,nieob. uspraw.,9
2TŻ5,2023-10-25,nieob. uspraw.,11
2TŻ5,2023-10-26,nieob. uspraw.,24
2TŻ5,2023-10-31,spóźnienie,8
2TŻ5,2023-11-07,nieob. uspraw.,1
2TŻ5,2023-11-08,nieob. uspraw.,10
2TŻ5,2023-11-08,spóźnienie,1
2TŻ5,2023-11-09,nieob. uspraw.,17
2TŻ5,2023-11-10,nieob. uspraw.,68
2TŻ5,2023-11-13,nieob. uspraw.,13
2TŻ5,2023-11-16,nieob. uspraw.,1
2TŻ5,2023-11-21,nieob. uspraw.,24
2TŻ5,2023-11-23,spóźnienie,3
2TŻ5,2023-11-23,nieob. uspraw.,29
2TŻ5,2023-11-27,nieob. uspraw.,13
2TŻ5,2023-11-28,spóźnienie,2
2TŻ5,2023-11-28,nieob. uspraw.,1
2TŻ5,2023-12-01,nieob. uspraw.,9
2TŻ5,2023-12-04,nieob. uspraw.,25
2TŻ5,2023-12-05,nieob. uspraw.,30
2TŻ5,2023-12-12,nieob. uspraw.,16
2TŻ5,2023-12-13,nieob. uspraw.,22
2TŻ5,2023-12-14,spóźnienie,3
2TŻ5,2023-12-14,nieob. uspraw.,11
2TŻ5,2024-01-02,nieob. uspraw.,69
2TŻ5,2024-01-03,nieob. uspraw.,27
2TŻ5,2024-01-11,nieobecność,3
2TŻ5,2024-01-29,nieob. uspraw.,29
2TŻ5,2024-02-02,nieobecność,5
2TŻ5,2024-02-06,nieobecność,6
2TŻ5,2024-02-08,nieobecność,3
2TŻ5,2024-02-15,nieobecność,7
2TŻ5,2024-02-16,nieobecność,5
2TŻ5,2024-02-20,nieobecność,10
2TŻ5,2024-02-21,nieob. uspraw.,29
2TŻ5,2024-02-27,nieobecność,2
2TŻ5,2024-02-29,nieobecność,3
2TŻ5,2024-03-01,spóźnienie,5
2TŻ5,2024-03-04,nieobecność,7
2TŻ5,2024-03-05,nieobecność,5
2TŻ5,2024-03-06,nieobecność,7
2TŻ5,2024-03-07,nieobecność,6
2TŻ5,2024-03-11,spóźnienie,1
2TŻ5,2024-03-11,nieobecność,3
2TŻ5,2024-03-12,nieobecność,6
2TŻ5,2024-03-18,nieobecność,1
2TŻ5,2024-03-20,nieob. uspraw.,56
2TŻ5,2024-03-25,nieobecność,5
2TŻ5,2024-03-26,nieobecność,5
2TŻ5,2024-04-04,nieob. uspraw.,27
2TŻ5,2024-04-05,nieob. uspraw.,22
2TŻ5,2024-04-10,nieobecność,14
2TŻ5,2024-04-12,nieob. uspr. p.s.,1
2TŻ5,2024-04-12,nieobecność,2
2TŻ5,2024-04-15,nieobecność,13
2TŻ5,2024-04-16,nieob. uspraw.,18
2TŻ5,2024-04-17,nieobecność,5
2TŻ5,2024-04-22,nieob. uspr. p.s.,13
2TŻ5,2024-04-22,nieob. uspraw.,23
2TŻ5,2024-04-24,nieobecność,5
2TŻ5,2024-04-25,nieobecność,6
2TŻ5,2024-04-26,nieobecność,17
2TŻ5,2024-04-26,spóźnienie,1
2TŻ5,2024-05-06,praktyka zawodowa,56
2TŻ5,2024-05-07,praktyka zawodowa,56
2TŻ5,2024-05-08,praktyka zawodowa,56
2TŻ5,2024-05-09,praktyka zawodowa,56
2TŻ5,2024-05-10,praktyka zawodowa,56
2TŻ5,2024-05-13,praktyka zawodowa,56
2TŻ5,2024-05-14,praktyka zawodowa,56
2TŻ5,2024-05-15,praktyka zawodowa,56
2TŻ5,2024-05-16,praktyka zawodowa,56
2TŻ5,2024-05-17,praktyka zawodowa,56
2TŻ5,2024-05-20,obecność,53
2TŻ5,2024-05-22,spóźnienie,6
2TŻ5,2024-05-22,nieob. uspr. p.s.,5
2TŻ5,2024-05-23,nieob. uspraw.,28
2TŻ5,2024-05-28,nieobecność,21
2TŻ5,2024-05-29,spóźnienie,3
2TŻ5,2024-05-29,nieobecność,15
2TŻ5,2024-06-04,spóźnienie,6
2TŻ5,2024-06-05,nieobecność,12
2TŻ5,2024-06-07,nieob. uspr. p.s.,1
2TŻ5,2024-06-10,nieobecność,29
2TŻ5,2023-09-18,nieob. uspraw.,27
2TŻ5,2023-09-19,nieob. uspraw.,17
2TŻ5,2023-09-26,nieobecność,15
2TŻ5,2023-09-28,nieobecność,18
2TŻ5,2023-10-02,nieob. uspr. p.s.,7
2TŻ5,2023-10-03,nieob. uspraw.,2
2TŻ5,2023-10-26,nieobecność,19
2TŻ5,2023-10-27,nieob. uspr. p.s.,1
2TŻ5,2023-10-31,nieobecność,7
2TŻ5,2023-11-02,obecność,40
2TŻ5,2023-11-03,obecność,65
2TŻ5,2023-11-10,nieobecność,5
2TŻ5,2023-11-14,nieobecność,6
2TŻ5,2023-11-22,nieobecność,4
2TŻ5,2023-11-24,nieob. uspraw.,13
2TŻ5,2023-11-30,nieobecność,3
2TŻ5,2023-12-14,spóźn. uspr.,2
2TŻ5,2024-01-04,spóźnienie,2
2TŻ5,2024-01-05,spóźnienie,1
2TŻ5,2024-01-08,nieob. uspraw.,24
2TŻ5,2024-02-02,spóźnienie,3
2TŻ5,2024-02-19,nieob. uspr. p.s.,9
2TŻ5,2024-02-21,nieob. uspr. p.s.,5
2TŻ5,2024-03-07,spóźnienie,2
2TŻ5,2024-03-12,nieob. uspr. p.s.,5
2TŻ5,2024-03-22,obecność,83
2TŻ5,2024-03-26,nieob. uspraw.,22
2TŻ5,2024-04-10,nieob. uspraw.,21
2TŻ5,2024-04-23,spóźnienie,4
2TŻ5,2024-05-21,nieobecność,6
2TŻ5,2024-05-21,nieob. uspr. p.s.,10
2TŻ5,2024-06-05,nieob. uspr. p.s.,10
2TŻ5,2024-06-05,spóźnienie,3
2TŻ5,2024-06-13,obecność,16
2TŻ5,2023-09-04,nieobecność,8
2TŻ5,2023-09-06,nieobecność,8
2TŻ5,2023-09-13,nieob. uspraw.,16
2TŻ5,2023-09-18,nieobecność,6
2TŻ5,2023-09-20,nieobecność,8
2TŻ5,2023-09-27,nieobecność,1
2TŻ5,2023-10-02,nieob. uspraw.,7
2TŻ5,2023-10-11,nieob. uspraw.,16
2TŻ5,2023-10-18,nieobecność,2
2TŻ5,2023-10-18,spóźnienie,1
2TŻ5,2023-10-23,nieobecność,7
2TŻ5,2023-10-24,nieobecność,1
2TŻ5,2023-10-25,nieobecność,1
2TŻ5,2023-10-27,nieobecność,19
2TŻ5,2023-10-30,nieobecność,7
2TŻ5,2023-11-02,nieobecność,8
2TŻ5,2023-11-03,nieobecność,3
2TŻ5,2023-11-08,nieobecność,4
2TŻ5,2023-11-13,nieobecność,13
2TŻ5,2023-11-16,nieobecność,13
2TŻ5,2023-11-20,nieobecność,17
2TŻ5,2023-11-27,nieobecność,1
2TŻ5,2023-11-28,nieobecność,2
2TŻ5,2023-12-01,nieobecność,2
2TŻ5,2023-12-05,nieobecność,2
2TŻ5,2023-12-07,nieobecność,2
2TŻ5,2023-12-08,nieobecność,2
2TŻ5,2023-12-11,nieob. uspraw.,6
2TŻ5,2023-12-14,nieobecność,14
2TŻ5,2023-12-19,nieobecność,3
2TŻ5,2023-12-20,nieobecność,1
2TŻ5,2024-01-04,nieobecność,3
2TŻ5,2024-01-09,nieobecność,4
2TŻ5,2024-01-10,nieobecność,2
2TŻ5,2024-01-11,nieob. uspraw.,20
2TŻ5,2024-01-12,nieobecność,19
2TŻ5,2024-01-31,nieobecność,2
2TŻ5,2024-02-01,nieobecność,3
2TŻ5,2024-02-05,nieobecność,7
2TŻ5,2024-02-09,nieobecność,16
2TŻ5,2024-02-13,nieobecność,1
2TŻ5,2024-02-14,nieobecność,2
2TŻ5,2024-02-20,spóźnienie,1
2TŻ5,2024-03-14,nieobecność,7
2TŻ5,2024-03-19,nieobecność,4
2TŻ5,2024-03-25,nieob. uspraw.,18
2TŻ5,2024-04-03,nieobecność,6
2TŻ5,2024-04-04,nieobecność,5
2TŻ5,2024-04-08,nieobecność,9
2TŻ5,2024-04-22,nieobecność,3
2TŻ5,2023-09-07,nieob. uspr. p.s.,1
2TŻ5,2023-09-08,nieobecność,11
2TŻ5,2023-09-11,nieobecność,2
2TŻ5,2023-09-11,nieob. uspr. p.s.,1
2TŻ5,2023-09-13,nieob. uspr. p.s.,2
2TŻ5,2023-09-14,nieob. uspr. p.s.,3
2TŻ5,2023-09-25,nieobecność,3
2TŻ5,2023-10-03,nieob. uspr. p.s.,2
2TŻ5,2023-10-05,nieob. uspr. p.s.,23
2TŻ5,2023-10-06,nieobecność,14
2TŻ5,2023-10-10,nieobecność,4
2TŻ5,2023-10-10,nieob. uspr. p.s.,2
2TŻ5,2023-10-11,nieobecność,3
2TŻ5,2023-10-16,nieobecność,7
2TŻ5,2023-10-19,nieobecność,3
2TŻ5,2023-10-20,nieobecność,25
2TŻ5,2023-11-07,nieobecność,2
2TŻ5,2023-11-07,spóźnienie,1
2TŻ5,2023-11-15,nieob. uspraw.,14
2TŻ5,2023-11-17,nieobecność,19
2TŻ5,2023-11-23,nieobecność,2
2TŻ5,2023-12-06,nieobecność,11
2TŻ5,2023-12-13,nieobecność,7
2TŻ5,2023-12-15,nieobecność,1
2TŻ5,2024-01-02,nieobecność,9
2TŻ5,2024-01-03,nieobecność,2
2TŻ5,2024-02-13,spóźnienie,1
2TŻ5,2024-02-16,nieob. uspraw.,26
2TŻ5,2024-02-21,nieobecność,2
2TŻ5,2024-02-23,spóźnienie,1
2TŻ5,2024-02-23,nieobecność,17
2TŻ5,2024-03-04,spóźnienie,3
2TŻ5,2024-03-05,nieob. uspr. p.s.,1
2TŻ5,2024-03-06,nieob. uspr. p.s.,2
2TŻ5,2024-03-08,nieobecność,4
2TŻ5,2024-03-12,spóźnienie,6
2TŻ5,2024-03-14,nieob. uspr. p.s.,8
2TŻ5,2024-03-15,nieob. uspr. p.s.,9
2TŻ5,2024-03-20,nieob. uspr. p.s.,8
2TŻ5,2024-03-21,nieob. uspr. p.s.,8
2TŻ5,2024-04-15,spóźnienie,1
2TŻ5,2024-05-20,nieob. uspr. p.s.,1
2TŻ5,2024-05-22,nieobecność,5
2TŻ5,2024-06-03,nieob. uspraw.,30
2TŻ5,2024-06-17,obecność,11
2TŻ5,2024-06-19,obecność,11
2TŻ5,2024-06-20,obecność,16
2TŻ5,2023-09-18,nieob. uspr. p.s.,2
2TŻ5,2023-09-27,nieob. uspr. p.s.,5
2TŻ5,2023-10-24,spóźnienie,1
2TŻ5,2023-11-29,nieob. uspr. p.s.,2
2TŻ5,2023-12-11,nieob. uspr. p.s.,1
2TŻ5,2023-12-14,nieob. uspr. p.s.,8
2TŻ5,2024-01-02,spóźnienie,4
2TŻ5,2024-01-12,nieob. uspr. p.s.,1
2TŻ5,2024-02-02,spóźn. uspr.,2
2TŻ5,2024-02-20,nieob. uspr. p.s.,9
2TŻ5,2024-02-26,nieob. uspr. p.s.,4
2TŻ5,2024-03-07,spóźn. uspr.,1
2TŻ5,2024-03-25,spóźn. uspr.,2
2TŻ5,2024-05-22,spóźn. uspr.,2
2TŻ5,2024-05-23,obecność,28
2TŻ5,2024-05-29,nieob. uspr. p.s.,2
2TŻ5,2024-05-29,spóźn. uspr.,3
2TŻ5,2023-09-08,nieob. uspraw.,14
2TŻ5,2023-10-24,spóźn. uspr.,1
2TŻ5,2024-01-05,nieob. uspr. p.s.,1
2TŻ5,2024-02-06,nieob. uspraw.,8
2TŻ5,2024-02-14,nieob. uspraw.,11
2TŻ5,2024-03-11,nieob. uspraw.,29
2TŻ5,2024-03-19,nieob. uspraw.,21
2TŻ5,2024-04-15,spóźn. uspr.,1
2TŻ5,2024-06-04,spóźn. uspr.,2
2TŻ5,2023-09-13,nieobecność,1
2TŻ5,2023-09-14,nieobecność,1
2TŻ5,2023-09-25,spóźnienie,1
2TŻ5,2023-10-03,nieobecność,1
2TŻ5,2023-10-04,nieobecność,1
2TŻ5,2023-10-05,nieobecność,1
2TŻ5,2023-11-03,nieob. uspr. p.s.,2
2TŻ5,2023-11-15,nieobecność,2
2TŻ5,2023-11-20,nieob. uspraw.,24
2TŻ5,2023-11-22,nieob. uspraw.,14
2TŻ5,2023-11-29,nieob. uspraw.,12
2TŻ5,2023-12-12,nieobecność,2
2TŻ5,2024-02-02,nieob. uspr. p.s.,1
2TŻ5,2024-02-08,spóźnienie,1
2TŻ5,2024-02-22,nieobecność,5
2TŻ5,2024-03-01,nieobecność,1
2TŻ5,2024-03-15,nieobecność,8
2TŻ5,2024-03-27,nieobecność,8
2TŻ5,2024-04-23,nieobecność,5
2TŻ5,2024-05-23,nieobecność,4
2TŻ5,2024-05-24,nieobecność,14
2TŻ5,2024-06-03,nieobecność,9
2TŻ5,2023-09-25,nieob. uspraw.,8
2TŻ5,2023-09-29,nieob. uspraw.,16
2TŻ5,2023-11-10,nieob. uspr. p.s.,2
2TŻ5,2024-01-08,nieobecność,1
2TŻ5,2024-01-31,spóźnienie,3
2TŻ5,2024-02-19,nieobecność,15
2TŻ5,2024-03-19,spóźnienie,4
2TŻ5,2024-03-20,nieobecność,11
2TŻ5,2024-03-21,nieobecność,8
2TŻ5,2024-03-22,nieobecność,8
2TŻ5,2023-12-20,nieob. uspraw.,15
2TŻ5,2024-02-12,spóźnienie,1
2TŻ5,2024-03-05,nieob. uspraw.,8
2TŻ5,2024-04-15,nieob. uspraw.,24
2TŻ5,2023-09-14,nieob. uspraw.,8
2TŻ5,2023-09-15,nieob. uspraw.,19
2TŻ5,2023-12-08,nieob. uspraw.,9
2TŻ5,2024-02-08,nieob. uspraw.,9
2TŻ5,2024-02-15,nieob. uspraw.,4
2TŻ5,2024-02-27,nieob. uspraw.,8
2TŻ5,2024-03-04,nieob. uspraw.,14
2TŻ5,2024-03-07,nieob. uspraw.,3
2TŻ5,2024-03-14,spóźnienie,3
2TŻ5,2024-04-12,nieob. uspraw.,22
2TŻ5,2023-09-04,nieob. uspraw.,8
2TŻ5,2023-09-05,nieob. uspraw.,8
2TŻ5,2024-04-19,nieobecność,7
2TŻ5,2024-04-25,nieob. uspr. p.s.,2
2TŻ5,2023-12-18,spóźn. uspr.,1
2TŻ5,2024-01-29,nieobecność,1
2TŻ5,2024-03-12,nieob. uspraw.,8
2TŻ5,2024-04-19,nieob. uspraw.,8
2TŻ5,2023-11-09,nieob. uspr. p.s.,5
2TŻ5,2023-11-16,nieob. uspr. p.s.,6
2TŻ5,2023-11-27,nieob. uspr. p.s.,2
2TŻ5,2023-12-04,nieob. uspr. p.s.,5
2TŻ5,2023-12-07,nieob. uspr. p.s.,3
2TŻ5,2024-04-23,nieob. uspr. p.s.,2
2TŻ5,2024-05-21,spóźnienie,1
2TŻ5,2024-06-04,nieob. uspr. p.s.,1
2TŻ5,2024-06-06,nieob. uspr. p.s.,1
2TŻ5,2023-11-21,nieobecność,5
2TŻ5,2023-11-24,nieobecność,2
2TŻ5,2023-11-27,spóźnienie,1
2TŻ5,2023-12-11,nieobecność,6
2TŻ5,2024-01-30,spóźnienie,1
2TŻ5,2024-03-05,spóźnienie,1
2TŻ5,2024-04-05,nieobecność,1
2TŻ5,2024-04-09,spóźnienie,1
2TŻ5,2024-02-13,nieob. uspraw.,14
2TŻ5,2024-03-21,obecność,3
2TŻ5,2024-01-09,spóźnienie,1
2TŻ5,2024-04-17,nieob. uspraw.,3
2TŻ5,2023-11-06,nieobecność,1
2TŻ5,2023-10-09,nieob. uspraw.,8
2TŻ5,2023-10-10,nieob. uspraw.,7
2TŻ5,2023-11-14,nieob. uspraw.,5
2TŻ5,2024-02-22,nieob. uspr. p.s.,1
3RŻ5,2023-09-04,obecność,188
3RŻ5,2023-09-05,obecność,180
3RŻ5,2023-09-06,obecność,202
3RŻ5,2023-09-07,obecność,150
3RŻ5,2023-09-08,obecność,147
3RŻ5,2023-09-11,obecność,173
3RŻ5,2023-09-12,obecność,149
3RŻ5,2023-09-13,obecność,162
3RŻ5,2023-09-13,nieobecność,2
3RŻ5,2023-09-14,obecność,162
3RŻ5,2023-09-15,obecność,138
3RŻ5,2023-09-18,obecność,153
3RŻ5,2023-09-19,obecność,149
3RŻ5,2023-09-20,obecność,141
3RŻ5,2023-09-21,obecność,128
3RŻ5,2023-09-22,obecność,152
3RŻ5,2023-09-25,obecność,155
3RŻ5,2023-09-26,obecność,148
3RŻ5,2023-09-26,spóźnienie,11
3RŻ5,2023-09-27,obecność,172
3RŻ5,2023-09-28,obecność,169
3RŻ5,2023-09-29,nieob. uspraw.,51
3RŻ5,2023-10-02,obecność,154
3RŻ5,2023-10-03,obecność,166
3RŻ5,2023-10-04,obecność,164
3RŻ5,2023-10-04,nieobecność,12
3RŻ5,2023-10-05,obecność,154
3RŻ5,2023-10-06,nieob. uspraw.,85
3RŻ5,2023-10-09,obecność,141
3RŻ5,2023-10-10,obecność,184
3RŻ5,2023-10-11,obecność,155
3RŻ5,2023-10-12,obecność,154
3RŻ5,2023-10-16,obecność,149
3RŻ5,2023-10-17,obecność,131
3RŻ5,2023-10-18,obecność,143
3RŻ5,2023-10-19,obecność,184
3RŻ5,2023-10-19,nieobecność,4
3RŻ5,2023-10-20,nieob. uspr. p.s.,15
3RŻ5,2023-10-20,obecność,124
3RŻ5,2023-10-20,nieob. uspraw.,34
3RŻ5,2023-10-23,obecność,106
3RŻ5,2023-10-24,obecność,117
3RŻ5,2023-10-25,obecność,151
3RŻ5,2023-10-25,nieobecność,10
3RŻ5,2023-10-26,obecność,152
3RŻ5,2023-10-26,nieobecność,14
3RŻ5,2023-10-27,obecność,113
3RŻ5,2023-10-30,obecność,145
3RŻ5,2023-10-31,obecność,147
3RŻ5,2023-10-31,nieobecność,25
3RŻ5,2023-11-02,nieob. uspraw.,120
3RŻ5,2023-11-03,nieob. uspraw.,74
3RŻ5,2023-11-06,obecność,144
3RŻ5,2023-11-07,obecność,181
3RŻ5,2023-11-08,obecność,157
3RŻ5,2023-11-09,obecność,171
3RŻ5,2023-11-10,nieob. uspraw.,63
3RŻ5,2023-11-13,obecność,155
3RŻ5,2023-11-14,obecność,145
3RŻ5,2023-11-15,obecność,169
3RŻ5,2023-11-15,nieobecność,4
3RŻ5,2023-11-16,obecność,148
3RŻ5,2023-11-17,nieob. uspraw.,65
3RŻ5,2023-11-20,obecność,128
3RŻ5,2023-11-21,obecność,197
3RŻ5,2023-11-22,obecność,172
3RŻ5,2023-11-22,nieobecność,6
3RŻ5,2023-11-23,nieob. uspraw.,38
3RŻ5,2023-11-24,obecność,166
3RŻ5,2023-11-24,nieob. uspraw.,31
3RŻ5,2023-11-27,obecność,132
3RŻ5,2023-11-28,obecność,155
3RŻ5,2023-11-29,obecność,179
3RŻ5,2023-11-30,nieob. uspraw.,16
3RŻ5,2023-12-01,obecność,182
3RŻ5,2023-12-01,zwolniony,9
3RŻ5,2023-12-04,nieob. uspraw.,24
3RŻ5,2023-12-05,obecność,174
3RŻ5,2023-12-05,spóźnienie,9
3RŻ5,2023-12-06,obecność,153
3RŻ5,2023-12-07,obecność,162
3RŻ5,2023-12-08,obecność,81
3RŻ5,2023-12-11,nieob. uspraw.,34
3RŻ5,2023-12-12,nieob. uspraw.,26
3RŻ5,2023-12-13,nieob. uspraw.,7
3RŻ5,2023-12-14,nieob. uspraw.,36
3RŻ5,2023-12-15,nieob. uspraw.,26
3RŻ5,2023-12-18,obecność,123
3RŻ5,2023-12-19,obecność,140
3RŻ5,2023-12-19,nieobecność,2
3RŻ5,2023-12-20,obecność,100
3RŻ5,2023-12-21,nieob. uspraw.,26
3RŻ5,2024-01-02,obecność,103
3RŻ5,2024-01-02,nieobecność,3
3RŻ5,2024-01-03,obecność,127
3RŻ5,2024-01-04,obecność,142
3RŻ5,2024-01-05,obecność,128
3RŻ5,2024-01-08,nieob. uspraw.,43
3RŻ5,2024-01-09,nieob. uspraw.,34
3RŻ5,2024-01-10,obecność,149
3RŻ5,2024-01-10,nieobecność,22
3RŻ5,2024-01-11,obecność,159
3RŻ5,2024-01-12,nieobecność,37
3RŻ5,2024-01-29,obecność,161
3RŻ5,2024-01-30,obecność,136
3RŻ5,2024-01-31,obecność,156
3RŻ5,2024-02-01,obecność,164
3RŻ5,2024-02-02,obecność,146
3RŻ5,2024-02-05,obecność,145
3RŻ5,2024-02-05,nieobecność,1
3RŻ5,2024-02-06,obecność,82
3RŻ5,2024-02-07,obecność,113
3RŻ5,2024-02-08,obecność,143
3RŻ5,2024-02-09,nieob. uspraw.,93
3RŻ5,2024-02-12,obecność,142
3RŻ5,2024-02-13,obecność,151
3RŻ5,2024-02-14,nieob. uspraw.,42
3RŻ5,2024-02-15,obecność,181
3RŻ5,2024-02-16,obecność,153
3RŻ5,2024-02-19,obecność,164
3RŻ5,2024-02-19,nieobecność,6
3RŻ5,2024-02-20,nieob. uspraw.,30
3RŻ5,2024-02-21,obecność,169
3RŻ5,2024-02-23,obecność,130
3RŻ5,2024-02-23,nieobecność,19
3RŻ5,2024-02-26,obecność,123
3RŻ5,2024-02-27,obecność,154
3RŻ5,2024-02-27,nieob. uspraw.,21
3RŻ5,2024-02-28,obecność,65
3RŻ5,2024-02-28,nieob. uspraw.,82
3RŻ5,2024-02-29,nieob. uspraw.,59
3RŻ5,2024-03-01,nieob. uspraw.,48
3RŻ5,2024-03-04,obecność,149
3RŻ5,2024-03-05,obecność,148
3RŻ5,2024-03-06,obecność,137
3RŻ5,2024-03-07,obecność,171
3RŻ5,2024-03-08,nieob. uspr. p.s.,24
3RŻ5,2024-03-11,obecność,142
3RŻ5,2024-03-11,nieob. uspraw.,6
3RŻ5,2024-03-12,obecność,146
3RŻ5,2024-03-12,nieob. uspraw.,4
3RŻ5,2024-03-13,obecność,111
3RŻ5,2024-03-14,obecność,188
3RŻ5,2024-03-15,nieob. uspraw.,23
3RŻ5,2024-03-18,obecność,157
3RŻ5,2024-03-19,obecność,99
3RŻ5,2024-03-20,nieob. uspraw.,94
3RŻ5,2024-03-21,nieob. uspraw.,151
3RŻ5,2024-03-22,obecność,125
3RŻ5,2024-03-22,nieob. uspraw.,46
3RŻ5,2024-03-25,obecność,169
3RŻ5,2024-03-26,nieob. uspraw.,31
3RŻ5,2024-03-26,nieob. uspr. p.s.,31
3RŻ5,2024-03-27,nieob. uspraw.,45
3RŻ5,2024-04-03,obecność,187
3RŻ5,2024-04-04,obecność,184
3RŻ5,2024-04-05,obecność,155
3RŻ5,2024-04-08,obecność,146
3RŻ5,2024-04-09,obecność,183
3RŻ5,2024-04-09,nieob. uspraw.,20
3RŻ5,2024-04-10,obecność,160
3RŻ5,2024-04-10,nieobecność,12
3RŻ5,2024-04-11,obecność,144
3RŻ5,2024-04-12,nieob. uspraw.,57
3RŻ5,2024-04-15,obecność,129
3RŻ5,2024-04-16,obecność,166
3RŻ5,2024-04-17,obecność,161
3RŻ5,2024-04-18,obecność,169
3RŻ5,2024-04-19,nieob. uspraw.,64
3RŻ5,2024-04-19,obecność,89
3RŻ5,2024-04-22,obecność,132
3RŻ5,2024-04-23,obecność,167
3RŻ5,2024-04-24,obecność,130
3RŻ5,2024-04-24,spóźnienie,4
3RŻ5,2024-04-24,nieobecność,3
3RŻ5,2024-04-25,obecność,184
3RŻ5,2024-04-26,nieob. uspraw.,72
3RŻ5,2024-05-06,praktyka zawodowa,126
3RŻ5,2024-05-07,praktyka zawodowa,126
3RŻ5,2024-05-08,praktyka zawodowa,126
3RŻ5,2024-05-09,praktyka zawodowa,126
3RŻ5,2024-05-10,praktyka zawodowa,126
3RŻ5,2024-05-13,praktyka zawodowa,126
3RŻ5,2024-05-14,praktyka zawodowa,126
3RŻ5,2024-05-15,praktyka zawodowa,126
3RŻ5,2024-05-16,praktyka zawodowa,126
3RŻ5,2024-05-17,praktyka zawodowa,126
3RŻ5,2024-05-20,nieob. uspraw.,70
3RŻ5,2024-05-21,obecność,107
3RŻ5,2024-05-22,obecność,76
3RŻ5,2024-05-22,nieobecność,4
3RŻ5,2024-05-23,obecność,173
3RŻ5,2024-05-24,obecność,204
3RŻ5,2024-05-27,obecność,101
3RŻ5,2024-05-28,obecność,154
3RŻ5,2024-05-28,nieobecność,7
3RŻ5,2024-05-29,obecność,152
3RŻ5,2024-06-03,nieob. uspraw.,35
3RŻ5,2024-06-04,nieob. uspr. p.s.,60
3RŻ5,2024-06-05,nieob. uspraw.,101
3RŻ5,2024-06-05,obecność,21
3RŻ5,2024-06-06,nieob. uspr. p.s.,173
3RŻ5,2024-06-07,nieob. uspraw.,139
3RŻ5,2024-06-10,nieob. uspraw.,91
3RŻ5,2024-06-11,nieob. uspraw.,101
3RŻ5,2024-06-11,nieobecność,23
3RŻ5,2024-06-12,nieobecność,98
3RŻ5,2024-06-13,nieobecność,125
3RŻ5,2024-06-14,nieobecność,108
3RŻ5,2024-06-14,,26
3RŻ5,2024-06-17,nieobecność,126
3RŻ5,2024-06-18,nieobecność,188
3RŻ5,2024-06-19,nieobecność,202
3RŻ5,2024-06-20,nieobecność,192
3RŻ5,2024-06-21,obecność,168
3RŻ5,2023-09-12,nieobecność,7
3RŻ5,2023-09-29,obecność,140
3RŻ5,2023-10-04,nieob. uspraw.,19
3RŻ5,2023-10-05,nieob. uspraw.,30
3RŻ5,2023-10-06,obecność,52
3RŻ5,2023-11-02,nieobecność,17
3RŻ5,2023-11-03,nieobecność,21
3RŻ5,2023-11-07,nieob. uspraw.,16
3RŻ5,2023-11-08,nieob. uspraw.,8
3RŻ5,2023-11-09,nieob. uspraw.,22
3RŻ5,2023-11-22,nieob. uspraw.,17
3RŻ5,2023-11-30,obecność,184
3RŻ5,2023-12-04,obecność,117
3RŻ5,2023-12-12,obecność,127
3RŻ5,2023-12-13,obecność,145
3RŻ5,2023-12-14,obecność,153
3RŻ5,2023-12-15,obecność,161
3RŻ5,2023-12-19,nieob. uspraw.,28
3RŻ5,2024-01-03,zwolniony,2
3RŻ5,2024-01-05,nieob. uspr. p.s.,2
3RŻ5,2024-01-08,obecność,108
3RŻ5,2024-01-09,obecność,140
3RŻ5,2024-01-10,nieob. uspraw.,21
3RŻ5,2024-01-12,nieob. uspraw.,24
3RŻ5,2024-02-05,nieob. uspraw.,44
3RŻ5,2024-02-06,nieob. uspraw.,38
3RŻ5,2024-02-07,nieob. uspraw.,40
3RŻ5,2024-02-08,nieob. uspraw.,53
3RŻ5,2024-02-09,nieobecność,14
3RŻ5,2024-02-14,obecność,138
3RŻ5,2024-02-16,nieob. uspraw.,18
3RŻ5,2024-02-19,nieob. uspraw.,20
3RŻ5,2024-02-23,nieob. uspraw.,51
3RŻ5,2024-02-29,obecność,141
3RŻ5,2024-03-05,nieob. uspraw.,28
3RŻ5,2024-03-15,obecność,142
3RŻ5,2024-03-26,obecność,113
3RŻ5,2024-03-27,obecność,153
3RŻ5,2024-04-04,nieob. uspraw.,17
3RŻ5,2024-04-24,nieob. uspraw.,38
3RŻ5,2024-05-20,obecność,75
3RŻ5,2024-05-22,nieob. uspraw.,16
3RŻ5,2024-06-03,obecność,126
3RŻ5,2024-06-03,nieobecność,3
3RŻ5,2024-06-10,obecność,62
3RŻ5,2024-06-10,nieobecność,15
3RŻ5,2023-09-04,nieobecność,8
3RŻ5,2023-09-05,nieob. uspraw.,9
3RŻ5,2023-09-07,nieob. uspraw.,17
3RŻ5,2023-09-14,spóźnienie,3
3RŻ5,2023-09-15,zwolniony,4
3RŻ5,2023-09-22,nieob. uspraw.,45
3RŻ5,2023-09-25,nieob. uspraw.,21
3RŻ5,2023-09-26,nieob. uspraw.,14
3RŻ5,2023-09-27,nieob. uspraw.,15
3RŻ5,2023-09-28,nieob. uspraw.,24
3RŻ5,2023-10-05,nieobecność,10
3RŻ5,2023-10-06,nieob. uspr. p.s.,55
3RŻ5,2023-10-11,spóźnienie,3
3RŻ5,2023-10-18,nieobecność,9
3RŻ5,2023-10-23,nieob. uspraw.,53
3RŻ5,2023-10-24,nieob. uspraw.,31
3RŻ5,2023-10-25,nieob. uspraw.,40
3RŻ5,2023-10-26,nieob. uspraw.,32
3RŻ5,2023-10-27,nieob. uspraw.,33
3RŻ5,2023-11-02,obecność,64
3RŻ5,2023-11-03,obecność,56
3RŻ5,2023-11-06,spóźnienie,8
3RŻ5,2023-11-07,spóźn. uspr.,2
3RŻ5,2023-11-10,obecność,105
3RŻ5,2023-11-13,nieobecność,2
3RŻ5,2023-11-17,nieob. uspr. p.s.,70
3RŻ5,2023-11-23,obecność,151
3RŻ5,2023-12-06,nieob. uspraw.,26
3RŻ5,2023-12-07,nieob. uspraw.,26
3RŻ5,2023-12-08,nieob. uspraw.,81
3RŻ5,2023-12-11,obecność,121
3RŻ5,2023-12-21,obecność,173
3RŻ5,2023-12-21,nieobecność,2
3RŻ5,2024-01-02,nieob. uspraw.,94
3RŻ5,2024-01-09,nieobecność,12
3RŻ5,2024-01-10,spóźnienie,1
3RŻ5,2024-01-12,obecność,90
3RŻ5,2024-01-31,nieob. uspraw.,21
3RŻ5,2024-02-01,nieob. uspraw.,33
3RŻ5,2024-02-02,nieob. uspraw.,30
3RŻ5,2024-02-12,nieob. uspraw.,42
3RŻ5,2024-02-13,nieob. uspraw.,24
3RŻ5,2024-02-15,nieob. uspraw.,16
3RŻ5,2024-02-16,nieobecność,8
3RŻ5,2024-02-20,obecność,119
3RŻ5,2024-02-22,obecność,86
3RŻ5,2024-03-01,obecność,67
3RŻ5,2024-03-08,obecność,110
3RŻ5,2024-03-11,nieob. uspr. p.s.,10
3RŻ5,2024-03-12,nieob. uspr. p.s.,19
3RŻ5,2024-03-13,nieob. uspr. p.s.,18
3RŻ5,2024-03-14,nieobecność,4
3RŻ5,2024-03-15,nieobecność,3
3RŻ5,2024-03-18,nieob. uspraw.,18
3RŻ5,2024-03-19,spóźnienie,2
3RŻ5,2024-03-20,obecność,84
3RŻ5,2024-03-21,obecność,31
3RŻ5,2024-03-26,nieobecność,5
3RŻ5,2024-03-27,nieobecność,8
3RŻ5,2024-04-10,nieob. uspraw.,14
3RŻ5,2024-04-15,spóźnienie,6
3RŻ5,2024-04-18,spóźnienie,3
3RŻ5,2024-04-26,obecność,85
3RŻ5,2024-05-20,spóźnienie,6
3RŻ5,2024-05-27,nieob. uspraw.,62
3RŻ5,2024-05-28,nieob. uspraw.,31
3RŻ5,2024-05-29,nieob. uspraw.,37
3RŻ5,2024-06-03,spóźnienie,5
3RŻ5,2024-06-11,obecność,38
3RŻ5,2024-06-11,spóźn. uspr.,1
3RŻ5,2024-06-21,nieob. uspraw.,14
3RŻ5,2023-09-04,nieob. uspraw.,16
3RŻ5,2023-09-07,nieobecność,1
3RŻ5,2023-09-12,spóźnienie,2
3RŻ5,2023-09-27,spóźnienie,1
3RŻ5,2023-10-02,nieob. uspr. p.s.,1
3RŻ5,2023-10-03,nieob. uspr. p.s.,8
3RŻ5,2023-10-05,spóźnienie,1
3RŻ5,2023-10-12,nieob. uspraw.,29
3RŻ5,2023-11-07,spóźnienie,4
3RŻ5,2023-11-10,spóźnienie,1
3RŻ5,2023-11-15,spóźnienie,4
3RŻ5,2023-11-20,nieob. uspraw.,11
3RŻ5,2023-11-29,nieobecność,8
3RŻ5,2023-12-06,spóźnienie,1
3RŻ5,2023-12-07,spóźnienie,2
3RŻ5,2023-12-08,spóźnienie,2
3RŻ5,2023-12-13,spóźnienie,1
3RŻ5,2023-12-15,spóźnienie,1
3RŻ5,2023-12-19,spóźnienie,5
3RŻ5,2023-12-20,nieobecność,5
3RŻ5,2023-12-20,spóźnienie,3
3RŻ5,2024-01-03,nieob. uspraw.,65
3RŻ5,2024-01-11,nieob. uspraw.,23
3RŻ5,2024-01-31,spóźnienie,1
3RŻ5,2024-02-06,spóźnienie,2
3RŻ5,2024-02-09,obecność,72
3RŻ5,2024-02-21,nieob. uspraw.,7
3RŻ5,2024-02-22,nieob. uspraw.,19
3RŻ5,2024-02-26,spóźnienie,1
3RŻ5,2024-02-29,spóźnienie,1
3RŻ5,2024-03-04,spóźnienie,4
3RŻ5,2024-03-15,spóźnienie,1
3RŻ5,2024-03-18,nieob. uspr. p.s.,12
3RŻ5,2024-03-19,nieob. uspraw.,21
3RŻ5,2024-03-21,spóźnienie,1
3RŻ5,2024-04-10,spóźnienie,1
3RŻ5,2024-04-11,nieob. uspr. p.s.,14
3RŻ5,2024-04-15,nieob. uspraw.,24
3RŻ5,2024-04-16,spóźnienie,1
3RŻ5,2024-04-16,nieob. uspr. p.s.,5
3RŻ5,2024-04-19,nieob. uspr. p.s.,27
3RŻ5,2024-04-23,nieobecność,1
3RŻ5,2024-04-26,spóźnienie,1
3RŻ5,2024-05-21,spóźnienie,1
3RŻ5,2024-05-22,spóźnienie,1
3RŻ5,2024-05-23,nieobecność,10
3RŻ5,2024-05-27,spóźnienie,2
3RŻ5,2024-06-11,spóźnienie,5
3RŻ5,2024-06-12,nieob. uspraw.,73
3RŻ5,2024-06-13,nieob. uspraw.,63
3RŻ5,2024-06-14,nieob. uspraw.,70
3RŻ5,2023-09-07,nieob. uspr. p.s.,12
3RŻ5,2023-09-12,nieob. uspr. p.s.,20
3RŻ5,2023-10-05,nieob. uspr. p.s.,6
3RŻ5,2023-10-09,nieob. uspr. p.s.,3
3RŻ5,2023-10-12,nieob. uspr. p.s.,17
3RŻ5,2023-10-17,nieob. uspr. p.s.,6
3RŻ5,2023-11-16,nieob. uspraw.,41
3RŻ5,2023-11-21,nieob. uspraw.,5
3RŻ5,2023-11-22,nieob. uspr. p.s.,1
3RŻ5,2023-12-05,nieob. uspraw.,14
3RŻ5,2023-12-11,nieob. uspr. p.s.,11
3RŻ5,2023-12-13,nieob. uspr. p.s.,14
3RŻ5,2023-12-18,nieob. uspraw.,28
3RŻ5,2023-12-20,nieob. uspr. p.s.,24
3RŻ5,2023-12-20,nieob. uspraw.,22
3RŻ5,2024-01-10,nieob. uspr. p.s.,13
3RŻ5,2024-02-21,nieob. uspr. p.s.,3
3RŻ5,2024-03-05,spóźn. uspr.,1
3RŻ5,2024-03-14,nieob. uspr. p.s.,3
3RŻ5,2024-03-15,nieob. uspr. p.s.,10
3RŻ5,2024-03-19,nieob. uspr. p.s.,53
3RŻ5,2024-04-09,nieob. uspr. p.s.,2
3RŻ5,2024-04-15,nieob. uspr. p.s.,1
3RŻ5,2024-04-17,nieob. uspr. p.s.,2
3RŻ5,2024-04-22,nieob. uspr. p.s.,8
3RŻ5,2024-05-21,nieob. uspraw.,37
3RŻ5,2024-05-22,nieob. uspr. p.s.,62
3RŻ5,2024-06-04,obecność,68
3RŻ5,2024-06-05,nieob. uspr. p.s.,73
3RŻ5,2024-06-07,obecność,38
3RŻ5,2024-06-12,obecność,26
3RŻ5,2024-06-17,nieob. uspraw.,43
3RŻ5,2024-06-18,nieob. uspraw.,8
3RŻ5,2023-11-17,obecność,11
3RŻ5,2024-04-12,obecność,20
3RŻ5,2024-04-19,nieobecność,8
3RŻ5,2024-05-29,nieobecność,3
3RŻ5,2023-09-18,nieob. uspraw.,34
3RŻ5,2023-11-15,nieob. uspraw.,11
3RŻ5,2024-01-12,zwolniony,1
3RŻ5,2024-02-13,nieob. uspr. p.s.,1
3RŻ5,2024-02-22,nieob. uspr. p.s.,4
3RŻ5,2024-02-26,nieob. uspr. p.s.,15
3RŻ5,2024-03-04,nieob. uspr. p.s.,4
3RŻ5,2024-03-06,nieob. uspr. p.s.,14
3RŻ5,2024-03-11,zwolniony,3
3RŻ5,2024-03-12,spóźnienie,5
3RŻ5,2024-04-22,nieob. uspraw.,30
3RŻ5,2024-06-04,nieob. uspraw.,35
3RŻ5,2024-06-13,obecność,14
3RŻ5,2024-06-20,obecność,11
3RŻ5,2023-09-08,nieob. uspraw.,49
3RŻ5,2023-09-13,nieob. uspr. p.s.,8
3RŻ5,2023-09-14,nieob. uspr. p.s.,17
3RŻ5,2023-10-03,spóźnienie,3
3RŻ5,2023-11-03,nieob. uspr. p.s.,1
3RŻ5,2023-11-08,nieob. uspr. p.s.,22
3RŻ5,2023-11-27,nieob. uspr. p.s.,2
3RŻ5,2023-12-04,nieob. uspr. p.s.,7
3RŻ5,2023-12-08,nieobecność,8
3RŻ5,2023-12-08,nieob. uspr. p.s.,6
3RŻ5,2024-02-12,nieob. uspr. p.s.,4
3RŻ5,2024-02-27,spóźn. uspr.,1
3RŻ5,2024-02-28,nieobecność,28
3RŻ5,2024-04-17,nieob. uspraw.,19
3RŻ5,2023-09-12,nieob. uspraw.,2
3RŻ5,2023-09-15,nieob. uspraw.,46
3RŻ5,2023-09-19,nieob. uspraw.,21
3RŻ5,2023-09-20,nieob. uspraw.,25
3RŻ5,2023-09-21,nieob. uspraw.,46
3RŻ5,2023-09-26,spóźn. uspr.,2
3RŻ5,2023-09-28,spóźn. uspr.,1
3RŻ5,2023-10-02,nieob. uspraw.,9
3RŻ5,2023-10-10,nieob. uspraw.,16
3RŻ5,2023-10-11,nieob. uspr. p.s.,16
3RŻ5,2023-10-16,nieob. uspr. p.s.,6
3RŻ5,2023-10-17,nieobecność,5
3RŻ5,2023-10-18,spóźn. uspr.,2
3RŻ5,2023-10-19,spóźn. uspr.,1
3RŻ5,2023-10-24,zwolniony,3
3RŻ5,2023-10-30,nieobecność,13
3RŻ5,2023-10-31,nieob. uspraw.,34
3RŻ5,2023-11-06,nieob. uspr. p.s.,1
3RŻ5,2023-11-09,zwolniony,2
3RŻ5,2023-12-01,spóźn. uspr.,1
3RŻ5,2024-01-04,nieobecność,8
3RŻ5,2024-01-29,nieob. uspraw.,27
3RŻ5,2024-01-30,nieob. uspraw.,40
3RŻ5,2024-02-20,spóźnienie,1
3RŻ5,2024-02-26,nieob. uspraw.,44
3RŻ5,2024-03-04,nieob. uspraw.,31
3RŻ5,2024-03-06,nieob. uspraw.,21
3RŻ5,2024-03-07,nieob. uspraw.,30
3RŻ5,2024-03-08,nieob. uspraw.,34
3RŻ5,2024-03-19,spóźn. uspr.,1
3RŻ5,2024-03-20,nieobecność,2
3RŻ5,2024-03-25,nieobecność,4
3RŻ5,2024-04-09,spóźnienie,1
3RŻ5,2024-04-17,spóźnienie,5
3RŻ5,2023-09-15,nieobecność,12
3RŻ5,2023-09-20,nieobecność,8
3RŻ5,2023-09-22,spóźnienie,1
3RŻ5,2023-09-28,nieobecność,2
3RŻ5,2023-10-03,nieob. uspraw.,24
3RŻ5,2023-10-20,nieobecność,18
3RŻ5,2023-10-23,nieobecność,7
3RŻ5,2023-10-27,nieobecność,6
3RŻ5,2023-11-06,nieobecność,5
3RŻ5,2023-11-10,nieobecność,19
3RŻ5,2023-11-14,nieob. uspraw.,9
3RŻ5,2024-01-05,nieobecność,9
3RŻ5,2024-01-09,zwolniony,2
3RŻ5,2024-01-29,nieobecność,3
3RŻ5,2024-02-15,nieobecność,4
3RŻ5,2024-02-21,spóźnienie,1
3RŻ5,2024-02-27,spóźnienie,3
3RŻ5,2024-03-13,nieob. uspraw.,22
3RŻ5,2024-04-05,nieob. uspraw.,28
3RŻ5,2024-04-08,nieobecność,1
3RŻ5,2024-04-11,nieob. uspraw.,30
3RŻ5,2024-04-15,nieobecność,4
3RŻ5,2024-05-21,nieobecność,4
3RŻ5,2024-06-04,nieobecność,6
3RŻ5,2023-09-11,nieobecność,1
3RŻ5,2023-09-14,nieobecność,5
3RŻ5,2023-09-22,nieobecność,2
3RŻ5,2023-09-28,spóźnienie,4
3RŻ5,2023-10-10,nieobecność,6
3RŻ5,2023-11-09,nieobecność,6
3RŻ5,2023-11-24,nieobecność,7
3RŻ5,2023-12-18,nieobecność,2
3RŻ5,2024-01-03,spóźnienie,1
3RŻ5,2024-01-03,nieobecność,11
3RŻ5,2024-01-08,nieobecność,15
3RŻ5,2024-01-11,nieobecność,14
3RŻ5,2024-01-30,nieobecność,4
3RŻ5,2024-02-13,nieobecność,2
3RŻ5,2024-02-26,nieobecność,4
3RŻ5,2024-04-08,nieob. uspraw.,17
3RŻ5,2024-04-09,nieobecność,1
3RŻ5,2024-04-18,nieobecność,2
3RŻ5,2024-04-22,spóźnienie,1
3RŻ5,2024-05-29,spóźnienie,6
3RŻ5,2023-09-11,nieob. uspraw.,14
3RŻ5,2023-09-13,nieob. uspraw.,24
3RŻ5,2023-09-14,spóźn. uspr.,2
3RŻ5,2023-10-04,spóźnienie,1
3RŻ5,2023-10-16,nieob. uspraw.,6
3RŻ5,2023-10-18,nieob. uspraw.,14
3RŻ5,2023-10-24,nieobecność,3
3RŻ5,2023-11-10,nieob. uspr. p.s.,16
3RŻ5,2023-11-16,nieobecność,5
3RŻ5,2023-11-17,nieobecność,6
3RŻ5,2023-12-15,nieobecność,14
3RŻ5,2024-01-05,nieob. uspraw.,60
3RŻ5,2024-03-04,nieobecność,1
3RŻ5,2024-03-11,nieobecność,4
3RŻ5,2024-03-13,nieobecność,2
3RŻ5,2024-03-25,spóźnienie,1
3RŻ5,2024-04-03,nieob. uspraw.,8
3RŻ5,2024-04-16,nieobecność,3
3RŻ5,2024-04-22,nieobecność,5
3RŻ5,2023-09-19,spóźnienie,2
3RŻ5,2023-10-19,nieob. uspraw.,12
3RŻ5,2023-12-12,nieob. uspr. p.s.,1
3RŻ5,2023-12-14,nieob. uspr. p.s.,8
3RŻ5,2024-01-04,nieob. uspraw.,51
3RŻ5,2024-03-21,spóźn. uspr.,2
3RŻ5,2024-03-25,nieob. uspraw.,16
3RŻ5,2024-04-03,spóźnienie,2
3RŻ5,2024-05-28,spóźnienie,2
3RŻ5,2023-09-18,nieob. uspr. p.s.,5
3RŻ5,2023-10-25,nieob. uspr. p.s.,2
3RŻ5,2023-12-05,nieob. uspr. p.s.,8
3RŻ5,2024-01-02,nieob. uspr. p.s.,1
3RŻ5,2024-02-05,zwolniony,1
3RŻ5,2024-02-06,zwolniony,1
3RŻ5,2024-02-12,zwolniony,1
3RŻ5,2024-02-13,zwolniony,1
3RŻ5,2024-02-19,zwolniony,1
3RŻ5,2024-02-20,zwolniony,1
3RŻ5,2024-02-26,zwolniony,1
3RŻ5,2024-02-27,zwolniony,1
3RŻ5,2024-03-04,zwolniony,1
3RŻ5,2024-03-12,zwolniony,1
3RŻ5,2024-03-19,zwolniony,1
3RŻ5,2024-03-25,zwolniony,1
3RŻ5,2024-04-03,zwolniony,1
3RŻ5,2024-04-08,zwolniony,1
3RŻ5,2024-04-10,zwolniony,1
3RŻ5,2024-04-12,nieob. uspr. p.s.,10
3RŻ5,2024-04-15,zwolniony,1
3RŻ5,2024-04-17,zwolniony,1
3RŻ5,2024-04-22,zwolniony,2
3RŻ5,2024-04-26,nieob. uspr. p.s.,3
3RŻ5,2024-05-20,nieob. uspr. p.s.,1
3RŻ5,2024-05-21,zwolniony,1
3RŻ5,2024-05-28,zwolniony,1
3RŻ5,2024-06-04,zwolniony,1
3RŻ5,2024-06-07,zwolniony,1
3RŻ5,2024-06-10,nieob. uspr. p.s.,1
3RŻ5,2024-06-11,zwolniony,6
3RŻ5,2023-10-09,nieob. uspraw.,6
3RŻ5,2023-10-11,nieob. uspraw.,16
3RŻ5,2023-11-27,nieob. uspraw.,18
3RŻ5,2024-01-31,nieobecność,2
3RŻ5,2024-04-25,nieob. uspraw.,17
3RŻ5,2023-10-17,nieob. uspraw.,12
3RŻ5,2023-11-08,nieobecność,9
3RŻ5,2023-12-04,zwolniony,3
3RŻ5,2024-02-06,nieobecność,5
3RŻ5,2023-09-27,nieob. uspr. p.s.,5
3RŻ5,2023-10-16,spóźnienie,2
3RŻ5,2023-10-25,spóźnienie,3
3RŻ5,2023-10-26,nieob. uspr. p.s.,3
3RŻ5,2023-11-07,nieobecność,3
3RŻ5,2023-11-28,nieob. uspraw.,12
3RŻ5,2023-11-29,nieob. uspraw.,8
3RŻ5,2023-12-01,nieob. uspraw.,12
3RŻ5,2023-12-14,spóźnienie,1
3RŻ5,2024-03-12,spóźn. uspr.,1
3RŻ5,2024-03-14,spóźnienie,1
3RŻ5,2024-03-18,spóźnienie,1
3RŻ5,2024-04-12,spóźnienie,1
3RŻ5,2024-04-16,nieob. uspraw.,32
3RŻ5,2024-04-26,nieobecność,1
3RŻ5,2024-05-22,spóźn. uspr.,1
3RŻ5,2024-05-23,spóźnienie,1
3RŻ5,2024-05-27,nieobecność,2
3RŻ5,2023-09-29,nieobecność,9
3RŻ5,2024-02-02,nieobecność,3
3RŻ5,2024-03-08,nieobecność,7
3RŻ5,2024-04-05,nieobecność,5
3RŻ5,2024-04-12,nieobecność,10
3RŻ5,2024-04-18,nieob. uspraw.,27
3RŻ5,2024-05-23,nieob. uspraw.,18
3RŻ5,2023-09-19,spóźn. uspr.,1
3RŻ5,2023-10-09,nieobecność,4
3RŻ5,2024-02-26,spóźn. uspr.,1
3RŻ5,2024-03-13,spóźnienie,1
3RŻ5,2024-03-18,nieobecność,3
3RŻ5,2024-03-19,nieobecność,3
3RŻ5,2024-03-21,nieobecność,16
3RŻ5,2023-09-08,nieobecność,4
3RŻ5,2023-09-20,nieob. uspr. p.s.,22
3RŻ5,2023-10-18,nieob. uspr. p.s.,2
3RŻ5,2023-10-30,nieob. uspraw.,8
3RŻ5,2023-12-15,zwolniony,2
3RŻ5,2024-03-04,spóźn. uspr.,1
3RŻ5,2023-11-06,nieob. uspraw.,7
3RŻ5,2023-11-30,nieobecność,1
3RŻ5,2024-02-07,spóźnienie,1
3RŻ5,2024-02-13,spóźnienie,1
3RŻ5,2023-09-14,nieob. uspraw.,12
3RŻ5,2023-11-29,spóźnienie,1
3RŻ5,2023-09-19,nieob. uspr. p.s.,7
3RŻ5,2023-10-06,nieobecność,12
3RŻ5,2023-11-21,nieobecność,4
3RŻ5,2023-12-07,nieobecność,3
3RŻ5,2023-12-14,nieobecność,3
3RŻ5,2024-02-01,nieobecność,4
3RŻ5,2024-02-08,nieobecność,5
3RŻ5,2024-02-12,nieobecność,2
3RŻ5,2023-09-27,spóźn. uspr.,1
3RŻ5,2023-11-13,nieob. uspraw.,9
3RŻ5,2023-12-05,spóźn. uspr.,1
3RŻ5,2024-03-12,nieobecność,4
3RŻ5,2024-03-22,nieobecność,8
3RŻ5,2023-09-04,nieob. uspr. p.s.,8
3RŻ5,2023-09-05,nieob. uspr. p.s.,1
3RŻ5,2023-09-06,nieob. uspr. p.s.,3
3RŻ5,2023-09-11,nieob. uspr. p.s.,4
3RŻ5,2023-09-15,nieob. uspr. p.s.,4
3RŻ5,2023-09-21,nieobecność,1
3RŻ5,2023-09-22,nieob. uspr. p.s.,4
3RŻ5,2023-09-25,nieob. uspr. p.s.,3
3RŻ5,2023-09-26,nieob. uspr. p.s.,5
3RŻ5,2023-09-27,nieobecność,2
3RŻ5,2023-09-28,nieob. uspr. p.s.,1
3RŻ5,2023-09-29,nieob. uspr. p.s.,4
3RŻ5,2023-10-02,nieobecność,2
3RŻ5,2023-10-03,nieobecność,5
3RŻ5,2023-10-11,nieobecność,6
3RŻ5,2023-10-12,nieobecność,1
3RŻ5,2023-10-16,nieobecność,3
3RŻ5,2023-11-20,nieobecność,1
3RŻ5,2023-11-27,nieobecność,1
3RŻ5,2023-12-04,nieobecność,3
3RŻ5,2023-12-13,nieobecność,3
3RŻ5,2024-01-09,spóźnienie,1
3RŻ5,2024-02-20,nieobecność,3
3RŻ5,2024-02-22,nieobecność,1
3RŻ5,2024-03-05,nieobecność,3
3RŻ5,2024-03-06,nieobecność,3
3RŻ5,2024-04-03,nieobecność,2
3RŻ5,2024-04-11,nieobecność,1
3RŻ5,2024-04-23,nieob. uspraw.,13
3RŻ5,2024-05-20,nieobecność,1
3RŻ5,2024-05-20,nauka zdalna,3
3RŻ5,2024-05-20,spóźn. uspr.,1
3RŻ5,2024-05-21,nauka zdalna,4
3RŻ5,2024-05-22,nauka zdalna,2
3RŻ5,2024-05-23,nauka zdalna,1
3RŻ5,2024-05-27,nauka zdalna,3
3RŻ5,2024-05-28,nauka zdalna,13
3RŻ5,2024-05-29,nauka zdalna,4
3RŻ5,2024-06-03,nauka zdalna,1
3RŻ5,2024-06-04,nauka zdalna,12
3RŻ5,2024-06-05,nauka zdalna,7
3RŻ5,2024-06-06,nauka zdalna,2
3RŻ5,2024-06-06,nieob. uspraw.,3
3RŻ5,2024-06-10,nauka zdalna,1
3RŻ5,2024-06-11,nauka zdalna,7
3RŻ5,2024-06-12,nauka zdalna,5
3RŻ5,2024-06-17,nauka zdalna,1
3RŻ5,2024-06-18,nauka zdalna,11
3RŻ5,2024-06-18,zwolniony,1
3RŻ5,2023-11-06,nauka zdalna,1
3RŻ5,2023-11-15,nieob. uspr. p.s.,8
3RŻ5,2023-11-16,nieob. uspr. p.s.,7
3RŻ5,2023-12-07,nieob. uspr. p.s.,8
3RŻ5,2024-03-14,nieob. uspraw.,5
3TM5,2023-09-04,obecność,184
3TM5,2023-09-05,obecność,104
3TM5,2023-09-06,obecność,162
3TM5,2023-09-07,obecność,152
3TM5,2023-09-08,obecność,140
3TM5,2023-09-08,nieobecność,18
3TM5,2023-09-11,nieob. uspraw.,35
3TM5,2023-09-12,nieob. uspraw.,17
3TM5,2023-09-13,nieob. uspraw.,9
3TM5,2023-09-14,nieob. uspraw.,28
3TM5,2023-09-15,nieob. uspraw.,24
3TM5,2023-09-18,obecność,102
3TM5,2023-09-18,nieob. uspr. p.s.,23
3TM5,2023-09-19,obecność,143
3TM5,2023-09-20,obecność,132
3TM5,2023-09-20,spóźnienie,2
3TM5,2023-09-21,nieob. uspr. p.s.,21
3TM5,2023-09-21,obecność,129
3TM5,2023-09-22,nieob. uspraw.,30
3TM5,2023-09-25,nieob. uspr. p.s.,16
3TM5,2023-09-26,obecność,147
3TM5,2023-09-26,nieob. uspr. p.s.,17
3TM5,2023-09-27,obecność,115
3TM5,2023-09-27,nieobecność,6
3TM5,2023-09-27,nieob. uspr. p.s.,43
3TM5,2023-09-28,obecność,124
3TM5,2023-09-28,nieob. uspr. p.s.,18
3TM5,2023-09-29,obecność,125
3TM5,2023-09-29,nieobecność,28
3TM5,2023-10-02,obecność,136
3TM5,2023-10-02,nieobecność,22
3TM5,2023-10-03,obecność,170
3TM5,2023-10-03,nieob. uspr. p.s.,8
3TM5,2023-10-04,obecność,165
3TM5,2023-10-05,obecność,157
3TM5,2023-10-06,obecność,146
3TM5,2023-10-09,obecność,151
3TM5,2023-10-10,obecność,146
3TM5,2023-10-10,nieobecność,19
3TM5,2023-10-11,obecność,170
3TM5,2023-10-12,obecność,152
3TM5,2023-10-12,nieobecność,4
3TM5,2023-10-16,obecność,123
3TM5,2023-10-16,nieobecność,22
3TM5,2023-10-17,obecność,167
3TM5,2023-10-18,obecność,136
3TM5,2023-10-18,spóźnienie,3
3TM5,2023-10-19,obecność,72
3TM5,2023-10-19,nieob. uspr. p.s.,5
3TM5,2023-10-20,obecność,112
3TM5,2023-10-23,obecność,144
3TM5,2023-10-24,obecność,158
3TM5,2023-10-25,obecność,147
3TM5,2023-10-26,obecność,134
3TM5,2023-10-27,obecność,85
3TM5,2023-10-30,obecność,152
3TM5,2023-10-31,obecność,72
3TM5,2023-11-02,obecność,101
3TM5,2023-11-03,obecność,123
3TM5,2023-11-06,obecność,128
3TM5,2023-11-06,nieobecność,31
3TM5,2023-11-07,obecność,140
3TM5,2023-11-07,spóźnienie,6
3TM5,2023-11-08,obecność,144
3TM5,2023-11-09,obecność,164
3TM5,2023-11-10,obecność,89
3TM5,2023-11-13,obecność,163
3TM5,2023-11-14,obecność,154
3TM5,2023-11-15,obecność,170
3TM5,2023-11-16,obecność,153
3TM5,2023-11-17,nieob. uspraw.,15
3TM5,2023-11-20,obecność,139
3TM5,2023-11-21,obecność,100
3TM5,2023-11-22,obecność,137
3TM5,2023-11-23,obecność,103
3TM5,2023-11-24,obecność,126
3TM5,2023-11-27,obecność,163
3TM5,2023-11-28,obecność,147
3TM5,2023-11-28,nieobecność,23
3TM5,2023-11-29,obecność,60
3TM5,2023-11-30,obecność,4
3TM5,2023-11-30,nieobecność,44
3TM5,2023-12-01,obecność,79
3TM5,2023-12-04,obecność,160
3TM5,2023-12-05,obecność,160
3TM5,2023-12-06,obecność,126
3TM5,2023-12-07,obecność,125
3TM5,2023-12-08,obecność,114
3TM5,2023-12-11,obecność,143
3TM5,2023-12-12,obecność,163
3TM5,2023-12-13,obecność,145
3TM5,2023-12-14,obecność,115
3TM5,2023-12-15,nieobecność,13
3TM5,2023-12-18,obecność,156
3TM5,2023-12-19,obecność,99
3TM5,2023-12-20,nieob. uspraw.,15
3TM5,2023-12-21,nieob. uspraw.,2
3TM5,2023-12-21,obecność,160
3TM5,2024-01-02,obecność,117
3TM5,2024-01-02,spóźnienie,8
3TM5,2024-01-03,obecność,139
3TM5,2024-01-04,obecność,153
3TM5,2024-01-05,obecność,114
3TM5,2024-01-08,obecność,115
3TM5,2024-01-08,nieobecność,20
3TM5,2024-01-09,obecność,107
3TM5,2024-01-10,obecność,136
3TM5,2024-01-11,nieobecność,39
3TM5,2024-01-11,obecność,130
3TM5,2024-01-12,obecność,107
3TM5,2024-01-29,obecność,135
3TM5,2024-01-30,obecność,123
3TM5,2024-01-30,nieobecność,26
3TM5,2024-01-31,obecność,125
3TM5,2024-02-01,obecność,139
3TM5,2024-02-02,obecność,128
3TM5,2024-02-05,obecność,138
3TM5,2024-02-06,obecność,135
3TM5,2024-02-06,nieobecność,16
3TM5,2024-02-07,obecność,127
3TM5,2024-02-08,obecność,105
3TM5,2024-02-09,nieob. uspraw.,56
3TM5,2024-02-12,obecność,140
3TM5,2024-02-12,nieobecność,14
3TM5,2024-02-13,obecność,129
3TM5,2024-02-14,obecność,142
3TM5,2024-02-15,obecność,136
3TM5,2024-02-15,spóźnienie,3
3TM5,2024-02-16,obecność,119
3TM5,2024-02-19,obecność,118
3TM5,2024-02-20,obecność,87
3TM5,2024-02-21,obecność,104
3TM5,2024-02-22,obecność,107
3TM5,2024-02-22,nieobecność,23
3TM5,2024-02-23,obecność,111
3TM5,2024-02-26,obecność,114
3TM5,2024-02-27,obecność,122
3TM5,2024-02-28,obecność,101
3TM5,2024-02-29,obecność,115
3TM5,2024-02-29,nieob. uspr. p.s.,15
3TM5,2024-03-01,obecność,116
3TM5,2024-03-04,obecność,140
3TM5,2024-03-04,nieob. uspr. p.s.,18
3TM5,2024-03-05,nieob. uspr. p.s.,22
3TM5,2024-03-05,obecność,138
3TM5,2024-03-05,nieobecność,24
3TM5,2024-03-06,nieob. uspr. p.s.,13
3TM5,2024-03-06,obecność,122
3TM5,2024-03-07,obecność,108
3TM5,2024-03-07,nieob. uspr. p.s.,27
3TM5,2024-03-07,spóźnienie,4
3TM5,2024-03-08,nieob. uspr. p.s.,48
3TM5,2024-03-08,obecność,74
3TM5,2024-03-11,obecność,118
3TM5,2024-03-11,nieob. uspr. p.s.,24
3TM5,2024-03-12,nieob. uspr. p.s.,22
3TM5,2024-03-12,obecność,127
3TM5,2024-03-12,nieobecność,26
3TM5,2024-03-13,obecność,129
3TM5,2024-03-13,nieob. uspr. p.s.,22
3TM5,2024-03-14,obecność,99
3TM5,2024-03-14,nieob. uspr. p.s.,19
3TM5,2024-03-15,nieob. uspr. p.s.,11
3TM5,2024-03-15,obecność,108
3TM5,2024-03-18,obecność,125
3TM5,2024-03-19,obecność,131
3TM5,2024-03-20,obecność,15
3TM5,2024-03-20,nieob. uspraw.,157
3TM5,2024-03-21,obecność,29
3TM5,2024-03-21,nieob. uspraw.,121
3TM5,2024-03-22,obecność,42
3TM5,2024-03-22,nieobecność,71
3TM5,2024-03-25,obecność,127
3TM5,2024-03-25,nieob. uspr. p.s.,24
3TM5,2024-03-26,nieob. uspr. p.s.,58
3TM5,2024-03-26,nieobecność,25
3TM5,2024-03-27,obecność,135
3TM5,2024-04-03,obecność,138
3TM5,2024-04-04,nieob. uspr. p.s.,18
3TM5,2024-04-04,obecność,126
3TM5,2024-04-04,nieobecność,32
3TM5,2024-04-08,obecność,131
3TM5,2024-04-09,obecność,133
3TM5,2024-04-09,nieob. uspr. p.s.,12
3TM5,2024-04-10,obecność,110
3TM5,2024-04-10,nieob. uspr. p.s.,1
3TM5,2024-04-11,obecność,108
3TM5,2024-04-12,obecność,75
3TM5,2024-04-12,nieob. uspraw.,20
3TM5,2024-04-15,nieobecność,36
3TM5,2024-04-15,obecność,105
3TM5,2024-04-16,obecność,117
3TM5,2024-04-17,obecność,128
3TM5,2024-04-18,nieob. uspr. p.s.,27
3TM5,2024-04-18,nieobecność,33
3TM5,2024-04-19,obecność,92
3TM5,2024-04-22,nieob. uspr. p.s.,24
3TM5,2024-04-23,nieob. uspr. p.s.,18
3TM5,2024-04-24,obecność,137
3TM5,2024-04-24,nieobecność,28
3TM5,2024-04-26,obecność,37
3TM5,2024-04-26,nieobecność,74
3TM5,2024-05-06,praktyka zawodowa,161
3TM5,2024-05-07,praktyka zawodowa,161
3TM5,2024-05-08,praktyka zawodowa,161
3TM5,2024-05-09,praktyka zawodowa,161
3TM5,2024-05-10,praktyka zawodowa,161
3TM5,2024-05-13,praktyka zawodowa,161
3TM5,2024-05-14,praktyka zawodowa,161
3TM5,2024-05-15,praktyka zawodowa,161
3TM5,2024-05-16,praktyka zawodowa,161
3TM5,2024-05-17,praktyka zawodowa,161
3TM5,2024-05-20,obecność,130
3TM5,2024-05-21,obecność,121
3TM5,2024-05-21,nieob. uspr. p.s.,2
3TM5,2024-05-22,nieob. uspr. p.s.,9
3TM5,2024-05-23,nieob. uspr. p.s.,34
3TM5,2024-05-24,obecność,161
3TM5,2024-05-27,obecność,120
3TM5,2024-05-27,nieob. uspr. p.s.,18
3TM5,2024-05-27,nieobecność,35
3TM5,2024-05-28,obecność,118
3TM5,2024-05-28,nieob. uspr. p.s.,6
3TM5,2024-05-28,nieobecność,52
3TM5,2024-05-29,obecność,125
3TM5,2024-05-29,nieob. uspr. p.s.,4
3TM5,2024-05-29,nieobecność,45
3TM5,2024-06-03,obecność,74
3TM5,2024-06-04,nieobecność,62
3TM5,2024-06-04,obecność,78
3TM5,2024-06-04,nieob. uspr. p.s.,1
3TM5,2024-06-05,obecność,80
3TM5,2024-06-05,nieob. uspr. p.s.,3
3TM5,2024-06-05,nieobecność,61
3TM5,2024-06-06,nieob. uspr. p.s.,115
3TM5,2024-06-06,obecność,46
3TM5,2024-06-07,obecność,9
3TM5,2024-06-07,nieob. uspraw.,145
3TM5,2024-06-10,nieob. uspr. p.s.,67
3TM5,2024-06-11,nieob. uspraw.,82
3TM5,2024-06-12,nieobecność,28
3TM5,2024-06-13,nieobecność,28
3TM5,2024-06-14,nieob. uspraw.,108
3TM5,2024-06-17,nieob. uspraw.,159
3TM5,2024-06-18,nieobecność,153
3TM5,2024-06-19,nieobecność,174
3TM5,2024-06-20,nieobecność,178
3TM5,2023-09-05,nieob. uspraw.,6
3TM5,2023-09-08,nieob. uspraw.,16
3TM5,2023-09-11,obecność,126
3TM5,2023-09-13,obecność,159
3TM5,2023-09-14,nieob. uspr. p.s.,21
3TM5,2023-09-14,obecność,110
3TM5,2023-09-15,obecność,140
3TM5,2023-09-21,nieob. uspraw.,8
3TM5,2023-09-25,obecność,123
3TM5,2023-09-26,nieob. uspraw.,5
3TM5,2023-09-27,spóźnienie,5
3TM5,2023-09-28,nieob. uspraw.,15
3TM5,2023-10-02,nieob. uspraw.,20
3TM5,2023-10-09,nieob. uspraw.,8
3TM5,2023-10-10,nieob. uspraw.,18
3TM5,2023-10-16,nieob. uspraw.,38
3TM5,2023-10-19,nieob. uspraw.,33
3TM5,2023-10-20,nieobecność,12
3TM5,2023-10-20,nieob. uspr. p.s.,7
3TM5,2023-10-23,nieob. uspraw.,9
3TM5,2023-10-27,nieob. uspraw.,24
3TM5,2023-10-30,nieob. uspraw.,24
3TM5,2023-11-10,nieob. uspraw.,33
3TM5,2023-11-17,obecność,136
3TM5,2023-11-20,nieob. uspraw.,13
3TM5,2023-11-21,nieob. uspraw.,21
3TM5,2023-11-29,nieob. uspr. p.s.,76
3TM5,2023-11-30,nieob. uspr. p.s.,86
3TM5,2023-12-05,nieob. uspraw.,16
3TM5,2023-12-13,nieob. uspraw.,1
3TM5,2023-12-15,nieob. uspraw.,12
3TM5,2023-12-19,nieob. uspraw.,12
3TM5,2023-12-20,obecność,119
3TM5,2024-01-03,nieob. uspr. p.s.,18
3TM5,2024-01-03,nieob. uspraw.,11
3TM5,2024-01-05,nieob. uspraw.,14
3TM5,2024-01-08,nieob. uspraw.,33
3TM5,2024-01-10,nieob. uspraw.,2
3TM5,2024-01-11,nieob. uspraw.,10
3TM5,2024-01-30,spóźnienie,4
3TM5,2024-02-02,nieob. uspraw.,21
3TM5,2024-02-02,nieob. uspr. p.s.,30
3TM5,2024-02-08,nieob. uspraw.,10
3TM5,2024-02-08,nieobecność,7
3TM5,2024-02-09,obecność,63
3TM5,2024-02-12,nieob. uspraw.,24
3TM5,2024-02-15,nieob. uspr. p.s.,23
3TM5,2024-02-16,nieob. uspraw.,12
3TM5,2024-02-16,nieob. uspr. p.s.,24
3TM5,2024-02-20,nieob. uspraw.,67
3TM5,2024-03-07,nieob. uspraw.,3
3TM5,2024-03-07,spóźn. uspr.,1
3TM5,2024-03-08,nieob. uspraw.,3
3TM5,2024-03-13,nieob. uspraw.,6
3TM5,2024-03-22,nieob. uspr. p.s.,8
3TM5,2024-03-26,nieob. uspraw.,9
3TM5,2024-03-27,spóźnienie,5
3TM5,2024-04-08,nieob. uspraw.,24
3TM5,2024-04-10,spóźn. uspr.,1
3TM5,2024-04-11,nieob. uspr. p.s.,19
3TM5,2024-04-16,nieob. uspr. p.s.,20
3TM5,2024-04-17,nieob. uspraw.,1
3TM5,2024-04-22,obecność,104
3TM5,2024-04-22,nieobecność,56
3TM5,2024-04-23,obecność,131
3TM5,2024-04-24,spóźn. uspr.,1
3TM5,2024-04-24,spóźnienie,8
3TM5,2024-05-22,obecność,136
3TM5,2024-05-27,nieob. uspraw.,11
3TM5,2024-05-28,nieob. uspraw.,8
3TM5,2024-05-29,spóźn. uspr.,1
3TM5,2024-05-29,nieob. uspraw.,3
3TM5,2024-06-03,nieob. uspraw.,97
3TM5,2024-06-05,spóźnienie,6
3TM5,2023-09-11,nieobecność,15
3TM5,2023-09-12,obecność,140
3TM5,2023-09-12,nieobecność,17
3TM5,2023-09-15,nieobecność,12
3TM5,2023-09-18,nieobecność,22
3TM5,2023-09-19,nieobecność,10
3TM5,2023-09-20,nieobecność,7
3TM5,2023-09-21,nieobecność,3
3TM5,2023-09-22,obecność,79
3TM5,2023-09-25,nieobecność,16
3TM5,2023-09-26,nieobecność,15
3TM5,2023-10-05,nieobecność,22
3TM5,2023-10-23,nieobecność,19
3TM5,2023-11-09,nieobecność,12
3TM5,2023-11-10,nieobecność,35
3TM5,2023-11-13,nieobecność,8
3TM5,2023-11-14,nieobecność,13
3TM5,2023-11-20,nieobecność,28
3TM5,2023-11-21,nieobecność,19
3TM5,2023-11-22,nieobecność,21
3TM5,2023-11-23,nieob. uspraw.,76
3TM5,2023-11-27,nieobecność,17
3TM5,2023-11-29,nieobecność,14
3TM5,2023-12-01,nieobecność,28
3TM5,2023-12-04,nieobecność,10
3TM5,2023-12-11,nieobecność,22
3TM5,2023-12-13,nieobecność,10
3TM5,2023-12-14,nieobecność,11
3TM5,2023-12-15,obecność,107
3TM5,2023-12-18,nieobecność,16
3TM5,2023-12-20,nieobecność,11
3TM5,2023-12-21,nieobecność,22
3TM5,2024-01-02,nieobecność,18
3TM5,2024-01-03,nieobecność,16
3TM5,2024-01-04,nieobecność,22
3TM5,2024-01-05,nieobecność,33
3TM5,2024-01-10,nieobecność,29
3TM5,2024-01-12,nieobecność,22
3TM5,2024-01-29,nieobecność,33
3TM5,2024-01-31,nieob. uspr. p.s.,25
3TM5,2024-02-01,nieobecność,16
3TM5,2024-02-02,nieobecność,4
3TM5,2024-02-05,nieobecność,13
3TM5,2024-02-09,nieobecność,52
3TM5,2024-02-13,nieob. uspr. p.s.,29
3TM5,2024-02-16,nieobecność,27
3TM5,2024-02-21,nieob. uspraw.,24
3TM5,2024-02-22,nieob. uspraw.,15
3TM5,2024-02-23,nieob. uspraw.,12
3TM5,2024-02-26,nieob. uspraw.,27
3TM5,2024-02-27,nieob. uspraw.,14
3TM5,2024-03-07,nieobecność,30
3TM5,2024-03-08,nieobecność,12
3TM5,2024-03-18,nieob. uspraw.,8
3TM5,2024-03-19,nieobecność,38
3TM5,2024-03-22,nieob. uspraw.,63
3TM5,2024-03-26,obecność,92
3TM5,2024-04-03,nieobecność,22
3TM5,2024-04-10,nieobecność,22
3TM5,2024-04-12,nieob. uspr. p.s.,34
3TM5,2024-04-15,nieob. uspr. p.s.,32
3TM5,2024-04-18,obecność,101
3TM5,2024-04-19,nieob. uspr. p.s.,18
3TM5,2024-05-20,nieobecność,33
3TM5,2024-05-21,nieobecność,26
3TM5,2024-05-23,obecność,118
3TM5,2024-06-11,spóźnienie,1
3TM5,2023-09-06,nieob. uspr. p.s.,6
3TM5,2023-09-07,nieob. uspr. p.s.,8
3TM5,2023-09-08,nieob. uspr. p.s.,10
3TM5,2023-09-11,nieob. uspr. p.s.,8
3TM5,2023-09-12,nieob. uspr. p.s.,10
3TM5,2023-09-13,nieob. uspr. p.s.,9
3TM5,2023-09-15,nieob. uspr. p.s.,8
3TM5,2023-09-19,nieob. uspr. p.s.,13
3TM5,2023-09-20,nieob. uspr. p.s.,14
3TM5,2023-09-22,nieob. uspr. p.s.,12
3TM5,2023-09-29,nieob. uspr. p.s.,9
3TM5,2023-10-03,spóźnienie,3
3TM5,2023-10-04,nieobecność,5
3TM5,2023-10-09,nieobecność,20
3TM5,2023-10-12,spóźnienie,4
3TM5,2023-10-24,nieobecność,17
3TM5,2023-10-25,nieobecność,7
3TM5,2023-10-26,nieobecność,11
3TM5,2023-10-27,nieobecność,6
3TM5,2023-11-02,spóźnienie,1
3TM5,2023-11-03,spóźnienie,1
3TM5,2023-11-03,nieobecność,16
3TM5,2023-11-07,nieobecność,10
3TM5,2023-11-08,nieobecność,23
3TM5,2023-11-15,nieobecność,6
3TM5,2023-11-16,nieobecność,1
3TM5,2023-11-17,nieobecność,10
3TM5,2023-11-23,spóźnienie,1
3TM5,2023-11-24,nieobecność,14
3TM5,2023-12-05,nieobecność,8
3TM5,2023-12-07,nieobecność,7
3TM5,2023-12-08,nieobecność,12
3TM5,2023-12-12,nieobecność,12
3TM5,2023-12-14,spóźnienie,1
3TM5,2024-01-09,nieobecność,20
3TM5,2024-02-05,spóźnienie,6
3TM5,2024-02-13,nieobecność,18
3TM5,2024-02-14,nieobecność,5
3TM5,2024-02-19,nieobecność,18
3TM5,2024-02-20,nieobecność,16
3TM5,2024-02-21,nieobecność,26
3TM5,2024-02-23,spóźnienie,4
3TM5,2024-02-26,nieobecność,22
3TM5,2024-02-27,nieobecność,11
3TM5,2024-02-28,nieobecność,12
3TM5,2024-02-29,nieobecność,20
3TM5,2024-03-01,nieobecność,24
3TM5,2024-03-04,nieobecność,26
3TM5,2024-03-13,nieobecność,14
3TM5,2024-03-14,nieobecność,24
3TM5,2024-03-18,nieobecność,30
3TM5,2024-03-25,nieobecność,25
3TM5,2024-03-27,nieobecność,22
3TM5,2024-04-03,nieob. uspraw.,15
3TM5,2024-04-03,spóźnienie,3
3TM5,2024-04-11,nieobecność,23
3TM5,2024-04-16,nieobecność,17
3TM5,2024-04-17,spóźnienie,2
3TM5,2024-04-17,nieobecność,23
3TM5,2024-04-19,nieobecność,28
3TM5,2024-04-23,nieobecność,27
3TM5,2024-05-23,spóźnienie,1
3TM5,2024-05-29,spóźnienie,6
3TM5,2024-06-10,nieob. uspraw.,77
3TM5,2023-11-27,nieob. uspraw.,4
3TM5,2023-11-28,nieob. uspraw.,14
3TM5,2023-11-30,spóźnienie,3
3TM5,2023-11-30,nieob. uspraw.,47
3TM5,2024-02-07,nieob. uspr. p.s.,20
3TM5,2024-03-11,nieobecność,26
3TM5,2024-03-15,nieobecność,35
3TM5,2024-04-17,nieob. uspr. p.s.,30
3TM5,2024-06-03,nieobecność,7
3TM5,2024-06-04,spóźnienie,10
3TM5,2024-06-12,nieob. uspraw.,105
3TM5,2024-06-13,nieob. uspraw.,96
3TM5,2023-09-25,nieob. uspraw.,29
3TM5,2023-09-28,zwolniony,1
3TM5,2023-09-29,nieob. uspraw.,22
3TM5,2023-10-31,nieob. uspraw.,36
3TM5,2023-11-02,nieob. uspraw.,54
3TM5,2023-11-03,nieob. uspraw.,21
3TM5,2023-11-06,nieob. uspr. p.s.,2
3TM5,2023-11-07,nieob. uspr. p.s.,1
3TM5,2023-11-22,nieob. uspraw.,26
3TM5,2023-12-01,nieob. uspraw.,30
3TM5,2024-01-12,nieob. uspraw.,24
3TM5,2024-01-30,nieob. uspr. p.s.,17
3TM5,2024-01-30,spóźn. uspr.,3
3TM5,2024-02-05,nieob. uspraw.,8
3TM5,2024-02-06,nieob. uspraw.,10
3TM5,2024-02-19,nieob. uspraw.,40
3TM5,2024-02-28,nieob. uspr. p.s.,7
3TM5,2024-03-11,nieob. uspraw.,16
3TM5,2024-03-27,nieob. uspraw.,10
3TM5,2024-04-26,nieob. uspraw.,27
3TM5,2024-05-20,nieob. uspraw.,11
3TM5,2024-05-21,nieob. uspraw.,11
3TM5,2024-05-22,nieob. uspraw.,9
3TM5,2024-05-23,nieob. uspraw.,7
3TM5,2024-06-11,obecność,1
3TM5,2024-06-18,obecność,1
3TM5,2023-09-07,nieob. uspraw.,18
3TM5,2023-09-27,nieob. uspraw.,15
3TM5,2023-10-31,nieobecność,30
3TM5,2023-11-02,nieobecność,28
3TM5,2023-11-24,nieob. uspraw.,21
3TM5,2023-12-04,nieob. uspraw.,14
3TM5,2023-12-06,nieob. uspraw.,6
3TM5,2023-12-07,nieob. uspraw.,6
3TM5,2023-12-08,nieob. uspraw.,12
3TM5,2024-01-12,nieob. uspr. p.s.,7
3TM5,2024-01-12,spóźn. uspr.,1
3TM5,2024-02-15,nieobecność,4
3TM5,2024-02-22,nieob. uspr. p.s.,28
3TM5,2024-04-12,nieobecność,7
3TM5,2023-09-18,nieob. uspraw.,37
3TM5,2023-09-20,spóźn. uspr.,1
3TM5,2023-10-04,nieob. uspraw.,10
3TM5,2023-10-12,nieob. uspraw.,9
3TM5,2023-10-20,nieob. uspraw.,7
3TM5,2023-10-26,spóźn. uspr.,1
3TM5,2023-11-07,spóźn. uspr.,2
3TM5,2023-11-08,nieob. uspraw.,1
3TM5,2023-11-14,nieob. uspraw.,17
3TM5,2023-11-15,nieob. uspraw.,8
3TM5,2023-12-12,nieob. uspr. p.s.,9
3TM5,2023-12-14,nieob. uspr. p.s.,5
3TM5,2023-12-18,nieob. uspr. p.s.,12
3TM5,2023-12-20,nieob. uspr. p.s.,16
3TM5,2024-01-08,nieob. uspr. p.s.,16
3TM5,2024-01-10,nieob. uspr. p.s.,16
3TM5,2024-01-29,nieob. uspraw.,16
3TM5,2024-01-30,nieob. uspraw.,11
3TM5,2024-02-01,spóźn. uspr.,1
3TM5,2024-02-05,spóźn. uspr.,1
3TM5,2024-02-07,nieob. uspraw.,22
3TM5,2024-02-28,nieob. uspraw.,6
3TM5,2024-03-06,nieobecność,26
3TM5,2024-03-12,nieob. uspraw.,8
3TM5,2024-03-19,nieob. uspraw.,9
3TM5,2024-04-03,spóźn. uspr.,1
3TM5,2024-04-10,nieob. uspraw.,2
3TM5,2024-04-11,nieob. uspraw.,10
3TM5,2023-09-13,nieobecność,7
3TM5,2023-09-22,spóźnienie,2
3TM5,2023-10-06,nieobecność,11
3TM5,2023-10-17,nieobecność,3
3TM5,2023-10-18,nieobecność,5
3TM5,2023-10-30,nieobecność,8
3TM5,2023-11-10,spóźnienie,1
3TM5,2024-01-02,nieob. uspraw.,24
3TM5,2024-01-04,nieob. uspraw.,8
3TM5,2024-01-31,nieobecność,13
3TM5,2024-02-23,nieob. uspr. p.s.,11
3TM5,2024-03-06,spóźnienie,2
3TM5,2024-04-09,nieobecność,10
3TM5,2024-05-22,nieobecność,25
3TM5,2024-05-23,nieobecność,1
3TM5,2024-06-05,nieob. uspraw.,32
3TM5,2023-12-11,nieob. uspr. p.s.,5
3TM5,2024-02-07,nieobecność,3
3TM5,2024-03-14,nieob. uspraw.,7
3TM5,2024-03-25,nieob. uspraw.,8
3TM5,2024-04-15,nieob. uspraw.,11
3TM5,2023-10-17,nieob. uspraw.,14
3TM5,2023-10-18,nieob. uspraw.,13
3TM5,2024-01-09,nieob. uspraw.,20
3TM5,2024-01-31,nieob. uspraw.,8
3TM5,2024-04-09,nieob. uspraw.,6
3TM5,2024-06-04,nieob. uspraw.,33
3TM5,2024-06-11,nieob. uspr. p.s.,54
3TM5,2023-09-07,nieobecność,6
3TM5,2023-09-20,nieob. uspraw.,5
3TM5,2023-10-03,nieobecność,2
3TM5,2023-10-11,nieobecność,8
3TM5,2023-10-24,nieob. uspraw.,9
3TM5,2023-11-13,nieob. uspraw.,13
3TM5,2023-12-19,spóźnienie,3
3TM5,2024-01-04,spóźnienie,1
3TM5,2024-02-21,nieob. uspr. p.s.,18
3TM5,2024-03-18,nieob. uspr. p.s.,20
3TM5,2024-04-08,nieobecność,24
3TM5,2024-04-12,spóźnienie,2
3TM5,2023-09-19,spóźn. uspr.,1
3TM5,2023-10-02,nieob. uspr. p.s.,6
3TM5,2023-10-03,spóźn. uspr.,1
3TM5,2023-10-04,nieob. uspr. p.s.,3
3TM5,2023-10-05,nieob. uspraw.,3
3TM5,2023-10-11,nieob. uspr. p.s.,6
3TM5,2023-10-12,nieob. uspr. p.s.,15
3TM5,2023-11-07,nieob. uspraw.,2
3TM5,2023-11-08,nieob. uspr. p.s.,16
3TM5,2023-11-10,nieob. uspr. p.s.,3
3TM5,2023-11-20,zwolniony,4
3TM5,2023-11-21,nieob. uspr. p.s.,21
3TM5,2023-12-11,nieob. uspraw.,13
3TM5,2024-01-02,nieob. uspr. p.s.,17
3TM5,2024-02-02,spóźnienie,1
3TM5,2024-02-16,spóźnienie,2
3TM5,2024-02-20,spóźnienie,1
3TM5,2024-02-26,spóźnienie,2
3TM5,2024-03-06,nieob. uspraw.,9
3TM5,2024-03-08,spóźnienie,1
3TM5,2024-03-13,spóźnienie,1
3TM5,2024-03-18,spóźnienie,1
3TM5,2024-04-11,spóźnienie,1
3TM5,2024-05-22,spóźnienie,4
3TM5,2024-06-17,obecność,25
3TM5,2024-06-19,obecność,6
3TM5,2023-10-04,spóźnienie,1
3TM5,2023-10-09,nieob. uspr. p.s.,5
3TM5,2023-10-26,spóźnienie,1
3TM5,2023-12-01,spóźnienie,1
3TM5,2023-12-13,spóźnienie,2
3TM5,2023-12-15,spóźnienie,1
3TM5,2024-01-10,spóźnienie,1
3TM5,2024-02-01,spóźnienie,1
3TM5,2024-02-08,nieob. uspr. p.s.,5
3TM5,2024-02-19,nieob. uspr. p.s.,8
3TM5,2024-03-15,nieob. uspraw.,7
3TM5,2024-05-21,spóźnienie,1
3TM5,2023-12-11,spóźnienie,1
3TM5,2023-12-13,nieob. uspr. p.s.,3
3TM5,2023-12-15,nieob. uspr. p.s.,5
3TM5,2023-12-19,nieob. uspr. p.s.,11
3TM5,2024-01-09,nieob. uspr. p.s.,14
3TM5,2024-01-11,nieob. uspr. p.s.,5
3TM5,2024-02-01,nieob. uspr. p.s.,14
3TM5,2024-02-05,nieob. uspr. p.s.,18
3TM5,2024-06-10,obecność,17
3TM5,2023-09-14,nieobecność,2
3TM5,2023-09-19,nieob. uspraw.,16
3TM5,2023-09-22,nieobecność,15
3TM5,2023-10-06,nieob. uspraw.,4
3TM5,2023-11-29,nieob. uspraw.,11
3TM5,2023-12-19,nieobecność,13
3TM5,2024-02-15,nieob. uspraw.,7
3TM5,2024-02-26,nieob. uspr. p.s.,9
3TM5,2024-04-08,nieob. uspr. p.s.,5
3TM5,2024-04-16,nieob. uspraw.,7
3TM5,2024-04-23,nieob. uspraw.,8
3TM5,2024-04-24,nieob. uspr. p.s.,2
3TM5,2024-05-20,nieob. uspr. p.s.,10
3TM5,2024-06-03,nieob. uspr. p.s.,6
3TM5,2023-11-23,nieobecność,4
3TM5,2023-12-06,nieobecność,6
3TM5,2024-03-14,spóźnienie,1
3TM5,2024-04-10,spóźnienie,2
3TM5,2023-12-14,nieob. uspraw.,6
3TM5,2024-02-09,nieob. uspr. p.s.,13
3TM5,2024-02-13,nieob. uspraw.,8
3TM5,2024-03-01,nieob. uspraw.,7
3TM5,2023-10-05,nieob. uspr. p.s.,2
3TM5,2023-10-10,nieob. uspr. p.s.,1
3TM5,2023-10-16,nieob. uspr. p.s.,1
3TM5,2023-10-18,nieob. uspr. p.s.,4
3TM5,2023-10-26,nieob. uspr. p.s.,7
3TM5,2023-11-16,nieob. uspr. p.s.,7
3TM5,2024-03-19,nieob. uspr. p.s.,6
3TM5,2024-04-03,nieob. uspr. p.s.,5
3TM5,2024-05-22,spóźn. uspr.,1
3TM5,2024-06-05,spóźn. uspr.,2
3TM5,2024-06-07,nieob. uspr. p.s.,7
3TM5,2024-06-18,nieob. uspraw.,7
3TM5,2024-06-19,nieob. uspraw.,4
3TM5,2024-06-20,nieob. uspraw.,5
3TM5,2023-11-09,nieob. uspraw.,8
3TM5,2024-02-12,nieob. uspr. p.s.,6
3TM5,2024-02-14,nieob. uspr. p.s.,14
3TM5,2024-02-20,nieob. uspr. p.s.,13
3TM5,2024-02-27,nieob. uspr. p.s.,14
3TM5,2024-03-01,nieob. uspr. p.s.,14
3TM5,2024-04-04,nieob. uspraw.,8
3TM5,2024-06-12,nieob. uspr. p.s.,28
3TM5,2023-09-06,nieobecność,7
3TM5,2023-09-19,spóźnienie,1
3TM5,2023-09-28,nieobecność,3
3TM5,2024-01-31,spóźn. uspr.,1
3TM5,2024-02-01,nieob. uspraw.,2
3TM5,2024-03-12,spóźnienie,1
3TM5,2024-06-13,obecność,2
3TM5,2023-09-06,nieob. uspraw.,8
3TM5,2023-10-19,nieobecność,5
3TM5,2023-10-25,nieob. uspraw.,7
3TM5,2023-10-26,nieob. uspraw.,7
3TM5,2024-04-24,nieob. uspraw.,8
3TM5,2024-06-20,obecność,1
3TW5,2023-09-04,obecność,198
3TW5,2023-09-05,obecność,147
3TW5,2023-09-06,obecność,166
3TW5,2023-09-07,obecność,154
3TW5,2023-09-08,obecność,152
3TW5,2023-09-11,obecność,152
3TW5,2023-09-12,obecność,169
3TW5,2023-09-13,obecność,152
3TW5,2023-09-14,obecność,92
3TW5,2023-09-15,obecność,134
3TW5,2023-09-18,obecność,134
3TW5,2023-09-19,obecność,153
3TW5,2023-09-20,nieob. uspr. p.s.,10
3TW5,2023-09-20,obecność,150
3TW5,2023-09-21,nieob. uspr. p.s.,14
3TW5,2023-09-22,obecność,140
3TW5,2023-09-25,obecność,146
3TW5,2023-09-26,obecność,159
3TW5,2023-09-27,obecność,142
3TW5,2023-09-27,nieob. uspr. p.s.,11
3TW5,2023-09-28,obecność,162
3TW5,2023-09-29,obecność,156
3TW5,2023-10-02,obecność,159
3TW5,2023-10-03,obecność,156
3TW5,2023-10-04,obecność,123
3TW5,2023-10-05,nieob. uspr. p.s.,3
3TW5,2023-10-05,obecność,149
3TW5,2023-10-06,obecność,111
3TW5,2023-10-09,obecność,151
3TW5,2023-10-10,obecność,139
3TW5,2023-10-11,obecność,155
3TW5,2023-10-11,nieob. uspr. p.s.,9
3TW5,2023-10-12,nieob. uspr. p.s.,18
3TW5,2023-10-12,obecność,142
3TW5,2023-10-16,obecność,145
3TW5,2023-10-17,obecność,129
3TW5,2023-10-18,nieob. uspr. p.s.,16
3TW5,2023-10-18,obecność,137
3TW5,2023-10-19,obecność,157
3TW5,2023-10-20,obecność,111
3TW5,2023-10-23,obecność,141
3TW5,2023-10-24,obecność,138
3TW5,2023-10-25,nieob. uspraw.,18
3TW5,2023-10-26,nieob. uspraw.,25
3TW5,2023-10-27,nieob. uspraw.,21
3TW5,2023-10-30,nieob. uspraw.,32
3TW5,2023-10-31,nieob. uspraw.,55
3TW5,2023-11-02,obecność,64
3TW5,2023-11-03,obecność,96
3TW5,2023-11-06,obecność,130
3TW5,2023-11-07,obecność,119
3TW5,2023-11-08,obecność,154
3TW5,2023-11-09,obecność,158
3TW5,2023-11-10,obecność,113
3TW5,2023-11-13,obecność,143
3TW5,2023-11-14,obecność,128
3TW5,2023-11-15,obecność,129
3TW5,2023-11-16,nieob. uspraw.,88
3TW5,2023-11-17,nieob. uspr. p.s.,15
3TW5,2023-11-20,obecność,153
3TW5,2023-11-21,obecność,108
3TW5,2023-11-22,obecność,128
3TW5,2023-11-23,nieob. uspraw.,71
3TW5,2023-11-24,nieob. uspr. p.s.,8
3TW5,2023-11-24,obecność,101
3TW5,2023-11-27,obecność,135
3TW5,2023-11-28,obecność,103
3TW5,2023-11-29,obecność,147
3TW5,2023-11-30,obecność,155
3TW5,2023-12-01,obecność,116
3TW5,2023-12-04,obecność,137
3TW5,2023-12-05,obecność,144
3TW5,2023-12-06,nieob. uspr. p.s.,158
3TW5,2023-12-07,nieob. uspraw.,24
3TW5,2023-12-08,obecność,91
3TW5,2023-12-08,nieob. uspraw.,47
3TW5,2023-12-11,nieob. uspraw.,47
3TW5,2023-12-12,nieob. uspraw.,31
3TW5,2023-12-13,nieob. uspraw.,25
3TW5,2023-12-14,nieob. uspr. p.s.,16
3TW5,2023-12-15,nieob. uspr. p.s.,9
3TW5,2023-12-18,nieob. uspr. p.s.,14
3TW5,2023-12-19,obecność,123
3TW5,2023-12-20,nieob. uspr. p.s.,25
3TW5,2023-12-21,nieob. uspraw.,34
3TW5,2024-01-02,nieob. uspraw.,80
3TW5,2024-01-03,nieob. uspraw.,19
3TW5,2024-01-04,nieob. uspraw.,26
3TW5,2024-01-05,nieob. uspraw.,7
3TW5,2024-01-08,obecność,94
3TW5,2024-01-09,obecność,107
3TW5,2024-01-10,obecność,115
3TW5,2024-01-11,nieob. uspr. p.s.,6
3TW5,2024-01-11,obecność,143
3TW5,2024-01-12,obecność,131
3TW5,2024-01-29,obecność,134
3TW5,2024-01-30,obecność,140
3TW5,2024-01-31,obecność,139
3TW5,2024-02-01,obecność,128
3TW5,2024-02-02,obecność,117
3TW5,2024-02-05,obecność,150
3TW5,2024-02-06,obecność,145
3TW5,2024-02-07,obecność,165
3TW5,2024-02-08,obecność,136
3TW5,2024-02-09,obecność,122
3TW5,2024-02-12,obecność,134
3TW5,2024-02-13,obecność,144
3TW5,2024-02-14,obecność,129
3TW5,2024-02-15,obecność,161
3TW5,2024-02-16,obecność,112
3TW5,2024-02-19,obecność,152
3TW5,2024-02-20,obecność,135
3TW5,2024-02-21,obecność,145
3TW5,2024-02-22,obecność,144
3TW5,2024-02-23,obecność,102
3TW5,2024-02-26,obecność,136
3TW5,2024-02-27,obecność,139
3TW5,2024-02-28,obecność,161
3TW5,2024-02-29,obecność,159
3TW5,2024-03-01,obecność,135
3TW5,2024-03-04,obecność,149
3TW5,2024-03-05,obecność,146
3TW5,2024-03-06,obecność,108
3TW5,2024-03-07,obecność,89
3TW5,2024-03-07,nieob. uspr. p.s.,31
3TW5,2024-03-08,obecność,142
3TW5,2024-03-11,obecność,119
3TW5,2024-03-12,obecność,132
3TW5,2024-03-12,nieob. uspr. p.s.,15
3TW5,2024-03-13,obecność,126
3TW5,2024-03-13,nieob. uspr. p.s.,33
3TW5,2024-03-14,obecność,143
3TW5,2024-03-15,obecność,140
3TW5,2024-03-18,nieob. uspr. p.s.,41
3TW5,2024-03-19,nieob. uspr. p.s.,26
3TW5,2024-03-19,obecność,133
3TW5,2024-03-20,nieob. uspr. p.s.,38
3TW5,2024-03-21,nieob. uspraw.,128
3TW5,2024-03-22,nieob. uspr. p.s.,17
3TW5,2024-03-25,obecność,132
3TW5,2024-03-26,obecność,118
3TW5,2024-03-27,obecność,133
3TW5,2024-04-03,obecność,133
3TW5,2024-04-04,obecność,143
3TW5,2024-04-05,obecność,112
3TW5,2024-04-08,obecność,123
3TW5,2024-04-09,obecność,121
3TW5,2024-04-09,nieob. uspraw.,18
3TW5,2024-04-10,obecność,139
3TW5,2024-04-11,obecność,158
3TW5,2024-04-12,obecność,96
3TW5,2024-04-15,obecność,119
3TW5,2024-04-16,obecność,101
3TW5,2024-04-17,obecność,118
3TW5,2024-04-18,obecność,164
3TW5,2024-04-19,obecność,123
3TW5,2024-04-22,nieob. uspraw.,32
3TW5,2024-04-23,nieob. uspraw.,31
3TW5,2024-04-24,nieob. uspraw.,32
3TW5,2024-04-25,nieob. uspraw.,40
3TW5,2024-04-26,nieob. uspraw.,84
3TW5,2024-05-06,obecność,121
3TW5,2024-05-07,obecność,128
3TW5,2024-05-08,obecność,80
3TW5,2024-05-09,obecność,104
3TW5,2024-05-10,obecność,85
3TW5,2024-05-13,obecność,132
3TW5,2024-05-14,obecność,121
3TW5,2024-05-15,obecność,68
3TW5,2024-05-16,obecność,130
3TW5,2024-05-17,obecność,101
3TW5,2024-05-20,obecność,154
3TW5,2024-05-21,obecność,118
3TW5,2024-05-22,obecność,120
3TW5,2024-05-23,obecność,158
3TW5,2024-05-24,obecność,153
3TW5,2024-05-27,obecność,137
3TW5,2024-05-28,obecność,153
3TW5,2024-05-29,obecność,143
3TW5,2024-06-03,obecność,136
3TW5,2024-06-04,obecność,120
3TW5,2024-06-04,nieob. uspraw.,37
3TW5,2024-06-05,nieob. uspraw.,144
3TW5,2024-06-06,obecność,103
3TW5,2024-06-07,nieob. uspraw.,91
3TW5,2024-06-10,nieob. uspraw.,109
3TW5,2024-06-11,nieob. uspraw.,147
3TW5,2024-06-12,nieob. uspr. p.s.,16
3TW5,2024-06-14,nieob. uspraw.,119
3TW5,2024-06-17,nieob. uspraw.,161
3TW5,2024-06-18,nieob. uspraw.,153
3TW5,2024-06-18,obecność,1
3TW5,2024-06-19,nieob. uspraw.,176
3TW5,2024-06-20,nieob. uspraw.,176
3TW5,2024-06-21,obecność,152
3TW5,2024-06-21,,22
3TW5,2023-09-14,nieob. uspr. p.s.,59
3TW5,2023-09-19,nieob. uspr. p.s.,9
3TW5,2023-09-21,obecność,119
3TW5,2023-09-29,nieob. uspraw.,13
3TW5,2023-10-10,spóźnienie,1
3TW5,2023-10-17,nieob. uspraw.,37
3TW5,2023-10-18,spóźnienie,4
3TW5,2023-10-19,nieobecność,1
3TW5,2023-10-19,spóźnienie,4
3TW5,2023-10-23,nieob. uspr. p.s.,8
3TW5,2023-10-23,nieobecność,3
3TW5,2023-10-25,obecność,153
3TW5,2023-10-25,spóźn. uspr.,2
3TW5,2023-10-26,obecność,149
3TW5,2023-10-27,obecność,127
3TW5,2023-10-27,spóźn. uspr.,1
3TW5,2023-10-30,obecność,138
3TW5,2023-10-31,obecność,114
3TW5,2023-11-02,nieob. uspraw.,102
3TW5,2023-11-06,nieob. uspr. p.s.,14
3TW5,2023-11-08,nieob. uspr. p.s.,12
3TW5,2023-11-09,nieob. uspr. p.s.,17
3TW5,2023-11-10,nieob. uspraw.,5
3TW5,2023-11-13,nieob. uspraw.,9
3TW5,2023-11-14,nieob. uspr. p.s.,14
3TW5,2023-11-15,nieob. uspr. p.s.,14
3TW5,2023-11-17,obecność,65
3TW5,2023-11-22,nieob. uspr. p.s.,16
3TW5,2023-11-23,obecność,95
3TW5,2023-11-24,nieob. uspraw.,9
3TW5,2023-11-27,nieob. uspraw.,19
3TW5,2023-12-07,obecność,133
3TW5,2023-12-11,obecność,88
3TW5,2023-12-12,obecność,131
3TW5,2023-12-12,spóźn. uspr.,1
3TW5,2023-12-13,obecność,135
3TW5,2023-12-14,obecność,152
3TW5,2023-12-15,obecność,81
3TW5,2023-12-18,obecność,116
3TW5,2023-12-19,nieob. uspr. p.s.,18
3TW5,2023-12-20,obecność,141
3TW5,2023-12-21,obecność,157
3TW5,2024-01-03,obecność,127
3TW5,2024-01-03,spóźnienie,13
3TW5,2024-01-03,nieobecność,4
3TW5,2024-01-04,obecność,132
3TW5,2024-01-05,obecność,135
3TW5,2024-01-05,spóźnienie,4
3TW5,2024-01-11,nieob. uspraw.,7
3TW5,2024-01-12,spóźn. uspr.,1
3TW5,2024-02-06,nieob. uspr. p.s.,12
3TW5,2024-02-07,spóźn. uspr.,1
3TW5,2024-02-08,nieob. uspr. p.s.,16
3TW5,2024-02-13,nieob. uspraw.,20
3TW5,2024-02-14,spóźnienie,3
3TW5,2024-02-19,nieob. uspr. p.s.,16
3TW5,2024-02-20,nieob. uspr. p.s.,25
3TW5,2024-02-21,spóźnienie,3
3TW5,2024-02-28,spóźnienie,6
3TW5,2024-03-06,spóźnienie,3
3TW5,2024-03-07,nieob. uspraw.,12
3TW5,2024-03-08,nieob. uspraw.,9
3TW5,2024-03-11,spóźnienie,2
3TW5,2024-03-18,nieob. uspraw.,16
3TW5,2024-03-19,nieob. uspraw.,10
3TW5,2024-03-20,nieob. uspraw.,99
3TW5,2024-03-22,nieob. uspraw.,23
3TW5,2024-03-25,nieob. uspraw.,17
3TW5,2024-03-26,nieob. uspraw.,38
3TW5,2024-03-27,nieob. uspr. p.s.,22
3TW5,2024-04-03,nieob. uspr. p.s.,18
3TW5,2024-04-04,nieob. uspraw.,17
3TW5,2024-04-05,nieob. uspraw.,26
3TW5,2024-04-08,nieob. uspr. p.s.,20
3TW5,2024-04-12,nieob. uspr. p.s.,30
3TW5,2024-04-16,nieob. uspraw.,36
3TW5,2024-04-17,nieob. uspraw.,35
3TW5,2024-04-22,obecność,143
3TW5,2024-04-23,obecność,111
3TW5,2024-04-24,obecność,127
3TW5,2024-04-26,obecność,68
3TW5,2024-05-06,nieob. uspr. p.s.,26
3TW5,2024-05-08,nieob. uspraw.,30
3TW5,2024-05-09,nieob. uspraw.,56
3TW5,2024-05-10,nieob. uspraw.,53
3TW5,2024-05-13,nieob. uspraw.,25
3TW5,2024-05-14,spóźnienie,2
3TW5,2024-05-16,nieob. uspraw.,14
3TW5,2024-05-20,spóźnienie,3
3TW5,2024-05-21,nieob. uspraw.,27
3TW5,2024-05-22,nieob. uspraw.,8
3TW5,2024-05-28,spóźnienie,2
3TW5,2024-06-04,spóźnienie,5
3TW5,2024-06-06,nieob. uspraw.,64
3TW5,2024-06-07,obecność,43
3TW5,2024-06-21,nieobecność,24
3TW5,2023-09-11,spóźnienie,2
3TW5,2023-09-29,nieob. uspr. p.s.,1
3TW5,2023-10-02,spóźnienie,1
3TW5,2023-10-06,nieob. uspr. p.s.,6
3TW5,2023-10-09,spóźnienie,1
3TW5,2023-10-20,nieob. uspraw.,18
3TW5,2023-11-03,nieob. uspraw.,42
3TW5,2023-11-06,spóźnienie,1
3TW5,2023-11-16,obecność,72
3TW5,2023-11-20,nieob. uspr. p.s.,11
3TW5,2023-11-24,nieobecność,12
3TW5,2023-11-27,nieob. uspr. p.s.,12
3TW5,2023-11-28,nieob. uspr. p.s.,8
3TW5,2023-12-01,nieob. uspr. p.s.,14
3TW5,2023-12-04,nieobecność,2
3TW5,2023-12-08,nieob. uspr. p.s.,14
3TW5,2023-12-15,nieob. uspraw.,20
3TW5,2023-12-18,nieob. uspraw.,24
3TW5,2024-01-04,nieob. uspr. p.s.,16
3TW5,2024-01-09,nieob. uspr. p.s.,31
3TW5,2024-02-16,nieob. uspraw.,21
3TW5,2024-03-01,nieobecność,4
3TW5,2024-03-14,nieob. uspr. p.s.,15
3TW5,2024-03-20,obecność,39
3TW5,2024-03-21,nieob. uspr. p.s.,40
3TW5,2024-03-22,obecność,114
3TW5,2024-04-08,nieob. uspraw.,26
3TW5,2024-04-23,nieob. uspr. p.s.,26
3TW5,2024-04-25,obecność,112
3TW5,2024-05-06,nieob. uspraw.,24
3TW5,2024-05-07,nieob. uspraw.,27
3TW5,2024-05-29,nieob. uspraw.,20
3TW5,2023-09-19,nieobecność,1
3TW5,2023-09-25,nieob. uspr. p.s.,1
3TW5,2023-09-26,nieob. uspr. p.s.,1
3TW5,2023-10-03,nieob. uspraw.,17
3TW5,2023-10-04,nieob. uspraw.,53
3TW5,2023-10-06,nieob. uspraw.,34
3TW5,2023-10-18,spóźn. uspr.,1
3TW5,2023-12-19,nieob. uspraw.,13
3TW5,2023-12-21,nieob. uspr. p.s.,3
3TW5,2024-01-11,nieobecność,7
3TW5,2024-02-06,nieobecność,3
3TW5,2024-02-12,nieob. uspr. p.s.,17
3TW5,2024-02-13,nieob. uspr. p.s.,2
3TW5,2024-02-14,nieob. uspr. p.s.,20
3TW5,2024-02-15,nieob. uspr. p.s.,7
3TW5,2024-02-16,nieob. uspr. p.s.,20
3TW5,2024-02-21,nieob. uspraw.,27
3TW5,2024-02-23,nieob. uspr. p.s.,6
3TW5,2024-02-26,nieob. uspr. p.s.,19
3TW5,2024-02-27,nieob. uspr. p.s.,13
3TW5,2024-02-28,nieob. uspr. p.s.,1
3TW5,2024-03-01,nieob. uspraw.,15
3TW5,2024-03-06,nieob. uspr. p.s.,20
3TW5,2024-03-12,nieob. uspraw.,18
3TW5,2024-03-13,nieob. uspraw.,15
3TW5,2024-03-14,nieob. uspraw.,16
3TW5,2024-03-18,obecność,106
3TW5,2024-03-25,nieob. uspr. p.s.,19
3TW5,2024-04-03,nieob. uspraw.,24
3TW5,2024-04-05,nieob. uspr. p.s.,14
3TW5,2024-04-11,zwolniony,2
3TW5,2024-04-15,nieob. uspr. p.s.,5
3TW5,2024-04-16,nieob. uspr. p.s.,10
3TW5,2024-04-24,nieobecność,2
3TW5,2024-05-08,nieob. uspr. p.s.,17
3TW5,2024-05-16,nieob. uspr. p.s.,15
3TW5,2024-05-17,nieob. uspraw.,30
3TW5,2024-05-27,nieobecność,4
3TW5,2024-05-28,nieob. uspraw.,16
3TW5,2024-06-12,nieob. uspraw.,30
3TW5,2024-06-13,nieob. uspraw.,40
3TW5,2023-10-10,nieob. uspraw.,27
3TW5,2023-10-11,nieob. uspraw.,8
3TW5,2023-10-12,nieob. uspraw.,16
3TW5,2023-11-14,nieob. uspraw.,6
3TW5,2023-11-15,nieob. uspraw.,30
3TW5,2023-11-17,nieob. uspraw.,28
3TW5,2024-01-02,obecność,94
3TW5,2024-01-03,nieob. uspr. p.s.,13
3TW5,2024-01-12,nieob. uspr. p.s.,14
3TW5,2024-01-29,nieob. uspr. p.s.,10
3TW5,2024-02-01,nieob. uspr. p.s.,16
3TW5,2024-02-05,nieob. uspraw.,24
3TW5,2024-02-06,nieob. uspraw.,9
3TW5,2024-02-07,nieob. uspraw.,8
3TW5,2024-02-08,nieob. uspraw.,24
3TW5,2024-02-09,nieob. uspraw.,29
3TW5,2024-02-22,nieob. uspraw.,16
3TW5,2024-02-23,nieob. uspraw.,24
3TW5,2024-05-09,nieob. uspr. p.s.,8
3TW5,2024-05-13,nieobecność,3
3TW5,2024-05-15,nieob. uspr. p.s.,5
3TW5,2024-05-17,nieob. uspr. p.s.,14
3TW5,2024-06-07,nieob. uspr. p.s.,12
3TW5,2024-06-11,obecność,16
3TW5,2023-09-18,nieob. uspraw.,14
3TW5,2023-09-21,nieob. uspraw.,21
3TW5,2023-09-22,nieob. uspraw.,14
3TW5,2023-09-29,nieobecność,1
3TW5,2023-10-05,nieob. uspraw.,24
3TW5,2024-02-06,zwolniony,1
3TW5,2024-02-13,zwolniony,4
3TW5,2024-02-14,zwolniony,2
3TW5,2024-02-20,nieob. uspraw.,16
3TW5,2024-03-12,nieobecność,3
3TW5,2024-03-13,nieobecność,2
3TW5,2024-04-23,zwolniony,1
3TW5,2023-09-15,nieob. uspraw.,40
3TW5,2023-10-03,zwolniony,3
3TW5,2023-10-26,nieob. uspr. p.s.,2
3TW5,2023-11-07,nieob. uspr. p.s.,14
3TW5,2023-11-13,nieob. uspr. p.s.,16
3TW5,2023-11-16,nieob. uspr. p.s.,16
3TW5,2023-11-28,zwolniony,2
3TW5,2023-12-06,nieob. uspraw.,16
3TW5,2024-01-09,nieob. uspraw.,26
3TW5,2024-01-10,nieob. uspraw.,20
3TW5,2024-02-14,nieob. uspraw.,19
3TW5,2024-02-26,nieob. uspraw.,15
3TW5,2024-03-12,zwolniony,1
3TW5,2024-03-26,nieob. uspr. p.s.,13
3TW5,2024-04-04,nieob. uspr. p.s.,16
3TW5,2023-09-13,nieob. uspraw.,24
3TW5,2023-09-14,nieob. uspraw.,23
3TW5,2023-10-10,zwolniony,3
3TW5,2023-10-11,zwolniony,3
3TW5,2023-10-16,nieob. uspraw.,24
3TW5,2023-10-18,nieob. uspraw.,17
3TW5,2023-10-23,zwolniony,2
3TW5,2023-10-24,nieob. uspraw.,32
3TW5,2023-11-02,nieobecność,9
3TW5,2023-11-06,nieobecność,8
3TW5,2023-11-08,nieob. uspraw.,9
3TW5,2023-11-15,zwolniony,3
3TW5,2023-11-22,nieob. uspraw.,8
3TW5,2023-11-28,nieob. uspraw.,11
3TW5,2023-12-04,nieob. uspraw.,18
3TW5,2023-12-05,zwolniony,1
3TW5,2023-12-06,zwolniony,2
3TW5,2023-12-12,nieobecność,1
3TW5,2023-12-13,nieobecność,2
3TW5,2023-12-21,nieobecność,2
3TW5,2024-01-29,nieob. uspraw.,32
3TW5,2024-01-30,nieobecność,2
3TW5,2024-01-31,nieob. uspraw.,37
3TW5,2024-02-01,nieob. uspraw.,32
3TW5,2024-02-02,nieob. uspraw.,22
3TW5,2024-02-09,zwolniony,2
3TW5,2024-02-12,nieob. uspraw.,24
3TW5,2024-03-14,nieobecność,2
3TW5,2024-04-23,nieobecność,1
3TW5,2024-05-10,nieobecność,2
3TW5,2024-05-15,nieob. uspraw.,31
3TW5,2024-06-03,nieob. uspraw.,24
3TW5,2023-09-27,nieob. uspraw.,23
3TW5,2023-09-28,nieob. uspraw.,14
3TW5,2023-09-29,zwolniony,5
3TW5,2023-10-09,nieob. uspraw.,24
3TW5,2023-10-19,nieob. uspraw.,6
3TW5,2023-10-23,nieob. uspraw.,16
3TW5,2023-11-02,spóźnienie,1
3TW5,2023-11-03,nieob. uspr. p.s.,14
3TW5,2023-11-06,nieob. uspraw.,16
3TW5,2023-11-07,nieob. uspraw.,17
3TW5,2023-11-20,nieob. uspraw.,3
3TW5,2023-11-21,nieob. uspraw.,14
3TW5,2023-11-22,spóźn. uspr.,1
3TW5,2023-11-27,spóźnienie,3
3TW5,2023-12-14,nieob. uspraw.,8
3TW5,2023-12-20,nieob. uspraw.,9
3TW5,2023-12-20,nieobecność,1
3TW5,2024-01-08,nieob. uspraw.,24
3TW5,2024-01-30,zwolniony,1
3TW5,2024-02-27,nieob. uspraw.,17
3TW5,2024-03-05,nieobecność,1
3TW5,2024-04-09,nieob. uspr. p.s.,14
3TW5,2024-04-10,nieob. uspraw.,15
3TW5,2024-04-12,nieob. uspraw.,6
3TW5,2024-04-15,nieob. uspraw.,27
3TW5,2024-04-18,nieob. uspraw.,12
3TW5,2024-04-19,nieobecność,2
3TW5,2024-04-24,nieob. uspr. p.s.,15
3TW5,2024-05-14,nieob. uspraw.,9
3TW5,2024-05-16,nieobecność,9
3TW5,2024-05-17,nieobecność,2
3TW5,2024-05-20,nieob. uspraw.,12
3TW5,2024-05-23,nieobecność,10
3TW5,2024-05-27,nieob. uspraw.,15
3TW5,2024-05-29,nieobecność,13
3TW5,2024-06-03,nieobecność,9
3TW5,2023-09-12,nieob. uspr. p.s.,2
3TW5,2023-09-25,nieob. uspraw.,7
3TW5,2023-09-26,nieob. uspraw.,16
3TW5,2023-10-02,nieob. uspraw.,16
3TW5,2023-10-11,nieobecność,1
3TW5,2023-11-10,nieob. uspr. p.s.,13
3TW5,2023-11-21,nieob. uspr. p.s.,26
3TW5,2024-01-05,nieob. uspr. p.s.,8
3TW5,2024-01-08,nieob. uspr. p.s.,13
3TW5,2024-01-10,nieob. uspr. p.s.,19
3TW5,2024-01-30,nieob. uspraw.,17
3TW5,2024-03-05,nieob. uspr. p.s.,14
3TW5,2024-03-08,nieob. uspr. p.s.,2
3TW5,2024-04-25,nieob. uspr. p.s.,24
3TW5,2024-04-26,nieob. uspr. p.s.,1
3TW5,2024-05-21,nieob. uspr. p.s.,3
3TW5,2023-09-15,zwolniony,1
3TW5,2023-10-16,zwolniony,1
3TW5,2023-10-17,spóźnienie,1
3TW5,2023-10-20,zwolniony,1
3TW5,2023-11-06,zwolniony,1
3TW5,2023-11-07,spóźnienie,1
3TW5,2023-11-13,nieobecność,2
3TW5,2023-11-28,nieobecność,2
3TW5,2023-12-01,nieob. uspraw.,19
3TW5,2023-12-04,zwolniony,1
3TW5,2024-02-19,nieob. uspraw.,8
3TW5,2024-03-11,nieob. uspraw.,12
3TW5,2024-04-03,nieobecność,1
3TW5,2024-04-19,nieob. uspraw.,6
3TW5,2024-05-14,nieob. uspr. p.s.,14
3TW5,2023-09-19,nieob. uspraw.,12
3TW5,2023-09-20,nieob. uspraw.,16
3TW5,2023-10-25,nieob. uspr. p.s.,2
3TW5,2023-11-30,nieob. uspr. p.s.,9
3TW5,2024-01-08,zwolniony,1
3TW5,2024-01-30,nieob. uspr. p.s.,16
3TW5,2024-02-02,nieob. uspr. p.s.,12
3TW5,2024-02-07,nieob. uspr. p.s.,1
3TW5,2024-02-22,nieob. uspr. p.s.,16
3TW5,2024-03-11,zwolniony,1
3TW5,2024-05-07,nieob. uspr. p.s.,13
3TW5,2024-05-10,nieob. uspr. p.s.,7
3TW5,2024-05-22,nieob. uspr. p.s.,2
3TW5,2024-05-27,nieob. uspr. p.s.,12
3TW5,2024-06-05,obecność,18
3TW5,2024-06-10,obecność,12
3TW5,2023-09-18,nieob. uspr. p.s.,4
3TW5,2023-10-27,spóźnienie,3
3TW5,2023-11-29,nieob. uspraw.,7
3TW5,2023-12-12,spóźnienie,1
3TW5,2024-01-12,spóźnienie,1
3TW5,2024-02-07,spóźnienie,1
3TW5,2024-02-21,nieobecność,1
3TW5,2024-03-04,nieob. uspraw.,6
3TW5,2024-03-04,nieobecność,2
3TW5,2024-03-06,spóźn. uspr.,1
3TW5,2024-03-11,spóźn. uspr.,2
3TW5,2024-04-05,spóźnienie,2
3TW5,2024-04-11,nieob. uspr. p.s.,17
3TW5,2024-04-17,spóźnienie,1
3TW5,2023-09-14,zwolniony,2
3TW5,2023-10-06,zwolniony,1
3TW5,2023-10-17,nieob. uspr. p.s.,3
3TW5,2023-10-19,nieob. uspr. p.s.,8
3TW5,2023-12-04,nieob. uspr. p.s.,12
3TW5,2023-12-05,nieob. uspr. p.s.,9
3TW5,2023-12-07,nieob. uspr. p.s.,16
3TW5,2023-12-11,nieob. uspr. p.s.,13
3TW5,2024-03-04,nieob. uspr. p.s.,13
3TW5,2024-03-15,nieob. uspr. p.s.,5
3TW5,2024-03-21,obecność,8
3TW5,2024-05-23,nieob. uspr. p.s.,8
3TW5,2024-06-14,obecność,6
3TW5,2024-06-17,obecność,8
3TW5,2023-12-07,spóźnienie,1
3TW5,2023-12-05,nieob. uspraw.,16
3TW5,2023-12-07,spóźn. uspr.,2
3TW5,2024-02-29,nieob. uspraw.,16
3TW5,2024-03-05,nieob. uspraw.,8
3TW5,2023-09-05,nieobecność,7
3TW5,2023-09-18,spóźnienie,2
3TW5,2023-10-31,spóźnienie,1
3TW5,2023-11-07,nieobecność,2
3TW5,2023-11-08,spóźnienie,1
3TW5,2023-11-09,nieobecność,1
3TW5,2023-11-20,nieobecność,3
3TW5,2023-11-22,nieobecność,1
3TW5,2023-11-27,nieobecność,1
3TW5,2023-12-01,spóźnienie,2
3TW5,2024-01-04,spóźnienie,2
3TW5,2024-01-11,spóźnienie,1
3TW5,2024-02-05,spóźnienie,1
3TW5,2024-02-14,nieobecność,3
3TW5,2024-02-29,nieobecność,1
3TW5,2024-03-08,spóźnienie,1
3TW5,2024-03-15,nieob. uspraw.,7
3TW5,2024-03-18,nieobecność,7
3TW5,2024-03-25,nieobecność,2
3TW5,2024-03-27,nieob. uspraw.,21
3TW5,2024-04-11,nieobecność,9
3TW5,2024-04-19,spóźnienie,1
3TW5,2024-05-06,nieobecność,4
3TW5,2024-05-15,spóźn. uspr.,1
3TW5,2024-05-22,nieobecność,2
3TW5,2024-05-28,nieobecność,5
3TW5,2024-06-04,nieobecność,7
3TW5,2024-06-05,nieobecność,8
3TW5,2024-06-06,nieobecność,7
3TW5,2024-06-07,nieobecność,7
3TW5,2024-06-10,nieobecność,5
3TW5,2024-06-11,nieobecność,7
3TW5,2024-06-12,nieobecność,6
3TW5,2024-06-13,nieobecność,8
3TW5,2024-06-14,nieobecność,6
3TW5,2023-10-18,nieobecność,1
3TW5,2023-12-01,nieobecność,1
3TW5,2024-02-02,zwolniony,2
3TW5,2024-06-05,nieob. uspr. p.s.,6
3TW5,2023-11-23,nieob. uspr. p.s.,10
3TW5,2023-12-13,nieob. uspr. p.s.,14
3TW5,2024-03-11,nieob. uspr. p.s.,12
3TW5,2024-02-15,nieob. uspraw.,8
3TW5,2024-01-12,nieob. uspraw.,7
3TW5,2023-09-12,nieob. uspraw.,4
3TW5,2023-09-19,zwolniony,1
3TW5,2023-10-25,spóźnienie,1
3TW5,2023-12-12,nieob. uspr. p.s.,5
3TW5,2024-01-02,nieob. uspr. p.s.,2
3TW5,2024-02-28,nieob. uspraw.,8
3TW5,2024-05-27,zwolniony,1
3TW5,2024-06-04,nieob. uspr. p.s.,1
3TW5,2024-06-06,zwolniony,2
4TM5,2023-09-04,praktyka zawodowa,126
4TM5,2023-09-05,praktyka zawodowa,126
4TM5,2023-09-06,praktyka zawodowa,126
4TM5,2023-09-07,praktyka zawodowa,126
4TM5,2023-09-08,praktyka zawodowa,126
4TM5,2023-09-11,praktyka zawodowa,126
4TM5,2023-09-12,praktyka zawodowa,126
4TM5,2023-09-13,praktyka zawodowa,126
4TM5,2023-09-14,praktyka zawodowa,126
4TM5,2023-09-15,praktyka zawodowa,126
4TM5,2023-09-18,praktyka zawodowa,126
4TM5,2023-09-19,praktyka zawodowa,126
4TM5,2023-09-20,praktyka zawodowa,126
4TM5,2023-09-21,praktyka zawodowa,126
4TM5,2023-09-22,praktyka zawodowa,119
4TM5,2023-09-25,praktyka zawodowa,126
4TM5,2023-09-26,praktyka zawodowa,126
4TM5,2023-09-27,praktyka zawodowa,126
4TM5,2023-09-28,praktyka zawodowa,126
4TM5,2023-09-29,praktyka zawodowa,126
4TM5,2023-10-02,obecność,116
4TM5,2023-10-02,nieob. uspr. p.s.,2
4TM5,2023-10-03,obecność,15
4TM5,2023-10-04,obecność,108
4TM5,2023-10-05,obecność,108
4TM5,2023-10-06,obecność,91
4TM5,2023-10-09,obecność,93
4TM5,2023-10-09,nieob. uspr. p.s.,6
4TM5,2023-10-10,obecność,16
4TM5,2023-10-11,obecność,74
4TM5,2023-10-11,nieob. uspraw.,36
4TM5,2023-10-12,obecność,101
4TM5,2023-10-16,nieob. uspraw.,30
4TM5,2023-10-16,obecność,95
4TM5,2023-10-17,obecność,15
4TM5,2023-10-18,nieob. uspraw.,37
4TM5,2023-10-18,obecność,81
4TM5,2023-10-19,nieob. uspraw.,52
4TM5,2023-10-19,obecność,63
4TM5,2023-10-20,obecność,59
4TM5,2023-10-23,nieob. uspraw.,34
4TM5,2023-10-23,obecność,89
4TM5,2023-10-24,obecność,11
4TM5,2023-10-25,obecność,94
4TM5,2023-10-26,obecność,103
4TM5,2023-10-27,obecność,89
4TM5,2023-10-30,obecność,85
4TM5,2023-10-30,nieob. uspr. p.s.,2
4TM5,2023-10-31,obecność,4
4TM5,2023-11-02,obecność,58
4TM5,2023-11-02,nieob. uspraw.,73
4TM5,2023-11-03,obecność,58
4TM5,2023-11-06,obecność,97
4TM5,2023-11-06,nieob. uspraw.,20
4TM5,2023-11-07,nieob. uspraw.,6
4TM5,2023-11-08,obecność,98
4TM5,2023-11-08,nieob. uspraw.,21
4TM5,2023-11-09,obecność,111
4TM5,2023-11-10,nieobecność,26
4TM5,2023-11-13,obecność,98
4TM5,2023-11-13,nieob. uspr. p.s.,2
4TM5,2023-11-14,obecność,14
4TM5,2023-11-15,nieob. uspraw.,19
4TM5,2023-11-16,nieob. uspraw.,21
4TM5,2023-11-17,nieob. uspraw.,21
4TM5,2023-11-20,obecność,117
4TM5,2023-11-20,nieob. uspr. p.s.,2
4TM5,2023-11-21,nieob. uspraw.,1
4TM5,2023-11-22,obecność,122
4TM5,2023-11-22,spóźnienie,5
4TM5,2023-11-22,nieob. uspraw.,8
4TM5,2023-11-23,obecność,68
4TM5,2023-11-23,nieob. uspr. p.s.,35
4TM5,2023-11-24,obecność,113
4TM5,2023-11-27,obecność,123
4TM5,2023-11-27,nieob. uspr. p.s.,2
4TM5,2023-11-28,nieob. uspraw.,4
4TM5,2023-11-29,nieob. uspraw.,12
4TM5,2023-11-30,spóźnienie,6
4TM5,2023-11-30,obecność,77
4TM5,2023-12-01,obecność,93
4TM5,2023-12-01,nieob. uspr. p.s.,1
4TM5,2023-12-04,obecność,106
4TM5,2023-12-04,nieob. uspr. p.s.,2
4TM5,2023-12-05,nieob. uspraw.,4
4TM5,2023-12-06,obecność,102
4TM5,2023-12-07,obecność,106
4TM5,2023-12-07,spóźnienie,5
4TM5,2023-12-08,obecność,84
4TM5,2023-12-11,obecność,117
4TM5,2023-12-11,nieob. uspr. p.s.,2
4TM5,2023-12-12,obecność,8
4TM5,2023-12-13,nieob. uspraw.,11
4TM5,2023-12-14,obecność,125
4TM5,2023-12-14,nieob. uspraw.,17
4TM5,2023-12-15,obecność,119
4TM5,2023-12-18,obecność,94
4TM5,2023-12-18,nieob. uspr. p.s.,2
4TM5,2023-12-19,nieob. uspraw.,3
4TM5,2023-12-20,obecność,113
4TM5,2023-12-21,nieob. uspraw.,38
4TM5,2024-01-02,obecność,14
4TM5,2024-01-03,obecność,126
4TM5,2024-01-04,nieob. uspraw.,25
4TM5,2024-01-04,obecność,107
4TM5,2024-01-05,obecność,86
4TM5,2024-01-08,obecność,75
4TM5,2024-01-09,obecność,9
4TM5,2024-01-10,obecność,54
4TM5,2024-01-11,obecność,73
4TM5,2024-01-12,obecność,64
4TM5,2024-01-29,obecność,102
4TM5,2024-01-30,obecność,13
4TM5,2024-01-31,nieobecność,15
4TM5,2024-02-01,nieobecność,9
4TM5,2024-02-01,obecność,106
4TM5,2024-02-02,obecność,86
4TM5,2024-02-02,spóźnienie,1
4TM5,2024-02-02,nieobecność,5
4TM5,2024-02-05,nieobecność,17
4TM5,2024-02-06,nieobecność,5
4TM5,2024-02-07,nieobecność,12
4TM5,2024-02-08,nieobecność,7
4TM5,2024-02-08,obecność,90
4TM5,2024-02-09,obecność,15
4TM5,2024-02-09,nieobecność,2
4TM5,2024-02-12,obecność,99
4TM5,2024-02-12,spóźnienie,5
4TM5,2024-02-14,obecność,103
4TM5,2024-02-15,obecność,79
4TM5,2024-02-16,nieob. uspraw.,34
4TM5,2024-02-16,nieobecność,17
4TM5,2024-02-19,obecność,98
4TM5,2024-02-20,nieobecność,2
4TM5,2024-02-21,nieobecność,18
4TM5,2024-02-22,nieobecność,18
4TM5,2024-02-23,obecność,80
4TM5,2024-02-23,spóźnienie,3
4TM5,2024-02-26,obecność,106
4TM5,2024-02-27,obecność,10
4TM5,2024-02-28,obecność,118
4TM5,2024-02-29,nieobecność,13
4TM5,2024-02-29,obecność,104
4TM5,2024-03-01,obecność,56
4TM5,2024-03-04,obecność,87
4TM5,2024-03-05,obecność,12
4TM5,2024-03-06,nieobecność,2
4TM5,2024-03-06,obecność,74
4TM5,2024-03-06,spóźnienie,2
4TM5,2024-03-07,nieobecność,18
4TM5,2024-03-07,obecność,104
4TM5,2024-03-08,nieobecność,21
4TM5,2024-03-11,nieobecność,9
4TM5,2024-03-11,zwolniony,14
4TM5,2024-03-12,obecność,13
4TM5,2024-03-13,obecność,86
4TM5,2024-03-14,nieobecność,15
4TM5,2024-03-14,obecność,84
4TM5,2024-03-15,obecność,66
4TM5,2024-03-18,obecność,87
4TM5,2024-03-19,nieobecność,1
4TM5,2024-03-20,obecność,36
4TM5,2024-03-20,nieob. uspraw.,97
4TM5,2024-03-21,obecność,10
4TM5,2024-03-21,nieobecność,23
4TM5,2024-03-22,nieobecność,16
4TM5,2024-03-25,obecność,105
4TM5,2024-03-26,nieob. uspraw.,4
4TM5,2024-03-27,obecność,105
4TM5,2024-03-27,nieobecność,12
4TM5,2024-04-03,obecność,106
4TM5,2024-04-04,obecność,93
4TM5,2024-04-04,nieobecność,14
4TM5,2024-04-05,obecność,90
4TM5,2024-04-08,nieobecność,24
4TM5,2024-04-09,nieobecność,1
4TM5,2024-04-10,nieobecność,6
4TM5,2024-04-11,obecność,73
4TM5,2024-04-11,nieobecność,16
4TM5,2024-04-12,nieob. uspr. p.s.,12
4TM5,2024-04-15,obecność,83
4TM5,2024-04-16,obecność,13
4TM5,2024-04-17,obecność,95
4TM5,2024-04-17,nieobecność,9
4TM5,2024-04-17,spóźnienie,1
4TM5,2024-04-18,obecność,91
4TM5,2024-04-18,spóźnienie,8
4TM5,2024-04-18,nieobecność,8
4TM5,2024-04-19,obecność,68
4TM5,2024-04-22,obecność,99
4TM5,2024-04-23,obecność,13
4TM5,2024-04-24,nieobecność,16
4TM5,2024-04-25,nieobecność,12
4TM5,2024-04-26,nieobecność,18
4TM5,2024-05-06,obecność,80
4TM5,2024-05-06,nieobecność,4
4TM5,2024-05-08,obecność,43
4TM5,2024-05-09,obecność,76
4TM5,2024-05-10,obecność,66
4TM5,2024-05-13,obecność,77
4TM5,2024-05-13,nieobecność,5
4TM5,2024-05-14,obecność,10
4TM5,2024-05-15,nieobecność,14
4TM5,2024-05-16,nieobecność,5
4TM5,2024-05-17,nieobecność,12
4TM5,2024-05-20,nieobecność,28
4TM5,2024-05-21,obecność,10
4TM5,2024-05-22,nieobecność,12
4TM5,2024-05-22,obecność,46
4TM5,2024-05-23,spóźnienie,2
4TM5,2024-05-23,obecność,51
4TM5,2024-05-23,nieobecność,22
4TM5,2024-05-24,obecność,144
4TM5,2024-05-27,obecność,60
4TM5,2024-05-28,obecność,9
4TM5,2024-05-29,obecność,79
4TM5,2024-06-03,obecność,35
4TM5,2024-06-03,nieobecność,30
4TM5,2024-06-04,obecność,7
4TM5,2024-06-05,obecność,19
4TM5,2024-06-05,nieobecność,29
4TM5,2024-06-06,obecność,1
4TM5,2024-06-06,nieobecność,34
4TM5,2024-06-07,nieobecność,40
4TM5,2024-06-10,nieobecność,48
4TM5,2024-06-11,nieobecność,10
4TM5,2024-06-12,nieobecność,92
4TM5,2024-06-13,nieobecność,54
4TM5,2024-06-14,nieobecność,54
4TM5,2024-06-17,nieobecność,105
4TM5,2024-06-18,nieobecność,15
4TM5,2024-06-19,nieobecność,129
4TM5,2024-06-20,nieobecność,112
4TM5,2024-06-21,nieobecność,8
4TM5,2023-10-05,nieob. uspraw.,20
4TM5,2023-10-06,nieob. uspraw.,29
4TM5,2023-10-11,spóźnienie,3
4TM5,2023-10-12,spóźnienie,3
4TM5,2023-10-12,nieob. uspraw.,17
4TM5,2023-10-19,spóźnienie,4
4TM5,2023-10-20,nieob. uspraw.,9
4TM5,2023-10-23,spóźnienie,3
4TM5,2023-10-25,spóźnienie,4
4TM5,2023-10-26,nieob. uspraw.,19
4TM5,2023-10-27,nieob. uspraw.,20
4TM5,2023-10-31,nieob. uspraw.,12
4TM5,2023-11-03,nieob. uspraw.,56
4TM5,2023-11-09,nieob. uspraw.,18
4TM5,2023-11-10,obecność,53
4TM5,2023-11-10,nieob. uspraw.,44
4TM5,2023-11-13,spóźnienie,11
4TM5,2023-11-15,obecność,117
4TM5,2023-11-15,spóźnienie,3
4TM5,2023-11-16,obecność,113
4TM5,2023-11-16,spóźnienie,4
4TM5,2023-11-17,obecność,97
4TM5,2023-11-21,obecność,15
4TM5,2023-11-23,nieob. uspraw.,38
4TM5,2023-11-28,obecność,14
4TM5,2023-11-29,obecność,95
4TM5,2023-11-30,nieob. uspraw.,18
4TM5,2023-12-01,nieob. uspraw.,11
4TM5,2023-12-05,obecność,14
4TM5,2023-12-12,nieob. uspr. p.s.,5
4TM5,2023-12-13,obecność,109
4TM5,2023-12-18,spóźnienie,4
4TM5,2023-12-18,nieob. uspraw.,43
4TM5,2023-12-19,obecność,14
4TM5,2023-12-20,nieob. uspraw.,12
4TM5,2023-12-21,obecność,106
4TM5,2024-01-03,nieob. uspraw.,9
4TM5,2024-01-05,nieob. uspraw.,10
4TM5,2024-01-09,nieob. uspraw.,5
4TM5,2024-01-10,nieob. uspraw.,20
4TM5,2024-01-29,nieob. uspraw.,22
4TM5,2024-01-30,spóźnienie,1
4TM5,2024-01-31,obecność,102
4TM5,2024-01-31,nieob. uspraw.,24
4TM5,2024-02-01,spóźnienie,4
4TM5,2024-02-01,nieob. uspr. p.s.,7
4TM5,2024-02-01,nieob. uspraw.,18
4TM5,2024-02-05,obecność,80
4TM5,2024-02-05,nieob. uspraw.,29
4TM5,2024-02-06,nieob. uspraw.,9
4TM5,2024-02-07,obecność,84
4TM5,2024-02-07,nieob. uspraw.,42
4TM5,2024-02-08,spóźnienie,4
4TM5,2024-02-08,nieob. uspraw.,39
4TM5,2024-02-09,nieob. uspraw.,109
4TM5,2024-02-15,spóźnienie,3
4TM5,2024-02-16,spóźnienie,6
4TM5,2024-02-16,obecność,60
4TM5,2024-02-19,nieob. uspraw.,9
4TM5,2024-02-20,nieob. uspraw.,9
4TM5,2024-02-21,obecność,87
4TM5,2024-02-21,nieob. uspraw.,18
4TM5,2024-02-22,nieob. uspraw.,28
4TM5,2024-02-29,nieob. uspraw.,19
4TM5,2024-03-01,nieob. uspraw.,54
4TM5,2024-03-04,spóźnienie,3
4TM5,2024-03-07,nieob. uspraw.,18
4TM5,2024-03-08,nieob. uspr. p.s.,49
4TM5,2024-03-11,nieob. uspraw.,35
4TM5,2024-03-12,nieob. uspraw.,4
4TM5,2024-03-13,nieob. uspraw.,31
4TM5,2024-03-14,nieob. uspraw.,34
4TM5,2024-03-15,nieob. uspraw.,38
4TM5,2024-03-19,spóźnienie,3
4TM5,2024-03-21,nieob. uspraw.,111
4TM5,2024-03-22,obecność,63
4TM5,2024-03-22,nieob. uspraw.,47
4TM5,2024-03-26,obecność,14
4TM5,2024-03-27,nieob. uspraw.,24
4TM5,2024-04-03,nieob. uspraw.,23
4TM5,2024-04-04,nieob. uspraw.,19
4TM5,2024-04-05,nieob. uspraw.,19
4TM5,2024-04-08,nieob. uspraw.,32
4TM5,2024-04-09,spóźn. uspr.,1
4TM5,2024-04-10,obecność,55
4TM5,2024-04-11,nieob. uspraw.,27
4TM5,2024-04-12,obecność,78
4TM5,2024-04-12,nieob. uspraw.,10
4TM5,2024-04-15,nieob. uspr. p.s.,30
4TM5,2024-04-15,nieob. uspraw.,20
4TM5,2024-04-17,nieob. uspr. p.s.,20
4TM5,2024-04-17,nieob. uspraw.,19
4TM5,2024-04-18,nieob. uspraw.,16
4TM5,2024-04-22,nieob. uspr. p.s.,13
4TM5,2024-04-24,obecność,76
4TM5,2024-04-24,nieob. uspr. p.s.,28
4TM5,2024-04-25,obecność,56
4TM5,2024-04-25,nieob. uspr. p.s.,27
4TM5,2024-04-26,nieob. uspr. p.s.,54
4TM5,2024-05-06,nieob. uspraw.,60
4TM5,2024-05-08,nieob. uspraw.,33
4TM5,2024-05-08,spóźnienie,9
4TM5,2024-05-09,spóźnienie,7
4TM5,2024-05-10,nieob. uspraw.,50
4TM5,2024-05-13,nieob. uspraw.,41
4TM5,2024-05-15,obecność,55
4TM5,2024-05-15,nieob. uspraw.,23
4TM5,2024-05-16,nieob. uspraw.,71
4TM5,2024-05-17,obecność,56
4TM5,2024-05-17,nieob. uspraw.,56
4TM5,2024-05-20,obecność,65
4TM5,2024-05-20,nieob. uspraw.,30
4TM5,2024-05-22,nieob. uspr. p.s.,49
4TM5,2024-05-23,nieob. uspraw.,33
4TM5,2024-05-27,nieob. uspraw.,49
4TM5,2024-05-28,nieob. uspraw.,6
4TM5,2024-05-29,nieob. uspraw.,44
4TM5,2024-06-03,nieob. uspraw.,59
4TM5,2024-06-05,nieob. uspraw.,96
4TM5,2024-06-06,nieob. uspraw.,91
4TM5,2024-06-07,nieob. uspraw.,96
4TM5,2024-06-10,obecność,6
4TM5,2024-06-21,obecność,128
4TM5,2023-10-05,spóźnienie,8
4TM5,2023-10-06,spóźnienie,3
4TM5,2023-10-11,nieobecność,16
4TM5,2023-10-12,nieob. uspr. p.s.,16
4TM5,2023-10-16,nieobecność,1
4TM5,2023-10-18,spóźnienie,5
4TM5,2023-10-18,nieob. uspr. p.s.,2
4TM5,2023-10-26,nieobecność,5
4TM5,2023-10-27,nieobecność,3
4TM5,2023-10-30,nieobecność,10
4TM5,2023-10-31,nieobecność,2
4TM5,2023-11-02,nieobecność,13
4TM5,2023-11-03,spóźnienie,4
4TM5,2023-11-07,obecność,12
4TM5,2023-11-09,nieobecność,14
4TM5,2023-11-16,nieobecność,6
4TM5,2023-12-01,nieobecność,3
4TM5,2023-12-13,spóźnienie,1
4TM5,2023-12-13,nieobecność,5
4TM5,2023-12-20,spóźnienie,4
4TM5,2024-01-05,spóźnienie,6
4TM5,2024-01-08,nieobecność,16
4TM5,2024-01-11,spóźnienie,5
4TM5,2024-01-11,nieobecność,19
4TM5,2024-02-19,nieobecność,11
4TM5,2024-02-22,spóźnienie,3
4TM5,2024-02-22,obecność,85
4TM5,2024-02-27,nieobecność,1
4TM5,2024-03-01,nieobecność,13
4TM5,2024-03-11,obecność,68
4TM5,2024-03-14,spóźnienie,10
4TM5,2024-03-15,nieobecność,22
4TM5,2024-03-18,spóźnienie,6
4TM5,2024-03-19,nieob. uspraw.,5
4TM5,2024-04-03,nieobecność,12
4TM5,2024-04-08,obecność,88
4TM5,2024-04-09,obecność,9
4TM5,2024-04-12,nieobecność,4
4TM5,2024-04-23,nieob. uspraw.,4
4TM5,2024-04-24,nieob. uspraw.,24
4TM5,2024-05-21,nieob. uspraw.,5
4TM5,2024-06-04,nieob. uspraw.,7
4TM5,2024-06-10,nieob. uspraw.,54
4TM5,2024-06-11,nieob. uspraw.,8
4TM5,2024-06-12,nieob. uspraw.,52
4TM5,2024-06-13,nieob. uspraw.,48
4TM5,2024-06-14,nieob. uspraw.,48
4TM5,2023-10-06,nieobecność,1
4TM5,2023-10-25,nieobecność,1
4TM5,2023-10-26,nieob. uspr. p.s.,17
4TM5,2023-10-27,nieob. uspr. p.s.,14
4TM5,2023-10-30,nieob. uspraw.,28
4TM5,2023-11-08,nieobecność,24
4TM5,2023-11-15,nieobecność,5
4TM5,2023-11-23,nieobecność,3
4TM5,2023-11-29,nieobecność,1
4TM5,2023-12-20,nieobecność,4
4TM5,2024-01-03,nieobecność,5
4TM5,2024-02-06,obecność,4
4TM5,2024-02-15,nieob. uspr. p.s.,8
4TM5,2024-02-16,nieob. uspr. p.s.,7
4TM5,2024-02-19,nieob. uspr. p.s.,8
4TM5,2024-02-20,nieob. uspr. p.s.,1
4TM5,2024-02-21,nieob. uspr. p.s.,3
4TM5,2024-02-22,nieob. uspr. p.s.,8
4TM5,2024-02-23,nieob. uspr. p.s.,1
4TM5,2024-02-28,nieob. uspr. p.s.,2
4TM5,2024-02-29,nieob. uspr. p.s.,8
4TM5,2024-03-01,nieob. uspr. p.s.,3
4TM5,2024-03-06,nieob. uspr. p.s.,33
4TM5,2024-03-13,nieobecność,9
4TM5,2024-03-19,obecność,7
4TM5,2024-03-20,nieobecność,11
4TM5,2024-04-05,nieobecność,17
4TM5,2024-04-11,nieob. uspr. p.s.,7
4TM5,2024-04-22,nieobecność,10
4TM5,2024-04-23,nieobecność,1
4TM5,2024-05-10,nieobecność,10
4TM5,2024-05-20,spóźnienie,3
4TM5,2024-05-22,nieob. uspraw.,18
4TM5,2023-10-24,nieob. uspraw.,6
4TM5,2023-10-25,nieob. uspraw.,26
4TM5,2023-11-24,nieob. uspraw.,7
4TM5,2023-11-30,nieobecność,7
4TM5,2024-01-04,spóźnienie,4
4TM5,2024-01-30,nieobecność,1
4TM5,2024-02-14,nieobecność,1
4TM5,2024-02-23,nieob. uspraw.,18
4TM5,2024-02-27,nieob. uspraw.,7
4TM5,2024-03-04,nieob. uspraw.,35
4TM5,2024-03-05,nieob. uspraw.,6
4TM5,2024-04-11,spóźnienie,3
4TM5,2024-04-15,nieobecność,9
4TM5,2024-04-19,nieobecność,1
4TM5,2024-04-22,nieob. uspraw.,20
4TM5,2024-04-25,nieob. uspraw.,13
4TM5,2024-04-26,nieob. uspraw.,35
4TM5,2024-05-09,nieob. uspraw.,36
4TM5,2024-05-27,nieobecność,17
4TM5,2024-05-28,nieobecność,3
4TM5,2024-05-29,nieobecność,16
4TM5,2024-06-04,nieobecność,2
4TM5,2024-02-07,nieob. uspr. p.s.,6
4TM5,2024-02-08,nieob. uspr. p.s.,4
4TM5,2024-02-20,obecność,6
4TM5,2024-03-08,obecność,19
4TM5,2024-04-10,nieob. uspr. p.s.,8
4TM5,2024-05-14,nieob. uspraw.,8
4TM5,2024-06-17,nieob. uspraw.,21
4TM5,2024-06-18,nieob. uspraw.,3
4TM5,2024-06-19,nieob. uspraw.,15
4TM5,2024-06-20,nieob. uspraw.,14
4TM5,2023-10-04,nieob. uspraw.,32
4TM5,2023-10-05,nieobecność,6
4TM5,2023-10-09,nieob. uspraw.,25
4TM5,2023-10-10,nieob. uspraw.,2
4TM5,2023-11-03,nieobecność,8
4TM5,2023-11-06,nieobecność,7
4TM5,2023-11-17,nieobecność,7
4TM5,2023-11-21,nieobecność,1
4TM5,2023-11-22,nieobecność,8
4TM5,2023-11-27,nieobecność,1
4TM5,2023-12-06,nieobecność,2
4TM5,2023-12-07,nieobecność,5
4TM5,2023-12-08,nieob. uspraw.,42
4TM5,2023-12-12,nieobecność,1
4TM5,2024-01-03,spóźnienie,4
4TM5,2024-01-04,nieobecność,3
4TM5,2024-01-08,nieob. uspraw.,29
4TM5,2024-01-12,nieobecność,14
4TM5,2024-02-02,nieob. uspraw.,28
4TM5,2024-02-12,nieob. uspraw.,22
4TM5,2024-02-15,nieob. uspraw.,28
4TM5,2024-03-08,nieob. uspraw.,37
4TM5,2024-03-18,nieob. uspraw.,23
4TM5,2024-03-25,nieobecność,7
4TM5,2024-04-16,nieobecność,2
4TM5,2024-04-19,spóźnienie,8
4TM5,2024-05-15,spóźnienie,15
4TM5,2024-05-21,nieobecność,2
4TM5,2023-10-11,spóźn. uspr.,2
4TM5,2023-10-17,nieob. uspraw.,3
4TM5,2023-10-25,spóźn. uspr.,1
4TM5,2023-10-30,spóźn. uspr.,1
4TM5,2023-11-09,nieob. uspr. p.s.,1
4TM5,2023-12-12,nieob. uspraw.,4
4TM5,2023-12-18,spóźn. uspr.,1
4TM5,2023-12-19,nieob. uspr. p.s.,1
4TM5,2023-12-20,spóźn. uspr.,1
4TM5,2023-12-20,nieob. uspr. p.s.,10
4TM5,2024-01-04,nieob. uspr. p.s.,4
4TM5,2024-01-05,nieob. uspr. p.s.,6
4TM5,2024-01-08,nieob. uspr. p.s.,4
4TM5,2024-01-09,nieob. uspr. p.s.,2
4TM5,2024-01-10,nieob. uspr. p.s.,15
4TM5,2024-01-11,nieob. uspr. p.s.,15
4TM5,2024-01-30,nieob. uspraw.,3
4TM5,2024-02-02,nieob. uspr. p.s.,6
4TM5,2024-02-15,spóźn. uspr.,1
4TM5,2024-02-16,spóźn. uspr.,2
4TM5,2024-02-22,spóźn. uspr.,2
4TM5,2024-02-26,nieob. uspraw.,11
4TM5,2024-03-06,nieob. uspraw.,15
4TM5,2024-03-14,spóźn. uspr.,1
4TM5,2024-03-18,nieob. uspr. p.s.,8
4TM5,2024-04-09,nieob. uspraw.,7
4TM5,2024-04-18,nieob. uspr. p.s.,2
4TM5,2024-04-18,spóźn. uspr.,1
4TM5,2024-04-22,zwolniony,2
4TM5,2024-05-15,spóźn. uspr.,1
4TM5,2023-10-03,nieob. uspraw.,3
4TM5,2023-10-04,nieobecność,4
4TM5,2023-11-24,spóźnienie,4
4TM5,2023-12-14,nieobecność,2
4TM5,2024-01-02,nieobecność,1
4TM5,2024-01-12,nieob. uspraw.,30
4TM5,2024-01-29,spóźnienie,1
4TM5,2024-01-31,spóźnienie,3
4TM5,2024-02-26,spóźnienie,2
4TM5,2024-03-18,spóźn. uspr.,2
4TM5,2024-03-19,spóźn. uspr.,1
4TM5,2024-03-27,spóźnienie,3
4TM5,2024-04-03,spóźnienie,3
4TM5,2024-04-12,spóźnienie,4
4TM5,2024-05-29,spóźnienie,5
4TM5,2024-06-04,spóźnienie,1
4TM5,2023-10-20,nieob. uspr. p.s.,3
4TM5,2023-11-13,nieobecność,1
4TM5,2023-11-17,spóźnienie,1
4TM5,2023-12-04,spóźnienie,1
4TM5,2024-02-15,nieobecność,7
4TM5,2024-06-04,spóźn. uspr.,1
4TM5,2023-10-02,nieob. uspraw.,8
4TM5,2023-10-09,spóźn. uspr.,1
4TM5,2023-10-12,nieobecność,7
4TM5,2023-10-18,spóźn. uspr.,1
4TM5,2023-11-08,spóźn. uspr.,1
4TM5,2023-11-13,nieob. uspraw.,14
4TM5,2023-11-14,nieob. uspraw.,4
4TM5,2023-11-22,spóźn. uspr.,1
4TM5,2023-12-04,nieob. uspraw.,17
4TM5,2023-12-06,nieob. uspraw.,22
4TM5,2023-12-07,nieob. uspraw.,28
4TM5,2023-12-15,nieob. uspraw.,7
4TM5,2024-01-02,nieob. uspraw.,3
4TM5,2024-01-04,spóźn. uspr.,1
4TM5,2024-01-11,nieob. uspraw.,14
4TM5,2024-02-14,nieob. uspraw.,22
4TM5,2024-02-28,nieob. uspraw.,6
4TM5,2024-04-10,nieob. uspraw.,15
4TM5,2024-04-16,nieob. uspraw.,3
4TM5,2024-04-19,nieob. uspraw.,13
4TM5,2024-04-26,obecność,1
4TM5,2024-05-16,obecność,10
4TM5,2024-06-21,nieob. uspraw.,8
4TM5,2023-11-06,spóźnienie,1
4TM5,2023-11-06,nieob. uspr. p.s.,1
4TM5,2023-11-24,zwolniony,2
4TM5,2024-03-04,nieobecność,1
4TM5,2023-10-06,zwolniony,1
4TM5,2023-10-09,spóźnienie,1
4TM5,2023-10-19,nieobecność,7
4TM5,2023-10-24,spóźnienie,1
4TM5,2023-11-21,spóźnienie,1
4TM5,2023-12-11,nieob. uspraw.,7
4TM5,2024-01-10,spóźnienie,1
4TM5,2024-05-13,spóźnienie,2
4TM5,2024-05-16,spóźnienie,4
4TM5,2024-05-22,spóźnienie,1
4TM5,2023-10-05,nieob. uspr. p.s.,2
4TM5,2023-10-06,nieob. uspr. p.s.,1
4TM5,2023-10-11,nieob. uspr. p.s.,13
4TM5,2023-11-10,nieob. uspr. p.s.,3
4TM5,2024-02-26,nieob. uspr. p.s.,7
4TM5,2024-03-07,nieob. uspr. p.s.,4
4TM5,2024-05-13,nieob. uspr. p.s.,1
4TM5,2024-05-17,nieob. uspr. p.s.,2
4TM5,2024-05-21,nieob. uspr. p.s.,1
4TM5,2024-01-09,nieobecność,2
4TM5,2024-01-29,nieobecność,1
4TM5,2024-03-25,nieob. uspraw.,14
4TM5,2023-10-20,nieobecność,1
4TM5,2023-11-20,nieob. uspraw.,7
4TM5,2024-02-23,nieobecność,6
4TM5,2024-03-12,nieobecność,1
4TM5,2024-05-08,nieobecność,5
4TM5,2024-05-09,nieobecność,7
4TM5,2024-03-19,nieob. uspr. p.s.,1
4TM5,2024-06-03,spóźnienie,2
4TM5,2024-06-07,nieob. uspr. p.s.,8
4TW5,2023-09-04,praktyka zawodowa,104
4TW5,2023-09-05,praktyka zawodowa,104
4TW5,2023-09-06,praktyka zawodowa,104
4TW5,2023-09-07,praktyka zawodowa,104
4TW5,2023-09-08,praktyka zawodowa,104
4TW5,2023-09-11,praktyka zawodowa,104
4TW5,2023-09-12,praktyka zawodowa,104
4TW5,2023-09-13,praktyka zawodowa,104
4TW5,2023-09-14,praktyka zawodowa,104
4TW5,2023-09-15,praktyka zawodowa,104
4TW5,2023-09-18,praktyka zawodowa,104
4TW5,2023-09-19,praktyka zawodowa,104
4TW5,2023-09-20,praktyka zawodowa,104
4TW5,2023-09-21,praktyka zawodowa,104
4TW5,2023-09-22,praktyka zawodowa,104
4TW5,2023-09-25,praktyka zawodowa,104
4TW5,2023-09-26,praktyka zawodowa,104
4TW5,2023-09-27,praktyka zawodowa,104
4TW5,2023-09-28,praktyka zawodowa,104
4TW5,2023-09-29,praktyka zawodowa,104
4TW5,2023-10-02,nieob. uspraw.,7
4TW5,2023-10-02,obecność,97
4TW5,2023-10-03,obecność,102
4TW5,2023-10-04,nieob. uspraw.,8
4TW5,2023-10-05,nieob. uspraw.,28
4TW5,2023-10-06,nieob. uspraw.,21
4TW5,2023-10-06,obecność,70
4TW5,2023-10-09,nieob. uspraw.,8
4TW5,2023-10-10,nieob. uspraw.,42
4TW5,2023-10-11,nieob. uspraw.,16
4TW5,2023-10-12,nieob. uspraw.,11
4TW5,2023-10-16,obecność,76
4TW5,2023-10-17,obecność,56
4TW5,2023-10-17,spóźnienie,2
4TW5,2023-10-18,obecność,70
4TW5,2023-10-18,nieob. uspr. p.s.,10
4TW5,2023-10-19,nieob. uspr. p.s.,24
4TW5,2023-10-20,obecność,58
4TW5,2023-10-23,obecność,101
4TW5,2023-10-24,obecność,78
4TW5,2023-10-25,obecność,96
4TW5,2023-10-26,obecność,91
4TW5,2023-10-27,obecność,73
4TW5,2023-10-30,obecność,86
4TW5,2023-10-31,obecność,50
4TW5,2023-11-02,obecność,68
4TW5,2023-11-03,obecność,72
4TW5,2023-11-06,obecność,95
4TW5,2023-11-07,obecność,86
4TW5,2023-11-08,nieob. uspr. p.s.,4
4TW5,2023-11-08,obecność,92
4TW5,2023-11-09,obecność,74
4TW5,2023-11-10,obecność,83
4TW5,2023-11-13,obecność,102
4TW5,2023-11-14,obecność,84
4TW5,2023-11-15,obecność,78
4TW5,2023-11-16,obecność,65
4TW5,2023-11-17,obecność,36
4TW5,2023-11-20,obecność,91
4TW5,2023-11-21,nieob. uspr. p.s.,14
4TW5,2023-11-22,obecność,84
4TW5,2023-11-23,obecność,49
4TW5,2023-11-24,obecność,72
4TW5,2023-11-27,obecność,95
4TW5,2023-11-28,obecność,70
4TW5,2023-11-29,nieob. uspr. p.s.,8
4TW5,2023-11-30,obecność,60
4TW5,2023-12-01,obecność,77
4TW5,2023-12-04,nieob. uspr. p.s.,12
4TW5,2023-12-04,obecność,68
4TW5,2023-12-05,obecność,77
4TW5,2023-12-06,obecność,76
4TW5,2023-12-06,nieob. uspr. p.s.,1
4TW5,2023-12-07,obecność,78
4TW5,2023-12-08,obecność,72
4TW5,2023-12-11,obecność,95
4TW5,2023-12-12,obecność,92
4TW5,2023-12-13,nieob. uspr. p.s.,16
4TW5,2023-12-13,obecność,73
4TW5,2023-12-13,spóźnienie,4
4TW5,2023-12-14,obecność,91
4TW5,2023-12-15,obecność,89
4TW5,2023-12-18,obecność,69
4TW5,2023-12-18,nieob. uspr. p.s.,7
4TW5,2023-12-19,nieob. uspr. p.s.,1
4TW5,2023-12-19,obecność,83
4TW5,2023-12-20,obecność,80
4TW5,2023-12-20,nieob. uspr. p.s.,19
4TW5,2023-12-21,obecność,74
4TW5,2024-01-02,obecność,92
4TW5,2024-01-03,obecność,79
4TW5,2024-01-04,obecność,80
4TW5,2024-01-04,nieob. uspr. p.s.,1
4TW5,2024-01-05,obecność,72
4TW5,2024-01-05,nieob. uspr. p.s.,3
4TW5,2024-01-08,nieob. uspr. p.s.,8
4TW5,2024-01-08,obecność,84
4TW5,2024-01-09,nieob. uspr. p.s.,2
4TW5,2024-01-09,obecność,63
4TW5,2024-01-10,obecność,76
4TW5,2024-01-10,nieob. uspr. p.s.,12
4TW5,2024-01-11,obecność,49
4TW5,2024-01-11,nieob. uspr. p.s.,4
4TW5,2024-01-12,nieob. uspraw.,42
4TW5,2024-01-29,obecność,91
4TW5,2024-01-30,obecność,71
4TW5,2024-01-31,obecność,105
4TW5,2024-02-01,obecność,65
4TW5,2024-02-02,obecność,70
4TW5,2024-02-05,obecność,91
4TW5,2024-02-06,obecność,77
4TW5,2024-02-07,obecność,97
4TW5,2024-02-08,obecność,64
4TW5,2024-02-09,obecność,60
4TW5,2024-02-12,nieob. uspraw.,23
4TW5,2024-02-12,obecność,67
4TW5,2024-02-13,obecność,40
4TW5,2024-02-13,spóźnienie,4
4TW5,2024-02-14,obecność,108
4TW5,2024-02-15,obecność,75
4TW5,2024-02-16,obecność,84
4TW5,2024-02-19,obecność,86
4TW5,2024-02-20,obecność,82
4TW5,2024-02-21,obecność,107
4TW5,2024-02-22,nieob. uspraw.,12
4TW5,2024-02-23,nieob. uspraw.,37
4TW5,2024-02-26,obecność,72
4TW5,2024-02-27,obecność,77
4TW5,2024-02-28,obecność,107
4TW5,2024-02-29,obecność,79
4TW5,2024-03-01,obecność,55
4TW5,2024-03-01,nieob. uspr. p.s.,6
4TW5,2024-03-04,obecność,65
4TW5,2024-03-05,obecność,78
4TW5,2024-03-06,obecność,70
4TW5,2024-03-07,obecność,59
4TW5,2024-03-08,obecność,73
4TW5,2024-03-11,obecność,80
4TW5,2024-03-12,obecność,75
4TW5,2024-03-13,obecność,108
4TW5,2024-03-14,obecność,66
4TW5,2024-03-15,obecność,19
4TW5,2024-03-15,nieob. uspr. p.s.,8
4TW5,2024-03-18,obecność,87
4TW5,2024-03-19,obecność,76
4TW5,2024-03-20,obecność,28
4TW5,2024-03-20,nieob. uspraw.,89
4TW5,2024-03-21,nieob. uspraw.,66
4TW5,2024-03-22,nieob. uspraw.,23
4TW5,2024-03-25,obecność,88
4TW5,2024-03-26,obecność,68
4TW5,2024-03-27,nieob. uspraw.,31
4TW5,2024-04-03,obecność,95
4TW5,2024-04-04,obecność,82
4TW5,2024-04-05,obecność,84
4TW5,2024-04-08,obecność,91
4TW5,2024-04-09,obecność,52
4TW5,2024-04-15,obecność,84
4TW5,2024-04-15,nieob. uspr. p.s.,5
4TW5,2024-04-16,obecność,25
4TW5,2024-04-16,nieob. uspr. p.s.,5
4TW5,2024-04-16,nieob. uspraw.,22
4TW5,2024-04-17,obecność,107
4TW5,2024-04-18,obecność,56
4TW5,2024-04-19,obecność,69
4TW5,2024-04-22,obecność,70
4TW5,2024-04-23,nieob. uspr. p.s.,9
4TW5,2024-04-23,obecność,71
4TW5,2024-04-24,obecność,82
4TW5,2024-04-24,nieob. uspr. p.s.,6
4TW5,2024-04-25,nieob. uspr. p.s.,10
4TW5,2024-04-25,nieob. uspraw.,32
4TW5,2024-04-26,obecność,63
4TW5,2024-05-06,obecność,80
4TW5,2024-05-07,nieob. uspraw.,20
4TW5,2024-05-07,obecność,71
4TW5,2024-05-09,obecność,49
4TW5,2024-05-09,nieob. uspraw.,29
4TW5,2024-05-10,obecność,49
4TW5,2024-05-10,spóźnienie,4
4TW5,2024-05-10,nieob. uspraw.,37
4TW5,2024-05-13,obecność,80
4TW5,2024-05-14,nieob. uspraw.,88
4TW5,2024-05-15,obecność,83
4TW5,2024-05-16,obecność,60
4TW5,2024-05-17,obecność,66
4TW5,2024-05-17,nieob. uspraw.,23
4TW5,2024-05-20,obecność,85
4TW5,2024-05-21,nieob. uspr. p.s.,11
4TW5,2024-05-21,obecność,61
4TW5,2024-05-22,obecność,97
4TW5,2024-05-23,nieob. uspr. p.s.,37
4TW5,2024-05-23,obecność,30
4TW5,2024-05-24,obecność,96
4TW5,2024-05-27,obecność,70
4TW5,2024-05-28,obecność,64
4TW5,2024-05-28,spóźnienie,2
4TW5,2024-05-29,obecność,102
4TW5,2024-06-03,obecność,81
4TW5,2024-06-04,obecność,77
4TW5,2024-06-04,nieob. uspraw.,12
4TW5,2024-06-04,spóźn. uspr.,1
4TW5,2024-06-05,obecność,40
4TW5,2024-06-05,nieobecność,18
4TW5,2024-06-06,obecność,80
4TW5,2024-06-07,nieob. uspr. p.s.,16
4TW5,2024-06-10,nieob. uspraw.,53
4TW5,2024-06-11,obecność,37
4TW5,2024-06-11,nieobecność,5
4TW5,2024-06-12,obecność,90
4TW5,2024-06-13,obecność,70
4TW5,2024-06-14,obecność,96
4TW5,2024-06-17,obecność,80
4TW5,2024-06-18,obecność,50
4TW5,2024-06-19,nieob. uspraw.,27
4TW5,2024-06-20,obecność,35
4TW5,2024-06-21,obecność,104
4TW5,2023-10-04,obecność,96
4TW5,2023-10-05,obecność,63
4TW5,2023-10-09,obecność,95
4TW5,2023-10-10,obecność,60
4TW5,2023-10-11,nieob. uspr. p.s.,5
4TW5,2023-10-11,obecność,83
4TW5,2023-10-12,obecność,76
4TW5,2023-10-12,nieob. uspr. p.s.,2
4TW5,2023-10-17,nieob. uspr. p.s.,4
4TW5,2023-10-18,nieob. uspraw.,24
4TW5,2023-11-29,obecność,64
4TW5,2023-12-06,nieob. uspraw.,27
4TW5,2023-12-11,spóźnienie,1
4TW5,2023-12-13,nieob. uspraw.,10
4TW5,2023-12-21,nieob. uspr. p.s.,3
4TW5,2024-01-02,nieob. uspr. p.s.,1
4TW5,2024-01-12,obecność,36
4TW5,2024-02-22,obecność,66
4TW5,2024-02-23,obecność,40
4TW5,2024-03-06,nieob. uspr. p.s.,16
4TW5,2024-03-21,nieob. uspr. p.s.,12
4TW5,2024-03-22,nieob. uspr. p.s.,8
4TW5,2024-03-26,nieob. uspraw.,19
4TW5,2024-03-27,obecność,85
4TW5,2024-04-22,nieob. uspraw.,21
4TW5,2024-04-25,obecność,62
4TW5,2024-05-13,nieob. uspraw.,22
4TW5,2024-06-05,nieob. uspraw.,33
4TW5,2024-06-10,obecność,51
4TW5,2024-06-17,nieob. uspraw.,16
4TW5,2023-10-19,nieob. uspraw.,36
4TW5,2023-10-23,nieob. uspraw.,3
4TW5,2023-10-24,nieob. uspraw.,20
4TW5,2023-10-30,nieob. uspraw.,18
4TW5,2023-10-31,nieob. uspraw.,28
4TW5,2023-11-02,nieob. uspraw.,21
4TW5,2023-11-03,nieob. uspraw.,12
4TW5,2023-11-07,nieob. uspraw.,9
4TW5,2023-11-09,nieobecność,7
4TW5,2023-11-21,obecność,63
4TW5,2023-11-22,nieob. uspraw.,16
4TW5,2023-11-23,nieob. uspraw.,12
4TW5,2023-11-28,nieob. uspraw.,21
4TW5,2023-11-29,nieob. uspraw.,32
4TW5,2023-12-05,nieob. uspraw.,11
4TW5,2023-12-18,nieob. uspraw.,26
4TW5,2023-12-19,nieob. uspraw.,20
4TW5,2024-01-04,nieob. uspraw.,10
4TW5,2024-01-31,nieob. uspraw.,12
4TW5,2024-02-07,nieob. uspraw.,20
4TW5,2024-02-15,nieob. uspr. p.s.,2
4TW5,2024-02-20,nieob. uspr. p.s.,4
4TW5,2024-02-29,nieob. uspraw.,8
4TW5,2024-03-01,nieob. uspraw.,30
4TW5,2024-03-11,nieob. uspraw.,24
4TW5,2024-03-22,obecność,21
4TW5,2024-04-03,nieob. uspraw.,20
4TW5,2024-04-04,nieob. uspraw.,9
4TW5,2024-04-05,nieob. uspraw.,20
4TW5,2024-04-09,spóźnienie,2
4TW5,2024-04-15,nieob. uspraw.,9
4TW5,2024-04-19,nieob. uspraw.,8
4TW5,2024-04-24,nieob. uspraw.,16
4TW5,2024-05-06,spóźnienie,1
4TW5,2024-05-16,nieob. uspraw.,18
4TW5,2024-05-22,nieob. uspraw.,19
4TW5,2024-05-23,nieob. uspraw.,33
4TW5,2024-05-27,nieob. uspraw.,32
4TW5,2024-06-03,nieob. uspraw.,21
4TW5,2024-06-07,obecność,10
4TW5,2024-06-07,nieobecność,24
4TW5,2024-06-20,nieob. uspraw.,49
4TW5,2023-10-27,nieob. uspraw.,18
4TW5,2023-11-17,nieob. uspraw.,16
4TW5,2023-11-22,spóźnienie,4
4TW5,2023-12-08,nieob. uspraw.,6
4TW5,2024-01-11,nieob. uspraw.,25
4TW5,2024-03-04,nieob. uspraw.,13
4TW5,2024-03-07,nieob. uspraw.,13
4TW5,2024-04-26,nieob. uspraw.,20
4TW5,2024-05-06,nieob. uspraw.,23
4TW5,2024-05-14,nieobecność,16
4TW5,2024-05-23,nieobecność,4
4TW5,2024-05-29,spóźnienie,2
4TW5,2024-06-11,nieob. uspraw.,36
4TW5,2024-06-19,obecność,81
4TW5,2023-10-16,nieob. uspraw.,15
4TW5,2023-10-17,nieob. uspraw.,28
4TW5,2023-10-19,nieobecność,12
4TW5,2023-10-24,nieob. uspr. p.s.,3
4TW5,2023-11-07,zwolniony,1
4TW5,2023-11-13,nieob. uspraw.,2
4TW5,2023-11-15,nieob. uspr. p.s.,2
4TW5,2024-02-13,nieob. uspraw.,20
4TW5,2024-02-29,spóźnienie,3
4TW5,2024-03-12,nieob. uspraw.,12
4TW5,2024-03-18,nieob. uspraw.,17
4TW5,2024-04-18,nieob. uspr. p.s.,21
4TW5,2024-04-19,nieob. uspr. p.s.,10
4TW5,2024-04-26,nieob. uspr. p.s.,8
4TW5,2024-05-27,nieob. uspr. p.s.,1
4TW5,2024-06-03,nieob. uspr. p.s.,1
4TW5,2024-06-07,nieob. uspraw.,54
4TW5,2024-06-12,nieob. uspraw.,18
4TW5,2024-06-13,nieob. uspraw.,14
4TW5,2023-10-03,nieob. uspr. p.s.,1
4TW5,2023-10-12,spóźnienie,1
4TW5,2023-10-20,nieob. uspr. p.s.,1
4TW5,2023-10-24,spóźnienie,2
4TW5,2023-11-10,nieob. uspraw.,1
4TW5,2023-11-21,nieob. uspraw.,14
4TW5,2023-11-23,nieob. uspr. p.s.,4
4TW5,2023-11-27,nieob. uspraw.,8
4TW5,2023-12-12,nieobecność,3
4TW5,2023-12-13,nieobecność,1
4TW5,2023-12-18,spóźnienie,2
4TW5,2023-12-21,nieobecność,14
4TW5,2024-01-02,nieobecność,3
4TW5,2024-01-03,nieobecność,8
4TW5,2024-01-29,nieob. uspraw.,11
4TW5,2024-01-29,spóźnienie,2
4TW5,2024-02-01,nieob. uspraw.,13
4TW5,2024-02-08,nieob. uspraw.,14
4TW5,2024-02-12,nieobecność,1
4TW5,2024-02-14,nieobecność,3
4TW5,2024-02-19,spóźnienie,1
4TW5,2024-02-20,spóźnienie,2
4TW5,2024-02-26,nieob. uspr. p.s.,16
4TW5,2024-02-28,spóźnienie,1
4TW5,2024-03-15,nieob. uspraw.,18
4TW5,2024-03-26,spóźnienie,3
4TW5,2024-04-09,nieob. uspraw.,10
4TW5,2024-04-17,nieob. uspraw.,10
4TW5,2024-05-13,spóźnienie,2
4TW5,2024-05-17,spóźnienie,2
4TW5,2024-05-20,spóźnienie,3
4TW5,2024-05-22,spóźnienie,1
4TW5,2024-05-27,spóźnienie,1
4TW5,2024-05-29,nieob. uspraw.,13
4TW5,2023-10-20,nieob. uspraw.,19
4TW5,2023-11-15,nieob. uspraw.,24
4TW5,2023-12-05,nieob. uspr. p.s.,3
4TW5,2024-01-02,nieob. uspraw.,8
4TW5,2024-01-03,nieob. uspraw.,17
4TW5,2024-02-09,nieob. uspraw.,18
4TW5,2024-03-05,nieob. uspraw.,12
4TW5,2024-03-06,nieob. uspraw.,18
4TW5,2024-04-18,nieob. uspraw.,14
4TW5,2024-06-06,nieob. uspraw.,24
4TW5,2023-12-04,nieob. uspraw.,24
4TW5,2023-10-10,spóźn. uspr.,1
4TW5,2023-10-17,spóźn. uspr.,1
4TW5,2023-10-19,obecność,6
4TW5,2023-10-24,spóźn. uspr.,1
4TW5,2024-02-13,spóźn. uspr.,1
4TW5,2024-02-19,spóźn. uspr.,1
4TW5,2024-02-29,spóźn. uspr.,1
4TW5,2024-03-12,nieob. uspr. p.s.,2
4TW5,2024-03-14,nieob. uspr. p.s.,4
4TW5,2024-03-19,nieob. uspraw.,15
4TW5,2024-03-26,spóźn. uspr.,1
4TW5,2024-04-09,spóźn. uspr.,1
4TW5,2024-04-19,spóźn. uspr.,2
4TW5,2024-06-04,nieob. uspr. p.s.,1
4TW5,2024-06-18,nieob. uspraw.,10
4TW5,2023-10-03,nieob. uspraw.,1
4TW5,2023-10-10,spóźnienie,1
4TW5,2023-10-12,spóźn. uspr.,1
4TW5,2023-11-06,nieob. uspraw.,1
4TW5,2023-11-09,nieob. uspraw.,10
4TW5,2023-11-16,nieob. uspraw.,13
4TW5,2023-11-27,spóźnienie,1
4TW5,2023-12-12,nieob. uspraw.,9
4TW5,2023-12-20,nieob. uspraw.,5
4TW5,2024-01-05,nieob. uspraw.,3
4TW5,2024-01-08,nieob. uspraw.,12
4TW5,2024-01-09,nieob. uspraw.,13
4TW5,2024-01-10,nieob. uspraw.,16
4TW5,2024-01-30,nieob. uspraw.,7
4TW5,2024-02-06,nieob. uspraw.,14
4TW5,2024-02-14,spóźnienie,1
4TW5,2024-02-14,nieob. uspraw.,5
4TW5,2024-02-15,nieob. uspraw.,14
4TW5,2024-02-19,nieob. uspraw.,16
4TW5,2024-02-20,nieobecność,1
4TW5,2024-02-21,spóźnienie,1
4TW5,2024-02-23,spóźnienie,1
4TW5,2024-02-27,nieob. uspraw.,14
4TW5,2024-03-05,nieobecność,1
4TW5,2024-03-07,nieobecność,6
4TW5,2024-03-12,spóźnienie,1
4TW5,2024-03-12,nieobecność,1
4TW5,2024-03-14,nieob. uspraw.,21
4TW5,2024-03-27,nieobecność,1
4TW5,2024-04-03,nieobecność,2
4TW5,2024-04-08,nieobecność,5
4TW5,2024-04-15,nieobecność,5
4TW5,2024-04-15,spóźnienie,1
4TW5,2024-04-23,spóźnienie,3
4TW5,2024-04-23,nieob. uspraw.,8
4TW5,2024-05-10,nieobecność,1
4TW5,2024-05-15,spóźnienie,1
4TW5,2024-05-20,nieob. uspraw.,16
4TW5,2024-05-28,nieob. uspraw.,12
4TW5,2024-06-03,spóźnienie,1
4TW5,2023-10-09,spóźnienie,1
4TW5,2023-10-25,nieob. uspraw.,8
4TW5,2023-11-02,nieobecność,2
4TW5,2023-11-03,nieobecność,7
4TW5,2023-11-06,nieobecność,8
4TW5,2023-11-07,nieobecność,8
4TW5,2023-11-08,nieobecność,8
4TW5,2023-11-10,nieobecność,7
4TW5,2023-11-14,nieob. uspraw.,7
4TW5,2023-11-24,nieob. uspraw.,6
4TW5,2023-12-01,nieob. uspraw.,14
4TW5,2023-12-11,nieob. uspraw.,8
4TW5,2023-12-15,nieob. uspraw.,1
4TW5,2023-12-15,zwolniony,1
4TW5,2024-02-02,nieob. uspraw.,8
4TW5,2024-02-16,nieob. uspraw.,7
4TW5,2024-02-20,nieob. uspraw.,2
4TW5,2024-02-21,nieob. uspraw.,9
4TW5,2024-02-26,nieob. uspraw.,16
4TW5,2024-02-28,nieob. uspraw.,9
4TW5,2024-03-08,nieob. uspraw.,5
4TW5,2024-03-13,nieob. uspraw.,9
4TW5,2024-03-25,nieob. uspraw.,16
4TW5,2024-04-08,nieob. uspraw.,8
4TW5,2024-04-11,nieobecność,5
4TW5,2024-04-19,nieobecność,2
4TW5,2024-05-15,nieob. uspraw.,7
4TW5,2024-05-21,nieob. uspraw.,6
4TW5,2024-05-24,nieob. uspraw.,8
4TW5,2024-06-12,nieobecność,9
4TW5,2024-06-13,nieobecność,7
4TW5,2024-06-14,nieobecność,8
4TW5,2024-06-17,nieobecność,8
4TW5,2024-06-18,nieobecność,5
4TW5,2024-06-19,nieobecność,9
4TW5,2024-06-20,nieobecność,7
4TW5,2023-11-30,nieob. uspraw.,5
4TŻ5,2023-09-04,praktyka zawodowa,84
4TŻ5,2023-09-05,praktyka zawodowa,84
4TŻ5,2023-09-06,praktyka zawodowa,84
4TŻ5,2023-09-07,praktyka zawodowa,77
4TŻ5,2023-09-08,praktyka zawodowa,84
4TŻ5,2023-09-11,praktyka zawodowa,84
4TŻ5,2023-09-12,praktyka zawodowa,84
4TŻ5,2023-09-13,praktyka zawodowa,84
4TŻ5,2023-09-14,praktyka zawodowa,84
4TŻ5,2023-09-15,praktyka zawodowa,84
4TŻ5,2023-09-18,praktyka zawodowa,84
4TŻ5,2023-09-19,praktyka zawodowa,84
4TŻ5,2023-09-20,praktyka zawodowa,84
4TŻ5,2023-09-21,praktyka zawodowa,96
4TŻ5,2023-09-22,praktyka zawodowa,84
4TŻ5,2023-09-25,praktyka zawodowa,84
4TŻ5,2023-09-26,praktyka zawodowa,84
4TŻ5,2023-09-27,praktyka zawodowa,84
4TŻ5,2023-09-28,praktyka zawodowa,84
4TŻ5,2023-09-29,praktyka zawodowa,84
4TŻ5,2023-10-02,nieob. uspraw.,7
4TŻ5,2023-10-03,nieob. uspraw.,2
4TŻ5,2023-10-03,obecność,93
4TŻ5,2023-10-04,obecność,54
4TŻ5,2023-10-04,spóźn. uspr.,4
4TŻ5,2023-10-04,nieob. uspraw.,11
4TŻ5,2023-10-05,nieob. uspraw.,20
4TŻ5,2023-10-05,obecność,51
4TŻ5,2023-10-05,spóźn. uspr.,1
4TŻ5,2023-10-06,nieob. uspraw.,16
4TŻ5,2023-10-09,obecność,61
4TŻ5,2023-10-09,nieob. uspraw.,13
4TŻ5,2023-10-09,spóźn. uspr.,1
4TŻ5,2023-10-10,nieob. uspraw.,19
4TŻ5,2023-10-11,obecność,54
4TŻ5,2023-10-12,obecność,26
4TŻ5,2023-10-12,nieob. uspraw.,22
4TŻ5,2023-10-16,nieob. uspraw.,29
4TŻ5,2023-10-17,nieob. uspraw.,13
4TŻ5,2023-10-17,obecność,75
4TŻ5,2023-10-18,obecność,83
4TŻ5,2023-10-19,obecność,70
4TŻ5,2023-10-19,nieob. uspraw.,13
4TŻ5,2023-10-20,obecność,52
4TŻ5,2023-10-23,nieob. uspraw.,13
4TŻ5,2023-10-23,nieob. uspr. p.s.,38
4TŻ5,2023-10-23,obecność,26
4TŻ5,2023-10-24,obecność,89
4TŻ5,2023-10-25,obecność,67
4TŻ5,2023-10-26,obecność,79
4TŻ5,2023-10-26,nieob. uspraw.,15
4TŻ5,2023-10-27,obecność,46
4TŻ5,2023-10-27,spóźnienie,2
4TŻ5,2023-10-30,obecność,68
4TŻ5,2023-10-31,nieob. uspraw.,66
4TŻ5,2023-11-02,nieob. uspraw.,72
4TŻ5,2023-11-03,nieob. uspraw.,49
4TŻ5,2023-11-06,nieob. uspraw.,21
4TŻ5,2023-11-06,obecność,48
4TŻ5,2023-11-07,nieob. uspraw.,24
4TŻ5,2023-11-08,obecność,67
4TŻ5,2023-11-09,obecność,61
4TŻ5,2023-11-09,spóźn. uspr.,1
4TŻ5,2023-11-10,nieob. uspraw.,27
4TŻ5,2023-11-13,nieob. uspraw.,17
4TŻ5,2023-11-13,obecność,63
4TŻ5,2023-11-14,obecność,61
4TŻ5,2023-11-15,nieobecność,7
4TŻ5,2023-11-16,obecność,68
4TŻ5,2023-11-17,obecność,51
4TŻ5,2023-11-20,nieobecność,1
4TŻ5,2023-11-20,obecność,59
4TŻ5,2023-11-21,nieobecność,8
4TŻ5,2023-11-22,obecność,76
4TŻ5,2023-11-23,nieobecność,8
4TŻ5,2023-11-24,obecność,64
4TŻ5,2023-11-27,obecność,61
4TŻ5,2023-11-28,obecność,67
4TŻ5,2023-11-29,obecność,84
4TŻ5,2023-11-30,nieobecność,8
4TŻ5,2023-12-01,obecność,73
4TŻ5,2023-12-04,obecność,61
4TŻ5,2023-12-05,obecność,65
4TŻ5,2023-12-05,nieobecność,1
4TŻ5,2023-12-06,nieobecność,7
4TŻ5,2023-12-07,obecność,49
4TŻ5,2023-12-08,obecność,39
4TŻ5,2023-12-11,obecność,52
4TŻ5,2023-12-12,nieobecność,11
4TŻ5,2023-12-13,obecność,81
4TŻ5,2023-12-14,obecność,32
4TŻ5,2023-12-14,nieob. uspr. p.s.,8
4TŻ5,2023-12-15,nieobecność,7
4TŻ5,2023-12-18,obecność,76
4TŻ5,2023-12-19,nieobecność,2
4TŻ5,2023-12-19,obecność,32
4TŻ5,2023-12-20,obecność,73
4TŻ5,2023-12-20,nieobecność,1
4TŻ5,2023-12-21,obecność,84
4TŻ5,2024-01-02,nieobecność,9
4TŻ5,2024-01-03,obecność,73
4TŻ5,2024-01-04,obecność,74
4TŻ5,2024-01-04,nieobecność,2
4TŻ5,2024-01-05,obecność,95
4TŻ5,2024-01-08,obecność,53
4TŻ5,2024-01-09,nieobecność,10
4TŻ5,2024-01-10,obecność,54
4TŻ5,2024-01-11,obecność,58
4TŻ5,2024-01-12,nieobecność,17
4TŻ5,2024-01-29,obecność,62
4TŻ5,2024-01-30,obecność,75
4TŻ5,2024-01-31,obecność,48
4TŻ5,2024-02-01,obecność,54
4TŻ5,2024-02-02,nieob. uspraw.,37
4TŻ5,2024-02-05,obecność,59
4TŻ5,2024-02-05,nieob. uspraw.,35
4TŻ5,2024-02-06,obecność,68
4TŻ5,2024-02-07,nieob. uspraw.,34
4TŻ5,2024-02-08,obecność,62
4TŻ5,2024-02-08,nieob. uspraw.,19
4TŻ5,2024-02-09,nieob. uspraw.,47
4TŻ5,2024-02-12,obecność,76
4TŻ5,2024-02-13,nieob. uspraw.,11
4TŻ5,2024-02-13,spóźn. uspr.,3
4TŻ5,2024-02-13,obecność,76
4TŻ5,2024-02-14,obecność,78
4TŻ5,2024-02-15,nieob. uspraw.,38
4TŻ5,2024-02-16,obecność,63
4TŻ5,2024-02-19,obecność,84
4TŻ5,2024-02-20,obecność,77
4TŻ5,2024-02-21,obecność,75
4TŻ5,2024-02-22,obecność,72
4TŻ5,2024-02-23,spóźn. uspr.,3
4TŻ5,2024-02-23,obecność,62
4TŻ5,2024-02-26,obecność,79
4TŻ5,2024-02-27,nieob. uspraw.,11
4TŻ5,2024-02-29,obecność,48
4TŻ5,2024-03-01,nieob. uspraw.,28
4TŻ5,2024-03-04,obecność,68
4TŻ5,2024-03-05,obecność,86
4TŻ5,2024-03-06,obecność,77
4TŻ5,2024-03-07,nieob. uspraw.,33
4TŻ5,2024-03-08,obecność,75
4TŻ5,2024-03-11,nieobecność,7
4TŻ5,2024-03-11,zwolniony,12
4TŻ5,2024-03-12,nieob. uspr. p.s.,7
4TŻ5,2024-03-12,obecność,86
4TŻ5,2024-03-13,obecność,74
4TŻ5,2024-03-14,obecność,50
4TŻ5,2024-03-14,nieob. uspraw.,11
4TŻ5,2024-03-15,obecność,51
4TŻ5,2024-03-15,nieob. uspraw.,25
4TŻ5,2024-03-18,obecność,40
4TŻ5,2024-03-19,obecność,50
4TŻ5,2024-03-19,nieob. uspraw.,39
4TŻ5,2024-03-20,nieob. uspraw.,80
4TŻ5,2024-03-21,nieob. uspraw.,84
4TŻ5,2024-03-22,nieob. uspraw.,43
4TŻ5,2024-03-25,obecność,63
4TŻ5,2024-03-26,obecność,45
4TŻ5,2024-03-27,obecność,54
4TŻ5,2024-04-03,obecność,62
4TŻ5,2024-04-04,obecność,92
4TŻ5,2024-04-05,obecność,65
4TŻ5,2024-04-08,nieob. uspraw.,49
4TŻ5,2024-04-09,obecność,52
4TŻ5,2024-04-10,nieob. uspraw.,21
4TŻ5,2024-04-11,obecność,29
4TŻ5,2024-04-12,nieob. uspr. p.s.,56
4TŻ5,2024-04-15,nieob. uspraw.,21
4TŻ5,2024-04-16,obecność,43
4TŻ5,2024-04-16,spóźnienie,3
4TŻ5,2024-04-17,nieob. uspraw.,7
4TŻ5,2024-04-17,obecność,71
4TŻ5,2024-04-18,obecność,71
4TŻ5,2024-04-19,nieob. uspraw.,15
4TŻ5,2024-04-22,obecność,62
4TŻ5,2024-04-23,nieob. uspraw.,26
4TŻ5,2024-04-24,obecność,60
4TŻ5,2024-04-24,nieob. uspr. p.s.,10
4TŻ5,2024-04-25,obecność,74
4TŻ5,2024-04-25,nieob. uspr. p.s.,5
4TŻ5,2024-04-26,obecność,11
4TŻ5,2024-04-26,nieob. uspr. p.s.,14
4TŻ5,2024-05-06,nieob. uspraw.,18
4TŻ5,2024-05-07,nieob. uspraw.,7
4TŻ5,2024-05-08,nieob. uspraw.,32
4TŻ5,2024-05-08,nieobecność,4
4TŻ5,2024-05-09,obecność,60
4TŻ5,2024-05-10,nieob. uspraw.,44
4TŻ5,2024-05-13,nieob. uspraw.,4
4TŻ5,2024-05-13,obecność,77
4TŻ5,2024-05-14,nieob. uspraw.,36
4TŻ5,2024-05-15,obecność,67
4TŻ5,2024-05-15,spóźnienie,1
4TŻ5,2024-05-16,obecność,54
4TŻ5,2024-05-17,nieob. uspraw.,63
4TŻ5,2024-05-20,obecność,91
4TŻ5,2024-05-21,nieob. uspraw.,31
4TŻ5,2024-05-21,obecność,60
4TŻ5,2024-05-22,nieob. uspraw.,11
4TŻ5,2024-05-23,obecność,34
4TŻ5,2024-05-24,obecność,95
4TŻ5,2024-05-27,nieob. uspraw.,50
4TŻ5,2024-05-28,nieob. uspr. p.s.,7
4TŻ5,2024-05-28,obecność,87
4TŻ5,2024-05-29,obecność,55
4TŻ5,2024-06-03,nieob. uspraw.,24
4TŻ5,2024-06-04,nieob. uspraw.,14
4TŻ5,2024-06-05,obecność,72
4TŻ5,2024-06-05,nieob. uspraw.,14
4TŻ5,2024-06-06,obecność,38
4TŻ5,2024-06-07,obecność,55
4TŻ5,2024-06-10,nieob. uspraw.,32
4TŻ5,2024-06-11,nieob. uspraw.,40
4TŻ5,2024-06-12,nieob. uspraw.,48
4TŻ5,2024-06-13,nieob. uspraw.,35
4TŻ5,2024-06-14,nieob. uspraw.,56
4TŻ5,2024-06-17,nieob. uspraw.,31
4TŻ5,2024-06-18,nieobecność,64
4TŻ5,2024-06-19,nieob. uspraw.,28
4TŻ5,2024-06-19,obecność,11
4TŻ5,2024-06-20,nieob. uspraw.,22
4TŻ5,2024-06-20,nieobecność,50
4TŻ5,2024-06-21,obecność,96
4TŻ5,2023-10-02,obecność,72
4TŻ5,2023-10-06,obecność,30
4TŻ5,2023-10-16,obecność,46
4TŻ5,2023-10-20,nieob. uspraw.,26
4TŻ5,2023-10-31,obecność,21
4TŻ5,2023-11-02,obecność,16
4TŻ5,2023-11-03,obecność,28
4TŻ5,2023-11-07,obecność,72
4TŻ5,2023-11-10,obecność,46
4TŻ5,2023-11-15,nieob. uspraw.,16
4TŻ5,2023-11-20,nieob. uspraw.,21
4TŻ5,2023-11-21,obecność,68
4TŻ5,2023-11-23,nieob. uspraw.,63
4TŻ5,2023-11-30,obecność,62
4TŻ5,2023-11-30,zwolniony,11
4TŻ5,2023-12-05,nieob. uspraw.,27
4TŻ5,2023-12-06,nieob. uspraw.,32
4TŻ5,2023-12-07,nieob. uspraw.,23
4TŻ5,2023-12-12,obecność,18
4TŻ5,2023-12-12,nieob. uspr. p.s.,7
4TŻ5,2023-12-15,obecność,58
4TŻ5,2023-12-19,nieob. uspraw.,51
4TŻ5,2024-01-02,obecność,22
4TŻ5,2024-01-09,obecność,70
4TŻ5,2024-01-12,obecność,47
4TŻ5,2024-02-02,obecność,45
4TŻ5,2024-02-07,obecność,61
4TŻ5,2024-02-09,obecność,37
4TŻ5,2024-02-14,nieob. uspraw.,14
4TŻ5,2024-02-15,obecność,43
4TŻ5,2024-02-27,obecność,83
4TŻ5,2024-03-01,obecność,56
4TŻ5,2024-03-07,obecność,35
4TŻ5,2024-03-11,obecność,33
4TŻ5,2024-03-22,obecność,40
4TŻ5,2024-04-08,obecność,35
4TŻ5,2024-04-10,obecność,61
4TŻ5,2024-04-15,obecność,57
4TŻ5,2024-04-19,obecność,63
4TŻ5,2024-04-23,obecność,64
4TŻ5,2024-04-26,nieob. uspraw.,35
4TŻ5,2024-05-06,obecność,71
4TŻ5,2024-05-07,obecność,78
4TŻ5,2024-05-08,obecność,48
4TŻ5,2024-05-10,obecność,11
4TŻ5,2024-05-15,nieob. uspraw.,15
4TŻ5,2024-05-17,obecność,20
4TŻ5,2024-05-22,obecność,72
4TŻ5,2024-05-27,obecność,38
4TŻ5,2024-06-03,obecność,37
4TŻ5,2024-06-04,obecność,65
4TŻ5,2024-06-06,nieob. uspraw.,10
4TŻ5,2024-06-18,nieob. uspraw.,7
4TŻ5,2024-06-19,nieobecność,57
4TŻ5,2023-10-04,spóźnienie,4
4TŻ5,2023-10-04,nieob. uspr. p.s.,9
4TŻ5,2023-10-05,nieob. uspr. p.s.,20
4TŻ5,2023-10-05,nieobecność,2
4TŻ5,2023-10-06,nieob. uspr. p.s.,35
4TŻ5,2023-10-09,nieob. uspr. p.s.,7
4TŻ5,2023-10-10,obecność,69
4TŻ5,2023-10-11,nieob. uspr. p.s.,13
4TŻ5,2023-10-11,nieobecność,11
4TŻ5,2023-10-12,nieob. uspr. p.s.,40
4TŻ5,2023-10-16,nieobecność,8
4TŻ5,2023-10-17,spóźnienie,2
4TŻ5,2023-10-18,nieobecność,1
4TŻ5,2023-10-20,nieobecność,6
4TŻ5,2023-10-23,spóźnienie,1
4TŻ5,2023-10-23,nieobecność,3
4TŻ5,2023-10-25,spóźnienie,1
4TŻ5,2023-10-31,nieobecność,6
4TŻ5,2023-11-02,nieobecność,8
4TŻ5,2023-11-03,nieobecność,7
4TŻ5,2023-11-06,spóźnienie,3
4TŻ5,2023-11-08,nieobecność,1
4TŻ5,2023-11-09,nieobecność,1
4TŻ5,2023-11-14,nieob. uspraw.,31
4TŻ5,2023-11-15,obecność,61
4TŻ5,2023-11-17,spóźnienie,1
4TŻ5,2023-11-22,nieob. uspraw.,8
4TŻ5,2023-11-24,nieob. uspraw.,20
4TŻ5,2023-11-27,nieob. uspraw.,20
4TŻ5,2023-11-30,nieob. uspraw.,14
4TŻ5,2023-12-01,nieob. uspraw.,11
4TŻ5,2023-12-06,obecność,43
4TŻ5,2023-12-06,spóźnienie,2
4TŻ5,2023-12-08,nieob. uspraw.,18
4TŻ5,2023-12-08,spóźnienie,2
4TŻ5,2023-12-11,nieob. uspraw.,14
4TŻ5,2023-12-12,nieob. uspraw.,57
4TŻ5,2023-12-14,nieob. uspraw.,20
4TŻ5,2023-12-15,nieob. uspraw.,19
4TŻ5,2024-01-02,nieob. uspraw.,63
4TŻ5,2024-01-04,spóźnienie,2
4TŻ5,2024-01-04,nieob. uspraw.,6
4TŻ5,2024-01-08,nieob. uspraw.,13
4TŻ5,2024-01-09,nieob. uspraw.,14
4TŻ5,2024-01-10,nieobecność,6
4TŻ5,2024-01-11,nieobecność,3
4TŻ5,2024-01-29,nieob. uspraw.,32
4TŻ5,2024-02-01,nieob. uspr. p.s.,2
4TŻ5,2024-02-02,nieob. uspr. p.s.,2
4TŻ5,2024-02-06,nieob. uspraw.,25
4TŻ5,2024-02-15,nieobecność,2
4TŻ5,2024-02-20,nieob. uspraw.,19
4TŻ5,2024-02-21,nieob. uspraw.,8
4TŻ5,2024-02-22,nieob. uspraw.,8
4TŻ5,2024-02-23,nieob. uspraw.,17
4TŻ5,2024-02-27,nieobecność,2
4TŻ5,2024-02-29,spóźnienie,2
4TŻ5,2024-03-05,nieobecność,2
4TŻ5,2024-03-06,nieob. uspr. p.s.,2
4TŻ5,2024-03-07,nieob. uspr. p.s.,14
4TŻ5,2024-03-11,nieob. uspr. p.s.,29
4TŻ5,2024-03-18,nieob. uspr. p.s.,36
4TŻ5,2024-03-18,nieobecność,1
4TŻ5,2024-03-19,nieob. uspr. p.s.,4
4TŻ5,2024-03-20,obecność,14
4TŻ5,2024-03-20,nieob. uspr. p.s.,1
4TŻ5,2024-03-25,nieob. uspraw.,25
4TŻ5,2024-03-26,nieob. uspraw.,40
4TŻ5,2024-03-27,nieob. uspraw.,22
4TŻ5,2024-04-05,spóźnienie,1
4TŻ5,2024-04-15,nieob. uspr. p.s.,6
4TŻ5,2024-04-17,nieob. uspr. p.s.,6
4TŻ5,2024-04-19,nieob. uspr. p.s.,6
4TŻ5,2024-04-23,nieob. uspr. p.s.,2
4TŻ5,2024-05-14,obecność,50
4TŻ5,2024-05-16,nieob. uspraw.,17
4TŻ5,2024-05-29,nieob. uspraw.,33
4TŻ5,2024-06-04,nieobecność,14
4TŻ5,2024-06-10,obecność,21
4TŻ5,2024-06-10,nieobecność,35
4TŻ5,2024-06-11,nieobecność,32
4TŻ5,2024-06-11,obecność,22
4TŻ5,2024-06-12,nieobecność,34
4TŻ5,2024-06-13,nieobecność,25
4TŻ5,2024-06-14,nieobecność,38
4TŻ5,2024-06-17,nieobecność,60
4TŻ5,2023-10-02,spóźn. uspr.,4
4TŻ5,2023-10-03,nieobecność,1
4TŻ5,2023-10-04,nieobecność,1
4TŻ5,2023-10-05,spóźnienie,1
4TŻ5,2023-10-06,nieobecność,2
4TŻ5,2023-10-10,nieobecność,8
4TŻ5,2023-10-12,nieobecność,8
4TŻ5,2023-10-25,nieob. uspraw.,15
4TŻ5,2023-10-27,nieob. uspraw.,35
4TŻ5,2023-10-30,nieob. uspraw.,6
4TŻ5,2023-11-09,spóźnienie,2
4TŻ5,2023-11-09,nieob. uspraw.,23
4TŻ5,2023-11-16,nieob. uspraw.,28
4TŻ5,2023-11-28,nieob. uspraw.,18
4TŻ5,2023-12-04,nieob. uspraw.,13
4TŻ5,2023-12-20,nieob. uspraw.,9
4TŻ5,2024-01-12,nieob. uspraw.,32
4TŻ5,2024-01-30,nieobecność,1
4TŻ5,2024-01-31,nieob. uspraw.,47
4TŻ5,2024-02-01,nieob. uspraw.,28
4TŻ5,2024-02-13,spóźnienie,1
4TŻ5,2024-02-19,nieob. uspraw.,13
4TŻ5,2024-02-22,nieobecność,4
4TŻ5,2024-02-23,spóźnienie,1
4TŻ5,2024-02-26,nieobecność,7
4TŻ5,2024-02-29,nieobecność,1
4TŻ5,2024-03-06,nieob. uspraw.,4
4TŻ5,2024-03-07,nieobecność,2
4TŻ5,2024-03-18,nieob. uspraw.,17
4TŻ5,2024-03-25,nieobecność,6
4TŻ5,2024-03-26,nieobecność,7
4TŻ5,2024-03-27,nieobecność,7
4TŻ5,2024-04-05,nieob. uspraw.,17
4TŻ5,2024-04-09,nieob. uspraw.,25
4TŻ5,2024-04-11,nieob. uspraw.,25
4TŻ5,2024-04-12,nieob. uspraw.,28
4TŻ5,2024-04-16,nieobecność,2
4TŻ5,2024-04-22,nieob. uspraw.,32
4TŻ5,2024-04-24,nieob. uspraw.,14
4TŻ5,2024-04-25,nieob. uspraw.,16
4TŻ5,2024-05-06,zwolniony,3
4TŻ5,2024-05-09,nieob. uspraw.,23
4TŻ5,2024-05-15,spóźn. uspr.,1
4TŻ5,2024-06-05,nieobecność,10
4TŻ5,2023-10-19,nieobecność,1
4TŻ5,2023-10-24,nieob. uspraw.,3
4TŻ5,2023-11-21,nieob. uspraw.,17
4TŻ5,2023-12-11,nieobecność,3
4TŻ5,2023-12-13,nieob. uspraw.,3
4TŻ5,2023-12-18,nieob. uspraw.,8
4TŻ5,2024-01-03,nieob. uspraw.,8
4TŻ5,2024-01-05,nieob. uspraw.,1
4TŻ5,2024-02-15,spóźn. uspr.,1
4TŻ5,2024-02-26,nieob. uspraw.,10
4TŻ5,2024-02-29,nieob. uspraw.,14
4TŻ5,2024-03-04,nieob. uspraw.,26
4TŻ5,2024-03-05,nieob. uspraw.,4
4TŻ5,2024-03-13,nieob. uspraw.,2
4TŻ5,2024-03-14,spóźnienie,1
4TŻ5,2024-04-03,nieob. uspraw.,33
4TŻ5,2024-04-04,nieob. uspraw.,4
4TŻ5,2024-04-16,spóźn. uspr.,2
4TŻ5,2024-05-20,nieob. uspraw.,2
4TŻ5,2024-05-23,nieob. uspraw.,9
4TŻ5,2024-05-23,spóźn. uspr.,1
4TŻ5,2024-06-03,nieobecność,8
4TŻ5,2024-06-06,nieobecność,12
4TŻ5,2024-06-07,nieobecność,24
4TŻ5,2024-06-12,obecność,2
4TŻ5,2024-06-14,obecność,1
4TŻ5,2023-10-16,nieob. uspr. p.s.,1
4TŻ5,2023-10-17,spóźn. uspr.,2
4TŻ5,2023-10-25,spóźn. uspr.,1
4TŻ5,2023-10-27,spóźn. uspr.,1
4TŻ5,2023-11-06,spóźn. uspr.,2
4TŻ5,2023-11-08,nieob. uspr. p.s.,16
4TŻ5,2023-11-17,spóźn. uspr.,1
4TŻ5,2023-11-23,obecność,25
4TŻ5,2023-12-08,spóźn. uspr.,1
4TŻ5,2024-01-03,nieob. uspr. p.s.,2
4TŻ5,2024-01-10,nieob. uspr. p.s.,11
4TŻ5,2024-01-11,nieob. uspraw.,11
4TŻ5,2024-01-30,nieob. uspraw.,16
4TŻ5,2024-02-08,nieob. uspr. p.s.,2
4TŻ5,2024-02-12,nieob. uspraw.,18
4TŻ5,2024-02-14,nieob. uspr. p.s.,3
4TŻ5,2024-02-29,spóźn. uspr.,1
4TŻ5,2024-03-05,nieob. uspr. p.s.,1
4TŻ5,2024-03-11,nieob. uspraw.,13
4TŻ5,2024-03-14,nieob. uspr. p.s.,21
4TŻ5,2024-05-22,nieobecność,1
4TŻ5,2024-05-27,nieobecność,5
4TŻ5,2024-05-29,nieobecność,8
4TŻ5,2024-02-13,nieobecność,2
4TŻ5,2024-02-16,nieob. uspraw.,21
4TŻ5,2023-10-09,nieobecność,1
4TŻ5,2023-11-08,nieob. uspraw.,12
4TŻ5,2023-11-10,nieobecność,7
4TŻ5,2024-01-08,nieobecność,3
4TŻ5,2024-04-08,nieobecność,1
4TŻ5,2024-04-15,nieobecność,1
4TŻ5,2024-04-16,nieob. uspraw.,10
4TŻ5,2024-05-23,nieob. uspr. p.s.,4
4TŻ5,2023-10-11,nieob. uspraw.,17
4TŻ5,2023-10-26,nieob. uspr. p.s.,2
4TŻ5,2023-10-30,nieob. uspr. p.s.,7
4TŻ5,2023-11-06,nieob. uspr. p.s.,7
4TŻ5,2023-11-09,nieob. uspr. p.s.,8
4TŻ5,2023-11-10,nieob. uspr. p.s.,4
4TŻ5,2023-11-13,nieobecność,1
4TŻ5,2023-11-17,nieob. uspr. p.s.,5
4TŻ5,2023-11-28,nieob. uspr. p.s.,8
4TŻ5,2023-12-04,nieob. uspr. p.s.,7
4TŻ5,2024-01-04,spóźn. uspr.,1
4TŻ5,2024-01-30,spóźnienie,1
4TŻ5,2024-02-29,nieob. uspr. p.s.,6
4TŻ5,2024-03-08,nieob. uspr. p.s.,2
4TŻ5,2024-03-13,nieob. uspr. p.s.,7
4TŻ5,2024-03-15,nieob. uspr. p.s.,7
4TŻ5,2024-04-09,nieob. uspr. p.s.,7
4TŻ5,2024-05-06,nieob. uspr. p.s.,1
4TŻ5,2024-05-14,nieobecność,1
4TŻ5,2024-05-14,nieob. uspr. p.s.,7
4TŻ5,2024-05-21,nieob. uspr. p.s.,3
4TŻ5,2024-06-07,nieob. uspraw.,16
4TŻ5,2024-06-10,nieob. uspr. p.s.,2
4TŻ5,2024-06-17,nieob. uspr. p.s.,2
4TŻ5,2024-06-18,obecność,14
4TŻ5,2023-10-24,nieobecność,1
4TŻ5,2024-01-10,nieob. uspraw.,12
4TŻ5,2024-02-08,nieobecność,1
4TŻ5,2024-03-08,nieob. uspraw.,7
4TŻ5,2023-10-02,nieobecność,1
4TŻ5,2023-10-09,spóźnienie,1
4TŻ5,2023-10-17,nieobecność,1
4TŻ5,2023-11-14,nieobecność,1
4TŻ5,2023-11-17,nieob. uspraw.,2
4TŻ5,2023-11-30,spóźnienie,1
4TŻ5,2024-03-14,nieobecność,1
4TŻ5,2024-03-15,nieobecność,1
4TŻ5,2024-03-26,nieob. uspr. p.s.,1
4TŻ5,2024-04-05,nieobecność,1
4TŻ5,2024-04-10,nieobecność,1
4TŻ5,2024-04-23,nieobecność,1
4TŻ5,2024-05-06,nieobecność,3
4TŻ5,2024-05-10,nieobecność,5
4TŻ5,2024-05-17,spóźnienie,1
4TŻ5,2024-06-04,spóźnienie,1
5RŻ5,2023-09-04,obecność,203
5RŻ5,2023-09-05,obecność,105
5RŻ5,2023-09-06,obecność,140
5RŻ5,2023-09-07,obecność,153
5RŻ5,2023-09-08,obecność,87
5RŻ5,2023-09-11,obecność,123
5RŻ5,2023-09-12,nieob. uspr. p.s.,12
5RŻ5,2023-09-12,obecność,86
5RŻ5,2023-09-13,obecność,153
5RŻ5,2023-09-14,obecność,122
5RŻ5,2023-09-15,nieob. uspraw.,44
5RŻ5,2023-09-18,obecność,117
5RŻ5,2023-09-19,obecność,101
5RŻ5,2023-09-20,obecność,134
5RŻ5,2023-09-21,obecność,150
5RŻ5,2023-09-22,obecność,85
5RŻ5,2023-09-25,nieob. uspr. p.s.,2
5RŻ5,2023-09-25,obecność,100
5RŻ5,2023-09-26,obecność,101
5RŻ5,2023-09-26,nieob. uspr. p.s.,2
5RŻ5,2023-09-27,nieob. uspr. p.s.,20
5RŻ5,2023-09-28,obecność,149
5RŻ5,2023-09-29,obecność,105
5RŻ5,2023-10-02,obecność,157
5RŻ5,2023-10-03,obecność,116
5RŻ5,2023-10-04,obecność,93
5RŻ5,2023-10-05,obecność,169
5RŻ5,2023-10-06,nieob. uspr. p.s.,32
5RŻ5,2023-10-09,obecność,152
5RŻ5,2023-10-10,obecność,87
5RŻ5,2023-10-10,nieob. uspr. p.s.,10
5RŻ5,2023-10-11,obecność,111
5RŻ5,2023-10-11,nieob. uspr. p.s.,12
5RŻ5,2023-10-12,nieob. uspr. p.s.,16
5RŻ5,2023-10-16,obecność,122
5RŻ5,2023-10-17,obecność,91
5RŻ5,2023-10-18,obecność,108
5RŻ5,2023-10-19,obecność,172
5RŻ5,2023-10-20,obecność,105
5RŻ5,2023-10-23,obecność,140
5RŻ5,2023-10-24,obecność,97
5RŻ5,2023-10-25,obecność,112
5RŻ5,2023-10-26,obecność,126
5RŻ5,2023-10-27,spóźn. uspr.,1
5RŻ5,2023-10-27,obecność,81
5RŻ5,2023-10-30,obecność,124
5RŻ5,2023-10-31,nieob. uspraw.,35
5RŻ5,2023-11-02,obecność,141
5RŻ5,2023-11-03,obecność,99
5RŻ5,2023-11-06,obecność,121
5RŻ5,2023-11-06,nieob. uspr. p.s.,8
5RŻ5,2023-11-07,obecność,91
5RŻ5,2023-11-08,obecność,79
5RŻ5,2023-11-09,obecność,166
5RŻ5,2023-11-10,obecność,74
5RŻ5,2023-11-13,obecność,109
5RŻ5,2023-11-14,obecność,104
5RŻ5,2023-11-15,obecność,104
5RŻ5,2023-11-16,nieob. uspraw.,72
5RŻ5,2023-11-17,nieob. uspraw.,61
5RŻ5,2023-11-20,obecność,154
5RŻ5,2023-11-21,obecność,80
5RŻ5,2023-11-22,obecność,71
5RŻ5,2023-11-23,obecność,100
5RŻ5,2023-11-24,obecność,115
5RŻ5,2023-11-27,nieob. uspraw.,31
5RŻ5,2023-11-28,obecność,82
5RŻ5,2023-11-29,obecność,110
5RŻ5,2023-11-30,obecność,177
5RŻ5,2023-12-01,nieob. uspraw.,52
5RŻ5,2023-12-04,nieob. uspraw.,72
5RŻ5,2023-12-05,obecność,92
5RŻ5,2023-12-06,obecność,111
5RŻ5,2023-12-07,nieob. uspraw.,131
5RŻ5,2023-12-08,obecność,103
5RŻ5,2023-12-11,obecność,107
5RŻ5,2023-12-12,obecność,73
5RŻ5,2023-12-13,obecność,118
5RŻ5,2023-12-14,obecność,111
5RŻ5,2023-12-15,obecność,85
5RŻ5,2023-12-18,obecność,78
5RŻ5,2023-12-19,obecność,117
5RŻ5,2023-12-20,obecność,88
5RŻ5,2023-12-21,obecność,60
5RŻ5,2024-01-02,obecność,94
5RŻ5,2024-01-03,obecność,138
5RŻ5,2024-01-04,obecność,113
5RŻ5,2024-01-05,obecność,59
5RŻ5,2024-01-08,obecność,90
5RŻ5,2024-01-10,obecność,54
5RŻ5,2024-01-12,nieob. uspraw.,154
5RŻ5,2024-01-29,obecność,139
5RŻ5,2024-01-30,obecność,104
5RŻ5,2024-01-31,obecność,95
5RŻ5,2024-02-01,obecność,103
5RŻ5,2024-02-02,obecność,118
5RŻ5,2024-02-05,obecność,163
5RŻ5,2024-02-06,obecność,125
5RŻ5,2024-02-07,obecność,77
5RŻ5,2024-02-08,nieob. uspraw.,50
5RŻ5,2024-02-09,obecność,77
5RŻ5,2024-02-12,obecność,123
5RŻ5,2024-02-13,obecność,92
5RŻ5,2024-02-14,obecność,96
5RŻ5,2024-02-15,nieob. uspr. p.s.,2
5RŻ5,2024-02-15,obecność,112
5RŻ5,2024-02-16,obecność,74
5RŻ5,2024-02-19,obecność,120
5RŻ5,2024-02-20,nieob. uspr. p.s.,10
5RŻ5,2024-02-21,obecność,135
5RŻ5,2024-02-22,obecność,89
5RŻ5,2024-02-22,nieob. uspr. p.s.,2
5RŻ5,2024-02-23,obecność,38
5RŻ5,2024-02-26,obecność,75
5RŻ5,2024-02-26,nieob. uspr. p.s.,15
5RŻ5,2024-02-27,nieob. uspr. p.s.,2
5RŻ5,2024-02-27,obecność,70
5RŻ5,2024-02-28,obecność,132
5RŻ5,2024-02-28,nieob. uspraw.,21
5RŻ5,2024-02-29,obecność,85
5RŻ5,2024-03-01,obecność,116
5RŻ5,2024-03-01,nieob. uspr. p.s.,8
5RŻ5,2024-03-04,obecność,121
5RŻ5,2024-03-04,nieob. uspr. p.s.,4
5RŻ5,2024-03-05,obecność,76
5RŻ5,2024-03-05,nieob. uspr. p.s.,4
5RŻ5,2024-03-06,nieob. uspr. p.s.,14
5RŻ5,2024-03-07,obecność,128
5RŻ5,2024-03-07,nieob. uspraw.,33
5RŻ5,2024-03-08,nieob. uspraw.,94
5RŻ5,2024-03-11,obecność,108
5RŻ5,2024-03-12,obecność,86
5RŻ5,2024-03-13,obecność,104
5RŻ5,2024-03-14,obecność,92
5RŻ5,2024-03-18,obecność,138
5RŻ5,2024-03-19,obecność,122
5RŻ5,2024-03-20,nieob. uspraw.,108
5RŻ5,2024-03-21,nieob. uspraw.,120
5RŻ5,2024-03-22,nieob. uspraw.,81
5RŻ5,2024-03-25,obecność,132
5RŻ5,2024-03-26,obecność,90
5RŻ5,2024-03-27,obecność,71
5RŻ5,2024-04-03,obecność,120
5RŻ5,2024-04-04,obecność,117
5RŻ5,2024-04-05,obecność,81
5RŻ5,2024-04-08,obecność,103
5RŻ5,2024-04-09,obecność,62
5RŻ5,2024-04-10,obecność,92
5RŻ5,2024-04-12,obecność,42
5RŻ5,2024-04-15,nieob. uspr. p.s.,12
5RŻ5,2024-04-16,obecność,51
5RŻ5,2024-04-17,nieob. uspraw.,93
5RŻ5,2024-04-18,obecność,27
5RŻ5,2024-04-19,obecność,10
5RŻ5,2024-04-22,nieob. uspraw.,133
5RŻ5,2024-04-23,nieob. uspraw.,122
5RŻ5,2024-04-24,obecność,164
5RŻ5,2024-04-25,nieob. uspraw.,127
5RŻ5,2024-04-26,obecność,174
5RŻ5,2023-09-15,obecność,90
5RŻ5,2023-09-27,obecność,97
5RŻ5,2023-10-06,obecność,79
5RŻ5,2023-10-12,obecność,143
5RŻ5,2023-10-31,spóźnienie,2
5RŻ5,2023-10-31,obecność,46
5RŻ5,2023-11-16,obecność,105
5RŻ5,2023-11-17,obecność,15
5RŻ5,2023-11-27,obecność,154
5RŻ5,2023-12-01,obecność,91
5RŻ5,2023-12-04,obecność,91
5RŻ5,2023-12-07,obecność,60
5RŻ5,2023-12-18,nieob. uspraw.,76
5RŻ5,2024-01-12,obecność,24
5RŻ5,2024-02-16,nieob. uspraw.,70
5RŻ5,2024-02-20,obecność,40
5RŻ5,2024-02-26,nieob. uspraw.,72
5RŻ5,2024-03-06,obecność,97
5RŻ5,2024-03-11,spóźnienie,2
5RŻ5,2024-03-15,obecność,68
5RŻ5,2024-03-20,obecność,35
5RŻ5,2024-03-21,obecność,25
5RŻ5,2024-03-22,obecność,24
5RŻ5,2024-04-11,obecność,21
5RŻ5,2024-04-15,obecność,21
5RŻ5,2024-04-17,obecność,13
5RŻ5,2024-04-19,nieob. uspraw.,124
5RŻ5,2023-09-08,nieob. uspraw.,52
5RŻ5,2023-09-11,spóźnienie,10
5RŻ5,2023-09-13,spóźnienie,4
5RŻ5,2023-09-14,nieob. uspraw.,51
5RŻ5,2023-09-18,spóźnienie,7
5RŻ5,2023-09-18,nieobecność,5
5RŻ5,2023-09-19,spóźnienie,10
5RŻ5,2023-09-20,spóźnienie,5
5RŻ5,2023-09-21,nieobecność,3
5RŻ5,2023-09-25,nieobecność,9
5RŻ5,2023-09-26,spóźnienie,4
5RŻ5,2023-09-27,nieobecność,14
5RŻ5,2023-09-28,spóźnienie,7
5RŻ5,2023-09-28,nieob. uspraw.,62
5RŻ5,2023-09-29,nieob. uspraw.,23
5RŻ5,2023-10-05,nieob. uspraw.,58
5RŻ5,2023-10-06,nieob. uspraw.,28
5RŻ5,2023-10-09,nieob. uspraw.,32
5RŻ5,2023-10-10,nieobecność,5
5RŻ5,2023-10-11,nieobecność,3
5RŻ5,2023-10-12,nieobecność,4
5RŻ5,2023-10-16,spóźnienie,3
5RŻ5,2023-10-16,nieobecność,8
5RŻ5,2023-10-23,spóźnienie,7
5RŻ5,2023-10-24,nieobecność,4
5RŻ5,2023-10-25,nieobecność,13
5RŻ5,2023-10-26,nieobecność,16
5RŻ5,2023-10-27,nieobecność,9
5RŻ5,2023-10-30,nieobecność,14
5RŻ5,2023-11-02,nieobecność,24
5RŻ5,2023-11-06,nieobecność,10
5RŻ5,2023-11-07,spóźnienie,6
5RŻ5,2023-11-08,nieobecność,5
5RŻ5,2023-11-09,nieob. uspraw.,55
5RŻ5,2023-11-10,nieob. uspraw.,60
5RŻ5,2023-11-13,nieob. uspraw.,45
5RŻ5,2023-11-20,nieob. uspraw.,28
5RŻ5,2023-11-21,spóźnienie,8
5RŻ5,2023-11-22,nieob. uspraw.,60
5RŻ5,2023-11-30,nieobecność,6
5RŻ5,2023-12-05,nieobecność,8
5RŻ5,2023-12-06,nieob. uspraw.,27
5RŻ5,2023-12-07,nieobecność,31
5RŻ5,2023-12-08,nieobecność,18
5RŻ5,2023-12-11,spóźnienie,4
5RŻ5,2023-12-12,nieobecność,17
5RŻ5,2023-12-13,nieobecność,10
5RŻ5,2023-12-14,nieobecność,51
5RŻ5,2023-12-15,nieobecność,20
5RŻ5,2023-12-18,nieobecność,16
5RŻ5,2023-12-19,nieobecność,8
5RŻ5,2023-12-20,nieobecność,21
5RŻ5,2023-12-21,nieobecność,25
5RŻ5,2024-01-02,nieobecność,23
5RŻ5,2024-01-04,nieobecność,8
5RŻ5,2024-01-05,nieobecność,7
5RŻ5,2024-01-08,nieob. uspraw.,83
5RŻ5,2024-01-10,nieob. uspraw.,77
5RŻ5,2024-01-12,nieobecność,7
5RŻ5,2024-01-29,nieobecność,24
5RŻ5,2024-01-30,nieobecność,15
5RŻ5,2024-01-31,nieobecność,14
5RŻ5,2024-02-01,nieobecność,15
5RŻ5,2024-02-02,nieobecność,7
5RŻ5,2024-02-05,nieobecność,10
5RŻ5,2024-02-06,nieobecność,9
5RŻ5,2024-02-07,nieobecność,10
5RŻ5,2024-02-08,nieobecność,10
5RŻ5,2024-02-09,nieobecność,11
5RŻ5,2024-02-12,nieob. uspraw.,54
5RŻ5,2024-02-13,nieobecność,17
5RŻ5,2024-02-15,nieobecność,9
5RŻ5,2024-02-16,nieobecność,19
5RŻ5,2024-02-19,nieobecność,12
5RŻ5,2024-02-19,nieob. uspraw.,53
5RŻ5,2024-02-20,nieob. uspraw.,95
5RŻ5,2024-02-22,nieobecność,19
5RŻ5,2024-02-23,nieob. uspraw.,58
5RŻ5,2024-02-26,nieobecność,22
5RŻ5,2024-02-27,nieobecność,15
5RŻ5,2024-02-28,nieobecność,11
5RŻ5,2024-02-29,nieobecność,18
5RŻ5,2024-03-01,nieobecność,10
5RŻ5,2024-03-04,nieob. uspraw.,56
5RŻ5,2024-03-05,nieob. uspraw.,65
5RŻ5,2024-03-06,nieob. uspraw.,45
5RŻ5,2024-03-11,nieob. uspraw.,74
5RŻ5,2024-03-12,nieob. uspraw.,52
5RŻ5,2024-03-13,nieob. uspraw.,38
5RŻ5,2024-03-14,nieob. uspraw.,52
5RŻ5,2024-03-15,nieob. uspraw.,62
5RŻ5,2024-03-18,spóźnienie,3
5RŻ5,2024-03-18,nieob. uspraw.,43
5RŻ5,2024-03-25,spóźnienie,5
5RŻ5,2024-03-26,nieob. uspraw.,12
5RŻ5,2024-03-27,nieobecność,16
5RŻ5,2024-04-03,nieob. uspraw.,44
5RŻ5,2024-04-04,nieob. uspraw.,45
5RŻ5,2024-04-05,nieob. uspraw.,81
5RŻ5,2024-04-08,nieob. uspraw.,82
5RŻ5,2024-04-09,nieob. uspraw.,73
5RŻ5,2024-04-10,nieob. uspraw.,68
5RŻ5,2024-04-11,nieob. uspraw.,71
5RŻ5,2024-04-12,nieob. uspraw.,75
5RŻ5,2024-04-15,nieob. uspraw.,152
5RŻ5,2024-04-16,nieob. uspraw.,113
5RŻ5,2024-04-18,nieob. uspraw.,137
5RŻ5,2024-04-22,nieobecność,52
5RŻ5,2024-04-23,nieobecność,42
5RŻ5,2024-04-25,nieobecność,25
5RŻ5,2023-09-08,spóźnienie,4
5RŻ5,2023-09-25,spóźnienie,4
5RŻ5,2023-09-25,nieob. uspraw.,41
5RŻ5,2023-10-09,spóźnienie,5
5RŻ5,2023-10-20,nieobecność,7
5RŻ5,2023-11-02,nieob. uspraw.,67
5RŻ5,2023-11-20,nieobecność,10
5RŻ5,2023-11-23,nieob. uspraw.,86
5RŻ5,2023-12-04,nieobecność,24
5RŻ5,2023-12-06,nieobecność,15
5RŻ5,2023-12-14,nieob. uspr. p.s.,3
5RŻ5,2023-12-20,spóźnienie,2
5RŻ5,2024-01-05,nieob. uspraw.,118
5RŻ5,2024-02-01,spóźnienie,6
5RŻ5,2024-02-02,nieob. uspraw.,37
5RŻ5,2024-02-05,nieob. uspraw.,9
5RŻ5,2024-02-08,obecność,82
5RŻ5,2024-02-09,nieob. uspraw.,75
5RŻ5,2024-02-13,nieob. uspraw.,54
5RŻ5,2024-02-14,nieob. uspraw.,52
5RŻ5,2024-02-27,spóźnienie,4
5RŻ5,2024-02-29,nieob. uspraw.,44
5RŻ5,2024-03-06,spóźnienie,5
5RŻ5,2024-03-08,obecność,66
5RŻ5,2024-03-26,nieob. uspr. p.s.,34
5RŻ5,2024-04-10,nieobecność,4
5RŻ5,2023-09-07,nieob. uspraw.,42
5RŻ5,2023-09-11,nieob. uspr. p.s.,4
5RŻ5,2023-09-12,nieob. uspraw.,33
5RŻ5,2023-09-19,nieob. uspraw.,15
5RŻ5,2023-09-21,nieob. uspraw.,61
5RŻ5,2023-09-22,nieob. uspraw.,39
5RŻ5,2023-09-26,nieob. uspraw.,34
5RŻ5,2023-10-03,nieob. uspraw.,29
5RŻ5,2023-10-04,nieob. uspraw.,34
5RŻ5,2023-10-11,nieob. uspraw.,27
5RŻ5,2023-10-12,nieob. uspraw.,69
5RŻ5,2023-10-16,nieob. uspraw.,55
5RŻ5,2023-10-19,nieob. uspraw.,54
5RŻ5,2023-10-20,nieob. uspraw.,32
5RŻ5,2023-10-23,nieob. uspraw.,36
5RŻ5,2023-10-24,nieob. uspraw.,15
5RŻ5,2023-10-25,nieob. uspraw.,35
5RŻ5,2023-10-26,nieob. uspraw.,75
5RŻ5,2023-10-30,spóźnienie,1
5RŻ5,2023-10-30,nieob. uspr. p.s.,9
5RŻ5,2023-11-15,nieob. uspraw.,10
5RŻ5,2023-11-21,nieob. uspr. p.s.,2
5RŻ5,2023-11-24,nieob. uspraw.,30
5RŻ5,2023-11-28,spóźnienie,3
5RŻ5,2023-11-29,nieobecność,5
5RŻ5,2023-12-11,nieob. uspraw.,43
5RŻ5,2023-12-12,nieob. uspraw.,20
5RŻ5,2023-12-13,nieob. uspraw.,23
5RŻ5,2023-12-14,nieob. uspraw.,66
5RŻ5,2023-12-15,nieob. uspraw.,40
5RŻ5,2023-12-19,nieob. uspraw.,38
5RŻ5,2023-12-21,nieob. uspraw.,60
5RŻ5,2024-01-02,nieob. uspraw.,65
5RŻ5,2024-01-03,spóźn. uspr.,1
5RŻ5,2024-01-04,nieob. uspraw.,24
5RŻ5,2024-01-30,nieob. uspraw.,26
5RŻ5,2024-01-31,nieob. uspraw.,35
5RŻ5,2024-02-01,nieob. uspraw.,21
5RŻ5,2024-02-06,nieob. uspraw.,9
5RŻ5,2024-02-07,nieob. uspraw.,56
5RŻ5,2024-02-15,nieob. uspraw.,41
5RŻ5,2024-02-22,nieob. uspraw.,54
5RŻ5,2024-02-27,nieob. uspraw.,53
5RŻ5,2024-03-19,nieob. uspraw.,22
5RŻ5,2024-03-25,nieob. uspraw.,24
5RŻ5,2024-03-27,nieob. uspraw.,47
5RŻ5,2024-04-11,nieobecność,1
5RŻ5,2023-11-15,spóźnienie,3
5RŻ5,2023-11-27,nieob. uspr. p.s.,2
5RŻ5,2023-09-05,nieob. uspraw.,16
5RŻ5,2023-09-11,nieob. uspraw.,36
5RŻ5,2023-09-18,nieob. uspraw.,21
5RŻ5,2023-09-20,nieob. uspraw.,34
5RŻ5,2023-09-26,nieobecność,1
5RŻ5,2023-09-27,nieob. uspraw.,43
5RŻ5,2023-10-04,spóźnienie,2
5RŻ5,2023-10-06,spóźnienie,5
5RŻ5,2023-11-03,nieobecność,15
5RŻ5,2023-11-14,nieob. uspraw.,12
5RŻ5,2023-11-27,nieobecność,5
5RŻ5,2023-12-04,spóźnienie,3
5RŻ5,2023-12-05,spóźnienie,3
5RŻ5,2023-12-12,spóźnienie,2
5RŻ5,2024-01-03,nieobecność,6
5RŻ5,2024-02-06,spóźnienie,2
5RŻ5,2024-02-12,nieobecność,8
5RŻ5,2024-02-14,nieobecność,16
5RŻ5,2024-04-09,spóźnienie,3
5RŻ5,2023-09-06,nieob. uspr. p.s.,4
5RŻ5,2023-09-13,nieob. uspr. p.s.,5
5RŻ5,2023-09-14,nieob. uspr. p.s.,40
5RŻ5,2023-09-19,nieob. uspr. p.s.,13
5RŻ5,2023-10-02,spóźn. uspr.,2
5RŻ5,2023-10-17,nieob. uspraw.,20
5RŻ5,2023-10-18,nieob. uspraw.,25
5RŻ5,2023-10-19,spóźnienie,2
5RŻ5,2023-10-27,nieob. uspraw.,24
5RŻ5,2023-10-30,nieob. uspraw.,44
5RŻ5,2023-11-08,nieob. uspraw.,36
5RŻ5,2023-11-21,nieob. uspraw.,24
5RŻ5,2023-11-28,nieob. uspraw.,25
5RŻ5,2023-11-29,nieob. uspraw.,20
5RŻ5,2023-11-30,nieob. uspraw.,49
5RŻ5,2023-12-20,nieob. uspraw.,43
5RŻ5,2024-01-29,nieob. uspraw.,22
5RŻ5,2024-02-21,nieob. uspraw.,27
5RŻ5,2024-03-25,spóźn. uspr.,1
5RŻ5,2023-09-05,spóźnienie,2
5RŻ5,2023-09-11,nieobecność,5
5RŻ5,2023-09-12,nieobecność,11
5RŻ5,2023-09-14,spóźnienie,1
5RŻ5,2023-09-19,nieobecność,3
5RŻ5,2023-10-02,nieob. uspraw.,41
5RŻ5,2023-10-09,nieobecność,2
5RŻ5,2023-10-10,nieob. uspraw.,14
5RŻ5,2023-10-18,nieobecność,2
5RŻ5,2023-10-19,nieobecność,3
5RŻ5,2023-10-23,nieobecność,7
5RŻ5,2023-10-23,nieob. uspr. p.s.,2
5RŻ5,2023-11-06,spóźnienie,1
5RŻ5,2023-11-07,nieob. uspraw.,13
5RŻ5,2023-11-10,spóźnienie,1
5RŻ5,2023-11-13,nieobecność,2
5RŻ5,2023-12-01,spóźnienie,2
5RŻ5,2023-12-04,nieob. uspr. p.s.,2
5RŻ5,2023-12-08,nieob. uspraw.,18
5RŻ5,2023-12-11,nieobecność,34
5RŻ5,2023-12-13,spóźnienie,2
5RŻ5,2023-12-18,spóźnienie,4
5RŻ5,2024-01-03,spóźnienie,1
5RŻ5,2024-01-03,nieob. uspraw.,8
5RŻ5,2024-02-13,spóźnienie,1
5RŻ5,2024-02-21,nieobecność,2
5RŻ5,2024-02-26,spóźnienie,1
5RŻ5,2024-03-01,nieob. uspraw.,26
5RŻ5,2024-03-01,spóźnienie,2
5RŻ5,2024-03-04,spóźnienie,3
5RŻ5,2024-03-15,nieobecność,3
5RŻ5,2024-03-19,spóźnienie,1
5RŻ5,2024-03-25,nieobecność,6
5RŻ5,2024-03-26,nieobecność,9
5RŻ5,2024-04-04,spóźnienie,1
5RŻ5,2024-04-05,spóźnienie,1
5RŻ5,2024-04-09,nieobecność,3
5RŻ5,2023-10-26,zwolniony,2
5RŻ5,2023-09-13,nieob. uspraw.,12
5RŻ5,2023-11-03,nieob. uspraw.,13
5RŻ5,2023-11-06,nieob. uspraw.,34
5RŻ5,2023-12-05,nieob. uspraw.,13
5RŻ5,2024-02-05,zwolniony,2
5RŻ5,2023-09-06,nieob. uspraw.,30
5RŻ5,2023-09-20,nieobecność,1
5RŻ5,2023-09-22,nieobecność,9
5RŻ5,2023-09-28,nieobecność,5
5RŻ5,2023-09-29,nieobecność,4
5RŻ5,2023-11-16,nieobecność,1
5RŻ5,2023-12-08,spóźnienie,1
5RŻ5,2023-09-22,spóźn. uspr.,1
5RŻ5,2023-10-06,spóźn. uspr.,1
5RŻ5,2023-10-25,spóźn. uspr.,1
5RŻ5,2023-11-21,spóźn. uspr.,2
5RŻ5,2024-03-12,spóźnienie,1
5RŻ5,2024-03-14,nieobecność,1
5RŻ5,2024-04-04,spóźn. uspr.,1
5RŻ5,2024-04-25,obecność,12
5RŻ5,2023-09-07,zwolniony,1
5RŻ5,2023-10-26,nieob. uspr. p.s.,2
5RŻ5,2023-12-11,nieob. uspr. p.s.,4
5RŻ5,2024-01-05,spóźnienie,1
5RŻ5,2024-03-06,zwolniony,2
5RŻ5,2023-10-02,spóźnienie,1
5RŻ5,2023-10-05,nieobecność,1
5RŻ5,2023-11-09,nieobecność,3
5RŻ5,2023-11-28,nieobecność,1
5RŻ5,2024-03-07,spóźnienie,2
5RŻ5,2023-10-16,nieob. uspr. p.s.,4
5RŻ5,2023-10-02,nieob. uspr. p.s.,2
5RŻ5,2023-09-08,zwolniony,2
5RŻ5,2023-10-31,nieobecność,4
5RŻ5,2023-11-07,nieobecność,4
5RŻ5,2023-11-17,nieobecność,2
5RŻ5,2023-11-23,nieobecność,6
5RŻ5,2024-02-08,spóźnienie,2
5RŻ5,2024-02-23,nieob. uspr. p.s.,9
5RŻ5,2024-04-12,nieob. uspr. p.s.,10
5RŻ5,2023-09-28,spóźn. uspr.,2
5RŻ5,2023-12-07,spóźnienie,2
5RŻ5,2023-11-10,nieobecność,5
5RŻ5,2024-03-11,spóźn. uspr.,1
5RŻ5,2023-09-29,nieob. uspr. p.s.,2
5RŻ5,2023-11-08,nieob. uspr. p.s.,15
5RŻ5,2024-02-02,spóźn. uspr.,1
5RŻ5,2024-03-08,spóźnienie,2
5RŻ5,2023-10-20,spóźnienie,1
5RŻ5,2023-10-25,spóźnienie,1
5RŻ5,2023-10-25,nieob. uspr. p.s.,1
5RŻ5,2023-12-07,nieob. uspr. p.s.,8
5RŻ5,2024-01-08,spóźnienie,1
5RŻ5,2024-02-05,spóźnienie,1
5RŻ5,2024-03-15,spóźnienie,1
5RŻ5,2023-10-05,nieob. uspr. p.s.,4
5RŻ5,2023-10-09,spóźn. uspr.,1
5RŻ5,2024-02-07,spóźnienie,2
5RŻ5,2023-10-17,nieobecność,4
5RŻ5,2023-09-07,nieob. uspr. p.s.,7
5RŻ5,2023-09-28,nieob. uspr. p.s.,7
5RŻ5,2023-10-04,nieob. uspr. p.s.,5
5RŻ5,2023-10-17,nieob. uspr. p.s.,1
5RŻ5,2023-10-27,spóźnienie,1
5RŻ5,2023-11-07,nieob. uspr. p.s.,2
5RŻ5,2023-11-09,nieob. uspr. p.s.,8
5RŻ5,2023-11-10,nieob. uspr. p.s.,5
5RŻ5,2023-11-17,nieob. uspr. p.s.,2
5RŻ5,2023-11-28,nieob. uspr. p.s.,4
5RŻ5,2023-12-08,nieob. uspr. p.s.,5
5RŻ5,2023-12-12,nieob. uspr. p.s.,4
5RŻ5,2024-01-10,nieob. uspr. p.s.,5
5RŻ5,2024-02-29,nieob. uspr. p.s.,6
5RŻ5,2024-03-12,nieob. uspr. p.s.,6
5RŻ5,2024-03-20,nieob. uspr. p.s.,2
5RŻ5,2024-03-25,nieob. uspr. p.s.,6
5RŻ5,2024-04-09,nieob. uspr. p.s.,3
5RŻ5,2023-09-18,nieob. uspr. p.s.,6
5RŻ5,2023-12-14,spóźnienie,1
5RŻ5,2024-01-31,spóźnienie,1
5RŻ5,2024-02-08,spóźn. uspr.,1
5RŻ5,2024-02-27,spóźn. uspr.,1
5RŻ5,2024-03-07,nieob. uspr. p.s.,1
5RŻ5,2024-03-08,spóźn. uspr.,1
5RŻ5,2024-03-13,nieob. uspr. p.s.,3
5RŻ5,2023-10-04,spóźn. uspr.,1
5RŻ5,2023-10-19,spóźn. uspr.,1
5RŻ5,2023-11-28,spóźn. uspr.,1
5RŻ5,2024-03-04,spóźn. uspr.,1
5RŻ5,2024-03-06,spóźn. uspr.,1
5RŻ5,2024-03-18,spóźn. uspr.,1
5TM5,2023-09-04,obecność,126
5TM5,2023-09-05,obecność,119
5TM5,2023-09-06,obecność,68
5TM5,2023-09-07,obecność,98
5TM5,2023-09-08,obecność,152
5TM5,2023-09-11,obecność,85
5TM5,2023-09-12,obecność,85
5TM5,2023-09-13,obecność,117
5TM5,2023-09-14,obecność,55
5TM5,2023-09-15,spóźnienie,1
5TM5,2023-09-15,obecność,147
5TM5,2023-09-18,obecność,95
5TM5,2023-09-19,spóźnienie,5
5TM5,2023-09-19,obecność,70
5TM5,2023-09-20,obecność,120
5TM5,2023-09-21,obecność,78
5TM5,2023-09-22,nieob. uspr. p.s.,103
5TM5,2023-09-22,zwolniony,1
5TM5,2023-09-25,obecność,95
5TM5,2023-09-26,obecność,86
5TM5,2023-09-27,obecność,75
5TM5,2023-09-28,spóźnienie,1
5TM5,2023-09-28,obecność,86
5TM5,2023-09-29,obecność,152
5TM5,2023-10-02,obecność,123
5TM5,2023-10-03,obecność,85
5TM5,2023-10-04,obecność,85
5TM5,2023-10-05,obecność,84
5TM5,2023-10-06,obecność,136
5TM5,2023-10-06,nieobecność,4
5TM5,2023-10-09,obecność,106
5TM5,2023-10-10,obecność,88
5TM5,2023-10-11,obecność,109
5TM5,2023-10-12,obecność,76
5TM5,2023-10-12,nieob. uspr. p.s.,12
5TM5,2023-10-16,obecność,107
5TM5,2023-10-17,spóźn. uspr.,3
5TM5,2023-10-17,obecność,74
5TM5,2023-10-18,spóźn. uspr.,2
5TM5,2023-10-18,obecność,101
5TM5,2023-10-19,nieob. uspraw.,40
5TM5,2023-10-20,obecność,153
5TM5,2023-10-23,obecność,114
5TM5,2023-10-24,obecność,108
5TM5,2023-10-25,obecność,128
5TM5,2023-10-26,nieob. uspr. p.s.,10
5TM5,2023-10-27,obecność,154
5TM5,2023-10-30,obecność,124
5TM5,2023-10-31,obecność,85
5TM5,2023-11-02,nieob. uspraw.,20
5TM5,2023-11-03,obecność,160
5TM5,2023-11-06,obecność,132
5TM5,2023-11-07,obecność,109
5TM5,2023-11-08,obecność,108
5TM5,2023-11-09,obecność,100
5TM5,2023-11-10,obecność,160
5TM5,2023-11-13,obecność,126
5TM5,2023-11-14,obecność,104
5TM5,2023-11-15,obecność,119
5TM5,2023-11-16,obecność,110
5TM5,2023-11-17,obecność,151
5TM5,2023-11-20,obecność,131
5TM5,2023-11-21,obecność,85
5TM5,2023-11-22,spóźn. uspr.,1
5TM5,2023-11-22,obecność,122
5TM5,2023-11-23,obecność,74
5TM5,2023-11-24,obecność,159
5TM5,2023-11-27,obecność,125
5TM5,2023-11-28,obecność,89
5TM5,2023-11-29,obecność,118
5TM5,2023-11-30,nieob. uspraw.,48
5TM5,2023-12-01,obecność,176
5TM5,2023-12-04,nieob. uspraw.,49
5TM5,2023-12-05,obecność,98
5TM5,2023-12-06,obecność,98
5TM5,2023-12-07,obecność,88
5TM5,2023-12-08,obecność,147
5TM5,2023-12-11,obecność,119
5TM5,2023-12-12,obecność,104
5TM5,2023-12-13,obecność,86
5TM5,2023-12-14,obecność,86
5TM5,2023-12-15,nieob. uspr. p.s.,88
5TM5,2023-12-18,obecność,126
5TM5,2023-12-19,obecność,152
5TM5,2023-12-20,obecność,87
5TM5,2023-12-21,obecność,132
5TM5,2024-01-02,obecność,126
5TM5,2024-01-03,obecność,107
5TM5,2024-01-04,obecność,117
5TM5,2024-01-05,obecność,85
5TM5,2024-01-08,obecność,105
5TM5,2024-01-10,obecność,72
5TM5,2024-01-12,obecność,105
5TM5,2024-01-29,obecność,99
5TM5,2024-01-30,obecność,119
5TM5,2024-01-31,obecność,98
5TM5,2024-02-01,obecność,136
5TM5,2024-02-02,obecność,79
5TM5,2024-02-05,obecność,75
5TM5,2024-02-06,obecność,127
5TM5,2024-02-07,obecność,102
5TM5,2024-02-08,obecność,129
5TM5,2024-02-09,nieob. uspraw.,76
5TM5,2024-02-12,obecność,81
5TM5,2024-02-13,obecność,108
5TM5,2024-02-14,obecność,105
5TM5,2024-02-15,obecność,139
5TM5,2024-02-16,obecność,83
5TM5,2024-02-19,nieob. uspraw.,42
5TM5,2024-02-20,obecność,74
5TM5,2024-02-21,obecność,96
5TM5,2024-02-22,nieob. uspraw.,22
5TM5,2024-02-22,nieob. uspr. p.s.,37
5TM5,2024-02-23,nieob. uspr. p.s.,60
5TM5,2024-02-26,obecność,119
5TM5,2024-02-27,obecność,105
5TM5,2024-02-28,obecność,99
5TM5,2024-02-29,obecność,95
5TM5,2024-03-01,obecność,90
5TM5,2024-03-04,nieob. uspraw.,24
5TM5,2024-03-05,obecność,93
5TM5,2024-03-06,obecność,93
5TM5,2024-03-07,obecność,111
5TM5,2024-03-08,nieob. uspraw.,32
5TM5,2024-03-11,obecność,112
5TM5,2024-03-12,obecność,96
5TM5,2024-03-13,obecność,96
5TM5,2024-03-14,obecność,132
5TM5,2024-03-18,obecność,102
5TM5,2024-03-19,obecność,90
5TM5,2024-03-20,nieob. uspraw.,98
5TM5,2024-03-21,obecność,28
5TM5,2024-03-21,nieob. uspraw.,126
5TM5,2024-03-22,nieob. uspraw.,47
5TM5,2024-03-22,obecność,41
5TM5,2024-03-25,obecność,72
5TM5,2024-03-26,obecność,70
5TM5,2024-03-27,obecność,63
5TM5,2024-04-03,obecność,135
5TM5,2024-04-04,nieob. uspraw.,19
5TM5,2024-04-04,obecność,90
5TM5,2024-04-05,obecność,109
5TM5,2024-04-08,obecność,90
5TM5,2024-04-09,obecność,69
5TM5,2024-04-09,nieob. uspraw.,56
5TM5,2024-04-10,nieob. uspr. p.s.,7
5TM5,2024-04-11,nieob. uspraw.,84
5TM5,2024-04-12,nieob. uspr. p.s.,6
5TM5,2024-04-15,nieob. uspraw.,98
5TM5,2024-04-16,nieob. uspraw.,124
5TM5,2024-04-17,nieob. uspraw.,147
5TM5,2024-04-18,nieob. uspraw.,105
5TM5,2024-04-19,nieob. uspraw.,126
5TM5,2024-04-22,nieob. uspraw.,126
5TM5,2024-04-23,nieob. uspraw.,126
5TM5,2024-04-24,nieob. uspraw.,147
5TM5,2024-04-25,nieob. uspraw.,105
5TM5,2024-04-26,obecność,132
5TM5,2023-09-15,nieob. uspraw.,28
5TM5,2023-09-20,nieob. uspraw.,32
5TM5,2023-09-22,nieob. uspraw.,46
5TM5,2023-10-03,nieob. uspraw.,25
5TM5,2023-10-04,nieob. uspraw.,44
5TM5,2023-10-06,nieob. uspraw.,36
5TM5,2023-10-09,nieob. uspraw.,23
5TM5,2023-10-10,nieob. uspraw.,20
5TM5,2023-10-11,nieob. uspraw.,18
5TM5,2023-10-12,nieob. uspraw.,21
5TM5,2023-10-17,spóźnienie,3
5TM5,2023-10-26,obecność,99
5TM5,2023-11-02,obecność,88
5TM5,2023-11-13,nieob. uspraw.,6
5TM5,2023-11-14,nieob. uspraw.,5
5TM5,2023-11-15,nieob. uspraw.,10
5TM5,2023-11-17,nieob. uspraw.,24
5TM5,2023-11-21,spóźnienie,4
5TM5,2023-11-24,spóźnienie,1
5TM5,2023-12-06,nieob. uspraw.,11
5TM5,2023-12-08,nieob. uspraw.,24
5TM5,2023-12-13,nieob. uspraw.,22
5TM5,2024-01-03,spóźnienie,1
5TM5,2024-01-08,nieob. uspraw.,26
5TM5,2024-01-10,nieob. uspraw.,35
5TM5,2024-01-31,spóźnienie,1
5TM5,2024-02-01,nieob. uspraw.,17
5TM5,2024-02-02,spóźnienie,1
5TM5,2024-02-12,nieob. uspraw.,27
5TM5,2024-02-19,obecność,87
5TM5,2024-03-04,obecność,108
5TM5,2024-03-08,nieob. uspr. p.s.,40
5TM5,2024-03-25,nieob. uspraw.,16
5TM5,2024-03-26,nieob. uspraw.,7
5TM5,2024-03-27,nieob. uspraw.,25
5TM5,2024-04-10,obecność,37
5TM5,2024-04-10,nieob. uspraw.,105
5TM5,2024-04-12,obecność,39
5TM5,2023-09-04,nieob. uspraw.,6
5TM5,2023-09-05,nieob. uspraw.,12
5TM5,2023-09-06,nieob. uspraw.,20
5TM5,2023-09-07,nieob. uspraw.,34
5TM5,2023-09-08,nieob. uspraw.,24
5TM5,2023-09-26,spóźnienie,1
5TM5,2023-09-27,nieob. uspr. p.s.,34
5TM5,2023-10-09,spóźnienie,3
5TM5,2023-10-19,obecność,69
5TM5,2023-11-08,nieob. uspr. p.s.,12
5TM5,2023-12-04,obecność,83
5TM5,2023-12-05,spóźn. uspr.,1
5TM5,2023-12-07,nieobecność,1
5TM5,2024-01-02,spóźnienie,2
5TM5,2024-02-07,nieob. uspr. p.s.,4
5TM5,2024-02-08,nieob. uspr. p.s.,6
5TM5,2024-02-08,nieob. uspraw.,14
5TM5,2024-02-22,obecność,93
5TM5,2024-02-23,obecność,31
5TM5,2024-03-20,obecność,12
5TM5,2024-03-26,nieob. uspr. p.s.,33
5TM5,2024-04-10,zwolniony,4
5TM5,2024-04-12,nieob. uspraw.,87
5TM5,2023-09-14,nieob. uspr. p.s.,15
5TM5,2023-10-31,spóźnienie,3
5TM5,2023-11-30,obecność,18
5TM5,2023-12-11,spóźnienie,3
5TM5,2024-02-09,obecność,12
5TM5,2024-03-08,obecność,38
5TM5,2024-04-15,obecność,5
5TM5,2024-04-16,obecność,6
5TM5,2024-04-17,obecność,7
5TM5,2024-04-18,obecność,5
5TM5,2024-04-19,obecność,6
5TM5,2024-04-22,obecność,6
5TM5,2024-04-23,obecność,6
5TM5,2024-04-24,obecność,7
5TM5,2024-04-25,obecność,5
5TM5,2023-09-11,nieob. uspraw.,25
5TM5,2023-09-12,nieob. uspraw.,25
5TM5,2023-09-13,nieob. uspraw.,37
5TM5,2023-09-14,nieob. uspraw.,40
5TM5,2023-09-18,nieob. uspraw.,15
5TM5,2023-09-19,nieob. uspraw.,26
5TM5,2023-10-12,zwolniony,1
5TM5,2023-11-15,spóźn. uspr.,2
5TM5,2023-11-21,spóźn. uspr.,1
5TM5,2023-11-24,nieob. uspraw.,8
5TM5,2023-12-19,nieob. uspraw.,8
5TM5,2024-01-03,spóźn. uspr.,1
5TM5,2024-01-04,nieob. uspraw.,14
5TM5,2024-01-05,nieob. uspraw.,25
5TM5,2024-01-30,nieob. uspraw.,12
5TM5,2024-02-07,nieob. uspraw.,4
5TM5,2024-02-13,nieob. uspraw.,22
5TM5,2024-02-14,nieob. uspraw.,27
5TM5,2024-02-20,nieob. uspraw.,35
5TM5,2024-02-23,nieob. uspraw.,19
5TM5,2024-03-01,nieob. uspraw.,15
5TM5,2024-03-07,nieob. uspraw.,43
5TM5,2024-04-03,nieob. uspraw.,15
5TM5,2023-09-21,nieob. uspraw.,26
5TM5,2023-09-27,nieob. uspraw.,45
5TM5,2023-10-18,nieob. uspraw.,25
5TM5,2023-10-20,nieob. uspraw.,22
5TM5,2023-10-27,nieob. uspraw.,17
5TM5,2023-10-27,nieobecność,5
5TM5,2023-11-10,nieob. uspraw.,16
5TM5,2023-11-24,nieobecność,8
5TM5,2023-11-28,nieob. uspraw.,20
5TM5,2023-12-05,spóźnienie,5
5TM5,2023-12-08,nieobecność,5
5TM5,2024-02-01,spóźnienie,1
5TM5,2024-02-08,zwolniony,4
5TM5,2023-09-19,nieob. uspr. p.s.,6
5TM5,2023-10-05,nieob. uspraw.,26
5TM5,2023-10-17,nieob. uspraw.,8
5TM5,2023-11-08,nieob. uspraw.,8
5TM5,2023-11-23,nieob. uspr. p.s.,15
5TM5,2023-11-29,spóźnienie,1
5TM5,2024-02-05,nieob. uspraw.,35
5TM5,2023-09-20,nieob. uspr. p.s.,2
5TM5,2023-10-11,nieob. uspr. p.s.,3
5TM5,2023-11-03,nieob. uspraw.,16
5TM5,2023-11-17,spóźnienie,1
5TM5,2023-12-20,nieob. uspraw.,15
5TM5,2024-01-10,nieob. uspr. p.s.,3
5TM5,2024-02-15,nieob. uspraw.,15
5TM5,2024-02-16,nieob. uspraw.,27
5TM5,2024-03-06,nieob. uspraw.,25
5TM5,2024-03-12,spóźn. uspr.,1
5TM5,2024-03-13,nieob. uspraw.,14
5TM5,2024-04-05,nieob. uspraw.,23
5TM5,2024-04-08,nieob. uspraw.,42
5TM5,2023-10-23,nieob. uspraw.,18
5TM5,2023-12-05,nieob. uspraw.,6
5TM5,2023-12-11,spóźn. uspr.,3
5TM5,2024-01-02,nieob. uspraw.,48
5TM5,2024-01-08,spóźnienie,1
5TM5,2024-01-29,nieob. uspraw.,11
5TM5,2024-02-29,nieob. uspraw.,11
5TM5,2024-04-11,obecność,6
5TM5,2023-09-25,nieob. uspraw.,10
5TM5,2023-09-26,nieob. uspraw.,20
5TM5,2024-02-02,nieob. uspr. p.s.,4
5TM5,2024-02-06,nieob. uspraw.,5
5TM5,2024-02-26,spóźn. uspr.,3
5TM5,2024-03-14,nieob. uspraw.,22
5TM5,2024-03-15,nieob. uspraw.,12
5TM5,2023-09-05,nieobecność,1
5TM5,2023-09-21,nieob. uspr. p.s.,4
5TM5,2023-09-22,nieobecność,15
5TM5,2023-09-26,nieob. uspr. p.s.,3
5TM5,2023-10-02,nieobecność,1
5TM5,2023-10-04,nieobecność,2
5TM5,2023-10-10,nieobecność,2
5TM5,2023-10-11,nieobecność,2
5TM5,2023-10-16,nieob. uspraw.,24
5TM5,2023-10-19,nieobecność,1
5TM5,2023-10-20,nieobecność,1
5TM5,2023-10-24,nieobecność,2
5TM5,2023-10-25,nieobecność,1
5TM5,2023-10-30,nieob. uspraw.,6
5TM5,2023-10-31,nieob. uspraw.,20
5TM5,2023-11-08,nieobecność,3
5TM5,2023-11-09,nieob. uspraw.,10
5TM5,2023-11-15,spóźnienie,1
5TM5,2023-11-21,nieob. uspraw.,20
5TM5,2023-11-23,nieob. uspraw.,20
5TM5,2023-11-23,nieobecność,1
5TM5,2023-11-27,nieob. uspraw.,6
5TM5,2023-11-29,nieobecność,3
5TM5,2023-12-06,nieobecność,1
5TM5,2023-12-07,nieob. uspraw.,21
5TM5,2023-12-11,nieob. uspraw.,7
5TM5,2023-12-19,nieobecność,16
5TM5,2023-12-20,nieobecność,5
5TM5,2024-01-04,nieobecność,1
5TM5,2024-01-31,nieob. uspraw.,10
5TM5,2024-02-02,nieob. uspraw.,4
5TM5,2024-02-19,nieob. uspr. p.s.,2
5TM5,2024-02-21,nieob. uspr. p.s.,8
5TM5,2024-02-26,nieob. uspraw.,7
5TM5,2024-02-28,nieob. uspraw.,10
5TM5,2024-03-01,nieob. uspr. p.s.,5
5TM5,2024-03-05,nieob. uspr. p.s.,10
5TM5,2024-03-06,nieob. uspr. p.s.,14
5TM5,2024-03-11,nieob. uspr. p.s.,7
5TM5,2024-03-12,nieob. uspraw.,13
5TM5,2024-03-18,nieob. uspraw.,30
5TM5,2024-03-19,nieob. uspraw.,20
5TM5,2024-04-09,nieob. uspr. p.s.,7
5TM5,2024-04-15,nieobecność,4
5TM5,2024-04-16,spóźnienie,2
5TM5,2023-09-28,spóźn. uspr.,1
5TM5,2023-09-28,nieob. uspraw.,22
5TM5,2023-11-20,nieob. uspraw.,1
5TM5,2023-12-15,obecność,88
5TM5,2023-12-20,spóźnienie,3
5TM5,2024-01-31,spóźn. uspr.,1
5TM5,2024-02-12,spóźn. uspr.,2
5TM5,2024-02-21,spóźn. uspr.,1
5TM5,2024-04-03,spóźn. uspr.,1
5TM5,2023-09-21,nieobecność,2
5TM5,2023-10-02,nieob. uspraw.,6
5TM5,2023-10-04,spóźnienie,1
5TM5,2023-10-16,nieobecność,1
5TM5,2023-10-18,spóźnienie,1
5TM5,2023-11-08,spóźnienie,1
5TM5,2023-11-22,spóźnienie,1
5TM5,2023-12-13,nieobecność,2
5TM5,2023-12-14,nieobecność,7
5TM5,2024-02-08,nieobecność,1
5TM5,2024-04-03,spóźnienie,1
5TM5,2023-09-19,spóźn. uspr.,3
5TM5,2023-12-14,nieob. uspraw.,17
5TM5,2024-03-11,nieob. uspraw.,13
5TM5,2023-09-25,nieobecność,5
5TM5,2023-10-02,spóźnienie,2
5TM5,2023-10-25,nieob. uspraw.,3
5TM5,2023-10-30,nieobecność,1
5TM5,2023-10-30,spóźnienie,1
5TM5,2023-11-02,nieobecność,2
5TM5,2023-11-22,nieob. uspraw.,8
5TM5,2023-11-27,spóźnienie,1
5TM5,2023-12-18,nieobecność,6
5TM5,2024-01-12,nieob. uspraw.,5
5TM5,2024-02-19,spóźnienie,1
5TM5,2024-02-21,nieob. uspraw.,5
5TM5,2024-02-26,spóźnienie,1
5TM5,2024-02-28,spóźnienie,1
5TM5,2024-04-10,spóźnienie,1
5TM5,2023-09-29,nieob. uspraw.,24
5TM5,2023-11-07,nieob. uspraw.,1
5TM5,2023-11-14,spóźn. uspr.,1
5TM5,2023-11-29,spóźn. uspr.,1
5TM5,2023-11-29,nieob. uspraw.,9
5TM5,2024-02-26,nieob. uspr. p.s.,2
5TM5,2024-02-27,nieob. uspraw.,5
5TM5,2024-02-29,nieob. uspr. p.s.,4
5TM5,2024-03-05,nieob. uspraw.,6
5TM5,2024-03-05,spóźnienie,1
5TM5,2024-04-03,zwolniony,2
5TM5,2023-12-12,nieob. uspraw.,5
5TM5,2023-12-12,spóźnienie,1
5TM5,2024-02-20,spóźn. uspr.,1
5TM5,2024-04-04,spóźnienie,1
5TM5,2023-10-18,nieobecność,3
5TM5,2023-10-26,nieobecność,1
5TM5,2023-10-31,nieobecność,2
5TM5,2023-11-28,nieobecność,1
5TM5,2024-01-03,nieob. uspraw.,1
5TM5,2024-01-30,nieobecność,1
5TM5,2024-02-22,nieobecność,2
5TM5,2024-02-13,nieob. uspr. p.s.,2
1M,2023-09-04,obecność,264
1M,2023-09-05,obecność,129
1M,2023-09-06,obecność,131
1M,2023-09-07,obecność,120
1M,2023-09-08,obecność,102
1M,2023-09-11,obecność,160
1M,2023-09-12,obecność,122
1M,2023-09-13,obecność,126
1M,2023-09-14,obecność,105
1M,2023-09-15,nieob. uspraw.,41
1M,2023-09-18,obecność,107
1M,2023-09-19,obecność,91
1M,2023-09-20,obecność,78
1M,2023-09-21,obecność,58
1M,2023-09-22,obecność,61
1M,2023-09-25,obecność,118
1M,2023-09-26,obecność,97
1M,2023-09-27,obecność,76
1M,2023-09-28,obecność,82
1M,2023-09-29,nieob. uspraw.,24
1M,2023-10-02,obecność,160
1M,2023-10-03,obecność,130
1M,2023-10-04,obecność,95
1M,2023-10-05,obecność,140
1M,2023-10-06,obecność,63
1M,2023-10-09,obecność,148
1M,2023-10-10,obecność,124
1M,2023-10-11,obecność,106
1M,2023-10-12,obecność,123
1M,2023-10-16,obecność,132
1M,2023-10-17,obecność,114
1M,2023-10-18,obecność,108
1M,2023-10-19,obecność,84
1M,2023-10-20,obecność,68
1M,2023-10-23,obecność,125
1M,2023-10-24,obecność,129
1M,2023-10-25,obecność,100
1M,2023-10-26,obecność,112
1M,2023-10-27,obecność,62
1M,2023-10-30,obecność,134
1M,2023-10-31,nieob. uspraw.,27
1M,2023-11-02,nieob. uspraw.,93
1M,2023-11-03,nieob. uspraw.,37
1M,2023-11-06,obecność,143
1M,2023-11-07,obecność,93
1M,2023-11-08,obecność,100
1M,2023-11-08,nieob. uspraw.,25
1M,2023-11-09,obecność,84
1M,2023-11-10,obecność,58
1M,2023-11-13,obecność,128
1M,2023-11-14,obecność,127
1M,2023-11-15,obecność,93
1M,2023-11-16,nieob. uspraw.,28
1M,2023-11-17,nieob. uspraw.,30
1M,2023-11-20,obecność,142
1M,2023-11-21,obecność,130
1M,2023-11-22,obecność,113
1M,2023-11-23,obecność,83
1M,2023-11-24,obecność,53
1M,2023-11-27,obecność,122
1M,2023-11-28,obecność,122
1M,2023-11-29,obecność,110
1M,2023-11-29,nieob. uspraw.,16
1M,2023-11-30,obecność,90
1M,2023-12-01,obecność,73
1M,2023-12-04,nieob. uspraw.,16
1M,2023-12-05,obecność,132
1M,2023-12-06,obecność,106
1M,2023-12-07,obecność,93
1M,2023-12-08,nieob. uspraw.,13
1M,2023-12-11,obecność,110
1M,2023-12-12,obecność,127
1M,2023-12-13,nieob. uspraw.,28
1M,2023-12-14,nieob. uspraw.,45
1M,2023-12-15,nieob. uspraw.,30
1M,2023-12-18,nieob. uspraw.,50
1M,2023-12-19,obecność,104
1M,2023-12-20,obecność,115
1M,2023-12-21,obecność,126
1M,2024-01-02,obecność,86
1M,2024-01-03,obecność,92
1M,2024-01-04,obecność,92
1M,2024-01-05,obecność,79
1M,2024-01-08,obecność,116
1M,2024-01-09,nieob. uspraw.,15
1M,2024-01-10,nieob. uspraw.,32
1M,2024-01-11,nieob. uspraw.,20
1M,2024-01-12,nieob. uspraw.,27
1M,2024-01-29,obecność,125
1M,2024-01-30,obecność,109
1M,2024-01-31,obecność,108
1M,2024-02-01,obecność,80
1M,2024-02-02,obecność,109
1M,2024-02-02,nieob. uspraw.,7
1M,2024-02-05,nieob. uspraw.,24
1M,2024-02-06,obecność,116
1M,2024-02-07,obecność,92
1M,2024-02-08,obecność,86
1M,2024-02-09,nieob. uspraw.,39
1M,2024-02-12,obecność,133
1M,2024-02-13,nieob. uspraw.,7
1M,2024-02-14,nieob. uspraw.,13
1M,2024-02-15,nieob. uspraw.,10
1M,2024-02-16,nieob. uspraw.,19
1M,2024-02-19,nieob. uspraw.,36
1M,2024-02-20,nieob. uspraw.,38
1M,2024-02-21,nieob. uspraw.,21
1M,2024-02-21,nieobecność,20
1M,2024-02-22,nieob. uspraw.,22
1M,2024-02-23,nieob. uspraw.,11
1M,2024-02-26,obecność,112
1M,2024-02-27,obecność,107
1M,2024-02-27,nieobecność,15
1M,2024-02-28,obecność,112
1M,2024-02-29,obecność,79
1M,2024-03-01,nieob. uspraw.,49
1M,2024-03-04,obecność,107
1M,2024-03-05,obecność,111
1M,2024-03-06,obecność,85
1M,2024-03-07,obecność,58
1M,2024-03-08,obecność,83
1M,2024-03-11,obecność,113
1M,2024-03-12,obecność,106
1M,2024-03-13,obecność,107
1M,2024-03-13,nieob. uspraw.,23
1M,2024-03-14,obecność,83
1M,2024-03-14,nieob. uspraw.,23
1M,2024-03-15,nieobecność,10
1M,2024-03-18,nieob. uspraw.,57
1M,2024-03-19,nieob. uspraw.,29
1M,2024-03-20,nieob. uspraw.,40
1M,2024-03-21,nieob. uspraw.,40
1M,2024-03-22,nieob. uspraw.,27
1M,2024-03-25,obecność,125
1M,2024-03-26,obecność,93
1M,2024-03-27,nieob. uspraw.,48
1M,2024-04-03,obecność,107
1M,2024-04-04,obecność,94
1M,2024-04-05,obecność,114
1M,2024-04-08,obecność,128
1M,2024-04-09,obecność,60
1M,2024-04-10,obecność,102
1M,2024-04-11,nieob. uspraw.,17
1M,2024-04-12,nieob. uspraw.,32
1M,2024-04-15,obecność,143
1M,2024-04-16,obecność,118
1M,2024-04-17,obecność,132
1M,2024-04-18,obecność,119
1M,2024-04-19,obecność,97
1M,2024-04-22,obecność,175
1M,2024-04-23,obecność,51
1M,2024-04-24,obecność,73
1M,2024-04-25,obecność,90
1M,2024-04-26,nieobecność,69
1M,2024-05-06,obecność,106
1M,2024-05-07,obecność,72
1M,2024-05-08,nieobecność,22
1M,2024-05-09,nieobecność,39
1M,2024-05-10,nieobecność,32
1M,2024-05-13,obecność,111
1M,2024-05-13,nieobecność,54
1M,2024-05-14,obecność,106
1M,2024-05-15,obecność,84
1M,2024-05-16,obecność,73
1M,2024-05-17,obecność,75
1M,2024-05-20,obecność,160
1M,2024-05-21,obecność,123
1M,2024-05-22,obecność,118
1M,2024-05-23,nieobecność,23
1M,2024-05-24,nieobecność,101
1M,2024-05-27,obecność,155
1M,2024-05-28,obecność,128
1M,2024-05-29,obecność,108
1M,2024-06-03,obecność,126
1M,2024-06-04,obecność,136
1M,2024-06-05,obecność,105
1M,2024-06-06,obecność,62
1M,2024-06-07,nieobecność,32
1M,2024-06-10,obecność,64
1M,2024-06-11,obecność,52
1M,2024-06-12,obecność,31
1M,2024-06-12,zwolniony,1
1M,2024-06-13,nieobecność,76
1M,2024-06-14,nieobecność,107
1M,2024-06-17,nieobecność,152
1M,2024-06-18,nieobecność,151
1M,2024-06-19,nieobecność,111
1M,2024-06-19,obecność,23
1M,2024-06-20,nieobecność,94
1M,2024-06-20,obecność,2
1M,2024-06-20,nieob. uspraw.,22
1M,2024-06-21,obecność,154
1M,2023-09-05,nieob. uspraw.,11
1M,2023-09-15,obecność,85
1M,2023-09-29,obecność,84
1M,2023-10-31,obecność,85
1M,2023-11-02,obecność,4
1M,2023-11-02,nieobecność,50
1M,2023-11-03,obecność,17
1M,2023-11-10,nieobecność,17
1M,2023-11-15,nieobecność,21
1M,2023-11-16,nieobecność,12
1M,2023-11-16,obecność,106
1M,2023-11-17,obecność,54
1M,2023-11-28,nieob. uspraw.,8
1M,2023-12-04,obecność,92
1M,2023-12-08,obecność,73
1M,2023-12-13,obecność,102
1M,2023-12-14,obecność,53
1M,2023-12-18,obecność,104
1M,2023-12-18,nieobecność,14
1M,2024-01-02,nieobecność,28
1M,2024-01-09,obecność,66
1M,2024-01-10,obecność,70
1M,2024-01-11,nieobecność,36
1M,2024-01-12,nieobecność,49
1M,2024-02-02,zwolniony,4
1M,2024-02-05,obecność,127
1M,2024-02-09,obecność,57
1M,2024-02-09,zwolniony,4
1M,2024-02-13,obecność,99
1M,2024-02-14,obecność,94
1M,2024-02-15,obecność,79
1M,2024-02-16,obecność,104
1M,2024-02-16,zwolniony,4
1M,2024-02-19,obecność,103
1M,2024-02-21,obecność,102
1M,2024-02-22,obecność,69
1M,2024-02-23,obecność,52
1M,2024-02-23,nieobecność,59
1M,2024-02-27,nieob. uspraw.,32
1M,2024-03-01,obecność,79
1M,2024-03-01,zwolniony,4
1M,2024-03-06,zwolniony,2
1M,2024-03-06,nieob. uspraw.,42
1M,2024-03-08,nieob. uspraw.,29
1M,2024-03-15,obecność,67
1M,2024-03-15,zwolniony,4
1M,2024-03-18,obecność,108
1M,2024-03-19,nieobecność,15
1M,2024-03-19,obecność,110
1M,2024-03-20,obecność,54
1M,2024-03-21,nieobecność,45
1M,2024-03-22,obecność,82
1M,2024-03-27,obecność,60
1M,2024-04-05,nieobecność,34
1M,2024-04-11,obecność,59
1M,2024-04-12,obecność,62
1M,2024-04-12,zwolniony,2
1M,2024-04-19,zwolniony,4
1M,2024-04-24,nieob. uspraw.,20
1M,2024-04-25,nieob. uspraw.,20
1M,2024-04-26,nieob. uspraw.,25
1M,2024-05-08,obecność,74
1M,2024-05-08,zwolniony,2
1M,2024-05-09,obecność,79
1M,2024-05-10,obecność,65
1M,2024-05-10,zwolniony,4
1M,2024-05-15,nieob. uspraw.,16
1M,2024-05-17,zwolniony,2
1M,2024-05-21,zwolniony,2
1M,2024-05-23,obecność,102
1M,2024-06-05,nieobecność,28
1M,2024-06-06,nieobecność,29
1M,2024-06-07,obecność,78
1M,2024-06-17,obecność,16
1M,2023-09-12,nieob. uspraw.,12
1M,2023-09-13,nieob. uspraw.,9
1M,2023-09-18,nieobecność,24
1M,2023-09-19,nieob. uspraw.,38
1M,2023-09-21,nieob. uspraw.,20
1M,2023-09-22,nieob. uspraw.,36
1M,2023-09-25,nieobecność,34
1M,2023-09-26,nieobecność,29
1M,2023-09-27,nieobecność,19
1M,2023-09-29,nieobecność,18
1M,2023-10-03,nieobecność,10
1M,2023-10-04,nieobecność,11
1M,2023-10-05,nieobecność,7
1M,2023-10-06,nieobecność,26
1M,2023-10-10,nieobecność,13
1M,2023-10-11,nieobecność,20
1M,2023-10-17,nieobecność,18
1M,2023-10-18,nieobecność,15
1M,2023-10-19,nieobecność,29
1M,2023-10-20,nieobecność,11
1M,2023-10-24,nieobecność,9
1M,2023-10-25,nieobecność,17
1M,2023-10-26,nieobecność,19
1M,2023-10-27,nieobecność,20
1M,2023-10-31,spóźnienie,4
1M,2023-10-31,nieobecność,28
1M,2023-11-03,nieobecność,20
1M,2023-11-08,nieobecność,8
1M,2023-11-14,nieobecność,4
1M,2023-11-15,spóźnienie,2
1M,2023-11-17,nieobecność,11
1M,2023-11-22,nieobecność,18
1M,2023-11-23,nieobecność,50
1M,2023-11-28,nieobecność,10
1M,2023-11-29,spóźnienie,1
1M,2023-11-29,nieobecność,8
1M,2023-12-01,nieobecność,5
1M,2023-12-04,nieobecność,50
1M,2023-12-05,nieobecność,11
1M,2023-12-06,spóźnienie,4
1M,2023-12-07,nieobecność,7
1M,2023-12-11,nieobecność,8
1M,2023-12-12,nieobecność,5
1M,2023-12-14,nieobecność,6
1M,2023-12-15,obecność,53
1M,2023-12-20,spóźnienie,1
1M,2023-12-20,nieobecność,11
1M,2024-01-02,spóźnienie,2
1M,2024-01-03,spóźnienie,1
1M,2024-01-04,nieobecność,21
1M,2024-01-05,nieobecność,20
1M,2024-01-09,nieobecność,21
1M,2024-01-10,nieobecność,31
1M,2024-01-11,obecność,70
1M,2024-01-12,obecność,40
1M,2024-01-31,nieobecność,23
1M,2024-02-01,spóźnienie,1
1M,2024-02-05,nieobecność,17
1M,2024-02-06,nieobecność,30
1M,2024-02-07,nieobecność,31
1M,2024-02-08,spóźnienie,1
1M,2024-02-09,nieobecność,44
1M,2024-02-12,nieobecność,13
1M,2024-02-14,spóźnienie,1
1M,2024-02-14,nieobecność,35
1M,2024-02-19,nieobecność,29
1M,2024-02-20,nieobecność,40
1M,2024-02-22,nieobecność,16
1M,2024-02-26,nieobecność,18
1M,2024-03-01,nieobecność,12
1M,2024-03-04,nieob. uspraw.,41
1M,2024-03-05,nieobecność,16
1M,2024-03-06,nieobecność,14
1M,2024-03-08,nieobecność,6
1M,2024-03-11,nieobecność,22
1M,2024-03-12,nieobecność,24
1M,2024-03-13,nieobecność,13
1M,2024-03-18,nieobecność,11
1M,2024-03-20,nieobecność,49
1M,2024-03-22,nieobecność,35
1M,2024-03-25,nieobecność,27
1M,2024-03-26,nieobecność,18
1M,2024-03-27,nieobecność,35
1M,2024-04-09,nieobecność,32
1M,2024-04-15,nieobecność,22
1M,2024-04-19,nieob. uspraw.,31
1M,2024-04-22,nieobecność,9
1M,2024-04-23,spóźnienie,1
1M,2024-05-14,nieobecność,26
1M,2024-05-15,nieobecność,15
1M,2024-05-16,nieobecność,24
1M,2024-05-17,nieobecność,36
1M,2024-05-22,nieobecność,19
1M,2024-05-27,nieobecność,21
1M,2024-05-29,nieobecność,24
1M,2024-06-03,nieobecność,53
1M,2024-06-04,nieobecność,20
1M,2024-06-10,nieobecność,112
1M,2024-06-11,nieobecność,82
1M,2024-06-12,nieobecność,71
1M,2023-09-08,nieob. uspraw.,24
1M,2023-09-20,nieob. uspraw.,57
1M,2023-10-09,nieob. uspraw.,8
1M,2023-10-20,nieob. uspraw.,15
1M,2023-10-25,nieob. uspraw.,18
1M,2023-12-06,nieobecność,19
1M,2024-01-05,nieob. uspraw.,16
1M,2024-02-20,obecność,75
1M,2024-03-21,obecność,25
1M,2024-03-26,nieob. uspraw.,21
1M,2024-04-26,obecność,59
1M,2024-05-21,nieobecność,28
1M,2024-06-06,nieob. uspraw.,14
1M,2024-06-07,nieob. uspraw.,17
1M,2024-04-08,nieobecność,32
1M,2024-04-10,nieobecność,31
1M,2024-04-11,nieobecność,31
1M,2024-04-12,nieobecność,36
1M,2024-04-16,nieobecność,17
1M,2024-04-23,nieobecność,30
1M,2024-04-24,nieobecność,29
1M,2024-04-25,nieobecność,20
1M,2024-05-07,nieobecność,22
1M,2024-05-28,nieobecność,21
1M,2024-06-04,spóźnienie,4
1M,2023-09-22,nieob. uspr. p.s.,12
1M,2023-11-10,spóźnienie,2
1M,2023-11-24,nieobecność,33
1M,2023-11-28,spóźnienie,5
1M,2024-01-02,nieob. uspraw.,29
1M,2024-01-03,nieob. uspraw.,14
1M,2024-01-04,nieob. uspraw.,12
1M,2024-01-29,nieobecność,27
1M,2024-02-08,nieobecność,13
1M,2024-03-04,nieobecność,20
1M,2024-04-03,spóźnienie,2
1M,2024-04-19,nieobecność,19
1M,2024-05-10,nieob. uspraw.,33
1M,2024-05-13,nieob. uspraw.,19
1M,2024-05-24,nieob. uspraw.,24
1M,2024-05-28,nieob. uspraw.,14
1M,2024-05-29,nieob. uspraw.,12
1M,2023-09-06,nieob. uspraw.,6
1M,2023-09-07,nieob. uspraw.,6
1M,2023-09-21,nieobecność,22
1M,2023-09-22,nieobecność,17
1M,2023-10-06,nieob. uspraw.,4
1M,2023-10-10,nieob. uspraw.,8
1M,2023-10-11,nieob. uspraw.,9
1M,2023-10-12,nieob. uspraw.,12
1M,2023-10-24,spóźnienie,3
1M,2023-10-27,nieob. uspraw.,13
1M,2023-11-10,nieob. uspraw.,14
1M,2023-11-13,nieobecność,8
1M,2023-11-14,nieob. uspraw.,14
1M,2023-11-15,nieob. uspraw.,19
1M,2023-11-21,nieob. uspraw.,14
1M,2023-12-11,nieob. uspraw.,40
1M,2023-12-12,nieob. uspraw.,13
1M,2023-12-19,nieob. uspraw.,21
1M,2023-12-20,nieob. uspraw.,7
1M,2024-01-30,nieobecność,23
1M,2024-02-01,nieobecność,18
1M,2024-02-02,nieobecność,24
1M,2024-02-06,nieob. uspraw.,8
1M,2024-02-07,nieob. uspraw.,16
1M,2024-02-08,nieob. uspraw.,10
1M,2024-02-12,nieob. uspraw.,18
1M,2024-02-13,nieobecność,24
1M,2024-02-15,nieobecność,21
1M,2024-02-16,nieobecność,17
1M,2024-02-26,nieob. uspraw.,36
1M,2024-02-28,nieob. uspraw.,23
1M,2024-02-29,nieob. uspraw.,23
1M,2024-03-05,nieob. uspraw.,27
1M,2024-03-07,nieob. uspraw.,16
1M,2024-03-12,nieob. uspraw.,24
1M,2024-03-15,nieob. uspraw.,40
1M,2024-03-25,nieob. uspraw.,16
1M,2024-04-03,nieobecność,31
1M,2024-04-04,nieobecność,23
1M,2024-04-08,nieob. uspraw.,24
1M,2024-04-09,nieob. uspraw.,4
1M,2024-04-15,nieob. uspraw.,18
1M,2024-04-16,nieob. uspraw.,31
1M,2024-04-17,nieob. uspraw.,14
1M,2024-04-18,nieob. uspraw.,13
1M,2024-04-22,nieob. uspraw.,8
1M,2024-04-23,nieob. uspraw.,14
1M,2024-05-06,nieob. uspraw.,26
1M,2024-05-07,nieob. uspraw.,26
1M,2024-05-08,nieob. uspraw.,21
1M,2024-05-09,nieob. uspraw.,11
1M,2024-05-14,nieob. uspraw.,10
1M,2024-05-16,nieob. uspraw.,10
1M,2024-05-17,nieob. uspraw.,20
1M,2024-05-20,nieob. uspraw.,16
1M,2024-05-21,nieob. uspraw.,15
1M,2024-05-22,nieob. uspraw.,7
1M,2024-05-23,nieob. uspraw.,6
1M,2024-05-27,nieob. uspraw.,8
1M,2024-04-10,nieob. uspraw.,11
1M,2024-06-03,nieob. uspraw.,13
1M,2024-06-05,nieob. uspraw.,13
1M,2023-09-28,nieobecność,26
1M,2023-11-13,nieob. uspraw.,24
1M,2024-05-15,spóźnienie,4
1M,2024-05-24,obecność,27
1M,2023-11-07,nieobecność,1
1M,2024-02-20,zwolniony,1
1M,2024-03-08,zwolniony,2
1M,2024-04-05,zwolniony,2
1M,2024-04-26,zwolniony,2
1M,2024-05-06,nieobecność,54
1M,2024-05-15,zwolniony,1
1M,2023-09-19,nieob. uspr. p.s.,6
1M,2023-09-21,nieob. uspr. p.s.,5
1M,2023-09-27,nieob. uspr. p.s.,3
1M,2023-10-26,nieob. uspraw.,16
1M,2024-06-12,nieob. uspraw.,9
1M,2024-06-13,obecność,7
1M,2024-06-14,obecność,13
1M,2023-09-27,spóźn. uspr.,1
1M,2023-09-27,nieob. uspraw.,11
1M,2023-09-28,nieob. uspraw.,18
1M,2023-10-03,nieob. uspraw.,5
1M,2023-10-17,nieob. uspraw.,13
1M,2023-10-19,nieob. uspraw.,13
1M,2023-10-24,nieob. uspraw.,4
1M,2023-11-07,nieob. uspraw.,11
1M,2023-11-23,nieob. uspraw.,14
1M,2023-11-24,nieob. uspraw.,9
1M,2023-12-06,nieob. uspraw.,6
1M,2024-01-30,nieob. uspraw.,15
1M,2024-01-31,nieob. uspraw.,11
1M,2024-02-01,nieob. uspraw.,11
1M,2024-04-05,nieob. uspraw.,1
1M,2024-06-04,nieob. uspraw.,3
1M,2024-06-10,nieob. uspraw.,11
1M,2024-06-11,nieob. uspraw.,8
1M,2024-06-13,nieob. uspraw.,4
1M,2024-06-14,nieob. uspraw.,6
1M,2023-09-18,nieob. uspraw.,29
1M,2023-09-27,spóźnienie,4
1M,2023-10-12,nieobecność,12
1M,2023-11-06,nieobecność,6
1M,2023-11-27,nieob. uspraw.,16
1M,2023-11-30,nieob. uspraw.,10
1M,2023-12-19,spóźnienie,4
1M,2023-12-19,nieobecność,15
1M,2024-01-03,nieobecność,28
1M,2024-03-11,nieob. uspraw.,32
1M,2024-03-14,nieobecność,4
1M,2024-04-18,nieobecność,14
1M,2023-10-16,nieobecność,20
1M,2023-10-23,spóźnienie,1
1M,2023-11-09,nieobecność,16
1M,2023-11-20,nieobecność,8
1M,2023-11-27,nieobecność,20
1M,2023-11-30,spóźnienie,1
1M,2024-01-08,nieob. uspraw.,16
1M,2024-04-15,spóźnienie,1
1M,2024-06-04,nieob. uspr. p.s.,1
1M,2023-09-12,spóźnienie,1
1M,2023-10-23,nieobecność,32
1M,2023-10-30,nieob. uspraw.,8
1M,2023-11-30,nieobecność,4
1M,2023-12-05,spóźnienie,2
1M,2023-12-08,nieobecność,9
1M,2023-12-13,nieobecność,5
1M,2023-12-14,spóźnienie,1
1M,2024-01-08,spóźnienie,1
1M,2024-02-22,spóźnienie,3
1M,2024-03-07,nieobecność,14
1M,2024-03-08,spóźnienie,2
1M,2024-04-17,nieobecność,23
1M,2024-04-18,spóźnienie,5
1M,2024-04-19,spóźnienie,5
1M,2024-05-08,spóźnienie,2
1M,2024-05-09,spóźnienie,1
1M,2024-05-28,spóźnienie,3
1M,2024-06-07,spóźnienie,3
1M,2023-12-01,spóźnienie,2
1M,2023-12-07,nieob. uspraw.,5
1M,2024-02-07,spóźnienie,4
1M,2024-02-12,spóźn. uspr.,1
1M,2024-02-28,nieobecność,8
1M,2024-02-29,nieobecność,8
1M,2024-04-04,spóźn. uspr.,1
1M,2024-05-08,spóźn. uspr.,1
1M,2024-05-09,spóźn. uspr.,1
1M,2024-05-15,spóźn. uspr.,2
1M,2024-05-22,spóźn. uspr.,1
1M,2024-05-29,spóźnienie,2
1M,2023-10-04,spóźnienie,3
1M,2023-10-18,spóźnienie,4
1M,2023-10-30,nieobecność,18
1M,2023-11-06,nieob. uspraw.,10
1M,2023-11-08,spóźnienie,2
1M,2023-11-09,nieob. uspraw.,5
1M,2023-11-16,spóźnienie,1
1M,2023-11-20,nieob. uspraw.,8
1M,2023-11-22,spóźnienie,4
1M,2023-12-01,nieob. uspraw.,15
1M,2023-12-15,nieobecność,12
1M,2024-01-08,nieobecność,24
1M,2024-05-20,nieobecność,8
1M,2023-09-25,nieob. uspraw.,16
1M,2023-09-26,nieob. uspraw.,9
1M,2023-10-18,spóźn. uspr.,2
1M,2023-10-23,nieob. uspraw.,2
1M,2023-11-10,nieob. uspr. p.s.,4
1M,2023-12-20,nieob. uspr. p.s.,1
1M,2024-01-04,nieob. uspr. p.s.,1
1M,2024-01-05,spóźnienie,1
1M,2024-01-30,spóźnienie,1
1M,2024-02-12,zwolniony,3
1M,2024-02-13,nieob. uspr. p.s.,2
1M,2024-02-26,spóźn. uspr.,1
1M,2024-03-11,spóźn. uspr.,1
1M,2024-03-15,spóźn. uspr.,1
1M,2024-04-03,nieob. uspraw.,14
1M,2024-04-05,spóźnienie,1
1M,2024-04-17,spóźnienie,1
1M,2024-05-06,spóźn. uspr.,2
1M,2024-05-17,spóźnienie,1
1M,2024-06-18,obecność,1
1M,2023-10-18,nieob. uspraw.,6
1M,2023-11-20,zwolniony,2
1M,2023-11-21,zwolniony,1
1M,2024-01-08,zwolniony,3
1M,2024-01-10,zwolniony,1
1M,2024-01-29,nieob. uspraw.,8
1M,2023-10-04,nieob. uspraw.,5
1M,2023-10-16,nieob. uspraw.,8
1M,2023-10-31,spóźn. uspr.,1
1M,2023-11-06,spóźn. uspr.,1
1M,2023-11-27,spóźnienie,1
1M,2024-04-26,spóźn. uspr.,1
1M,2023-11-27,zwolniony,1
1M,2023-12-04,spóźnienie,2
1M,2023-12-11,zwolniony,2
1M,2023-10-06,spóźnienie,2
1M,2023-10-20,spóźnienie,1
1M,2024-01-09,spóźnienie,1
1M,2024-02-26,spóźnienie,1
1M,2024-04-04,spóźnienie,1
1M,2024-04-25,spóźnienie,1
2MK,2023-09-04,obecność,189
2MK,2023-09-05,obecność,169
2MK,2023-09-06,obecność,196
2MK,2023-09-07,obecność,193
2MK,2023-09-08,obecność,140
2MK,2023-09-08,nieobecność,8
2MK,2023-09-11,obecność,126
2MK,2023-09-12,obecność,200
2MK,2023-09-13,obecność,124
2MK,2023-09-14,obecność,183
2MK,2023-09-15,obecność,161
2MK,2023-09-15,nieobecność,55
2MK,2023-09-18,obecność,91
2MK,2023-09-19,obecność,148
2MK,2023-09-20,obecność,117
2MK,2023-09-21,obecność,183
2MK,2023-09-22,nieob. uspraw.,84
2MK,2023-09-25,obecność,110
2MK,2023-09-26,obecność,163
2MK,2023-09-27,obecność,131
2MK,2023-09-28,obecność,172
2MK,2023-09-29,nieob. uspraw.,66
2MK,2023-10-02,obecność,201
2MK,2023-10-03,nieobecność,15
2MK,2023-10-03,obecność,218
2MK,2023-10-04,obecność,113
2MK,2023-10-04,nieobecność,7
2MK,2023-10-05,obecność,195
2MK,2023-10-06,obecność,125
2MK,2023-10-06,nieobecność,20
2MK,2023-10-09,nieob. uspraw.,14
2MK,2023-10-10,nieob. uspraw.,48
2MK,2023-10-11,nieob. uspraw.,15
2MK,2023-10-12,nieob. uspraw.,53
2MK,2023-10-16,nieob. uspraw.,26
2MK,2023-10-16,obecność,175
2MK,2023-10-17,nieob. uspraw.,31
2MK,2023-10-18,nieob. uspraw.,20
2MK,2023-10-19,nieobecność,35
2MK,2023-10-20,nieobecność,56
2MK,2023-10-23,obecność,141
2MK,2023-10-24,obecność,190
2MK,2023-10-25,obecność,110
2MK,2023-10-25,nieobecność,3
2MK,2023-10-26,obecność,166
2MK,2023-10-27,obecność,115
2MK,2023-10-30,obecność,160
2MK,2023-10-31,obecność,86
2MK,2023-11-02,nieob. uspraw.,81
2MK,2023-11-03,nieob. uspraw.,54
2MK,2023-11-03,nieobecność,36
2MK,2023-11-06,obecność,176
2MK,2023-11-06,nieob. uspr. p.s.,2
2MK,2023-11-07,obecność,195
2MK,2023-11-07,nieobecność,11
2MK,2023-11-08,nieob. uspr. p.s.,2
2MK,2023-11-08,obecność,122
2MK,2023-11-09,obecność,155
2MK,2023-11-09,nieob. uspr. p.s.,2
2MK,2023-11-09,nieobecność,28
2MK,2023-11-10,obecność,115
2MK,2023-11-13,obecność,137
2MK,2023-11-13,nieobecność,7
2MK,2023-11-14,obecność,167
2MK,2023-11-14,nieobecność,16
2MK,2023-11-15,obecność,103
2MK,2023-11-16,obecność,196
2MK,2023-11-17,obecność,131
2MK,2023-11-20,nieobecność,15
2MK,2023-11-20,obecność,160
2MK,2023-11-21,nieobecność,4
2MK,2023-11-21,obecność,172
2MK,2023-11-22,obecność,123
2MK,2023-11-22,nieobecność,9
2MK,2023-11-23,nieob. uspraw.,139
2MK,2023-11-24,nieobecność,36
2MK,2023-11-27,obecność,170
2MK,2023-11-28,obecność,196
2MK,2023-11-29,nieob. uspr. p.s.,40
2MK,2023-11-30,nieob. uspr. p.s.,52
2MK,2023-12-01,obecność,154
2MK,2023-12-04,obecność,171
2MK,2023-12-05,obecność,164
2MK,2023-12-06,obecność,132
2MK,2023-12-07,obecność,176
2MK,2023-12-08,obecność,135
2MK,2023-12-11,nieob. uspraw.,40
2MK,2023-12-12,nieob. uspraw.,24
2MK,2023-12-13,nieob. uspraw.,20
2MK,2023-12-14,nieob. uspraw.,65
2MK,2023-12-14,nieobecność,6
2MK,2023-12-15,nieob. uspraw.,36
2MK,2023-12-18,obecność,166
2MK,2023-12-19,nieob. uspraw.,46
2MK,2023-12-20,obecność,125
2MK,2023-12-20,nieobecność,18
2MK,2023-12-21,obecność,98
2MK,2024-01-02,obecność,131
2MK,2024-01-03,nieobecność,16
2MK,2024-01-03,obecność,126
2MK,2024-01-04,obecność,151
2MK,2024-01-04,nieob. uspraw.,49
2MK,2024-01-05,nieob. uspraw.,30
2MK,2024-01-08,obecność,99
2MK,2024-01-09,nieobecność,10
2MK,2024-01-09,obecność,139
2MK,2024-01-10,obecność,65
2MK,2024-01-11,nieob. uspraw.,77
2MK,2024-01-12,obecność,106
2MK,2024-01-29,obecność,135
2MK,2024-01-29,nieobecność,5
2MK,2024-01-30,obecność,168
2MK,2024-01-30,nieobecność,25
2MK,2024-01-31,obecność,106
2MK,2024-01-31,nieobecność,19
2MK,2024-02-01,obecność,189
2MK,2024-02-02,obecność,126
2MK,2024-02-05,obecność,127
2MK,2024-02-06,obecność,212
2MK,2024-02-07,obecność,142
2MK,2024-02-08,obecność,157
2MK,2024-02-09,obecność,76
2MK,2024-02-12,obecność,118
2MK,2024-02-12,spóźnienie,8
2MK,2024-02-13,obecność,180
2MK,2024-02-14,obecność,147
2MK,2024-02-14,nieobecność,14
2MK,2024-02-15,obecność,196
2MK,2024-02-16,obecność,152
2MK,2024-02-16,nieobecność,33
2MK,2024-02-19,nieobecność,36
2MK,2024-02-20,obecność,157
2MK,2024-02-21,nieobecność,18
2MK,2024-02-21,obecność,154
2MK,2024-02-22,obecność,135
2MK,2024-02-22,,29
2MK,2024-02-23,obecność,124
2MK,2024-02-26,nieobecność,40
2MK,2024-02-26,obecność,123
2MK,2024-02-27,obecność,149
2MK,2024-02-28,obecność,98
2MK,2024-02-28,nieobecność,47
2MK,2024-02-29,obecność,179
2MK,2024-03-01,obecność,146
2MK,2024-03-04,obecność,128
2MK,2024-03-04,nieobecność,14
2MK,2024-03-05,obecność,168
2MK,2024-03-06,obecność,139
2MK,2024-03-07,obecność,175
2MK,2024-03-08,obecność,88
2MK,2024-03-08,nieobecność,82
2MK,2024-03-11,nieobecność,51
2MK,2024-03-11,obecność,124
2MK,2024-03-11,spóźnienie,2
2MK,2024-03-12,obecność,194
2MK,2024-03-13,obecność,129
2MK,2024-03-13,nieobecność,42
2MK,2024-03-14,obecność,126
2MK,2024-03-15,nieobecność,10
2MK,2024-03-15,obecność,42
2MK,2024-03-18,nieobecność,20
2MK,2024-03-18,obecność,107
2MK,2024-03-19,obecność,177
2MK,2024-03-20,nieob. uspraw.,136
2MK,2024-03-21,nieob. uspraw.,203
2MK,2024-03-21,obecność,45
2MK,2024-03-22,nieobecność,15
2MK,2024-03-25,obecność,110
2MK,2024-03-25,nieobecność,23
2MK,2024-03-26,nieobecność,94
2MK,2024-03-27,obecność,95
2MK,2024-03-27,nieobecność,63
2MK,2024-04-03,nieobecność,44
2MK,2024-04-03,obecność,101
2MK,2024-04-04,obecność,155
2MK,2024-04-04,nieobecność,78
2MK,2024-04-05,obecność,129
2MK,2024-04-05,nieobecność,65
2MK,2024-04-08,nieobecność,52
2MK,2024-04-08,obecność,112
2MK,2024-04-09,nieobecność,54
2MK,2024-04-09,obecność,179
2MK,2024-04-10,obecność,94
2MK,2024-04-11,obecność,154
2MK,2024-04-12,obecność,72
2MK,2024-04-12,nieobecność,103
2MK,2024-04-15,obecność,121
2MK,2024-04-15,nieobecność,24
2MK,2024-04-16,obecność,161
2MK,2024-04-17,obecność,141
2MK,2024-04-18,obecność,188
2MK,2024-04-19,obecność,154
2MK,2024-04-22,obecność,132
2MK,2024-04-23,obecność,183
2MK,2024-04-23,spóźnienie,6
2MK,2024-04-23,nieobecność,45
2MK,2024-04-24,obecność,110
2MK,2024-04-24,nieobecność,22
2MK,2024-04-25,obecność,180
2MK,2024-04-25,nieobecność,53
2MK,2024-04-26,obecność,71
2MK,2024-04-26,nieobecność,102
2MK,2024-05-06,obecność,96
2MK,2024-05-06,nieob. uspr. p.s.,12
2MK,2024-05-07,obecność,120
2MK,2024-05-08,nieob. uspr. p.s.,27
2MK,2024-05-09,obecność,144
2MK,2024-05-10,obecność,86
2MK,2024-05-10,nieobecność,71
2MK,2024-05-13,nieobecność,54
2MK,2024-05-13,obecność,48
2MK,2024-05-14,obecność,104
2MK,2024-05-15,obecność,98
2MK,2024-05-16,obecność,149
2MK,2024-05-17,nieobecność,62
2MK,2024-05-20,nieob. uspraw.,38
2MK,2024-05-21,nieob. uspraw.,29
2MK,2024-05-22,nieob. uspraw.,51
2MK,2024-05-23,nieob. uspraw.,47
2MK,2024-05-24,obecność,192
2MK,2024-05-27,obecność,151
2MK,2024-05-28,nieobecność,12
2MK,2024-05-28,obecność,148
2MK,2024-05-29,nieob. uspraw.,86
2MK,2024-06-03,obecność,132
2MK,2024-06-03,nieobecność,18
2MK,2024-06-04,nieob. uspraw.,95
2MK,2024-06-04,obecność,100
2MK,2024-06-05,nieob. uspraw.,98
2MK,2024-06-05,obecność,104
2MK,2024-06-06,obecność,123
2MK,2024-06-07,obecność,70
2MK,2024-06-07,nieobecność,18
2MK,2024-06-10,obecność,80
2MK,2024-06-10,nieob. uspraw.,60
2MK,2024-06-11,nieob. uspraw.,106
2MK,2024-06-12,nieobecność,82
2MK,2024-06-12,nieob. uspraw.,117
2MK,2024-06-12,obecność,25
2MK,2024-06-13,obecność,26
2MK,2024-06-14,obecność,18
2MK,2024-06-14,nieobecność,174
2MK,2024-06-17,nieobecność,219
2MK,2024-06-18,nieobecność,194
2MK,2024-06-19,nieobecność,223
2MK,2024-06-20,nieobecność,197
2MK,2024-06-21,obecność,188
2MK,2023-09-13,nieob. uspraw.,32
2MK,2023-09-14,nieob. uspraw.,24
2MK,2023-09-14,nieobecność,25
2MK,2023-09-19,nieob. uspraw.,69
2MK,2023-09-20,nieob. uspraw.,50
2MK,2023-09-28,nieob. uspraw.,36
2MK,2023-10-02,nieob. uspraw.,26
2MK,2023-10-02,nieobecność,16
2MK,2023-10-09,obecność,174
2MK,2023-10-11,obecność,121
2MK,2023-10-11,nieobecność,7
2MK,2023-10-16,nieobecność,15
2MK,2023-10-17,obecność,148
2MK,2023-10-17,nieobecność,20
2MK,2023-10-18,obecność,120
2MK,2023-10-19,obecność,129
2MK,2023-10-24,nieobecność,15
2MK,2023-10-26,nieobecność,58
2MK,2023-10-27,nieobecność,31
2MK,2023-10-30,nieob. uspraw.,33
2MK,2023-10-31,nieob. uspraw.,100
2MK,2023-11-06,nieob. uspraw.,21
2MK,2023-11-07,nieob. uspraw.,27
2MK,2023-11-14,nieob. uspr. p.s.,4
2MK,2023-11-21,nieob. uspraw.,48
2MK,2023-11-24,obecność,147
2MK,2023-11-29,nieob. uspraw.,22
2MK,2023-11-30,nieob. uspraw.,37
2MK,2023-12-11,obecność,141
2MK,2023-12-12,obecność,203
2MK,2023-12-13,obecność,114
2MK,2023-12-14,obecność,158
2MK,2023-12-15,obecność,139
2MK,2023-12-18,nieobecność,16
2MK,2023-12-20,nieob. uspraw.,35
2MK,2023-12-21,nieob. uspraw.,126
2MK,2024-01-02,nieob. uspraw.,86
2MK,2024-01-05,obecność,105
2MK,2024-01-08,nieobecność,13
2MK,2024-01-10,nieob. uspraw.,56
2MK,2024-01-31,nieob. uspraw.,20
2MK,2024-02-06,nieobecność,26
2MK,2024-02-07,nieobecność,22
2MK,2024-02-08,nieobecność,65
2MK,2024-02-12,nieobecność,35
2MK,2024-02-13,nieobecność,37
2MK,2024-02-19,nieob. uspraw.,29
2MK,2024-02-20,nieobecność,51
2MK,2024-02-22,nieobecność,31
2MK,2024-02-23,nieobecność,39
2MK,2024-02-27,nieobecność,55
2MK,2024-02-29,nieobecność,52
2MK,2024-03-01,nieobecność,48
2MK,2024-03-04,nieob. uspraw.,35
2MK,2024-03-05,nieob. uspraw.,32
2MK,2024-03-06,nieob. uspr. p.s.,1
2MK,2024-03-14,nieobecność,35
2MK,2024-03-15,nieob. uspraw.,82
2MK,2024-03-22,obecność,75
2MK,2024-03-26,obecność,86
2MK,2024-04-03,nieob. uspraw.,29
2MK,2024-04-11,nieobecność,58
2MK,2024-04-19,nieob. uspr. p.s.,1
2MK,2024-05-06,nieobecność,46
2MK,2024-05-08,nieobecność,42
2MK,2024-05-14,nieobecność,54
2MK,2024-05-15,nieobecność,58
2MK,2024-05-17,obecność,95
2MK,2024-05-21,obecność,163
2MK,2024-05-22,obecność,141
2MK,2024-05-27,nieob. uspraw.,46
2MK,2024-05-28,nieob. uspraw.,40
2MK,2024-05-29,obecność,112
2MK,2024-06-03,nieob. uspraw.,70
2MK,2024-06-06,nieob. uspraw.,78
2MK,2024-06-07,nieob. uspraw.,79
2MK,2024-06-13,nieobecność,181
2MK,2024-06-20,obecność,12
2MK,2024-06-21,nieob. uspraw.,27
2MK,2023-09-05,nieobecność,2
2MK,2023-09-06,nieob. uspraw.,15
2MK,2023-09-08,nieob. uspraw.,38
2MK,2023-09-18,nieob. uspraw.,59
2MK,2023-09-21,nieob. uspraw.,50
2MK,2023-09-25,nieobecność,7
2MK,2023-09-26,nieob. uspraw.,57
2MK,2023-09-27,nieob. uspraw.,22
2MK,2023-09-28,nieobecność,16
2MK,2023-10-04,nieob. uspraw.,19
2MK,2023-10-05,nieobecność,26
2MK,2023-10-06,nieob. uspraw.,26
2MK,2023-10-09,nieobecność,28
2MK,2023-10-12,obecność,168
2MK,2023-10-19,nieob. uspraw.,36
2MK,2023-10-20,obecność,128
2MK,2023-10-23,nieobecność,12
2MK,2023-10-30,nieobecność,8
2MK,2023-10-31,nieobecność,16
2MK,2023-11-02,nieobecność,28
2MK,2023-11-03,obecność,96
2MK,2023-11-06,nieobecność,18
2MK,2023-11-08,nieobecność,12
2MK,2023-11-10,nieobecność,14
2MK,2023-11-13,nieob. uspraw.,59
2MK,2023-11-15,nieob. uspraw.,35
2MK,2023-11-16,nieobecność,17
2MK,2023-11-17,nieob. uspraw.,29
2MK,2023-11-21,nieob. uspr. p.s.,8
2MK,2023-11-27,nieob. uspraw.,37
2MK,2023-11-29,obecność,80
2MK,2023-12-01,nieob. uspr. p.s.,7
2MK,2023-12-04,nieobecność,32
2MK,2023-12-05,nieob. uspraw.,28
2MK,2023-12-11,nieob. uspr. p.s.,4
2MK,2023-12-14,nieob. uspr. p.s.,4
2MK,2024-01-03,nieob. uspraw.,39
2MK,2024-01-04,nieobecność,33
2MK,2024-01-31,spóźnienie,1
2MK,2024-02-05,nieobecność,48
2MK,2024-02-09,nieobecność,67
2MK,2024-02-15,nieobecność,18
2MK,2024-03-05,nieobecność,26
2MK,2024-03-06,nieobecność,25
2MK,2024-03-07,nieobecność,50
2MK,2024-03-12,nieobecność,39
2MK,2024-03-19,nieobecność,22
2MK,2024-04-10,nieobecność,27
2MK,2024-04-16,nieobecność,46
2MK,2024-04-17,nieobecność,35
2MK,2024-04-18,nieobecność,46
2MK,2024-04-19,nieobecność,42
2MK,2024-04-22,nieobecność,40
2MK,2024-05-07,nieobecność,25
2MK,2024-05-20,nieobecność,11
2MK,2024-05-20,obecność,162
2MK,2024-05-21,nieobecność,8
2MK,2024-05-22,nieobecność,13
2MK,2024-05-23,obecność,147
2MK,2024-05-27,nieobecność,25
2MK,2024-05-29,nieobecność,21
2MK,2024-06-05,nieobecność,21
2MK,2024-06-06,nieobecność,14
2MK,2024-06-10,nieobecność,11
2MK,2024-06-11,nieobecność,18
2MK,2023-09-19,spóźnienie,4
2MK,2023-09-22,nieobecność,20
2MK,2023-09-25,nieob. uspraw.,46
2MK,2023-10-10,obecność,162
2MK,2023-10-10,nieobecność,15
2MK,2023-10-18,nieobecność,5
2MK,2023-11-20,spóźnienie,3
2MK,2023-11-23,obecność,80
2MK,2023-12-05,spóźnienie,2
2MK,2023-12-08,nieobecność,14
2MK,2023-12-19,obecność,151
2MK,2024-01-08,spóźnienie,2
2MK,2024-01-10,spóźnienie,3
2MK,2024-01-11,obecność,106
2MK,2024-01-11,spóźnienie,5
2MK,2024-01-12,nieobecność,49
2MK,2024-01-29,spóźnienie,2
2MK,2024-02-06,nieob. uspraw.,8
2MK,2024-02-08,spóźnienie,2
2MK,2024-02-19,obecność,108
2MK,2024-02-19,spóźnienie,3
2MK,2024-02-29,spóźnienie,2
2MK,2024-03-18,spóźnienie,1
2MK,2024-04-08,spóźnienie,9
2MK,2024-04-10,spóźnienie,3
2MK,2024-04-24,spóźnienie,1
2MK,2024-05-08,obecność,84
2MK,2023-09-04,nieob. uspraw.,14
2MK,2023-09-29,obecność,133
2MK,2023-11-02,obecność,124
2MK,2023-11-08,nieob. uspraw.,10
2MK,2023-11-09,nieob. uspraw.,24
2MK,2023-11-10,nieob. uspraw.,48
2MK,2023-11-14,spóźnienie,3
2MK,2023-11-30,obecność,107
2MK,2023-12-01,nieob. uspraw.,17
2MK,2023-12-13,nieobecność,9
2MK,2024-01-03,spóźnienie,5
2MK,2024-01-08,nieob. uspraw.,103
2MK,2024-01-09,nieob. uspraw.,62
2MK,2024-01-29,nieob. uspraw.,36
2MK,2024-02-14,nieob. uspr. p.s.,6
2MK,2024-03-26,nieob. uspr. p.s.,41
2MK,2024-04-03,spóźnienie,3
2MK,2024-04-17,nieob. uspr. p.s.,2
2MK,2024-05-09,nieobecność,24
2MK,2024-05-16,nieobecność,66
2MK,2024-05-20,nieob. uspr. p.s.,10
2MK,2023-09-11,nieobecność,7
2MK,2023-09-14,nieob. uspr. p.s.,1
2MK,2023-10-06,spóźnienie,3
2MK,2023-10-10,spóźnienie,6
2MK,2023-10-24,spóźnienie,1
2MK,2023-11-28,nieob. uspraw.,24
2MK,2023-12-05,nieob. uspr. p.s.,7
2MK,2023-12-11,nieobecność,9
2MK,2023-12-12,nieobecność,6
2MK,2023-12-19,nieob. uspr. p.s.,2
2MK,2024-02-20,nieob. uspr. p.s.,1
2MK,2024-03-05,spóźnienie,7
2MK,2024-03-14,nieob. uspr. p.s.,35
2MK,2024-03-20,obecność,37
2MK,2024-03-20,nieob. uspr. p.s.,4
2MK,2024-05-20,zwolniony,3
2MK,2023-09-22,obecność,112
2MK,2023-10-24,nieob. uspraw.,27
2MK,2023-10-26,nieob. uspraw.,24
2MK,2023-11-10,spóźnienie,2
2MK,2023-11-27,nieob. uspr. p.s.,3
2MK,2023-12-04,nieob. uspraw.,14
2MK,2023-12-07,nieobecność,13
2MK,2024-01-30,nieob. uspraw.,40
2MK,2024-02-02,nieob. uspraw.,5
2MK,2024-02-07,nieob. uspr. p.s.,2
2MK,2024-02-23,nieob. uspraw.,30
2MK,2024-03-08,nieob. uspraw.,24
2MK,2024-03-22,nieob. uspraw.,54
2MK,2024-03-25,nieob. uspraw.,44
2MK,2024-03-26,nieob. uspraw.,11
2MK,2024-03-27,nieob. uspraw.,12
2MK,2024-04-12,nieob. uspraw.,6
2MK,2024-04-26,nieob. uspraw.,19
2MK,2024-05-06,nieob. uspraw.,44
2MK,2024-05-07,nieob. uspraw.,43
2MK,2024-05-09,nieob. uspraw.,15
2MK,2024-05-13,nieob. uspraw.,33
2MK,2024-05-14,nieob. uspraw.,63
2MK,2023-11-14,nieob. uspraw.,43
2MK,2023-12-19,nieobecność,3
2MK,2024-02-06,nieob. uspr. p.s.,2
2MK,2024-02-07,zwolniony,1
2MK,2024-02-20,nieob. uspraw.,24
2MK,2024-04-11,nieob. uspraw.,21
2MK,2023-09-18,nieob. uspr. p.s.,6
2MK,2023-09-27,nieob. uspr. p.s.,8
2MK,2023-10-23,nieob. uspraw.,63
2MK,2023-10-27,nieob. uspraw.,17
2MK,2023-11-10,nieob. uspr. p.s.,7
2MK,2023-11-16,nieob. uspraw.,35
2MK,2023-11-20,nieob. uspraw.,35
2MK,2023-12-06,nieob. uspraw.,9
2MK,2023-12-07,nieob. uspraw.,23
2MK,2023-12-08,nieob. uspraw.,29
2MK,2023-12-21,spóźnienie,1
2MK,2024-02-01,nieob. uspraw.,19
2MK,2024-02-02,nieobecność,30
2MK,2024-03-13,nieob. uspr. p.s.,7
2MK,2024-03-18,nieob. uspraw.,42
2MK,2024-04-15,nieob. uspraw.,10
2MK,2024-04-17,spóźnienie,7
2MK,2024-05-08,nieob. uspraw.,16
2MK,2024-05-10,nieob. uspraw.,14
2MK,2024-06-03,nieob. uspr. p.s.,4
2MK,2024-06-04,nieob. uspr. p.s.,4
2MK,2024-06-11,obecność,85
2MK,2023-09-29,nieobecność,14
2MK,2023-10-02,nieob. uspr. p.s.,5
2MK,2023-10-05,nieob. uspr. p.s.,4
2MK,2023-11-15,spóźnienie,3
2MK,2023-11-30,spóźnienie,2
2MK,2024-01-11,nieob. uspr. p.s.,5
2MK,2024-02-08,nieob. uspraw.,24
2MK,2024-02-09,nieob. uspraw.,17
2MK,2024-02-28,nieob. uspr. p.s.,20
2MK,2024-03-18,nieob. uspr. p.s.,8
2MK,2024-03-26,spóźnienie,1
2MK,2024-04-16,spóźnienie,2
2MK,2024-05-10,spóźnienie,1
2MK,2023-09-13,nieob. uspr. p.s.,2
2MK,2023-09-18,nieobecność,7
2MK,2023-09-19,nieobecność,10
2MK,2023-09-20,nieob. uspr. p.s.,2
2MK,2023-09-26,nieobecność,11
2MK,2023-09-26,nieob. uspr. p.s.,2
2MK,2023-11-28,nieobecność,10
2MK,2023-09-12,spóźnienie,1
2MK,2023-10-24,nieob. uspr. p.s.,2
2MK,2023-11-08,spóźnienie,1
2MK,2023-11-23,zwolniony,9
2MK,2023-12-06,spóźnienie,2
2MK,2024-01-05,nieobecność,20
2MK,2024-02-09,nieob. uspr. p.s.,3
2MK,2024-02-16,nieob. uspraw.,8
2MK,2024-02-26,nieob. uspraw.,15
2MK,2024-03-19,nieob. uspraw.,34
2MK,2024-03-22,nieob. uspr. p.s.,19
2MK,2023-09-19,nieob. uspr. p.s.,2
2MK,2023-10-04,nieob. uspr. p.s.,8
2MK,2023-10-06,nieob. uspr. p.s.,12
2MK,2023-10-12,nieob. uspr. p.s.,4
2MK,2023-10-17,nieob. uspr. p.s.,3
2MK,2023-10-25,nieob. uspraw.,33
2MK,2024-03-15,nieob. uspr. p.s.,6
2MK,2023-09-29,nieob. uspr. p.s.,4
2MK,2023-10-11,nieob. uspr. p.s.,1
2MK,2023-11-29,nieobecność,5
2MK,2023-11-30,nieobecność,14
2MK,2024-02-01,nieobecność,25
2MK,2024-02-15,nieob. uspraw.,19
2MK,2024-06-18,obecność,6
2MK,2023-09-11,nieob. uspraw.,30
2MK,2023-11-15,nieobecność,4
2MK,2023-11-27,spóźnienie,2
2MK,2024-02-23,nieob. uspr. p.s.,1
2MK,2024-03-06,zwolniony,1
2MK,2024-03-14,nieob. uspraw.,13
2MK,2024-04-22,nieob. uspraw.,6
2MK,2024-04-23,nieob. uspraw.,8
2MK,2024-05-17,nieob. uspraw.,17
2MK,2024-05-22,nieob. uspr. p.s.,19
2MK,2024-05-27,nieob. uspr. p.s.,2
2MK,2024-05-29,nieob. uspr. p.s.,3
2MK,2024-06-12,nieob. uspr. p.s.,7
2MK,2024-05-15,spóźnienie,1
2MK,2023-09-06,nieobecność,6
2MK,2023-09-12,nieobecność,8
2MK,2023-09-13,nieobecność,12
2MK,2023-10-11,spóźnienie,3
2MK,2023-11-13,nieob. uspr. p.s.,6
2MK,2023-11-22,nieob. uspraw.,15
2MK,2023-11-28,nieob. uspr. p.s.,3
2MK,2023-12-15,nieobecność,11
2MK,2024-05-23,nieobecność,15
2MK,2024-06-04,nieobecność,14
2MK,2023-09-12,nieob. uspraw.,24
2MK,2023-11-23,nieobecność,2
2MK,2023-12-13,nieob. uspr. p.s.,4
2MK,2023-09-27,nieobecność,9
2MK,2023-11-17,zwolniony,1
2MK,2023-12-18,nieob. uspraw.,27
2MK,2024-02-05,nieob. uspr. p.s.,2
2MK,2024-02-21,nieob. uspraw.,6
2MK,2024-02-22,nieob. uspraw.,10
2MK,2023-11-17,nieobecność,17
2MK,2023-11-27,nieobecność,5
2MK,2024-03-25,spóźnienie,1
2MK,2024-06-04,spóźnienie,2
2MK,2023-10-09,nieob. uspr. p.s.,1
2MK,2023-10-16,nieob. uspr. p.s.,1
2MK,2023-10-18,nieob. uspr. p.s.,2
2MK,2023-11-15,nieob. uspr. p.s.,2
2MK,2023-11-20,nieob. uspr. p.s.,4
2MK,2023-11-24,nieob. uspr. p.s.,3
2MK,2024-02-12,nieob. uspraw.,17
2MK,2024-04-18,nieob. uspr. p.s.,1
2MK,2023-09-20,spóźnienie,1
2MK,2023-09-28,spóźnienie,1
2MK,2023-10-12,nieobecność,8
2MK,2023-10-25,spóźnienie,1
2MK,2023-12-01,nieobecność,8
2MK,2023-12-06,nieobecność,2
2MK,2023-12-21,nieobecność,8
2MK,2024-01-02,nieobecność,8
2MK,2024-01-11,nieobecność,24
2MK,2024-03-06,nieob. uspraw.,12
2MK,2023-10-10,nieob. uspr. p.s.,2
2MK,2024-05-14,nieob. uspr. p.s.,3
2MK,2024-06-05,nieob. uspr. p.s.,1
2MK,2023-09-15,nieob. uspr. p.s.,1
2MK,2023-09-22,zwolniony,1
2MK,2023-11-21,spóźnienie,1
2MK,2023-11-23,spóźnienie,1
2MK,2024-02-16,nieob. uspr. p.s.,1
2MK,2024-03-04,nieob. uspr. p.s.,1
2MK,2024-03-11,nieob. uspr. p.s.,1
2MK,2024-04-19,zwolniony,1
2MK,2024-04-22,nieob. uspr. p.s.,5
2MK,2023-10-05,spóźnienie,8
2MK,2024-05-15,nieob. uspraw.,10
2MK,2024-05-16,nieob. uspraw.,28
2MK,2024-05-29,zwolniony,2
2MK,2024-02-07,nieob. uspraw.,11
2MK,2024-02-13,nieob. uspraw.,16
2MK,2024-02-14,nieob. uspraw.,11
2MK,2024-02-28,nieob. uspraw.,5
2MK,2024-04-03,zwolniony,1
2MK,2024-04-08,nieob. uspraw.,5
2MK,2023-09-05,nieob. uspraw.,14
2MK,2023-09-07,nieob. uspraw.,7
2MK,2023-10-20,nieob. uspraw.,2
2MK,2023-12-05,nieobecność,1
2MK,2024-03-20,nieobecność,1
2MK,2024-05-15,nieob. uspr. p.s.,2
2MK,2023-10-23,spóźnienie,1
2MK,2024-03-07,nieob. uspraw.,8
2MK,2024-04-12,nieob. uspr. p.s.,12
2MK,2024-04-24,nieob. uspraw.,4
2MK,2024-04-25,nieob. uspraw.,8
2MK,2023-11-23,nieob. uspr. p.s.,2
2MK,2024-02-27,nieob. uspraw.,6
2MK,2023-09-06,zwolniony,4
2MK,2024-01-31,nieob. uspr. p.s.,1
2MK,2024-02-02,nieob. uspr. p.s.,2
2MK,2024-02-05,nieob. uspraw.,1
2MK,2024-02-19,nieob. uspr. p.s.,2
2MK,2024-05-06,zwolniony,1
2MK,2024-05-10,zwolniony,2
2MK,2024-05-13,nieob. uspr. p.s.,2
2MK,2024-06-17,obecność,5
2MK,2024-06-19,obecność,1
2MK,2023-12-06,nieob. uspr. p.s.,2
2MK,2024-06-07,nieob. uspr. p.s.,2
3M,2023-09-04,nieobecność,12
3M,2023-09-05,nieobecność,2
3M,2023-09-05,obecność,87
3M,2023-09-06,nieobecność,9
3M,2023-09-07,obecność,96
3M,2023-09-08,obecność,58
3M,2023-09-08,nieobecność,20
3M,2023-09-11,nieob. uspraw.,18
3M,2023-09-12,nieob. uspraw.,17
3M,2023-09-13,obecność,70
3M,2023-09-14,obecność,80
3M,2023-09-15,obecność,65
3M,2023-09-18,nieob. uspraw.,19
3M,2023-09-19,obecność,56
3M,2023-09-20,obecność,48
3M,2023-09-21,obecność,68
3M,2023-09-22,nieob. uspraw.,31
3M,2023-09-25,nieobecność,6
3M,2023-09-26,obecność,65
3M,2023-09-27,nieobecność,16
3M,2023-09-28,nieobecność,24
3M,2023-09-29,nieobecność,17
3M,2023-10-02,obecność,55
3M,2023-10-03,obecność,70
3M,2023-10-04,nieobecność,8
3M,2023-10-05,obecność,57
3M,2023-10-06,nieobecność,14
3M,2023-10-09,obecność,62
3M,2023-10-10,obecność,59
3M,2023-10-10,spóźnienie,10
3M,2023-10-11,obecność,81
3M,2023-10-12,obecność,54
3M,2023-10-16,nieob. uspraw.,15
3M,2023-10-17,nieob. uspraw.,20
3M,2023-10-18,obecność,80
3M,2023-10-19,nieob. uspraw.,16
3M,2023-10-20,nieob. uspraw.,21
3M,2023-10-23,nieobecność,9
3M,2023-10-24,obecność,37
3M,2023-10-25,obecność,56
3M,2023-10-26,obecność,34
3M,2023-10-26,nieob. uspraw.,19
3M,2023-10-27,obecność,43
3M,2023-10-30,nieobecność,12
3M,2023-10-31,obecność,62
3M,2023-11-02,nieobecność,14
3M,2023-11-03,nieobecność,7
3M,2023-11-06,obecność,77
3M,2023-11-07,obecność,74
3M,2023-11-08,obecność,82
3M,2023-11-09,obecność,71
3M,2023-11-10,nieobecność,11
3M,2023-11-13,nieobecność,14
3M,2023-11-14,nieob. uspraw.,25
3M,2023-11-15,obecność,48
3M,2023-11-16,obecność,44
3M,2023-11-17,nieob. uspraw.,30
3M,2023-11-20,obecność,66
3M,2023-11-21,nieob. uspraw.,9
3M,2023-11-22,obecność,90
3M,2023-11-23,nieob. uspraw.,48
3M,2023-11-24,nieob. uspraw.,17
3M,2023-11-27,obecność,48
3M,2023-11-28,nieob. uspraw.,19
3M,2023-11-29,obecność,58
3M,2023-11-30,obecność,33
3M,2023-12-01,nieobecność,7
3M,2023-12-04,nieobecność,18
3M,2023-12-05,nieobecność,11
3M,2023-12-06,obecność,88
3M,2023-12-07,nieobecność,8
3M,2023-12-08,obecność,50
3M,2023-12-11,nieob. uspraw.,18
3M,2023-12-11,obecność,65
3M,2023-12-12,obecność,66
3M,2023-12-12,spóźnienie,12
3M,2023-12-13,obecność,80
3M,2023-12-14,obecność,72
3M,2023-12-15,nieobecność,25
3M,2023-12-18,obecność,46
3M,2023-12-19,obecność,29
3M,2023-12-20,nieobecność,40
3M,2023-12-21,nieobecność,25
3M,2024-01-02,nieob. uspraw.,19
3M,2024-01-03,nieob. uspraw.,48
3M,2024-01-04,nieob. uspraw.,26
3M,2024-01-05,nieob. uspraw.,31
3M,2024-01-08,nieob. uspraw.,40
3M,2024-01-09,nieob. uspraw.,28
3M,2024-01-10,nieob. uspraw.,40
3M,2024-01-11,nieob. uspraw.,35
3M,2024-01-12,nieob. uspraw.,41
3M,2024-01-29,nieobecność,15
3M,2024-01-30,nieobecność,10
3M,2024-01-30,obecność,56
3M,2024-01-31,nieobecność,24
3M,2024-02-01,obecność,66
3M,2024-02-02,obecność,55
3M,2024-02-05,nieobecność,16
3M,2024-02-06,obecność,85
3M,2024-02-07,nieobecność,8
3M,2024-02-08,obecność,44
3M,2024-02-09,obecność,22
3M,2024-02-12,obecność,62
3M,2024-02-13,obecność,65
3M,2024-02-14,obecność,66
3M,2024-02-15,obecność,70
3M,2024-02-16,nieobecność,14
3M,2024-02-19,nieobecność,21
3M,2024-02-20,nieobecność,34
3M,2024-02-21,nieobecność,19
3M,2024-02-22,obecność,71
3M,2024-02-23,obecność,68
3M,2024-02-26,nieobecność,17
3M,2024-02-27,obecność,54
3M,2024-02-28,nieobecność,23
3M,2024-02-29,obecność,58
3M,2024-03-01,nieobecność,10
3M,2024-03-04,obecność,83
3M,2024-03-05,obecność,72
3M,2024-03-06,obecność,70
3M,2024-03-07,nieobecność,16
3M,2024-03-08,nieobecność,6
3M,2024-03-11,obecność,73
3M,2024-03-12,nieob. uspraw.,18
3M,2024-03-13,obecność,43
3M,2024-03-14,obecność,69
3M,2024-03-15,nieobecność,18
3M,2024-03-18,obecność,78
3M,2024-03-19,obecność,80
3M,2024-03-20,nieobecność,39
3M,2024-03-21,nieobecność,30
3M,2024-03-22,nieobecność,29
3M,2024-03-25,obecność,77
3M,2024-03-26,obecność,52
3M,2024-03-27,obecność,70
3M,2024-04-03,nieobecność,11
3M,2024-04-04,obecność,69
3M,2024-04-05,obecność,41
3M,2024-04-08,obecność,63
3M,2024-04-09,nieobecność,18
3M,2024-04-10,obecność,63
3M,2024-04-11,nieobecność,18
3M,2024-04-12,nieobecność,6
3M,2024-04-12,obecność,31
3M,2024-04-15,obecność,62
3M,2024-04-16,obecność,48
3M,2024-04-17,obecność,84
3M,2024-04-18,nieobecność,20
3M,2024-04-19,obecność,69
3M,2024-04-22,obecność,70
3M,2024-04-23,obecność,43
3M,2024-04-24,obecność,56
3M,2024-04-25,obecność,56
3M,2024-04-26,obecność,43
3M,2024-05-06,nieobecność,14
3M,2024-05-07,nieobecność,18
3M,2024-05-08,obecność,42
3M,2024-05-09,obecność,41
3M,2024-05-10,nieobecność,23
3M,2024-05-13,obecność,63
3M,2024-05-14,obecność,22
3M,2024-05-14,nieobecność,20
3M,2024-05-15,obecność,69
3M,2024-05-16,obecność,58
3M,2024-05-17,obecność,39
3M,2024-05-20,nieobecność,10
3M,2024-05-21,obecność,68
3M,2024-05-22,obecność,84
3M,2024-05-23,obecność,43
3M,2024-05-24,nieobecność,22
3M,2024-05-27,obecność,49
3M,2024-05-28,obecność,66
3M,2024-05-29,obecność,84
3M,2024-06-03,nieob. uspraw.,7
3M,2024-06-04,nieob. uspraw.,7
3M,2024-06-05,obecność,91
3M,2024-06-06,nieob. uspr. p.s.,117
3M,2024-06-07,nieob. uspraw.,35
3M,2024-06-10,nieob. uspraw.,42
3M,2024-06-11,nieob. uspraw.,36
3M,2024-06-12,obecność,56
3M,2024-06-13,nieob. uspraw.,21
3M,2024-06-14,nieobecność,54
3M,2024-06-17,nieobecność,80
3M,2024-06-18,nieobecność,77
3M,2024-06-19,nieobecność,91
3M,2024-06-20,nieobecność,84
3M,2024-06-21,obecność,78
3M,2023-09-04,obecność,60
3M,2023-09-06,nieob. uspraw.,6
3M,2023-09-08,nieob. uspraw.,24
3M,2023-09-12,obecność,73
3M,2023-09-12,nieobecność,4
3M,2023-09-18,obecność,51
3M,2023-09-19,nieob. uspraw.,32
3M,2023-09-20,nieob. uspraw.,12
3M,2023-09-21,nieob. uspraw.,11
3M,2023-09-22,spóźnienie,2
3M,2023-09-22,obecność,21
3M,2023-09-25,obecność,59
3M,2023-09-26,nieobecność,11
3M,2023-09-27,nieob. uspraw.,12
3M,2023-09-28,obecność,48
3M,2023-09-29,obecność,53
3M,2023-10-02,nieobecność,7
3M,2023-10-03,nieobecność,4
3M,2023-10-04,nieob. uspraw.,1
3M,2023-10-04,obecność,80
3M,2023-10-06,obecność,42
3M,2023-10-09,nieobecność,11
3M,2023-10-10,nieobecność,8
3M,2023-10-16,obecność,58
3M,2023-10-17,obecność,56
3M,2023-10-19,nieobecność,7
3M,2023-10-20,obecność,36
3M,2023-10-20,nieobecność,7
3M,2023-10-23,nieob. uspraw.,26
3M,2023-10-25,nieob. uspraw.,32
3M,2023-10-27,nieobecność,7
3M,2023-10-30,nieob. uspraw.,15
3M,2023-10-31,nieob. uspraw.,36
3M,2023-11-02,nieob. uspraw.,36
3M,2023-11-03,nieob. uspraw.,36
3M,2023-11-07,nieob. uspr. p.s.,9
3M,2023-11-07,nieobecność,4
3M,2023-11-08,nieob. uspr. p.s.,22
3M,2023-11-10,nieob. uspraw.,38
3M,2023-11-13,nieob. uspr. p.s.,14
3M,2023-11-14,obecność,59
3M,2023-11-15,nieob. uspraw.,37
3M,2023-11-16,nieob. uspr. p.s.,10
3M,2023-11-17,obecność,20
3M,2023-11-20,nieob. uspr. p.s.,14
3M,2023-11-21,obecność,74
3M,2023-11-22,nieob. uspr. p.s.,14
3M,2023-11-23,nieobecność,15
3M,2023-11-24,obecność,61
3M,2023-11-27,nieob. uspr. p.s.,14
3M,2023-11-28,nieob. uspr. p.s.,14
3M,2023-11-30,nieob. uspr. p.s.,15
3M,2023-12-01,obecność,47
3M,2023-12-05,nieob. uspr. p.s.,14
3M,2023-12-07,nieob. uspr. p.s.,12
3M,2023-12-11,nieobecność,8
3M,2023-12-20,obecność,32
3M,2024-01-02,obecność,48
3M,2024-01-04,obecność,60
3M,2024-01-08,obecność,48
3M,2024-01-09,obecność,24
3M,2024-01-10,obecność,63
3M,2024-01-11,obecność,52
3M,2024-01-31,obecność,64
3M,2024-02-02,nieobecność,11
3M,2024-02-05,obecność,59
3M,2024-02-07,obecność,88
3M,2024-02-09,nieobecność,15
3M,2024-02-14,nieobecność,15
3M,2024-02-15,nieobecność,14
3M,2024-02-16,obecność,63
3M,2024-02-19,obecność,51
3M,2024-02-26,obecność,29
3M,2024-02-27,nieob. uspraw.,15
3M,2024-02-28,obecność,63
3M,2024-02-29,nieobecność,11
3M,2024-03-01,obecność,51
3M,2024-03-06,nieob. uspraw.,26
3M,2024-03-07,obecność,42
3M,2024-03-07,spóźnienie,5
3M,2024-03-08,nieob. uspraw.,35
3M,2024-03-11,nieobecność,4
3M,2024-03-12,obecność,51
3M,2024-03-13,nieob. uspraw.,38
3M,2024-03-15,obecność,48
3M,2024-03-18,nieob. uspraw.,7
3M,2024-03-20,nieob. uspraw.,48
3M,2024-03-21,nieob. uspraw.,35
3M,2024-03-22,nieob. uspraw.,30
3M,2024-03-26,nieobecność,14
3M,2024-04-03,obecność,69
3M,2024-04-05,nieob. uspraw.,26
3M,2024-04-09,obecność,59
3M,2024-04-10,nieob. uspraw.,7
3M,2024-04-11,obecność,26
3M,2024-04-12,nieob. uspraw.,10
3M,2024-04-15,nieobecność,20
3M,2024-04-16,nieobecność,25
3M,2024-04-18,obecność,55
3M,2024-04-22,nieobecność,13
3M,2024-04-23,nieobecność,30
3M,2024-04-26,nieobecność,26
3M,2024-05-06,nieob. uspraw.,35
3M,2024-05-07,nieob. uspraw.,34
3M,2024-05-08,nieob. uspraw.,35
3M,2024-05-10,obecność,44
3M,2024-05-14,nieob. uspraw.,34
3M,2024-05-17,nieob. uspraw.,15
3M,2024-05-20,obecność,86
3M,2024-05-21,nieob. uspraw.,11
3M,2024-05-24,nieob. uspraw.,38
3M,2024-05-27,nieob. uspraw.,42
3M,2024-05-28,nieobecność,18
3M,2024-06-03,obecność,42
3M,2024-06-04,obecność,66
3M,2024-06-10,nieobecność,42
3M,2024-06-11,nieobecność,41
3M,2024-06-12,nieob. uspr. p.s.,35
3M,2024-06-13,nieobecność,12
3M,2023-09-06,obecność,62
3M,2023-09-12,nieob. uspr. p.s.,8
3M,2023-09-13,nieob. uspr. p.s.,6
3M,2023-09-13,nieobecność,2
3M,2023-09-14,nieob. uspr. p.s.,8
3M,2023-09-15,nieob. uspr. p.s.,11
3M,2023-09-20,nieob. uspr. p.s.,12
3M,2023-09-21,nieobecność,9
3M,2023-09-22,nieob. uspr. p.s.,35
3M,2023-09-26,nieob. uspr. p.s.,17
3M,2023-09-27,obecność,38
3M,2023-09-28,nieob. uspr. p.s.,15
3M,2023-10-02,nieob. uspr. p.s.,12
3M,2023-10-03,spóźnienie,11
3M,2023-10-05,nieob. uspr. p.s.,12
3M,2023-10-06,nieob. uspraw.,10
3M,2023-10-09,nieob. uspr. p.s.,11
3M,2023-10-10,nieob. uspr. p.s.,14
3M,2023-10-10,nieob. uspraw.,12
3M,2023-10-11,nieob. uspr. p.s.,15
3M,2023-10-16,nieobecność,4
3M,2023-10-17,nieob. uspr. p.s.,12
3M,2023-10-19,obecność,21
3M,2023-10-24,nieob. uspraw.,15
3M,2023-10-27,nieob. uspraw.,18
3M,2023-10-30,obecność,50
3M,2023-11-03,obecność,22
3M,2023-11-03,zwolniony,4
3M,2023-11-13,obecność,48
3M,2023-11-15,nieobecność,5
3M,2023-11-16,nieobecność,5
3M,2023-11-17,nieobecność,5
3M,2023-11-27,nieob. uspraw.,21
3M,2023-11-28,obecność,49
3M,2023-11-30,nieobecność,3
3M,2023-12-04,obecność,45
3M,2023-12-05,obecność,52
3M,2023-12-05,spóźnienie,3
3M,2023-12-07,obecność,44
3M,2023-12-12,nieobecność,6
3M,2023-12-15,obecność,28
3M,2023-12-19,spóźnienie,2
3M,2023-12-21,obecność,38
3M,2024-01-05,obecność,41
3M,2024-01-05,nieobecność,6
3M,2024-01-11,nieobecność,2
3M,2024-01-12,obecność,21
3M,2024-01-12,nieobecność,16
3M,2024-01-29,obecność,55
3M,2024-02-08,nieob. uspraw.,13
3M,2024-02-14,spóźnienie,1
3M,2024-02-15,spóźnienie,2
3M,2024-02-20,obecność,15
3M,2024-02-21,obecność,55
3M,2024-02-23,nieobecność,4
3M,2024-02-27,nieobecność,9
3M,2024-03-12,nieobecność,5
3M,2024-03-19,nieobecność,3
3M,2024-03-26,spóźnienie,1
3M,2024-04-04,nieobecność,5
3M,2024-04-10,nieobecność,21
3M,2024-04-11,spóźnienie,1
3M,2024-04-12,spóźnienie,5
3M,2024-04-17,nieobecność,20
3M,2024-04-18,spóźnienie,6
3M,2024-05-09,nieobecność,14
3M,2024-05-17,nieobecność,6
3M,2024-05-21,nieobecność,12
3M,2024-05-23,nieobecność,13
3M,2024-05-24,obecność,18
3M,2024-05-27,nieobecność,13
3M,2024-06-11,obecność,1
3M,2024-06-13,obecność,2
3M,2023-09-07,nieob. uspraw.,8
3M,2023-09-08,zwolniony,2
3M,2023-09-11,obecność,54
3M,2023-09-21,nieob. uspr. p.s.,16
3M,2023-09-25,nieob. uspr. p.s.,12
3M,2023-09-27,nieob. uspr. p.s.,12
3M,2023-09-28,nieob. uspraw.,17
3M,2023-09-29,nieob. uspr. p.s.,14
3M,2023-10-03,nieob. uspr. p.s.,17
3M,2023-10-06,nieob. uspr. p.s.,12
3M,2023-10-10,spóźn. uspr.,1
3M,2023-10-23,obecność,9
3M,2023-11-02,obecność,18
3M,2023-11-13,nieob. uspraw.,15
3M,2023-11-16,nieob. uspraw.,6
3M,2023-12-08,nieob. uspraw.,24
3M,2023-12-14,nieob. uspraw.,6
3M,2023-12-15,nieob. uspraw.,25
3M,2023-12-18,nieob. uspraw.,35
3M,2023-12-19,nieob. uspraw.,18
3M,2023-12-20,nieob. uspraw.,32
3M,2023-12-21,nieob. uspraw.,28
3M,2024-01-03,obecność,56
3M,2024-02-01,nieob. uspraw.,8
3M,2024-02-05,nieob. uspraw.,16
3M,2024-02-09,nieob. uspraw.,28
3M,2024-02-14,nieob. uspraw.,22
3M,2024-02-15,nieob. uspraw.,5
3M,2024-02-20,nieob. uspraw.,42
3M,2024-02-22,nieob. uspraw.,7
3M,2024-02-26,nieob. uspraw.,32
3M,2024-02-29,nieob. uspraw.,22
3M,2024-03-07,nieob. uspraw.,28
3M,2024-03-08,obecność,37
3M,2024-03-11,nieob. uspraw.,14
3M,2024-03-14,nieob. uspraw.,7
3M,2024-04-03,nieob. uspraw.,24
3M,2024-04-04,zwolniony,2
3M,2024-04-11,nieob. uspraw.,20
3M,2024-04-18,zwolniony,2
3M,2024-04-23,nieob. uspraw.,17
3M,2024-04-24,nieob. uspraw.,21
3M,2024-04-25,nieob. uspraw.,8
3M,2024-04-26,nieob. uspraw.,22
3M,2024-05-06,obecność,42
3M,2024-05-07,zwolniony,2
3M,2024-05-07,obecność,11
3M,2024-05-13,nieob. uspraw.,28
3M,2024-05-15,nieob. uspraw.,17
3M,2024-05-23,nieob. uspraw.,22
3M,2024-06-04,nieob. uspr. p.s.,1
3M,2024-06-10,obecność,20
3M,2024-06-14,nieob. uspraw.,12
3M,2024-06-17,nieob. uspraw.,16
3M,2024-06-18,nieob. uspraw.,14
3M,2023-09-18,nieob. uspr. p.s.,8
3M,2023-09-19,nieob. uspr. p.s.,8
3M,2023-10-04,nieob. uspr. p.s.,15
3M,2023-10-09,nieob. uspraw.,7
3M,2023-10-12,nieob. uspr. p.s.,12
3M,2023-10-16,nieob. uspr. p.s.,14
3M,2023-10-18,nieob. uspr. p.s.,16
3M,2023-10-24,nieob. uspr. p.s.,10
3M,2023-10-26,nieob. uspr. p.s.,10
3M,2023-10-27,nieob. uspr. p.s.,10
3M,2023-11-07,nieob. uspraw.,17
3M,2023-11-14,nieobecność,6
3M,2023-11-20,nieobecność,4
3M,2023-12-04,nieob. uspraw.,22
3M,2023-12-05,nieob. uspraw.,11
3M,2023-12-07,nieob. uspraw.,14
3M,2024-01-29,nieob. uspraw.,21
3M,2024-02-19,nieob. uspraw.,17
3M,2024-03-12,spóźnienie,4
3M,2024-03-15,nieob. uspraw.,12
3M,2024-04-08,nieob. uspraw.,28
3M,2024-04-09,nieob. uspraw.,14
3M,2024-04-18,nieob. uspraw.,8
3M,2024-04-22,nieob. uspraw.,8
3M,2024-05-08,nieobecność,14
3M,2024-05-10,nieob. uspraw.,11
3M,2024-06-07,obecność,9
3M,2024-06-20,nieob. uspraw.,7
3M,2023-09-05,spóźnienie,2
3M,2023-09-12,spóźnienie,2
3M,2023-09-15,nieob. uspraw.,14
3M,2023-09-25,nieob. uspraw.,1
3M,2023-09-26,nieob. uspraw.,10
3M,2023-10-05,nieobecność,9
3M,2023-10-24,nieobecność,3
3M,2023-10-26,nieobecność,2
3M,2023-10-31,spóźnienie,5
3M,2023-11-02,nieob. uspr. p.s.,8
3M,2023-11-02,spóźnienie,2
3M,2023-11-03,nieob. uspr. p.s.,9
3M,2023-11-09,nieob. uspr. p.s.,7
3M,2023-11-10,obecność,17
3M,2023-11-17,nieob. uspr. p.s.,10
3M,2023-11-21,nieob. uspr. p.s.,14
3M,2023-11-21,nieobecność,7
3M,2023-11-29,nieob. uspraw.,7
3M,2023-11-30,nieob. uspraw.,14
3M,2023-12-01,nieob. uspraw.,12
3M,2023-12-06,nieob. uspr. p.s.,12
3M,2023-12-08,nieob. uspr. p.s.,3
3M,2023-12-08,nieobecność,1
3M,2023-12-13,nieobecność,16
3M,2023-12-19,nieobecność,16
3M,2024-01-02,nieobecność,5
3M,2024-01-08,nieobecność,3
3M,2024-01-11,nieob. uspr. p.s.,2
3M,2024-02-02,spóźnienie,4
3M,2024-02-06,nieobecność,6
3M,2024-02-12,nieobecność,11
3M,2024-02-12,spóźnienie,2
3M,2024-02-13,nieobecność,13
3M,2024-02-19,spóźnienie,2
3M,2024-03-19,nieob. uspraw.,8
3M,2024-03-20,obecność,17
3M,2024-03-22,obecność,19
3M,2024-04-04,nieob. uspraw.,15
3M,2024-04-15,spóźnienie,1
3M,2024-04-25,nieobecność,14
3M,2024-05-16,nieobecność,2
3M,2024-05-17,spóźnienie,3
3M,2024-05-17,nieob. uspr. p.s.,2
3M,2024-05-28,nieob. uspraw.,7
3M,2024-05-29,nieob. uspraw.,7
3M,2024-06-03,nieobecność,42
3M,2024-06-04,nieobecność,17
3M,2024-06-07,nieobecność,21
3M,2024-06-13,nieob. uspr. p.s.,56
3M,2024-06-14,nieob. uspr. p.s.,12
3M,2023-11-23,nieob. uspr. p.s.,6
3M,2023-11-28,nieobecność,9
3M,2023-11-29,nieobecność,14
3M,2023-12-01,nieob. uspr. p.s.,12
3M,2023-12-04,nieob. uspr. p.s.,6
3M,2023-12-18,nieobecność,10
3M,2024-01-30,nieob. uspraw.,12
3M,2024-01-31,nieob. uspraw.,16
3M,2024-02-02,nieob. uspraw.,8
3M,2024-02-28,nieob. uspraw.,18
3M,2024-03-01,nieob. uspraw.,17
3M,2024-03-06,nieobecność,8
3M,2024-03-14,nieobecność,2
3M,2023-10-11,nieob. uspraw.,8
3M,2023-10-18,nieob. uspraw.,8
3M,2023-10-19,nieob. uspr. p.s.,8
3M,2023-10-23,nieob. uspr. p.s.,8
3M,2023-10-25,nieob. uspr. p.s.,16
3M,2023-10-31,nieobecność,1
3M,2023-11-29,nieob. uspr. p.s.,12
3M,2023-12-13,nieob. uspraw.,8
3M,2024-01-02,spóźnienie,6
3M,2024-02-07,nieob. uspraw.,8
3M,2024-02-21,nieob. uspraw.,30
3M,2024-03-18,nieobecność,6
3M,2024-04-19,nieob. uspraw.,6
3M,2024-05-22,nieob. uspraw.,7
3M,2023-09-29,nieob. uspraw.,7
3M,2023-10-30,nieob. uspr. p.s.,14
3M,2023-11-06,nieob. uspr. p.s.,14
3M,2023-11-10,nieob. uspr. p.s.,12
3M,2023-11-15,nieob. uspr. p.s.,14
3M,2023-11-23,obecność,9
3M,2023-12-12,nieob. uspraw.,7
3M,2024-02-12,nieob. uspraw.,16
3M,2024-02-23,nieob. uspraw.,6
3M,2024-03-13,nieobecność,23
3M,2024-03-25,nieob. uspraw.,14
3M,2024-03-26,nieob. uspraw.,11
3M,2024-03-27,nieob. uspraw.,14
3M,2024-04-15,nieob. uspraw.,8
3M,2024-04-16,nieob. uspraw.,5
3M,2024-05-09,nieob. uspraw.,10
3M,2024-05-14,spóźnienie,2
3M,2023-09-11,nieobecność,6
3M,2023-09-14,nieobecność,16
3M,2023-09-15,nieobecność,1
3M,2023-09-19,nieobecność,8
3M,2023-09-20,nieobecność,6
3M,2023-09-22,nieobecność,2
3M,2023-09-26,spóźnienie,1
3M,2023-10-02,nieob. uspraw.,4
3M,2023-11-14,nieob. uspr. p.s.,14
3M,2023-11-27,nieobecność,8
3M,2024-01-04,nieobecność,5
3M,2024-02-08,nieobecność,8
3M,2024-03-05,nieob. uspraw.,6
3M,2024-04-19,spóźnienie,2
3M,2024-04-24,nieobecność,14
3M,2024-05-16,nieob. uspraw.,5
3M,2024-05-20,nieob. uspraw.,8
3M,2023-09-04,nieob. uspraw.,6
3M,2023-10-03,spóźn. uspr.,1
3M,2023-10-03,nieob. uspraw.,1
3M,2023-10-12,nieob. uspraw.,12
3M,2024-03-04,nieob. uspraw.,8
3M,2023-11-20,nieob. uspraw.,7
3M,2024-02-16,nieob. uspraw.,1
3M,2024-04-05,nieobecność,11
3M,2024-06-17,obecność,8
3M,2023-09-06,nieob. uspr. p.s.,1
3M,2023-10-17,nieobecność,3
3M,2023-10-20,spóźnienie,1
3M,2023-12-06,nieobecność,4
3M,2024-01-10,spóźnienie,1
3M,2024-02-01,nieobecność,4
3M,2024-03-27,nieobecność,7
3M,2024-04-19,nieobecność,1
3M,2024-04-23,spóźnienie,1
3M,2024-05-15,nieobecność,5
