Dziennik,Data,Wpis,Liczba
1TMR,2025-09-01,obecność,168
1TMR,2025-09-02,obecność,168
1TMR,2025-09-03,obecność,168
1TMR,2025-09-04,obecność,159
1TMR,2025-09-05,obecność,161
1TMR,2025-09-08,obecność,161
1TMR,2025-09-09,obecność,159
1TMR,2025-09-10,obecność,154
1TMR,2025-09-11,obecność,152
1TMR,2025-09-12,obecność,154
1TMR,2025-09-15,obecność,147
1TMR,2025-09-16,nieob. uspr. p.s.,173
1TMR,2025-09-16,obecność,20
1TMR,2025-09-17,obecność,168
1TMR,2025-09-18,obecność,127
1TMR,2025-09-22,obecność,140
1TMR,2025-09-23,obecność,118
1TMR,2025-09-24,obecność,154
1TMR,2025-09-25,obecność,118
1TMR,2025-09-26,obecność,108
1TMR,2025-09-29,obecność,151
1TMR,2025-09-29,nieob. uspraw.,17
1TMR,2025-09-30,nieob. uspraw.,15
1TMR,2025-10-01,obecność,154
1TMR,2025-10-02,obecność,159
1TMR,2025-10-03,nieob. uspraw.,34
1TMR,2025-10-03,obecność,129
1TMR,2025-10-06,obecność,139
1TMR,2025-10-07,obecność,128
1TMR,2025-10-08,obecność,140
1TMR,2025-10-09,obecność,115
1TMR,2025-10-10,obecność,146
1TMR,2025-10-13,obecność,110
1TMR,2025-10-14,obecność,148
1TMR,2025-10-15,obecność,162
1TMR,2025-10-15,nieob. uspraw.,6
1TMR,2025-10-16,obecność,136
1TMR,2025-10-20,obecność,157
1TMR,2025-10-21,obecność,158
1TMR,2025-10-22,nieob. uspraw.,28
1TMR,2025-10-23,obecność,145
1TMR,2025-10-23,nieob. uspraw.,13
1TMR,2025-10-24,obecność,137
1TMR,2025-10-27,obecność,139
1TMR,2025-10-28,obecność,152
1TMR,2025-10-29,obecność,161
1TMR,2025-10-30,obecność,151
1TMR,2025-11-03,obecność,146
1TMR,2025-11-04,obecność,125
1TMR,2025-11-04,spóźnienie,13
1TMR,2025-11-05,obecność,161
1TMR,2025-11-06,obecność,135
1TMR,2025-11-06,nieob. uspraw.,22
1TMR,2025-11-07,obecność,140
1TMR,2025-11-12,obecność,126
1TMR,2025-11-13,obecność,127
1TMR,2025-11-14,obecność,115
1TMR,2025-11-17,obecność,154
1TMR,2025-11-18,obecność,157
1TMR,2025-11-19,nieob. uspraw.,33
1TMR,2025-11-19,obecność,128
1TMR,2025-11-20,obecność,151
1TMR,2025-11-21,obecność,131
1TMR,2025-11-24,obecność,159
1TMR,2025-11-25,obecność,150
1TMR,2025-11-26,obecność,154
1TMR,2025-11-27,obecność,151
1TMR,2025-11-28,obecność,132
1TMR,2025-12-01,obecność,135
1TMR,2025-12-02,obecność,145
1TMR,2025-12-03,obecność,154
1TMR,2025-12-04,obecność,116
1TMR,2025-12-05,obecność,129
1TMR,2025-12-08,obecność,146
1TMR,2025-12-09,obecność,158
1TMR,2025-12-10,nieobecność,7
1TMR,2025-12-11,obecność,142
1TMR,2025-12-12,obecność,152
1TMR,2025-12-15,obecność,139
1TMR,2025-12-16,obecność,145
1TMR,2025-12-17,obecność,143
1TMR,2025-12-18,obecność,148
1TMR,2025-12-19,obecność,115
1TMR,2025-12-19,nieob. uspr. p.s.,27
1TMR,2026-01-07,obecność,133
1TMR,2026-01-08,obecność,146
1TMR,2026-01-09,obecność,130
1TMR,2026-01-12,obecność,141
1TMR,2026-01-13,obecność,125
1TMR,2026-01-14,obecność,154
1TMR,2026-01-15,nieob. uspraw.,83
1TMR,2026-01-16,nieob. uspraw.,54
1TMR,2026-02-02,obecność,118
1TMR,2026-02-03,obecność,131
1TMR,2026-02-04,obecność,129
1TMR,2026-02-04,spóźn. uspr.,1
1TMR,2026-02-05,obecność,135
1TMR,2026-02-06,obecność,123
1TMR,2026-02-09,obecność,157
1TMR,2026-02-10,obecność,156
1TMR,2026-02-11,obecność,168
1TMR,2026-02-12,obecność,161
1TMR,2026-02-13,obecność,155
1TMR,2026-02-16,obecność,159
1TMR,2026-02-17,spóźn. uspr.,5
1TMR,2026-02-17,obecność,149
1TMR,2026-02-18,obecność,140
1TMR,2026-02-19,obecność,158
1TMR,2026-02-20,nieob. uspraw.,43
1TMR,2026-02-20,obecność,114
1TMR,2026-02-23,obecność,138
1TMR,2026-02-24,nieob. uspraw.,28
1TMR,2026-02-25,obecność,132
1TMR,2026-02-26,obecność,129
1TMR,2026-02-27,nieob. uspraw.,24
1TMR,2026-03-02,obecność,154
1TMR,2026-03-03,obecność,144
1TMR,2026-03-04,obecność,145
1TMR,2026-03-05,obecność,135
1TMR,2026-03-06,obecność,136
1TMR,2026-03-09,nieob. uspr. p.s.,4
1TMR,2026-03-09,obecność,152
1TMR,2026-03-10,obecność,166
1TMR,2026-03-11,obecność,168
1TMR,2026-03-12,obecność,135
1TMR,2026-03-13,nieob. uspr. p.s.,118
1TMR,2026-03-16,obecność,142
1TMR,2026-03-17,obecność,146
1TMR,2026-03-18,obecność,168
1TMR,2026-03-19,nieob. uspr. p.s.,26
1TMR,2026-03-19,obecność,94
1TMR,2026-03-20,nieob. uspraw.,106
1TMR,2026-03-23,obecność,136
1TMR,2026-03-24,obecność,122
1TMR,2026-03-25,nieob. uspraw.,16
1TMR,2026-03-25,obecność,148
1TMR,2026-03-26,obecność,157
1TMR,2026-03-27,obecność,159
1TMR,2026-03-30,obecność,154
1TMR,2026-03-31,obecność,153
1TMR,2026-04-01,obecność,135
1TMR,2026-04-08,obecność,119
1TMR,2026-04-09,obecność,106
1TMR,2026-04-10,obecność,85
1TMR,2026-04-10,spóźn. uspr.,1
1TMR,2026-04-13,obecność,159
1TMR,2026-04-14,obecność,157
1TMR,2026-04-14,spóźnienie,5
1TMR,2026-04-15,obecność,161
1TMR,2026-04-16,obecność,137
1TMR,2026-04-16,nieob. uspr. p.s.,4
1TMR,2026-04-17,obecność,150
1TMR,2026-04-20,obecność,140
1TMR,2026-04-21,obecność,148
1TMR,2026-04-22,obecność,160
1TMR,2026-04-23,obecność,155
1TMR,2026-04-23,nieob. uspraw.,1
1TMR,2026-04-24,nieob. uspraw.,80
1TMR,2026-04-27,obecność,119
1TMR,2026-04-27,nieob. uspraw.,42
1TMR,2026-04-28,obecność,127
1TMR,2026-04-29,obecność,155
1TMR,2026-04-30,obecność,121
1TMR,2026-05-05,obecność,23
1TMR,2026-05-06,nieob. uspraw.,83
1TMR,2026-05-07,obecność,111
1TMR,2026-05-08,obecność,68
1TMR,2026-05-11,obecność,96
1TMR,2026-05-12,obecność,58
1TMR,2026-05-13,obecność,169
1TMR,2026-05-14,obecność,130
1TMR,2026-05-15,obecność,133
1TMR,2026-05-18,nieob. uspraw.,37
1TMR,2026-05-19,nieob. uspraw.,9
1TMR,2026-05-20,obecność,179
1TMR,2026-05-21,obecność,103
1TMR,2026-05-22,nieob. uspraw.,73
1TMR,2026-05-25,obecność,56
1TMR,2026-05-25,nieobecność,11
1TMR,2026-05-26,obecność,129
1TMR,2026-05-27,obecność,154
1TMR,2026-05-28,obecność,148
1TMR,2026-05-29,obecność,131
1TMR,2026-06-01,obecność,130
1TMR,2026-06-02,obecność,96
1TMR,2026-06-03,obecność,111
1TMR,2026-06-05,obecność,23
1TMR,2026-06-08,obecność,86
1TMR,2026-06-09,obecność,115
1TMR,2026-06-10,obecność,95
1TMR,2026-06-11,obecność,87
1TMR,2026-06-12,obecność,112
1TMR,2026-06-15,obecność,149
1TMR,2026-06-16,obecność,96
1TMR,2026-06-17,obecność,60
1TMR,2026-06-18,obecność,48
1TMR,2026-06-19,nieob. uspraw.,75
1TMR,2026-06-22,nieob. uspraw.,74
1TMR,2026-06-23,nieob. uspraw.,76
1TMR,2026-06-24,nieobecność,112
1TMR,2026-06-25,nieobecność,103
1TMR,2026-06-26,obecność,154
1TMR,2025-09-18,nieob. uspr. p.s.,3
1TMR,2025-09-30,obecność,127
1TMR,2025-10-06,nieob. uspr. p.s.,8
1TMR,2025-10-07,nieob. uspr. p.s.,9
1TMR,2025-10-10,nieob. uspr. p.s.,5
1TMR,2025-10-13,nieob. uspraw.,10
1TMR,2025-10-13,nieob. uspr. p.s.,22
1TMR,2025-10-14,nieob. uspr. p.s.,12
1TMR,2025-10-16,nieob. uspraw.,28
1TMR,2025-10-22,obecność,132
1TMR,2025-12-08,nieob. uspraw.,13
1TMR,2025-12-10,obecność,98
1TMR,2025-12-15,nieobecność,7
1TMR,2025-12-19,nieob. uspraw.,17
1TMR,2026-01-15,obecność,34
1TMR,2026-01-15,nieobecność,47
1TMR,2026-01-16,nieobecność,54
1TMR,2026-02-02,nieob. uspraw.,48
1TMR,2026-02-03,nieob. uspraw.,35
1TMR,2026-02-04,nieob. uspraw.,35
1TMR,2026-02-19,nieob. uspraw.,8
1TMR,2026-02-24,obecność,130
1TMR,2026-02-26,nieob. uspraw.,24
1TMR,2026-02-27,obecność,106
1TMR,2026-03-02,nieob. uspraw.,10
1TMR,2026-03-03,nieob. uspraw.,14
1TMR,2026-03-04,nieob. uspraw.,21
1TMR,2026-03-20,obecność,46
1TMR,2026-04-08,nieob. uspraw.,49
1TMR,2026-04-09,nieob. uspraw.,46
1TMR,2026-04-10,spóźnienie,3
1TMR,2026-04-17,nieob. uspraw.,14
1TMR,2026-04-24,obecność,78
1TMR,2026-04-28,nieob. uspraw.,12
1TMR,2026-05-13,nieob. uspraw.,7
1TMR,2026-05-18,obecność,99
1TMR,2026-05-19,obecność,104
1TMR,2026-05-22,obecność,85
1TMR,2026-05-25,nieob. uspraw.,67
1TMR,2026-05-26,nieob. uspraw.,6
1TMR,2026-06-03,nieob. uspraw.,50
1TMR,2026-06-12,nieob. uspraw.,49
1TMR,2026-06-16,zwolniony,5
1TMR,2026-06-16,nieobecność,18
1TMR,2026-06-18,nieobecność,61
1TMR,2026-06-19,nieobecność,84
1TMR,2026-06-23,nieobecność,96
1TMR,2025-09-22,nieob. uspraw.,28
1TMR,2025-09-23,nieob. uspraw.,48
1TMR,2025-10-21,nieobecność,1
1TMR,2025-12-04,nieob. uspraw.,42
1TMR,2025-12-10,nieob. uspraw.,56
1TMR,2026-01-09,nieob. uspraw.,28
1TMR,2026-01-16,obecność,35
1TMR,2026-02-05,nieobecność,9
1TMR,2026-02-18,nieob. uspraw.,28
1TMR,2026-03-16,nieob. uspraw.,21
1TMR,2026-03-17,nieob. uspraw.,20
1TMR,2026-04-17,spóźnienie,1
1TMR,2026-05-06,obecność,75
1TMR,2026-05-20,nieobecność,2
1TMR,2026-06-02,spóźnienie,1
1TMR,2026-06-08,nieob. uspraw.,34
1TMR,2026-06-09,nieob. uspraw.,16
1TMR,2026-06-11,nieobecność,8
1TMR,2026-06-11,spóźnienie,2
1TMR,2026-06-22,nieobecność,83
1TMR,2025-09-18,nieob. uspraw.,35
1TMR,2025-10-07,nieob. uspraw.,26
1TMR,2025-10-08,nieob. uspraw.,28
1TMR,2025-10-09,nieob. uspraw.,22
1TMR,2025-11-14,nieobecność,8
1TMR,2025-11-25,nieob. uspraw.,8
1TMR,2025-12-11,nieob. uspraw.,16
1TMR,2025-12-15,nieob. uspraw.,13
1TMR,2025-12-16,nieob. uspraw.,14
1TMR,2026-01-13,nieobecność,6
1TMR,2026-02-17,spóźnienie,5
1TMR,2026-02-20,nieobecność,9
1TMR,2026-02-23,nieobecność,6
1TMR,2026-02-24,nieobecność,7
1TMR,2026-02-25,nieobecność,8
1TMR,2026-02-26,nieobecność,14
1TMR,2026-02-27,nieobecność,12
1TMR,2026-03-12,nieobecność,6
1TMR,2026-03-20,nieobecność,14
1TMR,2026-04-10,nieob. uspr. p.s.,41
1TMR,2026-04-20,nieob. uspraw.,18
1TMR,2026-04-30,nieobecność,7
1TMR,2026-05-07,nieob. uspraw.,27
1TMR,2026-05-12,nieob. uspraw.,31
1TMR,2026-05-13,nieobecność,6
1TMR,2026-05-21,nieob. uspraw.,35
1TMR,2026-05-28,nieobecność,2
1TMR,2026-06-01,nieob. uspraw.,23
1TMR,2026-06-08,nieobecność,9
1TMR,2026-06-10,nieob. uspraw.,65
1TMR,2025-10-03,nieob. uspr. p.s.,2
1TMR,2025-10-09,nieob. uspr. p.s.,2
1TMR,2025-10-13,spóźn. uspr.,1
1TMR,2025-11-04,spóźn. uspr.,4
1TMR,2025-11-17,nieob. uspr. p.s.,1
1TMR,2025-11-24,nieob. uspr. p.s.,2
1TMR,2025-12-01,nieob. uspr. p.s.,3
1TMR,2025-12-04,nieob. uspr. p.s.,1
1TMR,2025-12-09,nieob. uspr. p.s.,1
1TMR,2025-12-18,nieob. uspr. p.s.,5
1TMR,2026-01-15,nieob. uspr. p.s.,4
1TMR,2026-02-05,nieob. uspraw.,21
1TMR,2026-02-06,nieob. uspr. p.s.,1
1TMR,2026-02-10,nieob. uspr. p.s.,1
1TMR,2026-02-13,nieob. uspr. p.s.,3
1TMR,2026-03-02,nieob. uspr. p.s.,2
1TMR,2026-03-05,nieob. uspr. p.s.,4
1TMR,2026-03-06,nieob. uspr. p.s.,2
1TMR,2026-03-13,nieob. uspraw.,24
1TMR,2026-03-23,nieob. uspr. p.s.,5
1TMR,2026-04-09,nieob. uspr. p.s.,14
1TMR,2026-04-21,nieob. uspr. p.s.,3
1TMR,2026-04-23,nieob. uspr. p.s.,6
1TMR,2026-04-24,nieob. uspr. p.s.,1
1TMR,2026-05-28,nieob. uspraw.,9
1TMR,2026-06-17,nieob. uspraw.,42
1TMR,2026-06-24,nieob. uspraw.,35
1TMR,2026-06-25,nieob. uspraw.,48
1TMR,2025-09-08,nieob. uspraw.,7
1TMR,2025-09-09,nieob. uspraw.,7
1TMR,2025-09-10,nieob. uspraw.,14
1TMR,2025-09-11,nieob. uspraw.,13
1TMR,2025-09-12,nieob. uspraw.,14
1TMR,2025-09-25,nieob. uspraw.,23
1TMR,2025-09-26,nieob. uspraw.,36
1TMR,2025-10-06,nieob. uspraw.,21
1TMR,2025-10-10,nieob. uspraw.,14
1TMR,2025-10-27,nieob. uspraw.,21
1TMR,2025-11-03,nieob. uspraw.,14
1TMR,2025-11-07,nieob. uspraw.,14
1TMR,2025-11-12,nieob. uspraw.,35
1TMR,2025-11-13,nieob. uspraw.,27
1TMR,2025-11-14,nieob. uspraw.,35
1TMR,2025-12-01,nieob. uspraw.,15
1TMR,2025-12-05,nieob. uspraw.,30
1TMR,2025-12-17,nieob. uspraw.,18
1TMR,2025-12-18,nieob. uspraw.,8
1TMR,2026-01-08,nieob. uspraw.,14
1TMR,2026-01-14,nieob. uspraw.,7
1TMR,2026-02-06,nieob. uspraw.,28
1TMR,2026-03-19,nieob. uspraw.,24
1TMR,2026-04-10,nieob. uspraw.,33
1TMR,2026-04-29,nieob. uspraw.,13
1TMR,2026-04-30,nieob. uspraw.,16
1TMR,2026-05-08,nieob. uspraw.,24
1TMR,2026-06-11,nieob. uspraw.,56
1TMR,2026-06-16,nieob. uspraw.,19
1TMR,2026-06-18,nieob. uspraw.,48
1TMR,2026-06-24,obecność,7
1TMR,2025-09-04,nieob. uspraw.,7
1TMR,2025-09-05,nieob. uspraw.,7
1TMR,2025-09-25,nieobecność,1
1TMR,2025-10-01,nieob. uspraw.,14
1TMR,2025-10-02,nieob. uspraw.,6
1TMR,2025-10-03,nieobecność,1
1TMR,2025-10-09,nieobecność,2
1TMR,2025-10-10,nieobecność,1
1TMR,2025-10-13,nieobecność,1
1TMR,2025-10-22,spóźnienie,1
1TMR,2025-10-24,nieobecność,1
1TMR,2025-10-30,nieob. uspraw.,6
1TMR,2025-11-04,nieob. uspraw.,13
1TMR,2025-11-20,nieob. uspr. p.s.,1
1TMR,2025-11-21,nieob. uspraw.,5
1TMR,2025-11-26,nieob. uspraw.,7
1TMR,2025-11-27,nieobecność,2
1TMR,2025-11-28,nieob. uspraw.,26
1TMR,2025-12-01,nieobecność,8
1TMR,2025-12-12,nieob. uspraw.,7
1TMR,2026-01-08,nieob. uspr. p.s.,1
1TMR,2026-01-09,nieobecność,1
1TMR,2026-01-12,nieobecność,7
1TMR,2026-01-13,nieob. uspraw.,5
1TMR,2026-02-05,spóźnienie,3
1TMR,2026-02-09,nieobecność,1
1TMR,2026-02-16,nieob. uspraw.,7
1TMR,2026-02-23,nieob. uspraw.,21
1TMR,2026-03-05,nieob. uspraw.,28
1TMR,2026-03-09,spóźnienie,1
1TMR,2026-03-23,nieob. uspraw.,24
1TMR,2026-03-24,nieob. uspraw.,16
1TMR,2026-03-26,nieob. uspraw.,7
1TMR,2026-03-27,nieob. uspraw.,7
1TMR,2026-03-30,nieob. uspr. p.s.,8
1TMR,2026-03-31,nieob. uspraw.,13
1TMR,2026-04-01,nieob. uspraw.,33
1TMR,2026-04-10,nieobecność,3
1TMR,2026-04-13,nieobecność,1
1TMR,2026-04-16,nieob. uspraw.,21
1TMR,2026-04-21,nieob. uspraw.,13
1TMR,2026-04-22,nieob. uspraw.,7
1TMR,2026-04-23,nieobecność,5
1TMR,2026-05-11,nieob. uspraw.,18
1TMR,2026-05-20,nieob. uspraw.,1
1TMR,2026-05-22,nieobecność,1
1TMR,2026-06-01,nieobecność,4
1TMR,2026-06-08,spóźnienie,1
1TMR,2026-06-09,nieob. uspr. p.s.,3
1TMR,2026-06-18,nieob. uspr. p.s.,2
1TMR,2025-09-15,nieob. uspraw.,21
1TMR,2025-09-16,nieob. uspraw.,47
1TMR,2025-09-24,nieob. uspraw.,14
1TMR,2025-10-24,nieob. uspraw.,21
1TMR,2025-10-27,nieob. uspr. p.s.,1
1TMR,2025-11-03,nieob. uspr. p.s.,1
1TMR,2025-11-04,nieob. uspr. p.s.,3
1TMR,2025-11-07,nieob. uspr. p.s.,5
1TMR,2025-11-27,nieob. uspraw.,6
1TMR,2025-12-02,nieob. uspraw.,14
1TMR,2025-12-03,nieob. uspraw.,7
1TMR,2026-01-07,nieob. uspraw.,28
1TMR,2026-01-12,nieob. uspraw.,11
1TMR,2026-03-04,zwolniony,2
1TMR,2026-03-06,nieob. uspraw.,28
1TMR,2025-09-04,nieob. uspr. p.s.,1
1TMR,2025-09-11,zwolniony,1
1TMR,2025-10-28,nieob. uspraw.,7
1TMR,2025-11-06,nieobecność,1
1TMR,2025-11-13,nieobecność,4
1TMR,2025-11-18,nieobecność,2
1TMR,2025-11-25,spóźnienie,1
1TMR,2025-12-08,nieobecność,2
1TMR,2026-02-04,spóźnienie,3
1TMR,2026-02-12,nieobecność,3
1TMR,2026-02-19,nieob. uspr. p.s.,1
1TMR,2026-02-19,nieobecność,1
1TMR,2026-02-26,spóźnienie,1
1TMR,2026-03-26,nieobecność,4
1TMR,2026-04-09,nieobecność,1
1TMR,2026-04-16,nieobecność,4
1TMR,2026-04-22,nieobecność,1
1TMR,2026-04-28,nieob. uspr. p.s.,3
1TMR,2026-05-12,nieobecność,1
1TMR,2026-06-15,nieobecność,7
1TMR,2025-09-18,spóźnienie,3
1TMR,2025-10-07,spóźnienie,3
1TMR,2025-11-04,nieobecność,1
1TMR,2026-02-06,nieobecność,14
1TMR,2026-02-13,nieobecność,1
1TMR,2026-03-03,spóźnienie,6
1TMR,2026-03-05,nieobecność,1
1TMR,2026-04-17,nieobecność,1
1TMR,2026-05-15,nieobecność,3
1TMR,2026-06-02,nieob. uspraw.,15
1TMR,2025-09-04,zwolniony,1
1TMR,2025-10-14,nieob. uspraw.,6
1TMR,2026-06-25,obecność,2
1TMR,2026-01-14,nieobecność,7
1TMR,2026-02-17,nieob. uspraw.,7
1TMR,2026-03-09,nieobecność,2
1TMR,2026-03-16,spóźnienie,1
1TMR,2026-03-23,nieobecność,1
1TMR,2026-03-30,nieobecność,4
1TMR,2026-04-13,nieob. uspraw.,2
1TMR,2026-04-15,nieobecność,7
1TMR,2026-04-16,spóźnienie,2
1TMR,2026-04-21,nieobecność,2
1TMR,2026-04-23,spóźnienie,1
1TMR,2026-04-24,nieobecność,7
1TMR,2026-04-27,nieobecność,1
1TMR,2026-04-27,spóźnienie,2
1TMR,2026-05-11,nieobecność,1
1TMR,2026-05-14,nieobecność,2
1TMR,2026-05-18,nieobecność,2
1TMR,2026-05-26,nieobecność,3
1TMR,2026-05-27,nieobecność,7
1TMR,2026-06-02,nieobecność,3
1TMR,2026-06-09,nieobecność,4
1TMR,2026-06-10,nieobecność,1
1TMR,2026-06-17,nieobecność,36
1TMR,2025-11-14,nieob. uspr. p.s.,1
1TMR,2025-12-11,spóźn. uspr.,1
1TMR,2026-02-10,spóźnienie,1
1TMR,2026-02-23,spóźnienie,1
1TMR,2026-02-24,spóźnienie,1
1TMR,2026-03-12,nieob. uspr. p.s.,3
1TMR,2026-03-24,nieob. uspr. p.s.,4
1TMR,2026-03-25,nieob. uspr. p.s.,4
1TMR,2026-04-09,spóźnienie,1
1TMR,2026-04-13,nieob. uspr. p.s.,4
1TMR,2026-06-08,nieob. uspr. p.s.,4
1TMR,2026-06-11,nieob. uspr. p.s.,6
1TMR,2026-02-13,nieob. uspraw.,7
1TMR,2026-02-25,nieob. uspraw.,28
1TMR,2026-03-16,nieob. uspr. p.s.,2
1TMR,2026-06-19,obecność,2
1TMR,2026-05-29,nieob. uspraw.,7
1TMR,2026-06-23,obecność,4
1TMR,2025-10-16,spóźn. uspr.,1
1TMR,2025-10-30,nieobecność,1
1TMR,2026-02-12,spóźnienie,1
1TMR,2026-03-03,nieob. uspr. p.s.,2
1TMR,2026-04-14,nieob. uspraw.,4
1TMR,2025-11-20,nieob. uspraw.,6
1TMR,2026-02-09,nieob. uspraw.,8
1TMR,2026-02-10,nieob. uspraw.,8
1TMR,2025-10-20,nieob. uspraw.,6
1TMR,2025-11-17,nieob. uspraw.,6
1TMR,2026-02-12,nieob. uspraw.,3
1TMR,2026-03-09,nieob. uspraw.,7
1TMR,2026-05-06,spóźnienie,3
1TMR,2025-11-28,nieobecność,1
1TMR,2026-04-20,nieobecność,1
1TMR,2025-10-20,nieob. uspr. p.s.,5
1TMR,2026-04-20,nieob. uspr. p.s.,7
1TMR,2026-05-14,nieob. uspraw.,6
1TMR,2026-06-15,nieob. uspraw.,1
1TR,2025-09-01,obecność,171
1TR,2025-09-02,obecność,152
1TR,2025-09-03,obecność,154
1TR,2025-09-04,obecność,168
1TR,2025-09-05,obecność,137
1TR,2025-09-08,obecność,156
1TR,2025-09-09,obecność,147
1TR,2025-09-10,nieobecność,3
1TR,2025-09-10,obecność,102
1TR,2025-09-11,obecność,151
1TR,2025-09-12,obecność,140
1TR,2025-09-15,obecność,136
1TR,2025-09-16,nieob. uspr. p.s.,112
1TR,2025-09-17,obecność,110
1TR,2025-09-18,obecność,106
1TR,2025-09-19,nieob. uspr. p.s.,44
1TR,2025-09-22,nieob. uspraw.,24
1TR,2025-09-23,obecność,123
1TR,2025-09-24,obecność,133
1TR,2025-09-25,obecność,88
1TR,2025-09-26,obecność,108
1TR,2025-09-29,obecność,118
1TR,2025-09-30,obecność,128
1TR,2025-10-01,nieob. uspraw.,39
1TR,2025-10-02,nieob. uspraw.,28
1TR,2025-10-03,nieob. uspraw.,33
1TR,2025-10-06,nieob. uspraw.,15
1TR,2025-10-07,obecność,158
1TR,2025-10-08,obecność,147
1TR,2025-10-09,obecność,140
1TR,2025-10-10,obecność,131
1TR,2025-10-13,nieob. uspraw.,45
1TR,2025-10-14,obecność,140
1TR,2025-10-15,obecność,127
1TR,2025-10-16,obecność,125
1TR,2025-10-20,obecność,144
1TR,2025-10-21,obecność,127
1TR,2025-10-22,obecność,123
1TR,2025-10-23,obecność,113
1TR,2025-10-24,obecność,127
1TR,2025-10-27,obecność,135
1TR,2025-10-28,obecność,138
1TR,2025-10-29,obecność,141
1TR,2025-10-30,obecność,115
1TR,2025-11-03,nieob. uspraw.,15
1TR,2025-11-04,nieob. uspraw.,23
1TR,2025-11-05,obecność,134
1TR,2025-11-06,obecność,123
1TR,2025-11-07,obecność,93
1TR,2025-11-07,nieobecność,7
1TR,2025-11-12,nieob. uspraw.,27
1TR,2025-11-13,nieob. uspraw.,20
1TR,2025-11-14,nieob. uspraw.,35
1TR,2025-11-17,obecność,126
1TR,2025-11-18,obecność,118
1TR,2025-11-19,obecność,124
1TR,2025-11-20,obecność,119
1TR,2025-11-21,obecność,109
1TR,2025-11-24,obecność,141
1TR,2025-11-24,nieob. uspraw.,9
1TR,2025-11-25,nieob. uspraw.,32
1TR,2025-11-26,nieobecność,7
1TR,2025-11-27,nieobecność,7
1TR,2025-11-28,nieobecność,7
1TR,2025-12-01,nieobecność,2
1TR,2025-12-01,obecność,139
1TR,2025-12-02,obecność,152
1TR,2025-12-03,obecność,137
1TR,2025-12-04,obecność,123
1TR,2025-12-05,obecność,103
1TR,2025-12-08,nieob. uspr. p.s.,80
1TR,2025-12-09,obecność,144
1TR,2025-12-10,obecność,140
1TR,2025-12-11,obecność,127
1TR,2025-12-12,obecność,133
1TR,2025-12-15,obecność,141
1TR,2025-12-16,obecność,118
1TR,2025-12-17,obecność,122
1TR,2025-12-18,obecność,119
1TR,2025-12-19,obecność,157
1TR,2026-01-07,nieob. uspraw.,32
1TR,2026-01-08,nieob. uspraw.,42
1TR,2026-01-09,obecność,79
1TR,2026-01-09,nieob. uspraw.,41
1TR,2026-01-12,nieob. uspraw.,35
1TR,2026-01-13,obecność,122
1TR,2026-01-14,obecność,102
1TR,2026-01-15,obecność,36
1TR,2026-01-16,nieob. uspraw.,139
1TR,2026-02-02,nieob. uspraw.,83
1TR,2026-02-03,nieob. uspraw.,55
1TR,2026-02-04,nieob. uspraw.,23
1TR,2026-02-05,nieob. uspraw.,49
1TR,2026-02-06,nieob. uspraw.,50
1TR,2026-02-09,obecność,151
1TR,2026-02-10,obecność,131
1TR,2026-02-11,obecność,117
1TR,2026-02-12,obecność,119
1TR,2026-02-13,obecność,106
1TR,2026-02-16,obecność,123
1TR,2026-02-17,obecność,124
1TR,2026-02-18,obecność,128
1TR,2026-02-19,obecność,111
1TR,2026-02-20,obecność,92
1TR,2026-02-23,obecność,96
1TR,2026-02-24,obecność,101
1TR,2026-02-25,obecność,91
1TR,2026-02-26,obecność,57
1TR,2026-02-26,nieob. uspraw.,48
1TR,2026-02-27,nieob. uspraw.,111
1TR,2026-03-02,nieob. uspraw.,16
1TR,2026-03-03,nieob. uspraw.,27
1TR,2026-03-04,nieob. uspraw.,34
1TR,2026-03-05,nieob. uspraw.,8
1TR,2026-03-06,nieob. uspraw.,29
1TR,2026-03-09,obecność,140
1TR,2026-03-10,obecność,105
1TR,2026-03-11,obecność,109
1TR,2026-03-12,obecność,81
1TR,2026-03-13,nieob. uspraw.,40
1TR,2026-03-16,obecność,127
1TR,2026-03-17,obecność,116
1TR,2026-03-18,obecność,103
1TR,2026-03-19,obecność,105
1TR,2026-03-20,obecność,59
1TR,2026-03-20,nieob. uspraw.,66
1TR,2026-03-23,nieob. uspr. p.s.,2
1TR,2026-03-23,obecność,140
1TR,2026-03-24,obecność,137
1TR,2026-03-25,obecność,87
1TR,2026-03-26,obecność,119
1TR,2026-03-27,obecność,87
1TR,2026-03-30,obecność,132
1TR,2026-03-30,nieob. uspraw.,14
1TR,2026-03-31,obecność,142
1TR,2026-04-01,obecność,112
1TR,2026-04-08,obecność,98
1TR,2026-04-09,obecność,109
1TR,2026-04-10,obecność,56
1TR,2026-04-13,obecność,124
1TR,2026-04-14,obecność,123
1TR,2026-04-15,obecność,119
1TR,2026-04-16,obecność,105
1TR,2026-04-17,obecność,89
1TR,2026-04-20,obecność,108
1TR,2026-04-20,nieob. uspraw.,34
1TR,2026-04-21,nieob. uspraw.,12
1TR,2026-04-22,nieob. uspraw.,15
1TR,2026-04-23,nieob. uspraw.,6
1TR,2026-04-24,nieob. uspraw.,51
1TR,2026-04-27,obecność,113
1TR,2026-04-28,obecność,145
1TR,2026-04-29,obecność,75
1TR,2026-04-30,obecność,117
1TR,2026-05-06,obecność,60
1TR,2026-05-07,obecność,81
1TR,2026-05-08,obecność,82
1TR,2026-05-11,obecność,119
1TR,2026-05-12,obecność,105
1TR,2026-05-13,obecność,60
1TR,2026-05-14,obecność,90
1TR,2026-05-15,obecność,98
1TR,2026-05-18,obecność,141
1TR,2026-05-19,obecność,102
1TR,2026-05-20,obecność,101
1TR,2026-05-21,obecność,119
1TR,2026-05-22,obecność,77
1TR,2026-05-22,nieob. uspr. p.s.,3
1TR,2026-05-25,obecność,128
1TR,2026-05-26,obecność,99
1TR,2026-05-27,obecność,92
1TR,2026-05-28,obecność,96
1TR,2026-05-29,obecność,80
1TR,2026-06-01,obecność,118
1TR,2026-06-02,obecność,109
1TR,2026-06-03,obecność,114
1TR,2026-06-08,nieob. uspraw.,35
1TR,2026-06-09,nieob. uspraw.,13
1TR,2026-06-10,nieob. uspraw.,19
1TR,2026-06-11,nieob. uspraw.,31
1TR,2026-06-12,nieob. uspraw.,35
1TR,2026-06-15,nieobecność,7
1TR,2026-06-16,nieobecność,10
1TR,2026-06-17,obecność,28
1TR,2026-06-19,obecność,24
1TR,2026-06-22,nieob. uspraw.,133
1TR,2026-06-23,nieob. uspraw.,150
1TR,2026-06-24,nieob. uspraw.,133
1TR,2026-06-25,nieob. uspraw.,114
1TR,2026-06-26,nieob. uspraw.,7
1TR,2025-09-22,obecność,136
1TR,2025-10-01,obecność,87
1TR,2025-10-02,obecność,112
1TR,2025-10-03,obecność,107
1TR,2025-10-06,obecność,135
1TR,2025-10-08,nieob. uspraw.,3
1TR,2025-10-15,nieob. uspraw.,23
1TR,2025-10-16,nieob. uspraw.,15
1TR,2025-10-29,nieob. uspraw.,9
1TR,2025-11-03,obecność,133
1TR,2025-11-04,obecność,137
1TR,2025-11-12,obecność,122
1TR,2025-11-14,obecność,98
1TR,2025-11-17,nieob. uspraw.,17
1TR,2025-11-25,obecność,128
1TR,2025-11-26,obecność,109
1TR,2025-11-27,nieob. uspraw.,28
1TR,2025-11-28,nieob. uspraw.,36
1TR,2025-12-04,nieob. uspraw.,17
1TR,2025-12-05,nieob. uspraw.,17
1TR,2025-12-08,obecność,7
1TR,2025-12-15,nieob. uspraw.,19
1TR,2025-12-16,nieob. uspraw.,22
1TR,2025-12-17,nieob. uspraw.,16
1TR,2026-01-07,obecność,106
1TR,2026-01-13,nieob. uspraw.,13
1TR,2026-01-14,nieob. uspraw.,35
1TR,2026-01-15,nieob. uspraw.,84
1TR,2025-09-15,spóźnienie,1
1TR,2025-09-19,nieob. uspraw.,36
1TR,2025-09-29,nieob. uspraw.,32
1TR,2025-10-13,obecność,105
1TR,2025-10-21,nieob. uspraw.,33
1TR,2025-11-06,nieob. uspraw.,17
1TR,2025-11-07,nieob. uspraw.,39
1TR,2025-11-13,obecność,79
1TR,2025-11-19,nieob. uspraw.,25
1TR,2025-11-27,obecność,105
1TR,2025-12-02,nieob. uspraw.,8
1TR,2025-12-09,nieob. uspraw.,16
1TR,2025-12-18,nieob. uspraw.,21
1TR,2026-01-12,obecność,105
1TR,2026-01-13,spóźnienie,4
1TR,2026-02-13,nieob. uspraw.,21
1TR,2026-02-16,nieob. uspraw.,29
1TR,2026-02-20,nieob. uspraw.,41
1TR,2026-02-23,nieob. uspraw.,56
1TR,2026-02-24,nieob. uspraw.,49
1TR,2026-02-25,nieob. uspraw.,42
1TR,2026-03-02,obecność,135
1TR,2026-03-03,obecność,123
1TR,2026-03-05,obecność,104
1TR,2026-03-06,obecność,103
1TR,2026-03-16,nieob. uspraw.,25
1TR,2026-03-17,nieob. uspraw.,26
1TR,2026-03-18,nieob. uspraw.,21
1TR,2026-03-19,nieob. uspraw.,28
1TR,2026-03-30,zwolniony,5
1TR,2026-04-01,nieob. uspraw.,21
1TR,2026-04-08,nieob. uspraw.,32
1TR,2026-04-17,nieob. uspraw.,19
1TR,2026-04-21,obecność,133
1TR,2026-04-22,obecność,110
1TR,2026-04-23,obecność,84
1TR,2026-04-24,obecność,75
1TR,2026-04-29,nieob. uspraw.,20
1TR,2026-05-06,nieob. uspraw.,42
1TR,2026-05-11,nieob. uspraw.,14
1TR,2026-05-13,nieob. uspraw.,16
1TR,2026-05-15,nieob. uspraw.,14
1TR,2026-05-18,nieob. uspraw.,3
1TR,2026-05-25,nieob. uspraw.,18
1TR,2026-05-26,nieob. uspraw.,28
1TR,2026-05-29,nieob. uspraw.,52
1TR,2026-06-03,nieob. uspraw.,18
1TR,2026-06-09,obecność,106
1TR,2026-06-10,obecność,63
1TR,2026-06-15,obecność,116
1TR,2026-06-16,obecność,91
1TR,2026-06-16,nieob. uspraw.,35
1TR,2026-06-17,nieob. uspraw.,67
1TR,2026-06-19,nieob. uspraw.,90
1TR,2026-06-26,obecność,126
1TR,2025-09-30,nieob. uspraw.,32
1TR,2025-11-28,obecność,97
1TR,2026-01-08,obecność,98
1TR,2026-02-02,obecność,69
1TR,2026-02-03,obecność,95
1TR,2026-02-04,obecność,110
1TR,2026-02-05,obecność,84
1TR,2026-02-10,nieob. uspraw.,18
1TR,2026-02-13,nieob. uspr. p.s.,6
1TR,2026-03-04,obecność,99
1TR,2026-03-10,nieob. uspraw.,24
1TR,2026-03-13,nieobecność,31
1TR,2026-03-13,nieob. uspr. p.s.,32
1TR,2026-03-13,obecność,11
1TR,2026-03-25,nieob. uspraw.,27
1TR,2026-04-10,nieob. uspr. p.s.,42
1TR,2026-04-14,nieob. uspraw.,8
1TR,2026-04-21,spóźnienie,3
1TR,2026-05-22,nieob. uspraw.,46
1TR,2026-06-08,obecność,97
1TR,2026-06-11,obecność,87
1TR,2026-06-12,obecność,98
1TR,2025-09-05,nieob. uspraw.,17
1TR,2025-09-08,nieob. uspraw.,12
1TR,2025-09-10,nieob. uspraw.,35
1TR,2025-09-15,nieob. uspraw.,20
1TR,2025-09-16,nieob. uspraw.,28
1TR,2025-09-25,nieob. uspraw.,12
1TR,2025-10-10,nieob. uspraw.,9
1TR,2025-10-20,nieob. uspraw.,6
1TR,2025-11-03,zwolniony,2
1TR,2025-11-05,nieob. uspraw.,16
1TR,2025-11-14,nieobecność,7
1TR,2025-11-17,nieobecność,7
1TR,2025-11-20,nieobecność,7
1TR,2025-11-21,nieobecność,7
1TR,2025-11-26,nieob. uspraw.,14
1TR,2025-12-01,nieob. uspraw.,9
1TR,2025-12-03,nieob. uspraw.,10
1TR,2025-12-03,nieobecność,1
1TR,2025-12-10,nieob. uspraw.,8
1TR,2026-02-12,nieob. uspraw.,14
1TR,2026-02-18,nieob. uspraw.,5
1TR,2026-03-11,nieob. uspraw.,4
1TR,2026-03-18,nieobecność,7
1TR,2026-03-20,nieob. uspr. p.s.,6
1TR,2026-03-23,nieobecność,8
1TR,2026-03-24,nieob. uspraw.,13
1TR,2026-03-27,nieob. uspr. p.s.,2
1TR,2026-03-27,nieob. uspraw.,25
1TR,2026-03-31,nieob. uspraw.,8
1TR,2026-04-10,nieob. uspraw.,35
1TR,2026-04-15,nieobecność,7
1TR,2026-04-16,nieobecność,7
1TR,2026-04-21,nieobecność,2
1TR,2026-04-22,nieobecność,7
1TR,2026-04-23,nieobecność,5
1TR,2026-04-27,nieob. uspraw.,37
1TR,2026-05-06,nieobecność,12
1TR,2026-05-07,nieob. uspr. p.s.,2
1TR,2026-05-12,nieob. uspraw.,7
1TR,2026-05-20,nieobecność,7
1TR,2026-05-27,nieob. uspraw.,37
1TR,2026-05-28,nieob. uspr. p.s.,2
1TR,2026-06-01,nieob. uspraw.,15
1TR,2026-06-02,nieob. uspraw.,35
1TR,2026-06-10,nieobecność,8
1TR,2026-06-11,nieobecność,7
1TR,2025-09-17,nieob. uspraw.,10
1TR,2025-09-18,nieob. uspraw.,12
1TR,2025-10-23,nieob. uspraw.,7
1TR,2025-10-27,nieob. uspraw.,15
1TR,2025-10-28,nieob. uspraw.,1
1TR,2025-10-30,nieob. uspraw.,5
1TR,2025-11-18,nieob. uspraw.,22
1TR,2026-02-06,obecność,83
1TR,2026-02-10,spóźn. uspr.,1
1TR,2026-02-11,nieob. uspraw.,16
1TR,2026-02-26,nieob. uspr. p.s.,28
1TR,2026-02-27,obecność,3
1TR,2026-03-09,nieob. uspraw.,12
1TR,2026-03-10,spóźn. uspr.,1
1TR,2026-03-11,spóźn. uspr.,1
1TR,2026-03-12,nieob. uspraw.,14
1TR,2026-03-23,nieob. uspraw.,2
1TR,2026-03-30,spóźnienie,1
1TR,2026-04-08,spóźnienie,2
1TR,2026-04-16,nieob. uspraw.,21
1TR,2026-04-17,nieob. uspr. p.s.,6
1TR,2026-04-30,nieob. uspraw.,16
1TR,2026-05-07,nieob. uspraw.,31
1TR,2026-05-08,nieob. uspraw.,26
1TR,2026-05-14,nieob. uspraw.,5
1TR,2026-05-19,nieob. uspraw.,10
1TR,2026-05-20,nieob. uspraw.,18
1TR,2026-05-21,nieob. uspraw.,14
1TR,2026-05-29,spóźnienie,1
1TR,2025-09-11,nieob. uspraw.,9
1TR,2025-09-23,nieob. uspr. p.s.,7
1TR,2025-09-23,nieob. uspraw.,10
1TR,2025-09-24,nieob. uspraw.,7
1TR,2025-09-26,nieob. uspraw.,12
1TR,2025-10-01,spóźnienie,4
1TR,2025-10-24,nieob. uspraw.,13
1TR,2025-11-12,spóźnienie,1
1TR,2025-11-21,nieob. uspraw.,24
1TR,2025-12-19,nieob. uspraw.,3
1TR,2026-02-17,nieob. uspraw.,26
1TR,2026-02-19,spóźn. uspr.,1
1TR,2026-04-09,nieob. uspraw.,24
1TR,2026-06-15,nieob. uspraw.,10
1TR,2025-09-15,spóźn. uspr.,3
1TR,2025-11-20,nieob. uspraw.,14
1TR,2025-12-11,nieob. uspraw.,13
1TR,2026-01-13,spóźn. uspr.,1
1TR,2026-01-16,obecność,21
1TR,2026-05-20,nieob. uspr. p.s.,7
1TR,2026-05-28,nieob. uspraw.,35
1TR,2026-06-09,nieob. uspr. p.s.,5
1TR,2026-06-11,nieob. uspr. p.s.,8
1TR,2026-06-16,nieob. uspr. p.s.,14
1TR,2025-09-04,nieob. uspraw.,8
1TR,2026-03-20,spóźnienie,2
1TR,2025-10-22,nieob. uspraw.,7
1TR,2025-12-08,nieobecność,1
1TR,2026-03-26,nieob. uspraw.,14
1TR,2026-06-09,nieobecność,7
1TR,2026-01-14,nieob. uspr. p.s.,1
1TR,2026-02-09,spóźnienie,1
1TR,2026-03-05,nieobecność,2
1TR,2026-03-17,nieobecność,8
1TR,2026-04-08,nieobecność,1
1TR,2026-04-15,nieob. uspraw.,7
1TR,2026-04-20,nieobecność,10
1TR,2026-04-24,nieobecność,7
1TR,2026-05-08,nieobecność,6
1TR,2026-05-18,nieobecność,8
1TR,2026-05-22,nieobecność,7
1TR,2025-09-18,nieob. uspr. p.s.,2
1TR,2026-02-19,nieob. uspraw.,21
1TR,2026-04-22,nieob. uspr. p.s.,1
1TR,2025-10-07,spóźn. uspr.,1
1TR,2025-10-07,nieob. uspraw.,1
1TR,2025-12-12,nieob. uspraw.,7
1TR,2026-04-13,nieob. uspraw.,9
1TR,2026-03-18,nieob. uspr. p.s.,2
1TR,2026-06-08,nieobecność,1
1TR,2025-10-28,spóźnienie,1
1TR,2025-11-13,spóźnienie,1
1TR,2025-11-19,nieobecność,1
1TR,2026-05-15,nieob. uspr. p.s.,2
1TR,2026-06-03,spóźnienie,1
1TR,2026-06-10,nieob. uspr. p.s.,5
1TR,2025-11-07,spóźn. uspr.,1
1TR,2025-12-08,nieob. uspraw.,2
1TR,2026-03-02,zwolniony,1
1TR,2026-03-10,spóźnienie,1
1TR,2026-04-28,nieob. uspraw.,7
1TR,2026-03-06,spóźnienie,1
1TR,2026-05-25,nieob. uspr. p.s.,6
1TR,2026-05-26,nieob. uspr. p.s.,4
1TR,2026-05-27,nieob. uspr. p.s.,4
1TR,2026-06-02,nieob. uspr. p.s.,6
1TW,2025-09-02,obecność,192
1TW,2025-09-03,obecność,224
1TW,2025-09-04,obecność,189
1TW,2025-09-05,obecność,162
1TW,2025-09-08,obecność,194
1TW,2025-09-09,obecność,195
1TW,2025-09-10,obecność,206
1TW,2025-09-11,obecność,196
1TW,2025-09-12,obecność,168
1TW,2025-09-15,obecność,154
1TW,2025-09-16,nieob. uspr. p.s.,196
1TW,2025-09-17,obecność,179
1TW,2025-09-17,nieob. uspraw.,45
1TW,2025-09-18,obecność,158
1TW,2025-09-19,obecność,87
1TW,2025-09-22,obecność,163
1TW,2025-09-23,obecność,173
1TW,2025-09-24,obecność,202
1TW,2025-09-25,obecność,181
1TW,2025-09-26,obecność,156
1TW,2025-09-29,obecność,190
1TW,2025-09-30,obecność,216
1TW,2025-10-01,obecność,147
1TW,2025-10-02,obecność,150
1TW,2025-10-03,obecność,166
1TW,2025-10-06,obecność,205
1TW,2025-10-07,obecność,207
1TW,2025-10-08,obecność,158
1TW,2025-10-09,obecność,156
1TW,2025-10-10,obecność,160
1TW,2025-10-13,obecność,177
1TW,2025-10-14,obecność,149
1TW,2025-10-15,obecność,147
1TW,2025-10-16,obecność,125
1TW,2025-10-20,obecność,210
1TW,2025-10-21,obecność,189
1TW,2025-10-22,obecność,160
1TW,2025-10-23,obecność,162
1TW,2025-10-24,obecność,184
1TW,2025-10-27,obecność,185
1TW,2025-10-28,obecność,199
1TW,2025-10-29,obecność,144
1TW,2025-10-30,obecność,138
1TW,2025-11-03,obecność,210
1TW,2025-11-04,obecność,205
1TW,2025-11-05,nieob. uspraw.,21
1TW,2025-11-06,obecność,135
1TW,2025-11-07,obecność,176
1TW,2025-11-12,obecność,156
1TW,2025-11-13,obecność,130
1TW,2025-11-14,obecność,157
1TW,2025-11-17,obecność,183
1TW,2025-11-18,obecność,199
1TW,2025-11-19,obecność,144
1TW,2025-11-20,obecność,147
1TW,2025-11-21,obecność,140
1TW,2025-11-24,obecność,195
1TW,2025-11-25,obecność,207
1TW,2025-11-26,obecność,122
1TW,2025-11-27,obecność,139
1TW,2025-11-28,obecność,145
1TW,2025-12-01,obecność,192
1TW,2025-12-02,obecność,184
1TW,2025-12-03,obecność,119
1TW,2025-12-04,obecność,141
1TW,2025-12-05,obecność,179
1TW,2025-12-08,obecność,187
1TW,2025-12-09,obecność,188
1TW,2025-12-10,obecność,147
1TW,2025-12-11,obecność,141
1TW,2025-12-12,obecność,157
1TW,2025-12-15,obecność,137
1TW,2025-12-16,obecność,173
1TW,2025-12-17,obecność,177
1TW,2025-12-17,nieob. uspraw.,2
1TW,2025-12-18,obecność,163
1TW,2025-12-19,obecność,173
1TW,2026-01-07,obecność,175
1TW,2026-01-08,obecność,157
1TW,2026-01-09,obecność,153
1TW,2026-01-12,obecność,152
1TW,2026-01-13,obecność,147
1TW,2026-01-14,obecność,110
1TW,2026-01-15,obecność,68
1TW,2026-01-16,obecność,96
1TW,2026-02-02,obecność,140
1TW,2026-02-03,obecność,138
1TW,2026-02-04,obecność,129
1TW,2026-02-05,obecność,120
1TW,2026-02-06,obecność,137
1TW,2026-02-06,nieob. uspraw.,36
1TW,2026-02-09,obecność,176
1TW,2026-02-10,obecność,171
1TW,2026-02-11,obecność,131
1TW,2026-02-12,obecność,155
1TW,2026-02-13,nieob. uspraw.,31
1TW,2026-02-16,obecność,160
1TW,2026-02-17,obecność,161
1TW,2026-02-18,obecność,153
1TW,2026-02-19,obecność,166
1TW,2026-02-20,obecność,154
1TW,2026-02-23,obecność,149
1TW,2026-02-24,obecność,146
1TW,2026-02-25,obecność,123
1TW,2026-02-26,obecność,97
1TW,2026-02-26,nieob. uspraw.,58
1TW,2026-02-27,obecność,65
1TW,2026-03-02,obecność,185
1TW,2026-03-03,obecność,180
1TW,2026-03-04,obecność,156
1TW,2026-03-05,obecność,160
1TW,2026-03-06,obecność,174
1TW,2026-03-09,obecność,160
1TW,2026-03-10,obecność,174
1TW,2026-03-11,obecność,147
1TW,2026-03-12,obecność,154
1TW,2026-03-13,obecność,117
1TW,2026-03-16,obecność,157
1TW,2026-03-17,obecność,168
1TW,2026-03-18,obecność,78
1TW,2026-03-19,obecność,133
1TW,2026-03-20,obecność,31
1TW,2026-03-23,obecność,159
1TW,2026-03-24,obecność,171
1TW,2026-03-25,obecność,153
1TW,2026-03-26,obecność,163
1TW,2026-03-27,obecność,129
1TW,2026-03-30,obecność,132
1TW,2026-03-31,nieob. uspraw.,11
1TW,2026-04-01,obecność,133
1TW,2026-04-08,obecność,148
1TW,2026-04-09,obecność,159
1TW,2026-04-10,obecność,131
1TW,2026-04-13,obecność,185
1TW,2026-04-14,obecność,158
1TW,2026-04-15,obecność,136
1TW,2026-04-16,nieob. uspr. p.s.,5
1TW,2026-04-16,obecność,158
1TW,2026-04-17,obecność,151
1TW,2026-04-20,obecność,130
1TW,2026-04-21,obecność,161
1TW,2026-04-22,obecność,165
1TW,2026-04-23,obecność,176
1TW,2026-04-23,nieob. uspraw.,4
1TW,2026-04-24,obecność,89
1TW,2026-04-27,obecność,170
1TW,2026-04-28,obecność,188
1TW,2026-04-29,nieob. uspr. p.s.,100
1TW,2026-04-30,obecność,101
1TW,2026-05-04,obecność,26
1TW,2026-05-06,obecność,142
1TW,2026-05-07,obecność,160
1TW,2026-05-08,obecność,107
1TW,2026-05-11,obecność,155
1TW,2026-05-12,obecność,156
1TW,2026-05-13,obecność,138
1TW,2026-05-14,obecność,150
1TW,2026-05-15,obecność,103
1TW,2026-05-18,obecność,152
1TW,2026-05-19,obecność,192
1TW,2026-05-20,obecność,110
1TW,2026-05-21,obecność,177
1TW,2026-05-22,obecność,105
1TW,2026-05-25,obecność,165
1TW,2026-05-26,obecność,177
1TW,2026-05-27,obecność,120
1TW,2026-05-28,obecność,60
1TW,2026-05-29,obecność,46
1TW,2026-05-29,nieob. uspr. p.s.,92
1TW,2026-06-01,obecność,140
1TW,2026-06-02,obecność,157
1TW,2026-06-03,obecność,90
1TW,2026-06-08,obecność,122
1TW,2026-06-09,obecność,191
1TW,2026-06-09,nieob. uspraw.,4
1TW,2026-06-10,obecność,157
1TW,2026-06-11,obecność,92
1TW,2026-06-12,obecność,84
1TW,2026-06-15,obecność,121
1TW,2026-06-16,obecność,143
1TW,2026-06-17,nieob. uspraw.,24
1TW,2026-06-18,obecność,48
1TW,2026-06-19,nieob. uspraw.,42
1TW,2026-06-22,nieob. uspraw.,35
1TW,2026-06-23,nieob. uspraw.,40
1TW,2026-06-24,nieob. uspraw.,32
1TW,2026-06-25,obecność,18
1TW,2026-06-25,nieob. uspraw.,21
1TW,2026-06-26,nieob. uspr. p.s.,26
1TW,2025-09-15,nieob. uspraw.,36
1TW,2025-09-19,nieobecność,12
1TW,2025-10-13,spóźnienie,11
1TW,2025-10-14,spóźnienie,5
1TW,2025-10-15,nieob. uspr. p.s.,8
1TW,2025-10-28,nieob. uspr. p.s.,2
1TW,2025-11-05,obecność,113
1TW,2025-11-20,spóźnienie,3
1TW,2025-12-04,nieob. uspr. p.s.,2
1TW,2025-12-08,nieob. uspr. p.s.,10
1TW,2025-12-11,nieob. uspraw.,12
1TW,2026-01-13,nieob. uspraw.,24
1TW,2026-01-15,nieob. uspraw.,48
1TW,2026-01-16,nieob. uspraw.,35
1TW,2026-02-13,obecność,131
1TW,2026-02-18,spóźnienie,1
1TW,2026-02-23,nieob. uspraw.,36
1TW,2026-02-27,nieob. uspraw.,55
1TW,2026-03-04,nieob. uspr. p.s.,1
1TW,2026-03-06,nieob. uspraw.,8
1TW,2026-03-09,nieob. uspraw.,9
1TW,2026-03-16,nieob. uspr. p.s.,4
1TW,2026-03-17,spóźnienie,3
1TW,2026-03-18,nieob. uspraw.,18
1TW,2026-03-20,nieob. uspraw.,137
1TW,2026-03-27,nieob. uspraw.,14
1TW,2026-03-30,spóźnienie,2
1TW,2026-03-31,obecność,171
1TW,2026-04-10,nieob. uspraw.,16
1TW,2026-04-16,spóźn. uspr.,1
1TW,2026-04-21,nieob. uspr. p.s.,3
1TW,2026-04-23,nieob. uspr. p.s.,1
1TW,2026-04-24,nieob. uspraw.,71
1TW,2026-04-28,nieob. uspraw.,10
1TW,2026-04-30,nieob. uspraw.,53
1TW,2026-05-06,nieob. uspraw.,22
1TW,2026-05-13,nieobecność,1
1TW,2026-05-15,nieob. uspraw.,15
1TW,2026-05-18,nieob. uspraw.,16
1TW,2026-05-20,nieob. uspraw.,16
1TW,2026-05-22,nieob. uspraw.,15
1TW,2026-05-26,nieob. uspraw.,19
1TW,2026-05-27,nieob. uspr. p.s.,14
1TW,2026-05-28,nieobecność,10
1TW,2026-06-08,nieob. uspraw.,18
1TW,2026-06-09,nieob. uspr. p.s.,1
1TW,2026-06-11,nieob. uspraw.,21
1TW,2026-06-15,nieob. uspraw.,36
1TW,2026-06-16,nieobecność,9
1TW,2026-06-17,nieobecność,47
1TW,2026-06-18,nieobecność,70
1TW,2026-06-19,nieobecność,111
1TW,2026-06-22,nieobecność,115
1TW,2026-06-23,nieobecność,168
1TW,2026-06-24,nieobecność,176
1TW,2026-06-25,nieobecność,117
1TW,2025-09-26,nieob. uspraw.,6
1TW,2025-10-01,nieob. uspr. p.s.,2
1TW,2025-10-08,nieobecność,4
1TW,2025-10-09,nieob. uspraw.,6
1TW,2025-10-10,nieob. uspraw.,29
1TW,2025-11-14,nieob. uspraw.,18
1TW,2025-11-17,nieob. uspr. p.s.,1
1TW,2025-11-21,nieob. uspraw.,41
1TW,2025-11-24,nieob. uspr. p.s.,2
1TW,2025-12-03,nieob. uspraw.,37
1TW,2025-12-09,nieob. uspr. p.s.,2
1TW,2025-12-10,nieob. uspr. p.s.,2
1TW,2025-12-15,nieob. uspraw.,28
1TW,2025-12-17,nieobecność,2
1TW,2025-12-18,nieob. uspr. p.s.,3
1TW,2025-12-19,nieob. uspr. p.s.,7
1TW,2026-01-12,spóźnienie,2
1TW,2026-01-14,nieobecność,16
1TW,2026-01-15,nieob. uspr. p.s.,4
1TW,2026-02-04,nieobecność,13
1TW,2026-02-05,nieob. uspr. p.s.,6
1TW,2026-02-06,nieob. uspr. p.s.,9
1TW,2026-02-09,spóźnienie,1
1TW,2026-02-09,nieob. uspr. p.s.,5
1TW,2026-02-10,nieob. uspr. p.s.,3
1TW,2026-02-11,nieob. uspraw.,19
1TW,2026-02-12,nieob. uspr. p.s.,5
1TW,2026-02-13,nieobecność,10
1TW,2026-02-13,nieob. uspr. p.s.,9
1TW,2026-03-09,nieob. uspr. p.s.,6
1TW,2026-03-18,nieob. uspr. p.s.,45
1TW,2026-03-19,nieob. uspr. p.s.,31
1TW,2026-03-23,nieob. uspr. p.s.,10
1TW,2026-03-25,nieob. uspr. p.s.,3
1TW,2026-04-15,nieob. uspraw.,14
1TW,2026-04-28,nieobecność,10
1TW,2026-05-18,nieob. uspr. p.s.,3
1TW,2026-05-27,nieob. uspraw.,16
1TW,2026-05-28,nieob. uspr. p.s.,35
1TW,2026-06-08,nieobecność,13
1TW,2026-06-10,nieob. uspr. p.s.,5
1TW,2026-06-11,nieobecność,17
1TW,2026-06-15,nieobecność,22
1TW,2026-06-17,obecność,131
1TW,2026-06-22,obecność,3
1TW,2025-09-10,nieob. uspraw.,16
1TW,2025-09-19,nieob. uspr. p.s.,51
1TW,2025-11-17,nieobecność,2
1TW,2025-11-19,nieob. uspraw.,18
1TW,2025-11-27,nieobecność,10
1TW,2025-12-08,nieobecność,5
1TW,2025-12-18,nieobecność,9
1TW,2026-01-09,nieobecność,14
1TW,2026-01-13,nieobecność,11
1TW,2026-01-15,nieobecność,36
1TW,2026-01-16,nieob. uspr. p.s.,2
1TW,2026-02-18,nieobecność,2
1TW,2026-03-09,nieobecność,1
1TW,2026-03-12,nieobecność,1
1TW,2026-03-16,nieobecność,2
1TW,2026-03-18,nieobecność,2
1TW,2026-03-20,nieobecność,14
1TW,2026-03-24,nieob. uspr. p.s.,4
1TW,2026-03-25,nieobecność,6
1TW,2026-03-26,nieob. uspr. p.s.,7
1TW,2026-03-27,spóźnienie,1
1TW,2026-03-27,nieob. uspr. p.s.,10
1TW,2026-03-30,nieob. uspr. p.s.,20
1TW,2026-04-01,nieobecność,12
1TW,2026-04-09,nieobecność,12
1TW,2026-04-13,nieob. uspr. p.s.,5
1TW,2026-04-14,nieob. uspr. p.s.,16
1TW,2026-04-15,nieob. uspr. p.s.,12
1TW,2026-04-17,nieob. uspr. p.s.,13
1TW,2026-04-20,nieob. uspr. p.s.,33
1TW,2026-04-22,spóźnienie,2
1TW,2026-04-24,nieobecność,22
1TW,2026-04-30,nieobecność,27
1TW,2026-05-08,nieobecność,24
1TW,2026-05-12,nieobecność,1
1TW,2026-05-18,nieobecność,8
1TW,2026-05-26,nieobecność,12
1TW,2026-06-02,nieob. uspraw.,40
1TW,2026-06-09,nieobecność,12
1TW,2025-09-04,nieobecność,7
1TW,2025-09-22,nieob. uspraw.,21
1TW,2025-09-25,nieob. uspraw.,8
1TW,2025-10-01,nieob. uspraw.,11
1TW,2025-10-03,spóźnienie,2
1TW,2025-10-15,nieobecność,6
1TW,2025-10-22,nieob. uspraw.,2
1TW,2025-10-27,nieobecność,12
1TW,2025-10-28,nieobecność,9
1TW,2025-11-04,nieob. uspraw.,8
1TW,2025-11-07,nieob. uspraw.,7
1TW,2025-11-13,nieobecność,5
1TW,2025-11-21,nieobecność,8
1TW,2025-11-28,spóźnienie,1
1TW,2025-11-28,nieob. uspraw.,9
1TW,2025-12-01,nieob. uspraw.,19
1TW,2025-12-08,nieob. uspraw.,11
1TW,2025-12-09,nieobecność,10
1TW,2025-12-11,nieobecność,3
1TW,2025-11-17,nieob. uspraw.,27
1TW,2026-04-10,nieob. uspr. p.s.,28
1TW,2026-05-07,nieob. uspraw.,14
1TW,2026-05-08,nieob. uspraw.,25
1TW,2026-05-11,nieob. uspraw.,15
1TW,2026-05-12,nieob. uspraw.,18
1TW,2026-06-12,nieob. uspraw.,31
1TW,2025-10-07,nieob. uspraw.,8
1TW,2025-11-25,nieob. uspraw.,9
1TW,2025-12-10,nieob. uspraw.,12
1TW,2026-05-21,nieob. uspraw.,24
1TW,2026-05-28,nieob. uspraw.,25
1TW,2026-06-18,nieob. uspraw.,38
1TW,2025-09-10,spóźnienie,2
1TW,2025-09-18,nieob. uspraw.,34
1TW,2025-09-19,nieob. uspraw.,18
1TW,2025-09-22,spóźnienie,1
1TW,2025-12-02,nieob. uspraw.,19
1TW,2025-12-04,nieob. uspraw.,13
1TW,2025-12-05,nieob. uspraw.,10
1TW,2025-12-10,nieobecność,1
1TW,2025-12-12,nieob. uspraw.,13
1TW,2025-12-16,nieobecność,1
1TW,2026-02-05,nieob. uspraw.,30
1TW,2026-02-13,spóźnienie,1
1TW,2026-02-16,nieobecność,2
1TW,2026-02-19,nieobecność,2
1TW,2026-02-23,spóźnienie,4
1TW,2026-02-23,nieobecność,2
1TW,2026-03-02,spóźnienie,2
1TW,2026-03-12,spóźnienie,3
1TW,2026-03-23,nieob. uspraw.,17
1TW,2026-03-26,nieobecność,4
1TW,2026-03-30,nieob. uspraw.,13
1TW,2026-04-01,nieob. uspraw.,24
1TW,2026-04-09,nieob. uspraw.,11
1TW,2026-04-15,spóźnienie,2
1TW,2026-04-20,nieob. uspraw.,21
1TW,2026-04-21,nieob. uspraw.,16
1TW,2026-04-22,nieob. uspr. p.s.,3
1TW,2026-04-30,spóźnienie,1
1TW,2026-05-06,nieobecność,18
1TW,2026-05-25,nieobecność,1
1TW,2026-06-02,nieobecność,10
1TW,2026-06-03,nieobecność,8
1TW,2026-06-17,nieob. uspr. p.s.,6
1TW,2025-09-08,nieob. uspraw.,1
1TW,2025-09-22,nieob. uspr. p.s.,3
1TW,2025-09-23,nieob. uspr. p.s.,12
1TW,2025-09-29,nieob. uspraw.,19
1TW,2025-10-06,zwolniony,3
1TW,2025-10-13,spóźn. uspr.,2
1TW,2025-10-14,spóźn. uspr.,2
1TW,2025-10-24,nieob. uspraw.,4
1TW,2025-12-01,nieobecność,2
1TW,2025-12-17,spóźnienie,1
1TW,2026-01-08,nieob. uspraw.,18
1TW,2026-01-14,nieob. uspraw.,16
1TW,2026-02-02,nieob. uspraw.,43
1TW,2026-02-04,nieob. uspraw.,26
1TW,2026-02-26,nieob. uspr. p.s.,13
1TW,2026-03-19,nieob. uspraw.,16
1TW,2026-04-01,spóźnienie,1
1TW,2026-05-13,nieob. uspraw.,17
1TW,2026-05-14,nieob. uspraw.,21
1TW,2026-05-19,nieob. uspraw.,8
1TW,2026-06-03,nieob. uspraw.,82
1TW,2025-10-13,nieob. uspraw.,23
1TW,2025-10-14,nieob. uspraw.,6
1TW,2025-10-29,nieob. uspraw.,18
1TW,2025-10-30,nieob. uspraw.,24
1TW,2025-12-11,nieob. uspr. p.s.,6
1TW,2025-12-15,nieob. uspr. p.s.,7
1TW,2025-12-16,nieob. uspr. p.s.,7
1TW,2025-12-19,nieobecność,2
1TW,2026-01-12,nieob. uspraw.,18
1TW,2026-02-02,nieobecność,8
1TW,2026-02-09,nieobecność,1
1TW,2026-02-11,nieobecność,8
1TW,2026-03-02,nieobecność,4
1TW,2026-03-05,nieob. uspraw.,21
1TW,2026-03-11,zwolniony,1
1TW,2026-03-11,nieob. uspraw.,15
1TW,2026-03-12,nieob. uspraw.,22
1TW,2026-03-13,nieob. uspraw.,17
1TW,2026-03-16,nieob. uspraw.,28
1TW,2026-03-17,nieob. uspraw.,11
1TW,2026-03-23,nieobecność,5
1TW,2026-03-24,nieob. uspraw.,7
1TW,2026-03-27,nieobecność,2
1TW,2026-03-30,nieobecność,10
1TW,2026-04-16,nieob. uspraw.,17
1TW,2026-04-17,nieob. uspraw.,14
1TW,2026-04-20,nieobecność,6
1TW,2026-04-27,nieob. uspraw.,8
1TW,2026-05-07,nieobecność,8
1TW,2026-05-15,nieobecność,9
1TW,2026-05-25,nieob. uspraw.,13
1TW,2026-06-01,nieob. uspraw.,32
1TW,2026-06-12,nieobecność,15
1TW,2026-01-09,nieob. uspraw.,15
1TW,2026-01-16,nieobecność,49
1TW,2026-02-04,zwolniony,2
1TW,2026-02-11,nieob. uspr. p.s.,4
1TW,2026-02-24,nieob. uspraw.,29
1TW,2026-02-25,nieob. uspraw.,41
1TW,2026-05-12,nieob. uspr. p.s.,7
1TW,2025-09-18,nieob. uspr. p.s.,3
1TW,2025-10-20,nieob. uspraw.,1
1TW,2025-11-03,nieob. uspraw.,1
1TW,2025-11-27,nieob. uspraw.,13
1TW,2026-02-03,nieob. uspraw.,42
1TW,2026-02-09,nieob. uspraw.,8
1TW,2026-02-10,nieob. uspraw.,8
1TW,2026-02-12,nieob. uspraw.,22
1TW,2026-02-16,nieob. uspraw.,29
1TW,2026-02-17,nieob. uspraw.,21
1TW,2026-02-18,nieob. uspraw.,14
1TW,2026-02-19,nieob. uspraw.,14
1TW,2026-02-20,nieob. uspraw.,28
1TW,2026-02-24,nieobecność,7
1TW,2026-02-25,nieobecność,6
1TW,2026-02-26,nieobecność,14
1TW,2026-02-27,nieobecność,10
1TW,2026-03-09,zwolniony,1
1TW,2026-03-11,nieobecność,7
1TW,2026-03-13,nieobecność,7
1TW,2026-03-25,nieob. uspraw.,8
1TW,2026-03-26,nieob. uspraw.,8
1TW,2026-04-08,nieob. uspraw.,15
1TW,2026-04-13,nieobecność,1
1TW,2026-04-17,nieobecność,3
1TW,2026-05-29,nieob. uspraw.,6
1TW,2025-09-15,nieobecność,2
1TW,2025-09-22,nieobecność,1
1TW,2025-10-20,nieobecność,1
1TW,2025-10-06,nieob. uspraw.,8
1TW,2025-11-26,nieob. uspraw.,13
1TW,2025-12-02,spóźnienie,10
1TW,2025-09-23,spóźn. uspr.,1
1TW,2025-10-02,nieob. uspraw.,6
1TW,2025-10-15,nieob. uspraw.,1
1TW,2025-10-27,nieob. uspraw.,16
1TW,2025-11-12,nieob. uspraw.,6
1TW,2025-11-24,nieob. uspraw.,16
1TW,2025-12-02,spóźn. uspr.,3
1TW,2025-12-09,nieob. uspraw.,16
1TW,2026-02-11,spóźn. uspr.,1
1TW,2026-03-04,spóźn. uspr.,1
1TW,2026-03-10,nieob. uspraw.,8
1TW,2026-06-03,nieob. uspr. p.s.,14
1TW,2026-06-16,nieob. uspraw.,30
1TW,2025-10-01,nieobecność,2
1TW,2025-10-02,nieobecność,6
1TW,2025-10-03,nieobecność,14
1TW,2025-11-05,nieob. uspr. p.s.,1
1TW,2025-11-18,nieob. uspraw.,17
1TW,2026-03-19,nieobecność,2
1TW,2026-04-29,nieobecność,4
1TW,2026-06-10,nieob. uspraw.,7
1TW,2025-09-23,spóźnienie,1
1TW,2026-02-11,spóźnienie,7
1TW,2026-06-19,obecność,3
1TW,2025-10-16,nieobecność,5
1TW,2025-11-03,nieobecność,2
1TW,2025-12-16,nieob. uspraw.,1
1TW,2026-02-03,nieobecność,2
1TW,2026-03-03,nieobecność,2
1TW,2026-03-04,nieob. uspraw.,12
1TW,2026-03-05,nieob. uspr. p.s.,1
1TW,2026-03-18,spóźnienie,1
1TW,2026-04-16,spóźnienie,1
1TW,2026-04-21,nieobecność,2
1TW,2026-05-11,nieobecność,9
1TW,2026-05-15,spóźnienie,1
1TW,2026-06-10,nieobecność,13
1TW,2025-10-24,nieobecność,1
1TW,2025-11-07,nieobecność,6
1TW,2025-11-20,nieob. uspraw.,12
1TW,2025-11-28,nieobecność,6
1TW,2025-12-03,nieobecność,6
1TW,2025-12-04,nieobecność,6
1TW,2025-12-15,nieobecność,7
1TW,2026-01-08,nieobecność,7
1TW,2026-01-12,nieobecność,7
1TW,2026-04-08,nieobecność,7
1TW,2026-04-10,nieobecność,7
1TW,2026-04-15,nieobecność,6
1TW,2026-04-20,spóźnienie,1
1TW,2026-04-23,spóźnienie,1
1TW,2026-04-27,nieobecność,1
1TW,2026-05-14,nieobecność,11
1TW,2026-05-19,nieobecność,8
1TW,2026-05-22,nieobecność,10
1TW,2026-05-29,nieobecność,12
1TW,2026-06-01,nieobecność,7
1TW,2026-06-02,spóźnienie,1
1TW,2026-03-13,nieob. uspr. p.s.,1
1TW,2025-09-02,nieob. uspraw.,4
1TW,2025-09-09,nieobecność,1
1TW,2025-11-04,nieobecność,3
1TW,2026-05-27,nieobecność,6
1TW,2026-03-12,nieob. uspr. p.s.,2
1TW,2025-09-08,nieobecność,1
1TW,2025-09-15,spóźnienie,4
1TW,2025-09-18,nieobecność,1
1TW,2025-09-24,nieobecność,6
1TW,2025-09-29,nieobecność,7
1TW,2025-10-07,nieobecność,1
1TW,2025-10-20,spóźnienie,1
1TW,2025-11-28,spóźn. uspr.,1
1TW,2026-04-17,spóźn. uspr.,1
1TW,2026-05-21,nieobecność,7
1TW,2025-09-23,nieob. uspraw.,2
1TW,2025-09-24,nieob. uspraw.,8
1TW,2025-10-16,nieob. uspraw.,5
1TW,2025-12-18,nieob. uspraw.,7
1TW,2026-04-14,nieob. uspraw.,8
1TW,2026-05-15,nieob. uspr. p.s.,2
1TW,2026-05-20,nieobecność,4
1TW,2025-10-28,nieob. uspraw.,6
1TW,2025-09-05,nieob. uspraw.,6
1TW,2025-10-03,nieob. uspraw.,7
1TW,2026-01-07,nieob. uspraw.,7
1TŻ,2025-09-01,obecność,200
1TŻ,2025-09-02,obecność,175
1TŻ,2025-09-03,obecność,150
1TŻ,2025-09-04,obecność,175
1TŻ,2025-09-05,obecność,175
1TŻ,2025-09-08,obecność,190
1TŻ,2025-09-09,obecność,162
1TŻ,2025-09-10,obecność,134
1TŻ,2025-09-11,obecność,150
1TŻ,2025-09-12,obecność,120
1TŻ,2025-09-15,nieobecność,14
1TŻ,2025-09-15,obecność,166
1TŻ,2025-09-16,obecność,37
1TŻ,2025-09-17,obecność,132
1TŻ,2025-09-18,obecność,142
1TŻ,2025-09-19,nieob. uspraw.,24
1TŻ,2025-09-22,obecność,167
1TŻ,2025-09-23,obecność,116
1TŻ,2025-09-24,obecność,130
1TŻ,2025-09-25,obecność,134
1TŻ,2025-09-25,spóźnienie,2
1TŻ,2025-09-26,obecność,70
1TŻ,2025-09-26,spóźnienie,11
1TŻ,2025-09-29,obecność,187
1TŻ,2025-09-30,obecność,173
1TŻ,2025-10-01,obecność,150
1TŻ,2025-10-02,nieob. uspraw.,30
1TŻ,2025-10-03,obecność,121
1TŻ,2025-10-06,obecność,169
1TŻ,2025-10-06,nieobecność,5
1TŻ,2025-10-07,obecność,183
1TŻ,2025-10-08,obecność,92
1TŻ,2025-10-09,obecność,138
1TŻ,2025-10-10,obecność,88
1TŻ,2025-10-13,obecność,174
1TŻ,2025-10-14,obecność,134
1TŻ,2025-10-15,nieob. uspraw.,22
1TŻ,2025-10-16,obecność,123
1TŻ,2025-10-20,obecność,165
1TŻ,2025-10-21,obecność,176
1TŻ,2025-10-21,nieobecność,5
1TŻ,2025-10-22,obecność,151
1TŻ,2025-10-23,obecność,131
1TŻ,2025-10-24,obecność,136
1TŻ,2025-10-27,nieob. uspraw.,55
1TŻ,2025-10-27,nieobecność,22
1TŻ,2025-10-28,obecność,162
1TŻ,2025-10-28,nieobecność,23
1TŻ,2025-10-29,obecność,165
1TŻ,2025-10-30,obecność,137
1TŻ,2025-11-03,obecność,188
1TŻ,2025-11-03,nieobecność,10
1TŻ,2025-11-04,obecność,188
1TŻ,2025-11-05,obecność,138
1TŻ,2025-11-06,obecność,118
1TŻ,2025-11-07,obecność,118
1TŻ,2025-11-12,obecność,163
1TŻ,2025-11-13,obecność,123
1TŻ,2025-11-14,obecność,110
1TŻ,2025-11-17,obecność,174
1TŻ,2025-11-18,obecność,139
1TŻ,2025-11-19,obecność,132
1TŻ,2025-11-20,obecność,112
1TŻ,2025-11-21,obecność,117
1TŻ,2025-11-24,obecność,176
1TŻ,2025-11-25,obecność,180
1TŻ,2025-11-26,obecność,142
1TŻ,2025-11-27,obecność,133
1TŻ,2025-11-28,obecność,109
1TŻ,2025-12-01,obecność,162
1TŻ,2025-12-01,nieob. uspraw.,27
1TŻ,2025-12-02,obecność,190
1TŻ,2025-12-02,nieobecność,5
1TŻ,2025-12-03,spóźnienie,1
1TŻ,2025-12-03,obecność,128
1TŻ,2025-12-04,obecność,130
1TŻ,2025-12-05,obecność,110
1TŻ,2025-12-08,nieobecność,29
1TŻ,2025-12-09,obecność,179
1TŻ,2025-12-09,nieob. uspraw.,12
1TŻ,2025-12-10,spóźnienie,2
1TŻ,2025-12-10,obecność,143
1TŻ,2025-12-11,obecność,120
1TŻ,2025-12-12,obecność,129
1TŻ,2025-12-15,obecność,188
1TŻ,2025-12-16,spóźnienie,3
1TŻ,2025-12-16,obecność,152
1TŻ,2025-12-16,nieobecność,4
1TŻ,2025-12-17,obecność,138
1TŻ,2025-12-17,zwolniony,12
1TŻ,2025-12-18,nieob. uspraw.,30
1TŻ,2025-12-18,nieobecność,25
1TŻ,2025-12-19,nieob. uspraw.,76
1TŻ,2026-01-07,obecność,181
1TŻ,2026-01-08,obecność,119
1TŻ,2026-01-09,obecność,136
1TŻ,2026-01-12,obecność,168
1TŻ,2026-01-13,nieobecność,5
1TŻ,2026-01-13,obecność,151
1TŻ,2026-01-14,nieob. uspraw.,41
1TŻ,2026-01-15,nieob. uspraw.,61
1TŻ,2026-01-16,nieob. uspraw.,69
1TŻ,2026-01-16,obecność,48
1TŻ,2026-02-02,nieob. uspraw.,79
1TŻ,2026-02-03,nieob. uspraw.,88
1TŻ,2026-02-04,obecność,122
1TŻ,2026-02-04,nieobecność,22
1TŻ,2026-02-05,obecność,122
1TŻ,2026-02-06,obecność,113
1TŻ,2026-02-09,obecność,177
1TŻ,2026-02-10,obecność,162
1TŻ,2026-02-11,obecność,140
1TŻ,2026-02-11,nieobecność,21
1TŻ,2026-02-12,obecność,119
1TŻ,2026-02-13,obecność,115
1TŻ,2026-02-16,obecność,171
1TŻ,2026-02-17,obecność,178
1TŻ,2026-02-18,obecność,156
1TŻ,2026-02-18,spóźnienie,5
1TŻ,2026-02-19,nieobecność,9
1TŻ,2026-02-19,obecność,120
1TŻ,2026-02-20,nieobecność,14
1TŻ,2026-02-20,obecność,91
1TŻ,2026-02-23,obecność,123
1TŻ,2026-02-24,obecność,109
1TŻ,2026-02-24,spóźnienie,11
1TŻ,2026-02-24,nieobecność,2
1TŻ,2026-02-25,obecność,110
1TŻ,2026-02-26,obecność,82
1TŻ,2026-02-27,obecność,82
1TŻ,2026-03-02,obecność,165
1TŻ,2026-03-03,obecność,168
1TŻ,2026-03-03,nieobecność,2
1TŻ,2026-03-04,obecność,156
1TŻ,2026-03-04,spóźnienie,4
1TŻ,2026-03-05,obecność,91
1TŻ,2026-03-05,nieobecność,9
1TŻ,2026-03-06,obecność,127
1TŻ,2026-03-09,obecność,153
1TŻ,2026-03-10,nieob. uspraw.,34
1TŻ,2026-03-10,obecność,157
1TŻ,2026-03-11,nieob. uspraw.,36
1TŻ,2026-03-12,nieobecność,1
1TŻ,2026-03-12,obecność,40
1TŻ,2026-03-13,obecność,131
1TŻ,2026-03-16,nieob. uspraw.,39
1TŻ,2026-03-17,obecność,128
1TŻ,2026-03-17,nieob. uspraw.,50
1TŻ,2026-03-18,nieobecność,4
1TŻ,2026-03-18,nieob. uspraw.,50
1TŻ,2026-03-19,obecność,93
1TŻ,2026-03-20,nieobecność,9
1TŻ,2026-03-23,obecność,181
1TŻ,2026-03-24,obecność,155
1TŻ,2026-03-25,obecność,114
1TŻ,2026-03-26,obecność,102
1TŻ,2026-03-27,spóźnienie,8
1TŻ,2026-03-27,obecność,106
1TŻ,2026-03-27,nieobecność,3
1TŻ,2026-03-30,obecność,156
1TŻ,2026-03-31,obecność,144
1TŻ,2026-04-01,nieob. uspraw.,48
1TŻ,2026-04-08,nieobecność,8
1TŻ,2026-04-09,nieobecność,4
1TŻ,2026-04-09,spóźnienie,5
1TŻ,2026-04-09,obecność,115
1TŻ,2026-04-10,nieobecność,6
1TŻ,2026-04-10,obecność,94
1TŻ,2026-04-13,obecność,175
1TŻ,2026-04-13,nieobecność,4
1TŻ,2026-04-14,obecność,135
1TŻ,2026-04-15,obecność,151
1TŻ,2026-04-16,nieobecność,4
1TŻ,2026-04-16,spóźnienie,2
1TŻ,2026-04-16,obecność,88
1TŻ,2026-04-17,spóźnienie,5
1TŻ,2026-04-17,obecność,118
1TŻ,2026-04-20,obecność,166
1TŻ,2026-04-21,obecność,117
1TŻ,2026-04-21,nieobecność,4
1TŻ,2026-04-22,obecność,135
1TŻ,2026-04-23,nieob. uspr. p.s.,105
1TŻ,2026-04-24,nieobecność,9
1TŻ,2026-04-27,obecność,170
1TŻ,2026-04-28,obecność,155
1TŻ,2026-04-29,obecność,151
1TŻ,2026-04-30,obecność,143
1TŻ,2026-04-30,nieobecność,2
1TŻ,2026-05-06,obecność,81
1TŻ,2026-05-07,nieobecność,1
1TŻ,2026-05-07,obecność,98
1TŻ,2026-05-08,nieob. uspraw.,54
1TŻ,2026-05-11,nieob. uspraw.,30
1TŻ,2026-05-12,obecność,93
1TŻ,2026-05-12,nieobecność,6
1TŻ,2026-05-13,obecność,169
1TŻ,2026-05-13,nieobecność,1
1TŻ,2026-05-14,obecność,101
1TŻ,2026-05-15,obecność,124
1TŻ,2026-05-18,obecność,145
1TŻ,2026-05-19,obecność,108
1TŻ,2026-05-19,nieobecność,1
1TŻ,2026-05-20,obecność,117
1TŻ,2026-05-20,nieobecność,3
1TŻ,2026-05-21,nieobecność,6
1TŻ,2026-05-22,obecność,91
1TŻ,2026-05-25,nieobecność,12
1TŻ,2026-05-26,obecność,157
1TŻ,2026-05-27,obecność,111
1TŻ,2026-05-27,nieobecność,1
1TŻ,2026-05-28,nieobecność,7
1TŻ,2026-05-29,obecność,97
1TŻ,2026-06-01,obecność,140
1TŻ,2026-06-02,obecność,113
1TŻ,2026-06-02,nieobecność,7
1TŻ,2026-06-03,obecność,109
1TŻ,2026-06-08,nieobecność,8
1TŻ,2026-06-09,nieobecność,12
1TŻ,2026-06-09,spóźnienie,1
1TŻ,2026-06-09,obecność,111
1TŻ,2026-06-10,spóźnienie,1
1TŻ,2026-06-10,obecność,68
1TŻ,2026-06-10,nieobecność,4
1TŻ,2026-06-11,nieobecność,13
1TŻ,2026-06-11,obecność,72
1TŻ,2026-06-12,nieobecność,26
1TŻ,2026-06-15,nieobecność,20
1TŻ,2026-06-16,nieobecność,26
1TŻ,2026-06-17,nieobecność,16
1TŻ,2026-06-18,nieobecność,49
1TŻ,2026-06-19,nieobecność,72
1TŻ,2026-06-22,nieobecność,136
1TŻ,2026-06-23,nieobecność,117
1TŻ,2026-06-24,nieobecność,145
1TŻ,2026-06-25,nieobecność,151
1TŻ,2026-06-26,,150
1TŻ,2025-09-08,nieob. uspraw.,10
1TŻ,2025-09-11,nieob. uspr. p.s.,4
1TŻ,2025-09-15,nieob. uspraw.,20
1TŻ,2025-09-22,nieobecność,6
1TŻ,2025-09-23,nieob. uspraw.,18
1TŻ,2025-09-23,spóźn. uspr.,1
1TŻ,2025-09-24,nieob. uspraw.,18
1TŻ,2025-09-25,nieob. uspraw.,37
1TŻ,2025-09-26,nieob. uspraw.,60
1TŻ,2025-09-29,nieobecność,3
1TŻ,2025-10-01,spóźnienie,5
1TŻ,2025-10-01,nieobecność,7
1TŻ,2025-10-03,nieob. uspraw.,14
1TŻ,2025-10-09,nieobecność,7
1TŻ,2025-10-10,spóźnienie,8
1TŻ,2025-10-13,nieob. uspraw.,11
1TŻ,2025-10-14,spóźnienie,3
1TŻ,2025-10-15,nieobecność,20
1TŻ,2025-10-16,nieobecność,10
1TŻ,2025-10-22,nieobecność,2
1TŻ,2025-10-23,nieobecność,6
1TŻ,2025-10-27,obecność,118
1TŻ,2025-10-27,spóźnienie,4
1TŻ,2025-11-06,nieob. uspraw.,19
1TŻ,2025-11-07,nieob. uspraw.,26
1TŻ,2025-11-17,nieob. uspraw.,24
1TŻ,2025-11-18,nieob. uspraw.,23
1TŻ,2025-11-19,nieobecność,13
1TŻ,2025-11-24,nieob. uspraw.,13
1TŻ,2025-11-26,nieobecność,3
1TŻ,2025-11-28,nieob. uspraw.,39
1TŻ,2025-12-08,nieob. uspraw.,53
1TŻ,2025-12-12,nieob. uspraw.,12
1TŻ,2025-12-18,obecność,86
1TŻ,2026-01-07,nieobecność,5
1TŻ,2026-01-14,obecność,124
1TŻ,2026-01-14,nieobecność,20
1TŻ,2026-01-15,nieobecność,18
1TŻ,2026-01-16,nieobecność,31
1TŻ,2026-02-04,nieob. uspraw.,23
1TŻ,2026-02-09,nieob. uspraw.,8
1TŻ,2026-02-13,nieobecność,9
1TŻ,2026-02-13,spóźnienie,1
1TŻ,2026-02-17,nieobecność,9
1TŻ,2026-02-19,nieob. uspraw.,18
1TŻ,2026-02-20,spóźnienie,2
1TŻ,2026-02-24,nieob. uspraw.,73
1TŻ,2026-03-05,nieob. uspraw.,23
1TŻ,2026-03-06,nieob. uspraw.,9
1TŻ,2026-03-09,nieob. uspraw.,43
1TŻ,2026-03-11,obecność,136
1TŻ,2026-03-16,obecność,132
1TŻ,2026-03-17,nieobecność,16
1TŻ,2026-03-17,spóźnienie,4
1TŻ,2026-03-18,obecność,106
1TŻ,2026-03-20,nieob. uspraw.,108
1TŻ,2026-03-24,nieobecność,6
1TŻ,2026-03-25,nieobecność,2
1TŻ,2026-03-31,nieob. uspraw.,22
1TŻ,2026-04-01,obecność,122
1TŻ,2026-04-08,obecność,137
1TŻ,2026-04-09,nieob. uspraw.,21
1TŻ,2026-04-16,nieob. uspraw.,44
1TŻ,2026-04-17,nieobecność,4
1TŻ,2026-04-20,nieobecność,2
1TŻ,2026-04-21,nieob. uspraw.,51
1TŻ,2026-04-24,obecność,67
1TŻ,2026-04-29,nieob. uspr. p.s.,8
1TŻ,2026-05-06,nieobecność,12
1TŻ,2026-05-07,spóźnienie,2
1TŻ,2026-05-08,obecność,81
1TŻ,2026-05-11,obecność,167
1TŻ,2026-05-12,nieob. uspraw.,26
1TŻ,2026-05-18,nieob. uspraw.,48
1TŻ,2026-05-19,nieob. uspr. p.s.,11
1TŻ,2026-05-20,nieob. uspr. p.s.,17
1TŻ,2026-05-21,obecność,91
1TŻ,2026-05-22,nieob. uspraw.,81
1TŻ,2026-05-25,obecność,161
1TŻ,2026-05-25,nieob. uspraw.,26
1TŻ,2026-05-27,nieob. uspr. p.s.,17
1TŻ,2026-05-28,obecność,88
1TŻ,2026-05-29,nieobecność,1
1TŻ,2026-06-01,nieob. uspraw.,50
1TŻ,2026-06-02,spóźnienie,8
1TŻ,2026-06-02,nieob. uspraw.,19
1TŻ,2026-06-08,obecność,105
1TŻ,2026-06-08,nieob. uspraw.,68
1TŻ,2026-06-10,nieob. uspraw.,43
1TŻ,2026-06-12,obecność,68
1TŻ,2026-06-15,nieob. uspraw.,81
1TŻ,2026-06-16,obecność,79
1TŻ,2026-06-16,nieob. uspraw.,64
1TŻ,2026-06-17,nieob. uspraw.,51
1TŻ,2026-06-18,obecność,32
1TŻ,2026-06-18,zwolniony,3
1TŻ,2026-06-19,obecność,20
1TŻ,2025-09-09,nieobecność,2
1TŻ,2025-09-17,nieobecność,5
1TŻ,2025-09-17,nieob. uspraw.,1
1TŻ,2025-09-19,nieobecność,24
1TŻ,2025-09-23,nieobecność,4
1TŻ,2025-09-23,spóźnienie,3
1TŻ,2025-09-24,nieobecność,2
1TŻ,2025-09-30,nieobecność,4
1TŻ,2025-10-02,nieobecność,12
1TŻ,2025-10-07,nieobecność,5
1TŻ,2025-10-10,nieobecność,8
1TŻ,2025-10-13,nieobecność,2
1TŻ,2025-10-14,nieobecność,1
1TŻ,2025-10-15,spóźn. uspr.,3
1TŻ,2025-10-15,obecność,127
1TŻ,2025-10-16,nieob. uspraw.,13
1TŻ,2025-10-20,nieobecność,18
1TŻ,2025-10-22,nieob. uspraw.,9
1TŻ,2025-10-23,spóźnienie,1
1TŻ,2025-10-24,nieobecność,2
1TŻ,2025-10-29,nieobecność,2
1TŻ,2025-11-04,nieobecność,9
1TŻ,2025-11-05,nieobecność,15
1TŻ,2025-11-06,nieobecność,7
1TŻ,2025-11-13,nieobecność,8
1TŻ,2025-11-13,spóźnienie,6
1TŻ,2025-11-14,nieobecność,5
1TŻ,2025-11-18,nieobecność,10
1TŻ,2025-11-20,nieobecność,1
1TŻ,2025-11-20,spóźnienie,2
1TŻ,2025-11-21,nieobecność,12
1TŻ,2025-11-24,nieobecność,9
1TŻ,2025-11-25,nieobecność,2
1TŻ,2025-11-26,spóźnienie,4
1TŻ,2025-11-28,spóźnienie,2
1TŻ,2025-12-01,nieobecność,9
1TŻ,2025-12-03,nieob. uspr. p.s.,18
1TŻ,2025-12-03,nieobecność,17
1TŻ,2025-12-04,nieobecność,9
1TŻ,2025-12-04,spóźnienie,1
1TŻ,2025-12-08,obecność,85
1TŻ,2025-12-09,nieobecność,4
1TŻ,2025-12-10,nieobecność,9
1TŻ,2025-12-11,nieobecność,10
1TŻ,2025-12-11,spóźnienie,5
1TŻ,2025-12-12,nieob. uspr. p.s.,2
1TŻ,2025-12-17,nieobecność,11
1TŻ,2025-12-19,nieobecność,20
1TŻ,2025-12-19,obecność,54
1TŻ,2026-01-15,obecność,41
1TŻ,2026-01-16,nieob. uspr. p.s.,2
1TŻ,2026-02-02,nieobecność,17
1TŻ,2026-02-03,nieobecność,17
1TŻ,2026-02-03,obecność,92
1TŻ,2026-02-03,nieob. uspr. p.s.,2
1TŻ,2026-02-04,spóźnienie,3
1TŻ,2026-02-05,nieobecność,2
1TŻ,2026-02-06,spóźnienie,4
1TŻ,2026-02-09,nieobecność,4
1TŻ,2026-02-10,nieobecność,24
1TŻ,2026-02-10,spóźnienie,7
1TŻ,2026-02-13,nieob. uspraw.,18
1TŻ,2026-02-16,nieobecność,4
1TŻ,2026-02-17,spóźnienie,2
1TŻ,2026-02-18,nieobecność,2
1TŻ,2026-02-20,nieob. uspraw.,42
1TŻ,2026-02-23,nieob. uspraw.,73
1TŻ,2026-02-25,nieob. uspraw.,63
1TŻ,2026-02-26,nieob. uspraw.,63
1TŻ,2026-02-27,nieob. uspraw.,66
1TŻ,2026-03-02,nieob. uspraw.,33
1TŻ,2026-03-03,nieob. uspraw.,27
1TŻ,2026-03-04,nieob. uspraw.,7
1TŻ,2026-03-10,spóźnienie,1
1TŻ,2026-03-20,obecność,30
1TŻ,2026-03-20,zwolniony,1
1TŻ,2026-03-23,nieob. uspraw.,17
1TŻ,2026-03-24,nieob. uspraw.,35
1TŻ,2026-03-26,nieobecność,1
1TŻ,2026-03-26,spóźnienie,6
1TŻ,2026-03-30,nieobecność,6
1TŻ,2026-03-31,nieobecność,4
1TŻ,2026-03-31,spóźnienie,2
1TŻ,2026-04-01,spóźnienie,3
1TŻ,2026-04-08,nieob. uspr. p.s.,5
1TŻ,2026-04-13,spóźnienie,6
1TŻ,2026-04-14,spóźnienie,2
1TŻ,2026-04-20,nieob. uspr. p.s.,3
1TŻ,2026-04-23,obecność,6
1TŻ,2026-04-24,nieob. uspraw.,74
1TŻ,2026-04-30,spóźnienie,2
1TŻ,2026-05-06,spóźnienie,2
1TŻ,2026-05-08,nieobecność,1
1TŻ,2026-05-08,nieob. uspr. p.s.,1
1TŻ,2026-05-11,nieobecność,1
1TŻ,2026-05-13,spóźnienie,2
1TŻ,2026-05-15,nieobecność,1
1TŻ,2026-05-22,spóźnienie,2
1TŻ,2026-05-28,spóźnienie,2
1TŻ,2026-05-29,spóźnienie,1
1TŻ,2026-06-01,spóźnienie,2
1TŻ,2026-06-03,nieobecność,10
1TŻ,2026-06-15,obecność,95
1TŻ,2026-06-15,nieob. uspr. p.s.,4
1TŻ,2026-06-17,obecność,58
1TŻ,2026-06-19,nieob. uspr. p.s.,3
1TŻ,2026-06-22,obecność,24
1TŻ,2026-06-24,obecność,3
1TŻ,2025-09-18,nieob. uspr. p.s.,5
1TŻ,2025-09-19,obecność,98
1TŻ,2025-10-02,obecność,108
1TŻ,2025-10-03,nieobecność,11
1TŻ,2025-10-08,nieobecność,2
1TŻ,2025-10-10,nieob. uspr. p.s.,9
1TŻ,2025-12-08,nieob. uspr. p.s.,33
1TŻ,2025-12-12,nieobecność,7
1TŻ,2025-12-17,spóźnienie,2
1TŻ,2025-12-18,nieob. uspr. p.s.,8
1TŻ,2026-01-09,nieobecność,5
1TŻ,2026-01-12,spóźnienie,2
1TŻ,2026-01-12,nieobecność,3
1TŻ,2026-02-02,obecność,102
1TŻ,2026-02-04,nieob. uspr. p.s.,4
1TŻ,2026-02-05,nieob. uspr. p.s.,4
1TŻ,2026-02-06,nieob. uspr. p.s.,4
1TŻ,2026-02-06,nieobecność,13
1TŻ,2026-02-09,nieob. uspr. p.s.,11
1TŻ,2026-02-10,nieob. uspr. p.s.,2
1TŻ,2026-02-10,nieob. uspraw.,3
1TŻ,2026-02-11,nieob. uspr. p.s.,9
1TŻ,2026-02-12,nieob. uspr. p.s.,17
1TŻ,2026-02-13,nieob. uspr. p.s.,6
1TŻ,2026-02-17,nieob. uspraw.,10
1TŻ,2026-02-27,nieobecność,2
1TŻ,2026-03-05,spóźnienie,1
1TŻ,2026-03-06,nieobecność,5
1TŻ,2026-03-06,spóźnienie,4
1TŻ,2026-03-10,nieobecność,3
1TŻ,2026-03-11,nieobecność,2
1TŻ,2026-03-12,nieob. uspr. p.s.,55
1TŻ,2026-03-13,nieob. uspr. p.s.,7
1TŻ,2026-03-19,nieob. uspr. p.s.,21
1TŻ,2026-03-20,spóźnienie,2
1TŻ,2026-03-25,nieob. uspr. p.s.,7
1TŻ,2026-03-30,nieob. uspraw.,31
1TŻ,2026-04-08,spóźnienie,2
1TŻ,2026-04-21,spóźnienie,2
1TŻ,2026-04-22,nieobecność,1
1TŻ,2026-04-23,nieobecność,5
1TŻ,2026-04-27,spóźnienie,1
1TŻ,2026-04-27,nieobecność,2
1TŻ,2026-04-28,nieobecność,2
1TŻ,2026-05-12,spóźnienie,2
1TŻ,2026-06-01,nieob. uspr. p.s.,4
1TŻ,2026-06-01,nieobecność,4
1TŻ,2026-06-08,nieob. uspr. p.s.,6
1TŻ,2026-06-09,nieob. uspraw.,45
1TŻ,2026-06-11,nieob. uspr. p.s.,9
1TŻ,2025-09-09,spóźnienie,2
1TŻ,2025-12-17,nieob. uspraw.,9
1TŻ,2026-02-05,nieob. uspraw.,19
1TŻ,2026-02-06,nieob. uspraw.,16
1TŻ,2026-02-11,nieob. uspraw.,4
1TŻ,2026-02-12,nieob. uspraw.,8
1TŻ,2026-02-24,spóźn. uspr.,4
1TŻ,2026-03-04,nieob. uspr. p.s.,4
1TŻ,2026-03-05,nieob. uspr. p.s.,22
1TŻ,2026-03-16,nieob. uspr. p.s.,26
1TŻ,2026-03-18,nieob. uspr. p.s.,14
1TŻ,2026-03-27,nieob. uspraw.,25
1TŻ,2026-04-10,nieob. uspraw.,49
1TŻ,2026-04-14,nieob. uspraw.,17
1TŻ,2026-04-15,nieob. uspr. p.s.,13
1TŻ,2026-04-16,nieob. uspr. p.s.,8
1TŻ,2026-04-17,nieob. uspr. p.s.,7
1TŻ,2026-04-21,nieob. uspr. p.s.,12
1TŻ,2026-04-22,nieob. uspr. p.s.,15
1TŻ,2026-04-22,nieob. uspraw.,23
1TŻ,2026-04-30,nieob. uspraw.,22
1TŻ,2026-05-06,nieob. uspraw.,52
1TŻ,2026-05-12,nieob. uspr. p.s.,21
1TŻ,2026-05-15,nieob. uspraw.,24
1TŻ,2026-06-03,nieob. uspraw.,31
1TŻ,2026-06-09,nieob. uspr. p.s.,3
1TŻ,2026-06-10,nieob. uspr. p.s.,8
1TŻ,2026-06-11,nieob. uspraw.,52
1TŻ,2026-06-12,nieob. uspraw.,56
1TŻ,2026-06-16,nieob. uspr. p.s.,5
1TŻ,2026-06-18,nieob. uspraw.,56
1TŻ,2026-06-19,nieob. uspraw.,55
1TŻ,2026-06-22,nieob. uspraw.,40
1TŻ,2026-06-23,nieob. uspraw.,30
1TŻ,2025-09-09,spóźn. uspr.,1
1TŻ,2025-09-30,nieob. uspraw.,20
1TŻ,2025-10-14,nieob. uspraw.,12
1TŻ,2025-10-27,spóźn. uspr.,1
1TŻ,2026-02-13,spóźn. uspr.,1
1TŻ,2026-02-18,spóźn. uspr.,2
1TŻ,2026-02-20,spóźn. uspr.,1
1TŻ,2026-03-27,spóźn. uspr.,4
1TŻ,2026-03-31,spóźn. uspr.,2
1TŻ,2026-04-08,nieob. uspraw.,22
1TŻ,2026-04-09,spóźn. uspr.,2
1TŻ,2026-04-17,nieob. uspraw.,15
1TŻ,2026-05-07,spóźn. uspr.,2
1TŻ,2026-06-02,spóźn. uspr.,2
1TŻ,2025-09-18,nieobecność,7
1TŻ,2025-09-26,nieobecność,7
1TŻ,2025-10-01,nieob. uspr. p.s.,6
1TŻ,2025-10-10,nieob. uspraw.,37
1TŻ,2025-10-13,nieob. uspr. p.s.,13
1TŻ,2025-11-06,nieob. uspr. p.s.,6
1TŻ,2025-11-13,nieob. uspr. p.s.,1
1TŻ,2025-11-20,nieob. uspr. p.s.,5
1TŻ,2025-11-27,nieob. uspr. p.s.,3
1TŻ,2025-12-05,nieobecność,5
1TŻ,2025-12-10,nieob. uspr. p.s.,2
1TŻ,2025-12-16,nieob. uspr. p.s.,2
1TŻ,2026-01-09,nieob. uspraw.,9
1TŻ,2026-01-12,nieob. uspraw.,25
1TŻ,2026-01-13,nieob. uspraw.,16
1TŻ,2026-02-18,nieob. uspraw.,9
1TŻ,2026-03-03,spóźnienie,2
1TŻ,2026-03-04,nieobecność,2
1TŻ,2026-03-12,nieob. uspraw.,26
1TŻ,2026-03-13,nieob. uspraw.,12
1TŻ,2026-03-19,nieob. uspraw.,29
1TŻ,2026-03-25,nieob. uspraw.,26
1TŻ,2026-03-26,nieob. uspraw.,19
1TŻ,2026-04-15,spóźnienie,2
1TŻ,2026-04-23,nieob. uspraw.,6
1TŻ,2026-04-27,nieob. uspraw.,25
1TŻ,2026-04-28,nieob. uspraw.,16
1TŻ,2026-04-30,nieob. uspr. p.s.,3
1TŻ,2026-05-07,nieob. uspraw.,44
1TŻ,2026-05-14,nieob. uspraw.,20
1TŻ,2026-05-19,nieob. uspraw.,29
1TŻ,2026-05-20,nieob. uspraw.,38
1TŻ,2026-05-21,nieob. uspraw.,49
1TŻ,2026-05-26,nieob. uspraw.,17
1TŻ,2026-05-27,nieob. uspraw.,21
1TŻ,2026-05-28,nieob. uspraw.,31
1TŻ,2026-05-29,nieob. uspraw.,26
1TŻ,2025-09-11,nieobecność,7
1TŻ,2025-09-23,nieob. uspr. p.s.,8
1TŻ,2025-10-03,nieob. uspr. p.s.,4
1TŻ,2025-10-15,nieob. uspr. p.s.,3
1TŻ,2025-10-20,nieob. uspraw.,16
1TŻ,2025-10-21,nieob. uspraw.,16
1TŻ,2025-10-23,nieob. uspraw.,12
1TŻ,2025-10-24,nieob. uspraw.,12
1TŻ,2025-10-29,nieob. uspraw.,8
1TŻ,2025-10-30,nieob. uspraw.,13
1TŻ,2025-12-10,spóźn. uspr.,3
1TŻ,2026-03-16,nieobecność,3
1TŻ,2026-03-19,spóźn. uspr.,2
1TŻ,2026-03-26,spóźn. uspr.,1
1TŻ,2026-04-29,nieob. uspraw.,15
1TŻ,2026-06-24,nieob. uspraw.,27
1TŻ,2026-06-25,nieob. uspraw.,20
1TŻ,2025-09-29,nieob. uspraw.,10
1TŻ,2025-10-28,nieob. uspraw.,11
1TŻ,2025-11-05,nieob. uspr. p.s.,14
1TŻ,2025-11-07,nieobecność,5
1TŻ,2025-11-14,nieob. uspraw.,23
1TŻ,2025-11-19,nieob. uspr. p.s.,3
1TŻ,2025-11-21,nieob. uspr. p.s.,3
1TŻ,2025-12-16,nieob. uspraw.,10
1TŻ,2026-02-12,nieobecność,2
1TŻ,2026-02-16,spóźn. uspr.,1
1TŻ,2026-03-06,nieob. uspr. p.s.,5
1TŻ,2026-03-23,spóźnienie,1
1TŻ,2026-04-14,nieob. uspr. p.s.,42
1TŻ,2026-04-20,nieob. uspraw.,27
1TŻ,2026-05-28,nieob. uspr. p.s.,18
1TŻ,2025-10-08,nieob. uspr. p.s.,81
1TŻ,2025-11-24,nieob. uspr. p.s.,1
1TŻ,2025-12-04,nieob. uspr. p.s.,1
1TŻ,2025-12-09,nieob. uspr. p.s.,1
1TŻ,2025-12-17,nieob. uspr. p.s.,2
1TŻ,2026-01-14,nieob. uspr. p.s.,2
1TŻ,2026-01-15,nieob. uspr. p.s.,4
1TŻ,2026-02-10,spóźn. uspr.,1
1TŻ,2026-03-05,spóźn. uspr.,1
1TŻ,2026-04-13,spóźn. uspr.,1
1TŻ,2026-04-16,spóźn. uspr.,1
1TŻ,2026-06-08,spóźnienie,1
1TŻ,2026-06-09,spóźn. uspr.,2
1TŻ,2025-09-26,spóźn. uspr.,2
1TŻ,2025-12-04,nieob. uspraw.,8
1TŻ,2025-12-05,nieob. uspraw.,10
1TŻ,2026-03-17,nieob. uspr. p.s.,1
1TŻ,2026-03-23,nieob. uspr. p.s.,1
1TŻ,2026-03-26,nieob. uspr. p.s.,18
1TŻ,2026-06-18,nieob. uspr. p.s.,6
1TŻ,2025-09-25,nieobecność,2
1TŻ,2025-10-28,spóźn. uspr.,1
1TŻ,2025-11-03,nieob. uspraw.,1
1TŻ,2025-11-05,nieob. uspraw.,8
1TŻ,2025-11-07,spóźn. uspr.,1
1TŻ,2025-11-19,nieob. uspraw.,27
1TŻ,2025-11-20,nieob. uspraw.,30
1TŻ,2025-11-21,nieob. uspraw.,18
1TŻ,2025-11-24,spóźn. uspr.,1
1TŻ,2025-11-26,spóźn. uspr.,4
1TŻ,2025-12-02,nieob. uspraw.,1
1TŻ,2025-12-03,nieob. uspraw.,10
1TŻ,2025-12-09,spóźn. uspr.,1
1TŻ,2025-12-11,spóźn. uspr.,3
1TŻ,2025-12-16,spóźn. uspr.,1
1TŻ,2026-02-23,nieob. uspr. p.s.,4
1TŻ,2026-02-25,spóźnienie,1
1TŻ,2026-02-26,nieobecność,1
1TŻ,2026-03-30,spóźnienie,1
1TŻ,2026-04-13,nieob. uspraw.,11
1TŻ,2026-04-15,nieob. uspraw.,8
1TŻ,2026-04-20,spóźn. uspr.,2
1TŻ,2026-05-12,spóźn. uspr.,1
1TŻ,2026-05-13,nieob. uspraw.,3
1TŻ,2026-06-10,spóźn. uspr.,1
1TŻ,2025-11-13,nieob. uspraw.,12
1TŻ,2025-11-27,nieob. uspraw.,13
1TŻ,2025-12-02,spóźn. uspr.,1
1TŻ,2025-12-15,nieob. uspraw.,8
1TŻ,2026-02-12,spóźnienie,1
1TŻ,2025-09-22,nieob. uspraw.,19
1TŻ,2025-10-06,nieob. uspraw.,24
1TŻ,2025-11-25,nieob. uspraw.,15
1TŻ,2025-11-26,nieob. uspraw.,22
1TŻ,2025-12-11,nieob. uspraw.,11
1TŻ,2026-03-09,nieob. uspr. p.s.,4
1TŻ,2026-03-10,nieob. uspr. p.s.,4
1TŻ,2026-03-24,nieob. uspr. p.s.,3
1TŻ,2026-03-27,nieob. uspr. p.s.,4
1TŻ,2026-03-30,nieob. uspr. p.s.,6
1TŻ,2026-04-01,spóźn. uspr.,1
1TŻ,2026-04-13,nieob. uspr. p.s.,3
1TŻ,2026-04-21,spóźn. uspr.,1
1TŻ,2026-05-18,nieob. uspr. p.s.,7
1TŻ,2025-10-09,nieob. uspraw.,5
1TŻ,2026-01-12,nieob. uspr. p.s.,2
1TŻ,2025-09-09,nieob. uspraw.,8
1TŻ,2025-09-10,nieob. uspraw.,16
1TŻ,2025-09-11,nieob. uspraw.,14
1TŻ,2025-09-12,nieob. uspraw.,5
1TŻ,2025-09-18,nieob. uspraw.,9
1TŻ,2025-10-07,nieob. uspraw.,8
1TŻ,2026-01-08,nieobecność,5
1TŻ,2026-02-02,nieob. uspr. p.s.,2
1TŻ,2026-02-16,nieob. uspraw.,20
1TŻ,2025-10-07,spóźn. uspr.,1
1TŻ,2025-10-16,nieob. uspr. p.s.,4
1TŻ,2025-12-10,nieob. uspraw.,15
1TŻ,2025-12-15,spóźnienie,1
1TŻ,2025-12-15,nieob. uspr. p.s.,2
1TŻ,2026-01-07,nieob. uspraw.,13
1TŻ,2026-02-16,nieob. uspr. p.s.,3
1TŻ,2026-03-04,spóźn. uspr.,1
1TŻ,2026-04-10,spóźnienie,1
1TŻ,2026-04-17,spóźn. uspr.,1
1TŻ,2026-04-27,spóźn. uspr.,1
1TŻ,2026-05-22,nieobecność,1
1TŻ,2025-10-06,nieob. uspr. p.s.,2
1TŻ,2026-03-02,nieob. uspr. p.s.,2
1TŻ,2026-03-19,spóźnienie,2
1TŻ,2026-04-14,nieobecność,3
1TŻ,2026-05-11,nieob. uspr. p.s.,2
1TŻ,2025-11-17,spóźnienie,1
1TŻ,2026-06-23,obecność,2
1TŻ,2025-10-20,nieob. uspr. p.s.,1
1TŻ,2026-04-27,nieob. uspr. p.s.,1
1TŻ,2025-10-01,nieob. uspraw.,7
1TŻ,2025-11-03,nieob. uspr. p.s.,1
1TŻ,2025-12-15,spóźn. uspr.,1
1TŻ,2026-05-25,nieob. uspr. p.s.,1
1TŻ,2025-09-19,nieob. uspr. p.s.,4
1TŻ,2025-09-22,nieob. uspr. p.s.,8
1TŻ,2025-11-17,nieob. uspr. p.s.,1
1TŻ,2025-12-01,nieob. uspr. p.s.,2
1TŻ,2026-02-16,spóźnienie,1
1TŻ,2026-02-26,nieob. uspr. p.s.,1
1TŻ,2026-04-28,nieob. uspr. p.s.,1
1TŻ,2026-05-06,nieob. uspr. p.s.,2
1TŻ,2026-05-08,spóźnienie,1
1TŻ,2026-05-15,nieob. uspr. p.s.,1
2TMŻ,2025-09-01,obecność,216
2TMŻ,2025-09-02,obecność,205
2TMŻ,2025-09-03,obecność,169
2TMŻ,2025-09-04,obecność,199
2TMŻ,2025-09-05,obecność,191
2TMŻ,2025-09-08,obecność,172
2TMŻ,2025-09-09,obecność,176
2TMŻ,2025-09-10,obecność,152
2TMŻ,2025-09-10,spóźnienie,5
2TMŻ,2025-09-11,obecność,184
2TMŻ,2025-09-12,obecność,111
2TMŻ,2025-09-12,nieobecność,8
2TMŻ,2025-09-15,obecność,174
2TMŻ,2025-09-16,obecność,218
2TMŻ,2025-09-17,obecność,157
2TMŻ,2025-09-18,obecność,188
2TMŻ,2025-09-19,obecność,143
2TMŻ,2025-09-22,obecność,173
2TMŻ,2025-09-23,nieobecność,15
2TMŻ,2025-09-24,obecność,136
2TMŻ,2025-09-25,obecność,138
2TMŻ,2025-09-25,spóźnienie,1
2TMŻ,2025-09-25,nieobecność,4
2TMŻ,2025-09-26,obecność,106
2TMŻ,2025-09-29,obecność,194
2TMŻ,2025-09-29,spóźnienie,2
2TMŻ,2025-09-30,obecność,185
2TMŻ,2025-09-30,nieobecność,2
2TMŻ,2025-10-01,obecność,139
2TMŻ,2025-10-02,obecność,170
2TMŻ,2025-10-03,obecność,126
2TMŻ,2025-10-06,obecność,171
2TMŻ,2025-10-07,obecność,188
2TMŻ,2025-10-08,nieobecność,9
2TMŻ,2025-10-09,obecność,171
2TMŻ,2025-10-09,nieobecność,4
2TMŻ,2025-10-10,nieobecność,8
2TMŻ,2025-10-13,obecność,161
2TMŻ,2025-10-14,obecność,152
2TMŻ,2025-10-15,obecność,144
2TMŻ,2025-10-16,obecność,128
2TMŻ,2025-10-20,obecność,183
2TMŻ,2025-10-21,obecność,209
2TMŻ,2025-10-22,obecność,171
2TMŻ,2025-10-23,obecność,172
2TMŻ,2025-10-23,nieobecność,16
2TMŻ,2025-10-24,obecność,125
2TMŻ,2025-10-24,spóźnienie,3
2TMŻ,2025-10-27,obecność,151
2TMŻ,2025-10-28,obecność,185
2TMŻ,2025-10-28,nieobecność,9
2TMŻ,2025-10-29,nieob. uspr. p.s.,6
2TMŻ,2025-10-29,obecność,143
2TMŻ,2025-10-30,obecność,134
2TMŻ,2025-10-30,nieob. uspr. p.s.,11
2TMŻ,2025-11-03,obecność,198
2TMŻ,2025-11-03,nieob. uspr. p.s.,14
2TMŻ,2025-11-04,obecność,174
2TMŻ,2025-11-05,obecność,157
2TMŻ,2025-11-06,obecność,164
2TMŻ,2025-11-07,obecność,139
2TMŻ,2025-11-07,nieob. uspr. p.s.,9
2TMŻ,2025-11-07,spóźnienie,9
2TMŻ,2025-11-12,obecność,147
2TMŻ,2025-11-13,obecność,150
2TMŻ,2025-11-13,nieobecność,17
2TMŻ,2025-11-14,obecność,125
2TMŻ,2025-11-17,obecność,157
2TMŻ,2025-11-17,nieob. uspr. p.s.,9
2TMŻ,2025-11-18,obecność,203
2TMŻ,2025-11-19,obecność,157
2TMŻ,2025-11-19,spóźnienie,2
2TMŻ,2025-11-20,obecność,150
2TMŻ,2025-11-20,spóźnienie,4
2TMŻ,2025-11-21,obecność,144
2TMŻ,2025-11-24,obecność,156
2TMŻ,2025-11-24,nieobecność,18
2TMŻ,2025-11-25,obecność,181
2TMŻ,2025-11-26,obecność,128
2TMŻ,2025-11-27,nieobecność,9
2TMŻ,2025-11-27,obecność,152
2TMŻ,2025-11-28,obecność,129
2TMŻ,2025-11-28,nieobecność,14
2TMŻ,2025-12-01,nieob. uspr. p.s.,13
2TMŻ,2025-12-01,obecność,161
2TMŻ,2025-12-02,nieob. uspr. p.s.,5
2TMŻ,2025-12-02,obecność,186
2TMŻ,2025-12-03,obecność,142
2TMŻ,2025-12-03,nieob. uspr. p.s.,13
2TMŻ,2025-12-04,obecność,183
2TMŻ,2025-12-05,obecność,155
2TMŻ,2025-12-05,nieobecność,6
2TMŻ,2025-12-08,obecność,149
2TMŻ,2025-12-09,obecność,181
2TMŻ,2025-12-10,obecność,117
2TMŻ,2025-12-11,obecność,160
2TMŻ,2025-12-12,obecność,128
2TMŻ,2025-12-12,nieobecność,19
2TMŻ,2025-12-15,obecność,171
2TMŻ,2025-12-16,obecność,164
2TMŻ,2025-12-16,spóźnienie,4
2TMŻ,2025-12-17,obecność,152
2TMŻ,2025-12-17,nieobecność,16
2TMŻ,2025-12-17,spóźnienie,3
2TMŻ,2025-12-18,obecność,138
2TMŻ,2025-12-18,nieobecność,15
2TMŻ,2025-12-19,obecność,198
2TMŻ,2026-01-07,obecność,110
2TMŻ,2026-01-07,spóźnienie,1
2TMŻ,2026-01-07,nieobecność,18
2TMŻ,2026-01-08,obecność,98
2TMŻ,2026-01-08,nieobecność,16
2TMŻ,2026-01-09,obecność,118
2TMŻ,2026-01-09,nieobecność,20
2TMŻ,2026-01-12,obecność,143
2TMŻ,2026-01-13,obecność,142
2TMŻ,2026-01-14,obecność,138
2TMŻ,2026-01-14,nieobecność,19
2TMŻ,2026-01-15,nieobecność,7
2TMŻ,2026-01-16,nieobecność,16
2TMŻ,2026-02-02,obecność,160
2TMŻ,2026-02-02,nieobecność,14
2TMŻ,2026-02-03,obecność,167
2TMŻ,2026-02-04,obecność,164
2TMŻ,2026-02-04,nieobecność,2
2TMŻ,2026-02-05,spóźnienie,1
2TMŻ,2026-02-05,obecność,166
2TMŻ,2026-02-06,nieobecność,7
2TMŻ,2026-02-09,obecność,189
2TMŻ,2026-02-10,obecność,187
2TMŻ,2026-02-11,obecność,156
2TMŻ,2026-02-12,obecność,196
2TMŻ,2026-02-13,nieobecność,14
2TMŻ,2026-02-16,obecność,195
2TMŻ,2026-02-17,obecność,190
2TMŻ,2026-02-18,obecność,168
2TMŻ,2026-02-19,obecność,185
2TMŻ,2026-02-19,nieobecność,13
2TMŻ,2026-02-20,obecność,137
2TMŻ,2026-02-20,nieobecność,19
2TMŻ,2026-02-23,obecność,136
2TMŻ,2026-02-24,obecność,151
2TMŻ,2026-02-25,spóźnienie,13
2TMŻ,2026-02-25,obecność,106
2TMŻ,2026-02-25,nieobecność,3
2TMŻ,2026-02-26,obecność,126
2TMŻ,2026-02-26,nieobecność,15
2TMŻ,2026-02-27,nieobecność,9
2TMŻ,2026-03-02,obecność,175
2TMŻ,2026-03-03,obecność,165
2TMŻ,2026-03-04,obecność,132
2TMŻ,2026-03-04,nieobecność,15
2TMŻ,2026-03-05,obecność,154
2TMŻ,2026-03-05,nieobecność,2
2TMŻ,2026-03-06,obecność,103
2TMŻ,2026-03-06,nieobecność,11
2TMŻ,2026-03-09,obecność,187
2TMŻ,2026-03-10,obecność,174
2TMŻ,2026-03-11,obecność,144
2TMŻ,2026-03-11,nieobecność,10
2TMŻ,2026-03-12,nieobecność,18
2TMŻ,2026-03-13,nieob. uspr. p.s.,7
2TMŻ,2026-03-16,obecność,190
2TMŻ,2026-03-16,nieobecność,3
2TMŻ,2026-03-17,obecność,178
2TMŻ,2026-03-17,nieobecność,8
2TMŻ,2026-03-18,obecność,148
2TMŻ,2026-03-18,nieobecność,2
2TMŻ,2026-03-19,obecność,153
2TMŻ,2026-03-19,nieobecność,5
2TMŻ,2026-03-20,nieobecność,14
2TMŻ,2026-03-23,obecność,162
2TMŻ,2026-03-24,obecność,186
2TMŻ,2026-03-25,obecność,147
2TMŻ,2026-03-25,spóźnienie,4
2TMŻ,2026-03-25,nieobecność,8
2TMŻ,2026-03-26,obecność,166
2TMŻ,2026-03-26,nieobecność,9
2TMŻ,2026-03-27,obecność,142
2TMŻ,2026-03-30,obecność,158
2TMŻ,2026-03-30,nieobecność,2
2TMŻ,2026-03-31,obecność,160
2TMŻ,2026-04-01,obecność,68
2TMŻ,2026-04-01,nieobecność,12
2TMŻ,2026-04-08,nieobecność,6
2TMŻ,2026-04-09,obecność,145
2TMŻ,2026-04-09,nieobecność,4
2TMŻ,2026-04-10,obecność,93
2TMŻ,2026-04-10,nieobecność,6
2TMŻ,2026-04-13,obecność,176
2TMŻ,2026-04-13,nieobecność,4
2TMŻ,2026-04-14,obecność,165
2TMŻ,2026-04-14,nieobecność,15
2TMŻ,2026-04-15,obecność,142
2TMŻ,2026-04-15,nieobecność,5
2TMŻ,2026-04-16,obecność,165
2TMŻ,2026-04-16,nieobecność,3
2TMŻ,2026-04-17,obecność,143
2TMŻ,2026-04-20,nieobecność,9
2TMŻ,2026-04-21,obecność,154
2TMŻ,2026-04-21,nieobecność,10
2TMŻ,2026-04-22,nieobecność,9
2TMŻ,2026-04-23,obecność,151
2TMŻ,2026-04-23,nieobecność,17
2TMŻ,2026-04-24,nieobecność,13
2TMŻ,2026-05-11,nieobecność,8
2TMŻ,2026-05-12,obecność,152
2TMŻ,2026-05-13,obecność,134
2TMŻ,2026-05-13,nieobecność,11
2TMŻ,2026-05-14,obecność,146
2TMŻ,2026-05-14,nieobecność,13
2TMŻ,2026-05-15,obecność,134
2TMŻ,2026-05-15,nieobecność,4
2TMŻ,2026-05-18,obecność,112
2TMŻ,2026-05-18,nieobecność,10
2TMŻ,2026-05-19,obecność,142
2TMŻ,2026-05-20,obecność,106
2TMŻ,2026-05-20,nieobecność,7
2TMŻ,2026-05-21,nieobecność,10
2TMŻ,2026-05-22,nieobecność,9
2TMŻ,2026-05-25,nieob. uspraw.,50
2TMŻ,2026-05-26,nieob. uspraw.,73
2TMŻ,2026-05-27,nieob. uspraw.,19
2TMŻ,2026-05-28,obecność,162
2TMŻ,2026-05-28,nieobecność,7
2TMŻ,2025-09-05,nieobecność,6
2TMŻ,2025-09-05,nieob. uspraw.,10
2TMŻ,2025-09-10,nieob. uspraw.,18
2TMŻ,2025-09-12,nieob. uspr. p.s.,10
2TMŻ,2025-09-19,nieob. uspraw.,27
2TMŻ,2025-09-22,nieobecność,2
2TMŻ,2025-09-23,obecność,162
2TMŻ,2025-09-24,nieob. uspr. p.s.,5
2TMŻ,2025-09-24,nieob. uspraw.,38
2TMŻ,2025-09-25,nieob. uspraw.,66
2TMŻ,2025-09-25,nieob. uspr. p.s.,4
2TMŻ,2025-09-26,nieobecność,10
2TMŻ,2025-09-29,nieob. uspr. p.s.,10
2TMŻ,2025-10-01,nieob. uspraw.,14
2TMŻ,2025-10-02,nieob. uspraw.,32
2TMŻ,2025-10-03,nieob. uspraw.,45
2TMŻ,2025-10-06,nieob. uspr. p.s.,9
2TMŻ,2025-10-07,nieob. uspr. p.s.,2
2TMŻ,2025-10-08,obecność,160
2TMŻ,2025-10-08,nieob. uspr. p.s.,5
2TMŻ,2025-10-09,nieob. uspr. p.s.,9
2TMŻ,2025-10-10,nieob. uspraw.,30
2TMŻ,2025-10-13,nieob. uspraw.,40
2TMŻ,2025-10-14,nieob. uspraw.,48
2TMŻ,2025-10-15,spóźnienie,3
2TMŻ,2025-10-16,nieob. uspr. p.s.,18
2TMŻ,2025-10-20,nieobecność,1
2TMŻ,2025-10-20,nieob. uspr. p.s.,6
2TMŻ,2025-10-24,nieobecność,25
2TMŻ,2025-10-27,nieob. uspraw.,24
2TMŻ,2025-10-28,nieob. uspraw.,26
2TMŻ,2025-10-29,nieob. uspraw.,18
2TMŻ,2025-10-30,nieob. uspraw.,53
2TMŻ,2025-11-05,nieobecność,9
2TMŻ,2025-11-06,nieobecność,6
2TMŻ,2025-11-06,nieob. uspr. p.s.,20
2TMŻ,2025-11-07,nieob. uspraw.,39
2TMŻ,2025-11-12,nieob. uspr. p.s.,18
2TMŻ,2025-11-13,nieob. uspr. p.s.,25
2TMŻ,2025-11-14,nieob. uspr. p.s.,24
2TMŻ,2025-11-14,nieobecność,5
2TMŻ,2025-11-17,nieob. uspraw.,44
2TMŻ,2025-11-19,nieobecność,10
2TMŻ,2025-11-20,nieobecność,9
2TMŻ,2025-11-26,nieobecność,1
2TMŻ,2025-11-27,nieob. uspraw.,35
2TMŻ,2025-11-28,nieob. uspraw.,28
2TMŻ,2025-12-01,nieob. uspraw.,39
2TMŻ,2025-12-04,nieobecność,8
2TMŻ,2025-12-05,nieob. uspraw.,38
2TMŻ,2025-12-09,nieobecność,9
2TMŻ,2025-12-11,nieob. uspraw.,22
2TMŻ,2025-12-12,nieob. uspraw.,43
2TMŻ,2025-12-15,nieobecność,17
2TMŻ,2025-12-16,nieobecność,14
2TMŻ,2025-12-19,nieobecność,12
2TMŻ,2026-01-12,nieob. uspraw.,71
2TMŻ,2026-01-13,nieobecność,24
2TMŻ,2026-01-14,spóźnienie,1
2TMŻ,2026-01-15,obecność,70
2TMŻ,2026-01-16,nieob. uspraw.,113
2TMŻ,2026-02-02,spóźnienie,5
2TMŻ,2026-02-05,nieobecność,2
2TMŻ,2026-02-06,nieob. uspraw.,20
2TMŻ,2026-02-10,nieobecność,3
2TMŻ,2026-02-11,nieobecność,3
2TMŻ,2026-02-13,nieob. uspraw.,37
2TMŻ,2026-02-16,nieob. uspraw.,10
2TMŻ,2026-02-17,nieobecność,5
2TMŻ,2026-02-23,nieobecność,4
2TMŻ,2026-02-24,nieob. uspraw.,54
2TMŻ,2026-02-25,nieob. uspraw.,48
2TMŻ,2026-02-26,nieob. uspraw.,50
2TMŻ,2026-02-27,nieob. uspraw.,42
2TMŻ,2026-03-02,nieobecność,9
2TMŻ,2026-03-03,nieobecność,9
2TMŻ,2026-03-09,nieobecność,9
2TMŻ,2026-03-12,obecność,87
2TMŻ,2026-03-13,nieob. uspraw.,64
2TMŻ,2026-03-19,spóźnienie,1
2TMŻ,2026-03-20,nieob. uspraw.,116
2TMŻ,2026-03-23,nieobecność,4
2TMŻ,2026-03-27,spóźnienie,5
2TMŻ,2026-04-08,obecność,90
2TMŻ,2026-04-15,spóźnienie,1
2TMŻ,2026-04-17,nieobecność,4
2TMŻ,2026-04-20,nieob. uspraw.,44
2TMŻ,2026-04-20,obecność,155
2TMŻ,2026-04-22,nieob. uspraw.,25
2TMŻ,2026-04-24,nieob. uspraw.,125
2TMŻ,2026-05-11,obecność,129
2TMŻ,2026-05-12,spóźnienie,2
2TMŻ,2026-05-15,nieob. uspraw.,33
2TMŻ,2026-05-20,nieob. uspraw.,61
2TMŻ,2026-05-21,nieob. uspraw.,30
2TMŻ,2026-05-22,nieob. uspraw.,93
2TMŻ,2026-05-27,obecność,132
2TMŻ,2026-05-27,nieobecność,8
2TMŻ,2026-05-29,obecność,94
2TMŻ,2026-06-01,obecność,164
2TMŻ,2026-06-01,nieobecność,5
2TMŻ,2026-06-02,obecność,128
2TMŻ,2026-06-03,nieobecność,14
2TMŻ,2026-06-03,obecność,99
2TMŻ,2026-06-08,obecność,153
2TMŻ,2026-06-09,obecność,132
2TMŻ,2026-06-09,nieobecność,15
2TMŻ,2026-06-10,obecność,114
2TMŻ,2026-06-10,spóźnienie,7
2TMŻ,2026-06-10,nieobecność,16
2TMŻ,2026-06-11,obecność,104
2TMŻ,2026-06-12,obecność,105
2TMŻ,2026-06-15,obecność,74
2TMŻ,2026-06-15,spóźnienie,3
2TMŻ,2026-06-15,nieobecność,22
2TMŻ,2026-06-16,obecność,69
2TMŻ,2026-06-17,nieobecność,12
2TMŻ,2026-06-18,nieobecność,49
2TMŻ,2026-06-19,nieobecność,82
2TMŻ,2026-06-22,nieobecność,121
2TMŻ,2026-06-23,nieobecność,147
2TMŻ,2026-06-24,nieobecność,130
2TMŻ,2026-06-25,nieobecność,158
2TMŻ,2026-06-26,obecność,147
2TMŻ,2025-09-12,nieob. uspraw.,43
2TMŻ,2025-10-10,obecność,137
2TMŻ,2025-10-16,nieob. uspraw.,64
2TMŻ,2025-10-24,nieob. uspraw.,33
2TMŻ,2025-11-04,nieob. uspraw.,41
2TMŻ,2025-11-05,nieob. uspraw.,18
2TMŻ,2025-11-06,zwolniony,1
2TMŻ,2025-11-13,zwolniony,3
2TMŻ,2025-11-20,zwolniony,1
2TMŻ,2025-11-21,nieob. uspraw.,32
2TMŻ,2025-11-24,nieob. uspr. p.s.,7
2TMŻ,2025-11-24,spóźnienie,2
2TMŻ,2025-11-25,nieob. uspr. p.s.,4
2TMŻ,2025-11-26,nieob. uspr. p.s.,14
2TMŻ,2025-11-27,nieob. uspr. p.s.,17
2TMŻ,2025-12-04,nieob. uspr. p.s.,8
2TMŻ,2025-12-15,nieob. uspraw.,31
2TMŻ,2026-01-14,nieob. uspraw.,32
2TMŻ,2026-01-15,nieob. uspraw.,70
2TMŻ,2026-02-04,nieob. uspraw.,12
2TMŻ,2026-02-06,obecność,146
2TMŻ,2026-02-12,nieobecność,3
2TMŻ,2026-02-13,obecność,117
2TMŻ,2026-03-02,spóźnienie,4
2TMŻ,2026-03-12,nieob. uspraw.,43
2TMŻ,2026-03-16,nieob. uspraw.,14
2TMŻ,2026-03-18,spóźnienie,4
2TMŻ,2026-03-18,nieob. uspraw.,23
2TMŻ,2026-03-23,spóźnienie,5
2TMŻ,2026-03-25,nieob. uspraw.,18
2TMŻ,2026-03-30,nieob. uspraw.,34
2TMŻ,2026-03-31,nieob. uspraw.,39
2TMŻ,2026-04-01,nieob. uspraw.,90
2TMŻ,2026-04-22,obecność,140
2TMŻ,2026-05-11,nieob. uspraw.,38
2TMŻ,2026-05-12,nieob. uspraw.,43
2TMŻ,2026-05-13,nieob. uspraw.,23
2TMŻ,2026-05-14,nieob. uspraw.,22
2TMŻ,2026-05-18,nieob. uspraw.,59
2TMŻ,2026-05-21,obecność,142
2TMŻ,2026-05-22,obecność,80
2TMŻ,2026-05-25,spóźnienie,5
2TMŻ,2026-05-25,obecność,148
2TMŻ,2026-05-26,obecność,110
2TMŻ,2026-06-03,nieob. uspr. p.s.,7
2TMŻ,2026-06-10,nieob. uspraw.,33
2TMŻ,2026-06-11,nieob. uspraw.,55
2TMŻ,2026-06-12,nieob. uspraw.,20
2TMŻ,2026-06-15,nieob. uspraw.,98
2TMŻ,2026-06-16,nieob. uspraw.,105
2TMŻ,2026-06-17,obecność,56
2TMŻ,2026-06-17,nieob. uspraw.,76
2TMŻ,2026-06-18,nieob. uspraw.,100
2TMŻ,2026-06-19,nieob. uspraw.,77
2TMŻ,2026-06-19,obecność,16
2TMŻ,2026-06-22,nieob. uspraw.,70
2TMŻ,2026-06-26,nieob. uspraw.,28
2TMŻ,2025-09-05,zwolniony,2
2TMŻ,2025-10-20,nieob. uspraw.,22
2TMŻ,2025-11-04,nieob. uspr. p.s.,4
2TMŻ,2025-11-05,nieob. uspr. p.s.,6
2TMŻ,2025-11-06,nieob. uspraw.,23
2TMŻ,2025-11-19,nieob. uspr. p.s.,20
2TMŻ,2025-11-20,nieob. uspraw.,22
2TMŻ,2025-11-24,nieob. uspraw.,31
2TMŻ,2025-11-25,nieob. uspraw.,36
2TMŻ,2025-11-26,nieob. uspraw.,16
2TMŻ,2025-12-10,nieob. uspr. p.s.,8
2TMŻ,2025-12-11,nieob. uspr. p.s.,12
2TMŻ,2025-12-16,nieob. uspraw.,30
2TMŻ,2025-12-19,spóźn. uspr.,2
2TMŻ,2026-02-02,nieob. uspraw.,29
2TMŻ,2026-02-04,nieob. uspr. p.s.,4
2TMŻ,2026-02-09,nieob. uspraw.,11
2TMŻ,2026-02-27,obecność,70
2TMŻ,2026-03-02,nieob. uspraw.,17
2TMŻ,2026-03-03,nieob. uspraw.,26
2TMŻ,2026-03-04,nieob. uspraw.,30
2TMŻ,2026-03-05,nieob. uspraw.,41
2TMŻ,2026-03-06,nieob. uspraw.,58
2TMŻ,2026-03-13,obecność,66
2TMŻ,2026-03-23,nieob. uspraw.,29
2TMŻ,2026-03-24,nieob. uspraw.,20
2TMŻ,2026-04-10,nieob. uspraw.,74
2TMŻ,2026-04-13,spóźn. uspr.,1
2TMŻ,2026-04-23,spóźn. uspr.,2
2TMŻ,2026-05-19,nieob. uspraw.,45
2TMŻ,2026-05-25,spóźn. uspr.,2
2TMŻ,2026-05-28,nieob. uspraw.,32
2TMŻ,2026-05-29,nieob. uspraw.,73
2TMŻ,2026-06-08,nieob. uspraw.,47
2TMŻ,2026-06-09,nieob. uspraw.,35
2TMŻ,2026-06-11,spóźn. uspr.,3
2TMŻ,2026-06-23,nieob. uspraw.,30
2TMŻ,2026-06-24,nieob. uspraw.,40
2TMŻ,2026-06-25,nieob. uspraw.,41
2TMŻ,2025-09-08,zwolniony,1
2TMŻ,2025-09-22,zwolniony,5
2TMŻ,2025-09-23,nieob. uspraw.,43
2TMŻ,2025-09-26,nieob. uspraw.,56
2TMŻ,2025-10-01,nieob. uspr. p.s.,7
2TMŻ,2025-10-02,nieob. uspr. p.s.,6
2TMŻ,2025-10-06,nieob. uspraw.,22
2TMŻ,2025-10-07,nieob. uspraw.,32
2TMŻ,2025-10-08,nieob. uspraw.,16
2TMŻ,2025-10-09,nieob. uspraw.,28
2TMŻ,2025-10-16,nieobecność,4
2TMŻ,2025-10-20,spóźnienie,2
2TMŻ,2025-10-21,nieob. uspr. p.s.,5
2TMŻ,2025-11-18,nieob. uspraw.,16
2TMŻ,2025-12-02,nieob. uspraw.,24
2TMŻ,2025-12-08,nieob. uspraw.,29
2TMŻ,2025-12-09,nieob. uspraw.,33
2TMŻ,2025-12-11,nieobecność,7
2TMŻ,2025-12-18,nieob. uspraw.,41
2TMŻ,2026-01-07,nieob. uspraw.,61
2TMŻ,2026-01-08,nieob. uspraw.,67
2TMŻ,2026-01-09,nieob. uspraw.,83
2TMŻ,2025-10-02,spóźnienie,2
2TMŻ,2025-10-13,spóźnienie,3
2TMŻ,2025-11-14,nieob. uspraw.,46
2TMŻ,2025-12-19,spóźnienie,3
2TMŻ,2026-01-12,nieobecność,10
2TMŻ,2026-02-23,nieob. uspraw.,38
2TMŻ,2026-04-13,spóźnienie,5
2TMŻ,2026-05-19,nieobecność,4
2TMŻ,2026-05-29,nieobecność,4
2TMŻ,2026-06-03,nieob. uspraw.,50
2TMŻ,2026-06-11,spóźnienie,5
2TMŻ,2026-06-16,nieobecność,17
2TMŻ,2026-06-18,obecność,35
2TMŻ,2025-09-03,nieob. uspr. p.s.,4
2TMŻ,2025-09-11,nieob. uspr. p.s.,4
2TMŻ,2025-09-17,nieob. uspr. p.s.,9
2TMŻ,2025-09-22,nieob. uspr. p.s.,7
2TMŻ,2025-09-26,nieob. uspr. p.s.,9
2TMŻ,2025-10-14,nieob. uspr. p.s.,6
2TMŻ,2025-11-12,nieobecność,10
2TMŻ,2025-12-03,nieob. uspraw.,21
2TMŻ,2025-12-10,nieob. uspraw.,49
2TMŻ,2025-12-16,nieob. uspr. p.s.,2
2TMŻ,2025-12-17,nieob. uspraw.,15
2TMŻ,2026-01-13,nieob. uspraw.,15
2TMŻ,2026-02-03,nieob. uspraw.,32
2TMŻ,2026-02-05,nieob. uspraw.,39
2TMŻ,2026-02-12,nieob. uspraw.,9
2TMŻ,2026-02-20,nieob. uspraw.,16
2TMŻ,2026-03-16,nieob. uspr. p.s.,1
2TMŻ,2026-03-17,nieob. uspr. p.s.,13
2TMŻ,2026-03-19,nieob. uspr. p.s.,26
2TMŻ,2026-04-08,nieob. uspraw.,48
2TMŻ,2026-04-21,nieob. uspraw.,43
2TMŻ,2026-05-20,spóźnienie,1
2TMŻ,2026-05-20,nieob. uspr. p.s.,2
2TMŻ,2026-06-02,nieob. uspraw.,55
2TMŻ,2026-06-11,nieobecność,8
2TMŻ,2025-09-10,nieob. uspr. p.s.,3
2TMŻ,2025-09-12,zwolniony,2
2TMŻ,2025-09-15,nieobecność,1
2TMŻ,2025-09-23,nieob. uspr. p.s.,2
2TMŻ,2025-09-23,spóźnienie,2
2TMŻ,2025-10-22,nieob. uspr. p.s.,15
2TMŻ,2025-11-13,nieob. uspraw.,17
2TMŻ,2025-12-04,nieob. uspraw.,14
2TMŻ,2025-12-18,nieob. uspr. p.s.,2
2TMŻ,2026-02-16,zwolniony,2
2TMŻ,2026-03-05,nieob. uspr. p.s.,8
2TMŻ,2026-03-11,nieob. uspraw.,23
2TMŻ,2026-03-19,nieob. uspraw.,22
2TMŻ,2026-03-20,obecność,36
2TMŻ,2026-03-23,zwolniony,2
2TMŻ,2026-03-26,nieob. uspraw.,20
2TMŻ,2026-03-27,nieob. uspraw.,17
2TMŻ,2026-04-09,nieob. uspraw.,52
2TMŻ,2026-04-13,zwolniony,2
2TMŻ,2026-04-21,zwolniony,1
2TMŻ,2026-04-22,spóźnienie,2
2TMŻ,2026-06-09,nieob. uspr. p.s.,9
2TMŻ,2026-06-22,obecność,9
2TMŻ,2025-09-17,nieob. uspraw.,15
2TMŻ,2025-09-18,nieob. uspraw.,25
2TMŻ,2025-09-30,nieob. uspraw.,17
2TMŻ,2025-10-23,nieob. uspraw.,14
2TMŻ,2025-10-24,zwolniony,5
2TMŻ,2025-10-30,spóźn. uspr.,1
2TMŻ,2025-11-12,nieob. uspraw.,11
2TMŻ,2025-12-03,spóźn. uspr.,2
2TMŻ,2026-02-10,nieob. uspraw.,16
2TMŻ,2026-02-11,nieob. uspraw.,2
2TMŻ,2026-02-17,spóźn. uspr.,2
2TMŻ,2026-02-17,nieob. uspraw.,11
2TMŻ,2026-02-19,nieob. uspraw.,10
2TMŻ,2026-02-25,spóźn. uspr.,7
2TMŻ,2026-03-10,nieob. uspraw.,25
2TMŻ,2026-03-12,nieob. uspr. p.s.,49
2TMŻ,2026-03-17,nieob. uspraw.,9
2TMŻ,2026-04-13,nieob. uspraw.,15
2TMŻ,2026-04-15,nieob. uspraw.,16
2TMŻ,2026-04-16,nieob. uspr. p.s.,23
2TMŻ,2026-04-17,nieob. uspraw.,22
2TMŻ,2026-04-23,nieob. uspraw.,33
2TMŻ,2026-05-13,spóźn. uspr.,4
2TMŻ,2026-05-28,nieob. uspr. p.s.,7
2TMŻ,2026-05-29,spóźn. uspr.,1
2TMŻ,2026-06-01,nieob. uspraw.,17
2TMŻ,2025-09-08,nieob. uspraw.,33
2TMŻ,2025-09-17,nieobecność,1
2TMŻ,2025-09-19,nieobecność,3
2TMŻ,2025-09-22,nieob. uspraw.,34
2TMŻ,2025-10-03,nieobecność,12
2TMŻ,2025-10-06,nieobecność,12
2TMŻ,2025-10-10,nieob. uspr. p.s.,6
2TMŻ,2025-10-13,nieob. uspr. p.s.,9
2TMŻ,2025-10-15,nieob. uspr. p.s.,8
2TMŻ,2025-10-27,nieob. uspr. p.s.,8
2TMŻ,2025-10-30,nieobecność,12
2TMŻ,2025-11-17,spóźnienie,3
2TMŻ,2025-12-03,spóźnienie,2
2TMŻ,2025-12-03,nieobecność,10
2TMŻ,2025-12-05,spóźnienie,6
2TMŻ,2025-12-10,spóźnienie,3
2TMŻ,2026-01-16,obecność,36
2TMŻ,2026-02-13,spóźnienie,2
2TMŻ,2026-02-18,nieob. uspraw.,9
2TMŻ,2026-02-20,spóźnienie,1
2TMŻ,2026-03-09,spóźnienie,2
2TMŻ,2026-05-25,nieobecność,3
2TMŻ,2026-06-23,obecność,14
2TMŻ,2025-09-01,nieob. uspraw.,8
2TMŻ,2025-09-02,nieob. uspraw.,15
2TMŻ,2025-09-03,nieob. uspraw.,7
2TMŻ,2025-09-04,nieob. uspraw.,15
2TMŻ,2025-09-09,nieob. uspraw.,48
2TMŻ,2025-09-11,nieob. uspraw.,23
2TMŻ,2025-09-15,nieob. uspraw.,34
2TMŻ,2025-11-07,nieobecność,8
2TMŻ,2025-12-19,nieob. uspraw.,9
2TMŻ,2026-03-20,nieob. uspr. p.s.,7
2TMŻ,2026-03-26,nieob. uspr. p.s.,13
2TMŻ,2026-03-27,nieobecność,3
2TMŻ,2026-03-30,spóźnienie,3
2TMŻ,2026-03-30,nieob. uspr. p.s.,10
2TMŻ,2026-04-17,nieob. uspr. p.s.,4
2TMŻ,2026-04-23,spóźnienie,1
2TMŻ,2026-04-24,obecność,29
2TMŻ,2026-05-13,spóźnienie,5
2TMŻ,2026-05-29,spóźnienie,3
2TMŻ,2025-09-03,nieobecność,1
2TMŻ,2025-09-08,nieobecność,10
2TMŻ,2025-09-12,spóźnienie,1
2TMŻ,2025-09-16,nieobecność,6
2TMŻ,2025-09-24,nieobecność,4
2TMŻ,2025-10-01,nieobecność,2
2TMŻ,2025-10-15,nieob. uspraw.,27
2TMŻ,2025-10-21,nieobecność,9
2TMŻ,2025-10-22,nieobecność,3
2TMŻ,2025-10-27,nieobecność,3
2TMŻ,2025-11-03,nieobecność,1
2TMŻ,2025-11-04,nieobecność,5
2TMŻ,2025-11-17,nieobecność,1
2TMŻ,2025-11-18,nieobecność,2
2TMŻ,2025-11-21,nieobecność,7
2TMŻ,2025-11-25,nieobecność,3
2TMŻ,2025-11-26,spóźnienie,3
2TMŻ,2025-12-02,nieobecność,8
2TMŻ,2025-12-08,nieobecność,6
2TMŻ,2025-12-10,nieobecność,13
2TMŻ,2025-09-10,nieobecność,2
2TMŻ,2025-09-11,zwolniony,3
2TMŻ,2025-09-17,zwolniony,1
2TMŻ,2025-09-29,nieob. uspraw.,8
2TMŻ,2025-11-20,nieob. uspr. p.s.,9
2TMŻ,2025-12-01,zwolniony,1
2TMŻ,2025-12-02,spóźn. uspr.,1
2TMŻ,2025-12-04,spóźn. uspr.,1
2TMŻ,2025-12-12,nieob. uspr. p.s.,11
2TMŻ,2025-12-15,zwolniony,2
2TMŻ,2025-12-17,zwolniony,2
2TMŻ,2025-12-17,spóźn. uspr.,1
2TMŻ,2026-03-02,zwolniony,2
2TMŻ,2026-03-09,nieob. uspraw.,10
2TMŻ,2026-04-14,nieob. uspraw.,28
2TMŻ,2025-09-03,spóźnienie,1
2TMŻ,2025-09-19,nieob. uspr. p.s.,2
2TMŻ,2025-10-13,spóźn. uspr.,1
2TMŻ,2026-05-18,nieob. uspr. p.s.,1
2TMŻ,2025-09-10,zwolniony,2
2TMŻ,2025-09-25,zwolniony,1
2TMŻ,2025-09-30,nieob. uspr. p.s.,2
2TMŻ,2025-10-03,nieob. uspr. p.s.,5
2TMŻ,2025-10-23,nieob. uspr. p.s.,9
2TMŻ,2025-10-24,nieob. uspr. p.s.,14
2TMŻ,2025-11-07,zwolniony,1
2TMŻ,2026-02-13,zwolniony,2
2TMŻ,2025-10-02,spóźn. uspr.,1
2TMŻ,2025-10-28,nieob. uspr. p.s.,4
2TMŻ,2026-05-12,spóźn. uspr.,2
2TMŻ,2025-10-07,spóźn. uspr.,2
2TMŻ,2025-10-10,spóźn. uspr.,3
2TMŻ,2025-10-15,nieobecność,8
2TMŻ,2025-12-12,spóźn. uspr.,2
2TMŻ,2026-02-26,nieob. uspr. p.s.,17
2TMŻ,2026-03-05,zwolniony,2
2TMŻ,2026-04-16,nieob. uspraw.,17
2TMŻ,2026-05-27,nieob. uspr. p.s.,18
2TMŻ,2026-06-15,spóźn. uspr.,3
2TMŻ,2026-06-17,spóźn. uspr.,1
2TMŻ,2026-06-25,obecność,1
2TMŻ,2025-10-02,zwolniony,3
2TMŻ,2025-10-09,zwolniony,2
2TMŻ,2025-10-10,spóźnienie,4
2TMŻ,2025-10-30,spóźnienie,3
2TMŻ,2025-11-03,nieob. uspraw.,1
2TMŻ,2026-02-24,nieobecność,2
2TMŻ,2026-03-03,nieob. uspr. p.s.,8
2TMŻ,2026-03-13,nieobecność,10
2TMŻ,2026-05-26,nieobecność,2
2TMŻ,2026-06-02,nieobecność,8
2TMŻ,2025-09-08,nieob. uspr. p.s.,8
2TMŻ,2025-09-15,nieob. uspr. p.s.,2
2TMŻ,2025-11-28,nieob. uspr. p.s.,14
2TMŻ,2025-12-09,nieob. uspr. p.s.,1
2TMŻ,2025-12-17,nieob. uspr. p.s.,1
2TMŻ,2026-01-09,nieob. uspr. p.s.,3
2TMŻ,2026-02-03,nieob. uspr. p.s.,8
2TMŻ,2026-02-09,nieobecność,8
2TMŻ,2026-02-11,nieob. uspr. p.s.,16
2TMŻ,2026-02-16,nieobecność,1
2TMŻ,2026-02-23,nieob. uspr. p.s.,4
2TMŻ,2026-02-24,nieob. uspr. p.s.,1
2TMŻ,2026-03-06,nieob. uspr. p.s.,1
2TMŻ,2026-03-10,nieob. uspr. p.s.,1
2TMŻ,2026-03-23,nieob. uspr. p.s.,5
2TMŻ,2026-03-27,nieob. uspr. p.s.,6
2TMŻ,2026-04-01,nieob. uspr. p.s.,7
2TMŻ,2026-04-08,nieob. uspr. p.s.,12
2TMŻ,2026-04-09,nieob. uspr. p.s.,7
2TMŻ,2026-04-13,nieob. uspr. p.s.,5
2TMŻ,2026-04-15,nieob. uspr. p.s.,12
2TMŻ,2026-04-23,nieob. uspr. p.s.,4
2TMŻ,2026-05-11,nieob. uspr. p.s.,7
2TMŻ,2025-11-18,nieob. uspr. p.s.,3
2TMŻ,2025-11-21,nieob. uspr. p.s.,5
2TMŻ,2025-11-27,zwolniony,1
2TMŻ,2025-12-12,zwolniony,2
2TMŻ,2026-02-10,spóźnienie,1
2TMŻ,2026-05-26,nieob. uspr. p.s.,14
2TMŻ,2025-11-12,spóźnienie,3
2TMŻ,2025-11-13,spóźnienie,1
2TMŻ,2025-12-08,nieob. uspr. p.s.,2
2TMŻ,2025-10-22,nieob. uspraw.,1
2TMŻ,2025-10-23,zwolniony,3
2TMŻ,2025-10-29,nieobecność,1
2TMŻ,2025-12-05,spóźn. uspr.,1
2TMŻ,2025-12-15,nieob. uspr. p.s.,3
2TMŻ,2026-02-10,spóźn. uspr.,1
2TMŻ,2026-02-13,spóźn. uspr.,1
2TMŻ,2026-03-02,nieob. uspr. p.s.,1
2TMŻ,2026-03-12,zwolniony,2
2TMŻ,2026-03-23,spóźn. uspr.,1
2TMŻ,2026-03-30,spóźn. uspr.,1
2TMŻ,2025-09-10,spóźn. uspr.,1
2TMŻ,2025-11-19,nieob. uspraw.,1
2TMŻ,2025-11-20,spóźn. uspr.,1
2TMŻ,2026-03-19,spóźn. uspr.,1
2TMŻ,2026-04-15,spóźn. uspr.,1
2TMŻ,2026-04-24,nieob. uspr. p.s.,6
2TMŻ,2025-09-22,spóźnienie,2
2TMŻ,2025-12-12,spóźnienie,1
2TMŻ,2026-05-14,nieob. uspr. p.s.,1
2TMŻ,2025-09-22,spóźn. uspr.,1
2TMŻ,2025-10-21,nieob. uspraw.,1
2TMŻ,2025-10-24,spóźn. uspr.,1
2TMŻ,2025-11-07,spóźn. uspr.,1
2TMŻ,2025-11-12,spóźn. uspr.,1
2TMŻ,2025-11-13,spóźn. uspr.,1
2TMŻ,2026-05-15,spóźnienie,2
2TMŻ,2025-11-28,spóźnienie,1
2TMŻ,2026-02-03,spóźnienie,1
2TMŻ,2026-03-05,spóźnienie,1
2TMŻ,2026-03-10,nieobecność,8
2TMŻ,2026-03-24,nieobecność,2
2TMŻ,2025-09-02,zwolniony,3
2TMŻ,2025-09-18,nieob. uspr. p.s.,1
2TMŻ,2025-11-14,zwolniony,6
2TMŻ,2026-04-22,spóźn. uspr.,1
2TW,2025-09-01,obecność,152
2TW,2025-09-02,obecność,133
2TW,2025-09-03,obecność,147
2TW,2025-09-04,obecność,133
2TW,2025-09-05,obecność,146
2TW,2025-09-08,obecność,107
2TW,2025-09-09,obecność,119
2TW,2025-09-10,obecność,131
2TW,2025-09-11,obecność,135
2TW,2025-09-12,spóźn. uspr.,3
2TW,2025-09-12,obecność,130
2TW,2025-09-15,obecność,104
2TW,2025-09-15,nieob. uspr. p.s.,11
2TW,2025-09-16,obecność,117
2TW,2025-09-17,obecność,110
2TW,2025-09-18,nieob. uspraw.,30
2TW,2025-09-19,nieob. uspraw.,32
2TW,2025-09-22,obecność,81
2TW,2025-09-23,obecność,112
2TW,2025-09-24,obecność,118
2TW,2025-09-25,obecność,102
2TW,2025-09-26,obecność,119
2TW,2025-09-29,nieob. uspraw.,35
2TW,2025-09-29,obecność,110
2TW,2025-09-30,obecność,124
2TW,2025-10-01,obecność,138
2TW,2025-10-02,obecność,112
2TW,2025-10-03,obecność,114
2TW,2025-10-03,nieob. uspraw.,27
2TW,2025-10-06,obecność,143
2TW,2025-10-07,obecność,128
2TW,2025-10-08,obecność,132
2TW,2025-10-09,obecność,91
2TW,2025-10-10,obecność,121
2TW,2025-10-13,obecność,137
2TW,2025-10-14,obecność,119
2TW,2025-10-15,obecność,128
2TW,2025-10-16,obecność,86
2TW,2025-10-16,nieob. uspraw.,24
2TW,2025-10-20,obecność,79
2TW,2025-10-20,nieob. uspr. p.s.,28
2TW,2025-10-21,obecność,112
2TW,2025-10-21,nieob. uspr. p.s.,8
2TW,2025-10-22,obecność,118
2TW,2025-10-23,obecność,125
2TW,2025-10-24,obecność,110
2TW,2025-10-24,nieob. uspraw.,14
2TW,2025-10-27,obecność,125
2TW,2025-10-28,obecność,110
2TW,2025-10-29,obecność,114
2TW,2025-10-30,obecność,119
2TW,2025-11-03,obecność,120
2TW,2025-11-04,obecność,131
2TW,2025-11-05,obecność,110
2TW,2025-11-06,nieob. uspr. p.s.,21
2TW,2025-11-07,obecność,106
2TW,2025-11-12,obecność,90
2TW,2025-11-13,obecność,84
2TW,2025-11-14,obecność,117
2TW,2025-11-17,obecność,126
2TW,2025-11-18,obecność,123
2TW,2025-11-19,obecność,135
2TW,2025-11-20,obecność,117
2TW,2025-11-21,obecność,95
2TW,2025-11-21,nieob. uspraw.,52
2TW,2025-11-24,obecność,122
2TW,2025-11-25,obecność,94
2TW,2025-11-27,obecność,82
2TW,2025-11-28,obecność,103
2TW,2025-12-01,obecność,135
2TW,2025-12-02,obecność,123
2TW,2025-12-03,obecność,114
2TW,2025-12-03,spóźn. uspr.,1
2TW,2025-12-04,obecność,96
2TW,2025-12-05,obecność,127
2TW,2025-12-05,nieob. uspraw.,20
2TW,2025-12-08,obecność,100
2TW,2025-12-09,obecność,108
2TW,2025-12-09,spóźn. uspr.,1
2TW,2025-12-10,obecność,118
2TW,2025-12-10,nieob. uspraw.,24
2TW,2025-12-11,obecność,96
2TW,2025-12-12,obecność,142
2TW,2025-12-15,obecność,122
2TW,2025-12-16,obecność,96
2TW,2025-12-17,obecność,119
2TW,2025-12-17,zwolniony,19
2TW,2025-12-18,obecność,111
2TW,2025-12-19,obecność,129
2TW,2026-01-07,obecność,131
2TW,2026-01-07,spóźn. uspr.,1
2TW,2026-01-08,obecność,100
2TW,2026-01-09,obecność,111
2TW,2026-01-09,nieob. uspraw.,23
2TW,2026-01-12,nieob. uspraw.,46
2TW,2026-01-12,obecność,56
2TW,2026-01-13,obecność,115
2TW,2026-01-13,spóźn. uspr.,3
2TW,2026-01-14,obecność,128
2TW,2026-01-15,nieob. uspraw.,80
2TW,2026-01-16,nieob. uspraw.,71
2TW,2026-02-02,obecność,70
2TW,2026-02-02,nieob. uspraw.,74
2TW,2026-02-03,nieob. uspraw.,57
2TW,2026-02-04,obecność,113
2TW,2026-02-04,spóźn. uspr.,1
2TW,2026-02-05,nieob. uspraw.,30
2TW,2026-02-06,nieob. uspraw.,53
2TW,2026-02-09,obecność,133
2TW,2026-02-10,obecność,138
2TW,2026-02-10,nieob. uspraw.,12
2TW,2026-02-11,obecność,118
2TW,2026-02-12,obecność,117
2TW,2026-02-13,obecność,91
2TW,2026-02-13,nieob. uspraw.,36
2TW,2026-02-16,nieob. uspraw.,27
2TW,2026-02-16,obecność,122
2TW,2026-02-17,obecność,116
2TW,2026-02-18,obecność,108
2TW,2026-02-18,nieob. uspraw.,24
2TW,2026-02-19,obecność,79
2TW,2026-02-19,spóźn. uspr.,1
2TW,2026-02-20,obecność,92
2TW,2026-02-20,nieob. uspraw.,30
2TW,2026-02-23,obecność,115
2TW,2026-02-23,nieob. uspraw.,15
2TW,2026-02-24,obecność,124
2TW,2026-02-24,spóźn. uspr.,3
2TW,2026-02-25,obecność,92
2TW,2026-02-26,nieob. uspraw.,25
2TW,2026-02-26,obecność,77
2TW,2026-02-27,nieob. uspraw.,30
2TW,2026-02-27,obecność,100
2TW,2026-03-02,nieob. uspraw.,48
2TW,2026-03-03,nieob. uspraw.,40
2TW,2026-03-04,nieob. uspraw.,17
2TW,2026-03-05,nieob. uspraw.,7
2TW,2026-03-06,nieob. uspraw.,37
2TW,2026-03-09,obecność,125
2TW,2026-03-09,spóźn. uspr.,1
2TW,2026-03-10,obecność,117
2TW,2026-03-11,obecność,118
2TW,2026-03-11,nieob. uspraw.,4
2TW,2026-03-12,obecność,94
2TW,2026-03-13,nieob. uspraw.,18
2TW,2026-03-13,obecność,119
2TW,2026-03-16,obecność,131
2TW,2026-03-17,nieob. uspr. p.s.,41
2TW,2026-03-17,obecność,70
2TW,2026-03-18,nieob. uspraw.,13
2TW,2026-03-18,obecność,88
2TW,2026-03-19,obecność,111
2TW,2026-03-20,obecność,20
2TW,2026-03-20,nieob. uspraw.,91
2TW,2026-03-23,obecność,127
2TW,2026-03-23,nieob. uspraw.,21
2TW,2026-03-24,obecność,115
2TW,2026-03-24,nieob. uspraw.,10
2TW,2026-03-25,obecność,100
2TW,2026-03-26,obecność,116
2TW,2026-03-27,nieob. uspr. p.s.,60
2TW,2026-03-27,nieob. uspraw.,7
2TW,2026-03-30,nieob. uspraw.,30
2TW,2026-03-31,obecność,115
2TW,2026-03-31,nieob. uspraw.,22
2TW,2026-03-31,spóźn. uspr.,3
2TW,2026-04-01,nieob. uspraw.,56
2TW,2026-04-01,obecność,69
2TW,2026-04-08,obecność,102
2TW,2026-04-09,obecność,122
2TW,2026-04-10,spóźn. uspr.,1
2TW,2026-04-10,obecność,81
2TW,2026-04-10,nieob. uspraw.,28
2TW,2026-04-13,obecność,135
2TW,2026-04-14,obecność,117
2TW,2026-04-14,nieob. uspraw.,26
2TW,2026-04-14,spóźn. uspr.,1
2TW,2026-04-15,obecność,117
2TW,2026-04-16,spóźn. uspr.,1
2TW,2026-04-16,obecność,117
2TW,2026-04-16,nieob. uspraw.,11
2TW,2026-04-17,obecność,120
2TW,2026-04-17,nieob. uspraw.,14
2TW,2026-04-20,obecność,97
2TW,2026-04-21,obecność,120
2TW,2026-04-21,spóźn. uspr.,2
2TW,2026-04-22,nieob. uspraw.,26
2TW,2026-04-23,obecność,86
2TW,2026-04-24,obecność,92
2TW,2026-04-24,nieob. uspraw.,33
2TW,2026-05-25,obecność,97
2TW,2026-05-26,nieob. uspraw.,43
2TW,2026-05-26,obecność,98
2TW,2026-05-27,nieob. uspraw.,48
2TW,2026-05-27,obecność,75
2TW,2026-05-28,nieob. uspraw.,31
2TW,2026-05-29,nieob. uspraw.,97
2TW,2026-06-01,obecność,86
2TW,2026-06-02,nieob. uspraw.,25
2TW,2026-06-02,obecność,114
2TW,2026-06-03,obecność,59
2TW,2026-06-08,nieob. uspraw.,20
2TW,2026-06-08,obecność,94
2TW,2026-06-09,obecność,34
2TW,2026-06-09,nieob. uspraw.,46
2TW,2026-06-10,obecność,82
2TW,2026-06-11,nieob. uspraw.,55
2TW,2026-06-11,obecność,48
2TW,2026-06-12,nieob. uspraw.,49
2TW,2026-06-12,obecność,94
2TW,2026-06-15,nieob. uspraw.,73
2TW,2026-06-15,obecność,43
2TW,2026-06-16,nieob. uspraw.,89
2TW,2026-06-17,nieob. uspraw.,66
2TW,2026-06-17,obecność,49
2TW,2026-06-18,nieob. uspraw.,56
2TW,2026-06-19,nieob. uspraw.,72
2TW,2026-06-22,nieob. uspraw.,41
2TW,2026-06-23,nieob. uspraw.,52
2TW,2026-06-24,nieob. uspraw.,46
2TW,2026-06-25,nieob. uspraw.,35
2TW,2025-09-08,spóźnienie,4
2TW,2025-09-12,spóźnienie,2
2TW,2025-09-22,nieob. uspraw.,32
2TW,2025-09-23,nieob. uspraw.,17
2TW,2025-09-24,nieob. uspraw.,14
2TW,2025-09-25,nieob. uspraw.,12
2TW,2025-09-26,nieob. uspraw.,14
2TW,2025-09-30,nieob. uspr. p.s.,9
2TW,2025-10-10,nieob. uspraw.,31
2TW,2025-10-20,nieob. uspraw.,41
2TW,2025-10-21,nieobecność,3
2TW,2025-10-24,nieob. uspr. p.s.,11
2TW,2025-10-24,nieobecność,16
2TW,2025-10-27,nieob. uspraw.,21
2TW,2025-11-03,nieob. uspraw.,19
2TW,2025-11-05,nieob. uspraw.,13
2TW,2025-11-07,nieob. uspraw.,36
2TW,2025-11-12,nieob. uspraw.,28
2TW,2025-11-14,nieob. uspraw.,13
2TW,2025-11-17,nieob. uspraw.,16
2TW,2025-11-25,nieob. uspraw.,30
2TW,2025-11-27,nieobecność,23
2TW,2025-11-28,nieobecność,12
2TW,2025-12-01,nieob. uspraw.,17
2TW,2025-12-02,nieob. uspraw.,9
2TW,2025-12-05,nieobecność,5
2TW,2025-12-16,nieob. uspraw.,34
2TW,2026-01-07,nieob. uspraw.,15
2TW,2026-01-08,nieob. uspraw.,20
2TW,2026-02-04,nieob. uspraw.,18
2TW,2026-02-05,obecność,95
2TW,2026-02-06,obecność,75
2TW,2026-02-17,nieob. uspraw.,25
2TW,2026-02-24,nieob. uspraw.,21
2TW,2026-03-02,obecność,95
2TW,2026-03-03,obecność,106
2TW,2026-03-04,obecność,112
2TW,2026-03-05,obecność,121
2TW,2026-03-06,obecność,104
2TW,2026-03-09,nieob. uspraw.,25
2TW,2026-03-16,nieobecność,9
2TW,2026-03-17,nieobecność,10
2TW,2026-03-20,nieobecność,22
2TW,2026-03-25,nieobecność,2
2TW,2026-03-30,obecność,109
2TW,2026-03-31,nieobecność,6
2TW,2026-04-10,nieobecność,2
2TW,2026-04-13,nieob. uspraw.,16
2TW,2026-04-15,nieob. uspraw.,14
2TW,2026-04-20,nieob. uspraw.,28
2TW,2026-04-21,nieob. uspraw.,20
2TW,2026-04-22,obecność,103
2TW,2026-04-23,nieob. uspraw.,27
2TW,2026-05-28,obecność,56
2TW,2026-06-03,nieob. uspraw.,55
2TW,2026-06-10,nieob. uspraw.,43
2TW,2026-06-16,obecność,11
2TW,2026-06-17,nieobecność,36
2TW,2026-06-18,nieobecność,74
2TW,2026-06-18,obecność,3
2TW,2026-06-19,nieobecność,66
2TW,2026-06-19,obecność,14
2TW,2026-06-22,nieobecność,73
2TW,2026-06-23,nieobecność,83
2TW,2026-06-23,obecność,17
2TW,2026-06-24,nieobecność,103
2TW,2026-06-25,nieobecność,98
2TW,2025-09-16,nieobecność,4
2TW,2025-09-18,obecność,91
2TW,2025-09-19,nieobecność,20
2TW,2025-09-29,nieobecność,3
2TW,2025-10-01,spóźnienie,2
2TW,2025-10-02,nieobecność,7
2TW,2025-10-03,nieobecność,10
2TW,2025-10-09,nieobecność,7
2TW,2025-10-22,spóźnienie,4
2TW,2025-10-28,nieob. uspraw.,14
2TW,2025-11-06,obecność,104
2TW,2025-11-07,nieobecność,10
2TW,2025-11-13,nieob. uspraw.,18
2TW,2025-11-14,nieobecność,6
2TW,2025-11-20,nieob. uspraw.,16
2TW,2025-11-27,nieob. uspraw.,28
2TW,2025-12-08,nieobecność,20
2TW,2025-12-18,nieobecność,3
2TW,2025-12-19,nieobecność,5
2TW,2026-01-15,nieobecność,27
2TW,2026-01-16,obecność,53
2TW,2026-02-13,nieobecność,14
2TW,2026-02-17,nieobecność,10
2TW,2026-02-25,nieobecność,9
2TW,2026-03-03,nieobecność,4
2TW,2026-03-11,spóźnienie,7
2TW,2026-03-16,nieob. uspraw.,11
2TW,2026-03-19,nieob. uspraw.,21
2TW,2026-03-25,spóźnienie,4
2TW,2026-03-27,nieobecność,10
2TW,2026-05-25,nieob. uspraw.,11
2TW,2026-06-01,nieobecność,7
2TW,2025-09-19,obecność,100
2TW,2025-10-07,nieob. uspraw.,5
2TW,2025-10-09,nieob. uspr. p.s.,14
2TW,2025-10-16,nieobecność,4
2TW,2025-11-12,nieob. uspr. p.s.,16
2TW,2025-11-13,nieob. uspr. p.s.,12
2TW,2025-11-14,nieob. uspr. p.s.,16
2TW,2025-11-19,nieobecność,2
2TW,2025-11-21,nieobecność,5
2TW,2026-01-09,nieobecność,9
2TW,2026-01-15,obecność,26
2TW,2026-03-10,nieobecność,4
2TW,2026-03-18,nieob. uspr. p.s.,12
2TW,2026-04-21,nieob. uspr. p.s.,6
2TW,2026-06-24,obecność,2
2TW,2025-09-17,spóźnienie,1
2TW,2025-09-29,spóźnienie,3
2TW,2025-10-02,nieob. uspraw.,14
2TW,2025-10-27,nieobecność,4
2TW,2025-10-28,nieobecność,8
2TW,2025-10-29,nieobecność,2
2TW,2025-11-03,nieobecność,13
2TW,2025-11-05,nieobecność,1
2TW,2025-11-06,nieobecność,8
2TW,2025-11-12,nieobecność,8
2TW,2025-11-18,nieobecność,2
2TW,2025-12-09,nieobecność,1
2TW,2025-12-11,nieobecność,15
2TW,2026-01-07,nieobecność,4
2TW,2026-01-08,nieobecność,13
2TW,2026-01-12,nieobecność,12
2TW,2026-01-16,nieobecność,19
2TW,2026-02-02,nieobecność,8
2TW,2026-02-03,nieobecność,7
2TW,2026-02-05,nieobecność,8
2TW,2026-02-06,nieobecność,15
2TW,2026-02-12,nieobecność,2
2TW,2026-02-16,nieobecność,2
2TW,2026-02-19,nieobecność,15
2TW,2026-02-20,nieobecność,21
2TW,2026-02-23,nieobecność,1
2TW,2026-02-24,nieobecność,3
2TW,2026-02-27,nieobecność,13
2TW,2026-03-02,nieobecność,8
2TW,2026-03-06,nieobecność,2
2TW,2026-03-24,nieobecność,2
2TW,2026-03-26,nieob. uspraw.,13
2TW,2026-04-08,nieob. uspraw.,30
2TW,2026-04-09,nieobecność,2
2TW,2026-04-14,nieob. uspr. p.s.,7
2TW,2026-04-17,nieobecność,4
2TW,2026-04-17,nieob. uspr. p.s.,4
2TW,2026-04-20,nieob. uspr. p.s.,15
2TW,2026-04-20,nieobecność,12
2TW,2026-05-26,nieobecność,10
2TW,2026-05-27,nieobecność,9
2TW,2026-05-28,nieobecność,7
2TW,2026-06-02,nieobecność,12
2TW,2026-06-03,nieobecność,18
2TW,2026-06-08,nieobecność,16
2TW,2026-06-09,nieobecność,15
2TW,2026-06-11,nieobecność,9
2TW,2026-06-12,nieobecność,9
2TW,2026-06-15,nieobecność,14
2TW,2026-06-16,nieobecność,14
2TW,2025-09-15,spóźn. uspr.,3
2TW,2025-10-01,nieob. uspraw.,2
2TW,2025-10-15,nieob. uspraw.,11
2TW,2025-10-21,nieob. uspraw.,9
2TW,2025-10-28,nieob. uspr. p.s.,1
2TW,2025-11-12,spóźn. uspr.,1
2TW,2025-12-03,nieob. uspraw.,21
2TW,2025-12-04,nieob. uspraw.,12
2TW,2025-12-16,spóźn. uspr.,1
2TW,2026-02-11,nieob. uspraw.,14
2TW,2026-03-23,spóźn. uspr.,1
2TW,2026-03-25,spóźn. uspr.,6
2TW,2026-05-29,obecność,5
2TW,2025-09-03,nieob. uspraw.,4
2TW,2025-09-08,spóźn. uspr.,1
2TW,2025-09-10,nieob. uspraw.,15
2TW,2025-09-10,spóźn. uspr.,4
2TW,2025-09-15,nieob. uspraw.,15
2TW,2025-10-06,spóźn. uspr.,2
2TW,2025-10-13,nieob. uspraw.,12
2TW,2025-10-15,spóźn. uspr.,1
2TW,2025-10-22,spóźn. uspr.,1
2TW,2025-11-18,nieob. uspraw.,8
2TW,2025-11-24,nieob. uspraw.,27
2TW,2025-11-24,spóźn. uspr.,1
2TW,2025-12-08,nieob. uspraw.,6
2TW,2025-12-09,nieob. uspraw.,23
2TW,2025-12-11,nieob. uspraw.,21
2TW,2025-12-17,nieob. uspraw.,14
2TW,2026-01-13,nieob. uspraw.,26
2TW,2026-02-03,obecność,69
2TW,2026-02-25,nieob. uspraw.,10
2TW,2026-03-03,spóźn. uspr.,1
2TW,2026-03-10,nieob. uspraw.,12
2TW,2026-03-12,nieob. uspraw.,18
2TW,2026-03-16,zwolniony,1
2TW,2026-03-17,nieob. uspraw.,12
2TW,2026-03-24,nieob. uspr. p.s.,6
2TW,2026-04-23,nieob. uspr. p.s.,15
2TW,2026-06-01,nieob. uspraw.,21
2TW,2025-09-08,nieob. uspraw.,18
2TW,2025-09-09,nieob. uspraw.,14
2TW,2025-09-11,spóźn. uspr.,1
2TW,2025-09-16,nieob. uspraw.,12
2TW,2025-10-06,nieob. uspraw.,1
2TW,2025-10-13,spóźn. uspr.,1
2TW,2025-10-27,spóźnienie,2
2TW,2025-10-30,nieobecność,7
2TW,2025-11-17,spóźn. uspr.,1
2TW,2025-11-24,nieobecność,2
2TW,2025-11-28,spóźnienie,2
2TW,2025-12-11,spóźnienie,1
2TW,2025-12-12,nieob. uspraw.,9
2TW,2025-12-15,nieob. uspraw.,8
2TW,2025-12-18,nieob. uspraw.,18
2TW,2026-02-09,nieob. uspraw.,17
2TW,2026-02-16,spóźn. uspr.,1
2TW,2026-02-25,spóźnienie,3
2TW,2026-03-11,spóźn. uspr.,2
2TW,2026-03-27,obecność,66
2TW,2026-04-15,nieobecność,1
2TW,2026-04-23,spóźnienie,4
2TW,2026-04-24,spóźnienie,1
2TW,2025-09-03,nieobecność,1
2TW,2025-09-05,nieobecność,4
2TW,2025-09-08,nieobecność,2
2TW,2025-09-12,nieobecność,4
2TW,2025-10-06,spóźnienie,6
2TW,2025-10-20,spóźnienie,3
2TW,2025-10-21,spóźnienie,1
2TW,2025-10-22,nieobecność,5
2TW,2025-10-24,spóźnienie,1
2TW,2025-11-17,zwolniony,1
2TW,2025-11-19,nieob. uspraw.,6
2TW,2025-11-28,nieob. uspraw.,14
2TW,2025-12-02,nieobecność,1
2TW,2025-12-03,nieobecność,5
2TW,2025-12-03,spóźnienie,2
2TW,2025-12-10,nieob. uspr. p.s.,1
2TW,2025-12-15,nieobecność,1
2TW,2025-12-16,nieobecność,1
2TW,2026-01-07,zwolniony,1
2TW,2026-01-13,nieobecność,8
2TW,2026-01-14,nieobecność,8
2TW,2026-02-09,nieobecność,1
2TW,2026-02-09,nieob. uspr. p.s.,1
2TW,2026-02-10,nieobecność,1
2TW,2026-02-11,nieobecność,1
2TW,2026-02-13,nieob. uspr. p.s.,2
2TW,2026-02-17,nieob. uspr. p.s.,1
2TW,2026-02-18,nieobecność,1
2TW,2026-02-23,nieob. uspr. p.s.,1
2TW,2026-02-23,spóźnienie,1
2TW,2026-02-24,nieob. uspr. p.s.,1
2TW,2026-02-26,nieobecność,12
2TW,2026-03-03,nieob. uspr. p.s.,1
2TW,2026-03-05,nieobecność,1
2TW,2026-03-09,nieobecność,1
2TW,2026-03-11,nieobecność,2
2TW,2026-03-12,nieobecność,2
2TW,2026-03-13,nieobecność,6
2TW,2026-03-19,nieobecność,1
2TW,2026-03-23,nieob. uspr. p.s.,3
2TW,2026-03-25,nieob. uspraw.,2
2TW,2026-03-26,nieobecność,1
2TW,2026-03-30,nieobecność,1
2TW,2026-03-31,nieob. uspr. p.s.,6
2TW,2026-04-01,nieobecność,8
2TW,2026-04-08,nieobecność,1
2TW,2026-04-13,nieobecność,1
2TW,2026-04-16,nieobecność,1
2TW,2026-04-21,nieobecność,3
2TW,2026-04-22,nieobecność,1
2TW,2026-04-23,nieobecność,1
2TW,2026-04-24,nieobecność,16
2TW,2026-05-25,nieobecność,6
2TW,2026-05-29,nieobecność,12
2TW,2026-06-10,nieobecność,7
2TW,2025-09-08,nieob. uspr. p.s.,1
2TW,2025-09-11,nieob. uspr. p.s.,2
2TW,2025-09-18,zwolniony,3
2TW,2025-10-08,nieob. uspraw.,10
2TW,2025-10-13,nieob. uspr. p.s.,1
2TW,2025-10-13,zwolniony,1
2TW,2025-10-15,nieob. uspr. p.s.,1
2TW,2025-10-22,nieob. uspr. p.s.,9
2TW,2025-11-28,spóźn. uspr.,2
2TW,2025-12-08,nieob. uspr. p.s.,7
2TW,2026-03-04,nieobecność,4
2TW,2026-03-05,nieob. uspr. p.s.,4
2TW,2026-03-30,nieob. uspr. p.s.,11
2TW,2026-04-09,nieob. uspraw.,9
2TW,2026-04-16,nieob. uspr. p.s.,3
2TW,2026-04-22,nieob. uspr. p.s.,3
2TW,2025-09-04,nieob. uspraw.,10
2TW,2025-09-05,nieob. uspraw.,2
2TW,2025-09-11,nieob. uspraw.,5
2TW,2025-09-12,nieob. uspraw.,13
2TW,2025-09-17,nieob. uspraw.,22
2TW,2025-09-22,nieob. uspr. p.s.,1
2TW,2025-09-24,nieobecność,1
2TW,2025-10-09,nieob. uspraw.,21
2TW,2025-10-15,nieobecność,1
2TW,2025-10-22,nieob. uspraw.,6
2TW,2025-10-29,nieob. uspraw.,17
2TW,2025-10-30,nieob. uspraw.,7
2TW,2025-11-17,nieobecność,8
2TW,2025-11-25,nieobecność,8
2TW,2025-12-04,nieobecność,6
2TW,2025-12-12,nieobecność,1
2TW,2025-12-19,nieob. uspraw.,9
2TW,2026-01-14,nieob. uspraw.,16
2TW,2026-02-04,nieob. uspr. p.s.,1
2TW,2026-02-10,nieob. uspr. p.s.,1
2TW,2026-02-19,nieob. uspraw.,19
2TW,2026-05-26,zwolniony,1
2TW,2026-05-28,zwolniony,1
2TW,2026-06-02,zwolniony,1
2TW,2026-06-08,nieob. uspr. p.s.,2
2TW,2026-06-11,zwolniony,1
2TW,2025-10-08,spóźnienie,1
2TW,2025-10-23,nieob. uspr. p.s.,5
2TW,2025-10-23,nieob. uspraw.,3
2TW,2026-03-18,nieobecność,1
2TW,2026-03-26,nieob. uspr. p.s.,3
2TW,2026-04-10,nieob. uspr. p.s.,31
2TW,2025-09-23,nieob. uspr. p.s.,4
2TW,2025-12-15,spóźn. uspr.,1
2TW,2026-02-12,nieob. uspraw.,14
2TW,2025-09-29,spóźn. uspr.,1
2TW,2025-10-01,spóźn. uspr.,1
2TW,2025-10-14,nieob. uspraw.,14
2TW,2025-10-20,spóźn. uspr.,1
2TW,2025-11-04,nieob. uspraw.,2
2TW,2026-06-15,spóźnienie,3
2TW,2025-12-18,spóźn. uspr.,1
2TW,2026-03-30,spóźnienie,1
2TW,2026-06-08,spóźn. uspr.,1
2TW,2025-09-10,spóźnienie,2
2TW,2025-10-15,spóźnienie,1
2TW,2025-12-15,spóźnienie,1
2TW,2026-03-02,spóźn. uspr.,1
2TW,2025-11-25,zwolniony,1
2TW,2026-06-11,spóźnienie,1
2TW,2025-10-03,spóźnienie,1
2TW,2025-12-16,spóźnienie,1
2TW,2026-04-15,spóźnienie,1
3TMR,2025-09-01,obecność,133
3TMR,2025-09-02,obecność,180
3TMR,2025-09-03,obecność,158
3TMR,2025-09-04,nieob. uspr. p.s.,33
3TMR,2025-09-05,nieob. uspr. p.s.,34
3TMR,2025-09-08,nieob. uspr. p.s.,18
3TMR,2025-09-09,obecność,132
3TMR,2025-09-09,nieob. uspr. p.s.,19
3TMR,2025-09-10,nieob. uspr. p.s.,17
3TMR,2025-09-11,nieobecność,16
3TMR,2025-09-12,nieob. uspr. p.s.,1
3TMR,2025-09-12,obecność,140
3TMR,2025-09-15,nieob. uspr. p.s.,37
3TMR,2025-09-15,obecność,101
3TMR,2025-09-16,obecność,190
3TMR,2025-09-17,nieob. uspr. p.s.,61
3TMR,2025-09-18,nieob. uspr. p.s.,23
3TMR,2025-09-19,nieob. uspr. p.s.,35
3TMR,2025-09-22,nieob. uspr. p.s.,23
3TMR,2025-09-22,obecność,100
3TMR,2025-09-23,nieob. uspraw.,24
3TMR,2025-09-24,obecność,138
3TMR,2025-09-25,obecność,114
3TMR,2025-09-26,nieob. uspraw.,28
3TMR,2025-09-29,nieob. uspraw.,27
3TMR,2025-09-29,obecność,132
3TMR,2025-09-30,obecność,132
3TMR,2025-10-01,obecność,105
3TMR,2025-10-02,obecność,65
3TMR,2025-10-02,nieob. uspr. p.s.,13
3TMR,2025-10-03,obecność,105
3TMR,2025-10-06,obecność,145
3TMR,2025-10-07,nieob. uspraw.,24
3TMR,2025-10-08,obecność,120
3TMR,2025-10-08,nieobecność,2
3TMR,2025-10-09,nieob. uspr. p.s.,8
3TMR,2025-10-10,obecność,125
3TMR,2025-10-10,nieobecność,25
3TMR,2025-10-13,nieob. uspraw.,18
3TMR,2025-10-14,obecność,115
3TMR,2025-10-14,nieob. uspraw.,57
3TMR,2025-10-15,obecność,81
3TMR,2025-10-16,obecność,138
3TMR,2025-10-20,nieob. uspraw.,28
3TMR,2025-10-21,nieob. uspraw.,32
3TMR,2025-10-22,nieob. uspraw.,24
3TMR,2025-10-23,obecność,141
3TMR,2025-10-24,obecność,136
3TMR,2025-10-24,nieob. uspraw.,21
3TMR,2025-10-27,nieob. uspr. p.s.,13
3TMR,2025-10-28,obecność,152
3TMR,2025-10-28,nieobecność,14
3TMR,2025-10-29,obecność,114
3TMR,2025-10-29,nieobecność,10
3TMR,2025-10-30,nieob. uspr. p.s.,13
3TMR,2025-11-03,obecność,114
3TMR,2025-11-04,obecność,160
3TMR,2025-11-05,obecność,136
3TMR,2025-11-06,obecność,84
3TMR,2025-11-06,nieob. uspr. p.s.,33
3TMR,2025-11-07,obecność,120
3TMR,2025-11-12,nieob. uspr. p.s.,77
3TMR,2025-11-13,obecność,27
3TMR,2025-11-13,nieob. uspr. p.s.,57
3TMR,2025-11-14,obecność,44
3TMR,2025-11-14,nieobecność,19
3TMR,2025-11-17,obecność,118
3TMR,2025-11-18,obecność,162
3TMR,2025-11-19,obecność,117
3TMR,2025-11-20,obecność,130
3TMR,2025-11-21,spóźnienie,4
3TMR,2025-11-21,obecność,103
3TMR,2025-11-21,nieob. uspraw.,24
3TMR,2025-11-24,nieob. uspr. p.s.,49
3TMR,2025-11-25,obecność,112
3TMR,2025-11-25,nieobecność,5
3TMR,2025-11-26,obecność,79
3TMR,2025-11-26,nieob. uspr. p.s.,53
3TMR,2025-11-27,nieob. uspr. p.s.,8
3TMR,2025-11-28,obecność,78
3TMR,2025-11-28,nieob. uspraw.,29
3TMR,2025-12-01,nieob. uspr. p.s.,14
3TMR,2025-12-02,obecność,168
3TMR,2025-12-03,obecność,119
3TMR,2025-12-04,nieob. uspraw.,29
3TMR,2025-12-05,nieob. uspraw.,29
3TMR,2025-12-08,nieob. uspraw.,41
3TMR,2025-12-09,nieob. uspr. p.s.,28
3TMR,2025-12-10,obecność,106
3TMR,2025-12-11,nieob. uspr. p.s.,17
3TMR,2025-12-12,obecność,121
3TMR,2025-12-15,obecność,125
3TMR,2025-12-15,nieob. uspr. p.s.,14
3TMR,2025-12-16,nieob. uspr. p.s.,6
3TMR,2025-12-16,obecność,123
3TMR,2025-12-17,obecność,152
3TMR,2025-12-17,nieob. uspr. p.s.,9
3TMR,2025-12-17,spóźnienie,3
3TMR,2025-12-17,nieobecność,25
3TMR,2025-12-18,obecność,75
3TMR,2025-12-18,spóźnienie,3
3TMR,2025-12-18,nieobecność,17
3TMR,2025-12-18,nieob. uspr. p.s.,10
3TMR,2025-12-19,obecność,101
3TMR,2026-01-07,obecność,126
3TMR,2026-01-07,nieob. uspr. p.s.,19
3TMR,2026-01-07,nieobecność,13
3TMR,2026-01-08,obecność,99
3TMR,2026-01-08,nieob. uspraw.,40
3TMR,2026-01-09,obecność,69
3TMR,2026-01-12,obecność,79
3TMR,2026-01-12,nieob. uspraw.,52
3TMR,2026-01-13,obecność,132
3TMR,2026-01-13,nieob. uspraw.,35
3TMR,2026-01-14,obecność,84
3TMR,2026-01-14,nieob. uspr. p.s.,12
3TMR,2026-01-15,nieob. uspraw.,105
3TMR,2026-01-16,obecność,41
3TMR,2026-01-16,nieob. uspraw.,112
3TMR,2026-02-02,obecność,78
3TMR,2026-02-03,obecność,119
3TMR,2026-02-03,nieobecność,3
3TMR,2026-02-04,obecność,131
3TMR,2026-02-04,nieob. uspr. p.s.,17
3TMR,2026-02-04,nieob. uspraw.,26
3TMR,2026-02-05,obecność,88
3TMR,2026-02-06,spóźnienie,1
3TMR,2026-02-06,obecność,82
3TMR,2026-02-09,nieob. uspraw.,12
3TMR,2026-02-10,obecność,83
3TMR,2026-02-11,obecność,140
3TMR,2026-02-11,nieob. uspraw.,26
3TMR,2026-02-12,obecność,131
3TMR,2026-02-13,nieob. uspraw.,1
3TMR,2026-02-13,obecność,134
3TMR,2026-02-16,nieob. uspraw.,52
3TMR,2026-02-17,obecność,71
3TMR,2026-02-18,obecność,134
3TMR,2026-02-18,nieob. uspraw.,12
3TMR,2026-02-19,obecność,134
3TMR,2026-02-19,nieob. uspraw.,9
3TMR,2026-02-20,obecność,68
3TMR,2026-02-23,nieob. uspraw.,9
3TMR,2026-02-23,obecność,102
3TMR,2026-02-24,obecność,161
3TMR,2026-02-25,obecność,128
3TMR,2026-02-25,nieob. uspraw.,37
3TMR,2026-02-25,zwolniony,1
3TMR,2026-02-26,nieob. uspraw.,32
3TMR,2026-02-27,obecność,121
3TMR,2026-03-02,obecność,97
3TMR,2026-03-02,nieob. uspr. p.s.,16
3TMR,2026-03-03,obecność,120
3TMR,2026-03-04,obecność,69
3TMR,2026-03-04,nieob. uspraw.,65
3TMR,2026-03-05,obecność,94
3TMR,2026-03-06,obecność,90
3TMR,2026-03-09,obecność,114
3TMR,2026-03-10,obecność,130
3TMR,2026-03-11,nieob. uspraw.,15
3TMR,2026-03-12,nieob. uspraw.,12
3TMR,2026-03-13,obecność,119
3TMR,2026-03-16,obecność,107
3TMR,2026-03-17,obecność,139
3TMR,2026-03-17,nieob. uspr. p.s.,19
3TMR,2026-03-18,obecność,99
3TMR,2026-03-18,nieob. uspraw.,48
3TMR,2026-03-19,nieob. uspraw.,52
3TMR,2026-03-20,obecność,77
3TMR,2026-03-23,obecność,103
3TMR,2026-03-24,nieob. uspr. p.s.,18
3TMR,2026-03-24,obecność,123
3TMR,2026-03-25,nieob. uspraw.,126
3TMR,2026-03-26,nieob. uspraw.,16
3TMR,2026-03-27,nieob. uspr. p.s.,7
3TMR,2026-03-27,obecność,105
3TMR,2026-03-30,obecność,92
3TMR,2026-03-31,obecność,126
3TMR,2026-03-31,nieob. uspr. p.s.,35
3TMR,2026-04-01,nieob. uspraw.,118
3TMR,2026-04-08,obecność,105
3TMR,2026-04-08,nieob. uspraw.,30
3TMR,2026-04-09,obecność,112
3TMR,2026-04-09,nieob. uspraw.,32
3TMR,2026-04-10,obecność,68
3TMR,2026-04-13,nieob. uspraw.,28
3TMR,2026-04-14,obecność,141
3TMR,2026-04-14,nieob. uspraw.,26
3TMR,2026-04-15,obecność,83
3TMR,2026-04-15,nieobecność,10
3TMR,2026-04-16,obecność,56
3TMR,2026-04-17,obecność,29
3TMR,2026-04-20,obecność,80
3TMR,2026-04-21,obecność,128
3TMR,2026-04-21,nieob. uspraw.,23
3TMR,2026-04-22,nieob. uspraw.,68
3TMR,2026-04-23,obecność,98
3TMR,2026-04-24,obecność,98
3TMR,2026-05-11,obecność,21
3TMR,2026-05-12,obecność,88
3TMR,2026-05-13,obecność,102
3TMR,2026-05-13,nieob. uspraw.,28
3TMR,2026-05-14,obecność,75
3TMR,2026-05-14,nieob. uspraw.,52
3TMR,2026-05-15,obecność,119
3TMR,2026-05-15,nieob. uspraw.,35
3TMR,2026-05-18,obecność,51
3TMR,2026-05-19,nieob. uspr. p.s.,42
3TMR,2026-05-20,nieob. uspraw.,43
3TMR,2026-05-21,obecność,132
3TMR,2026-05-22,obecność,57
3TMR,2026-05-22,nieob. uspraw.,97
3TMR,2026-05-25,nieob. uspraw.,42
3TMR,2026-05-26,nieob. uspraw.,32
3TMR,2026-05-27,nieob. uspraw.,35
3TMR,2026-05-28,nieob. uspraw.,66
3TMR,2026-05-29,obecność,104
3TMR,2026-05-29,nieob. uspraw.,26
3TMR,2026-06-01,obecność,71
3TMR,2026-06-01,nieob. uspr. p.s.,5
3TMR,2026-06-02,obecność,53
3TMR,2026-06-02,nieob. uspraw.,119
3TMR,2026-06-08,obecność,73
3TMR,2026-06-08,nieob. uspraw.,46
3TMR,2026-06-09,obecność,59
3TMR,2026-06-09,nieob. uspraw.,114
3TMR,2026-06-10,obecność,51
3TMR,2026-06-10,nieob. uspraw.,81
3TMR,2026-06-11,nieob. uspraw.,91
3TMR,2026-06-12,obecność,85
3TMR,2026-06-15,nieob. uspraw.,101
3TMR,2026-06-15,obecność,30
3TMR,2026-06-16,nieob. uspraw.,143
3TMR,2026-06-16,obecność,30
3TMR,2026-06-17,nieob. uspraw.,167
3TMR,2026-06-17,obecność,9
3TMR,2026-06-18,nieob. uspraw.,150
3TMR,2026-06-18,obecność,4
3TMR,2026-06-19,nieob. uspraw.,131
3TMR,2026-06-19,obecność,15
3TMR,2026-06-22,nieob. uspraw.,152
3TMR,2026-06-22,obecność,2
3TMR,2026-06-23,nieob. uspraw.,176
3TMR,2026-06-24,obecność,2
3TMR,2026-06-24,nieob. uspraw.,174
3TMR,2026-06-25,nieob. uspraw.,153
3TMR,2026-06-25,obecność,1
3TMR,2026-06-26,,154
3TMR,2025-09-04,obecność,123
3TMR,2025-09-05,obecność,124
3TMR,2025-09-05,nieob. uspraw.,20
3TMR,2025-09-08,obecność,128
3TMR,2025-09-09,nieobecność,5
3TMR,2025-09-10,nieob. uspraw.,28
3TMR,2025-09-11,nieob. uspraw.,16
3TMR,2025-09-11,obecność,123
3TMR,2025-09-12,nieob. uspraw.,22
3TMR,2025-09-15,nieobecność,7
3TMR,2025-09-17,obecność,83
3TMR,2025-09-18,obecność,103
3TMR,2025-09-19,obecność,121
3TMR,2025-09-22,nieob. uspraw.,35
3TMR,2025-09-23,obecność,91
3TMR,2025-09-25,nieob. uspraw.,27
3TMR,2025-09-26,obecność,109
3TMR,2025-10-02,nieob. uspraw.,37
3TMR,2025-10-03,nieob. uspraw.,77
3TMR,2025-10-07,obecność,145
3TMR,2025-10-08,nieob. uspraw.,6
3TMR,2025-10-09,obecność,69
3TMR,2025-10-13,obecność,82
3TMR,2025-10-15,nieob. uspraw.,42
3TMR,2025-10-16,nieob. uspraw.,28
3TMR,2025-10-20,obecność,116
3TMR,2025-10-21,obecność,130
3TMR,2025-10-21,nieobecność,8
3TMR,2025-10-22,obecność,101
3TMR,2025-10-24,nieobecność,16
3TMR,2025-10-27,nieob. uspraw.,13
3TMR,2025-10-30,nieob. uspraw.,30
3TMR,2025-11-04,nieob. uspraw.,10
3TMR,2025-11-06,nieob. uspraw.,9
3TMR,2025-11-07,nieob. uspraw.,42
3TMR,2025-11-12,obecność,38
3TMR,2025-11-12,nieobecność,14
3TMR,2025-11-13,nieobecność,16
3TMR,2025-11-14,nieob. uspraw.,55
3TMR,2025-11-17,nieobecność,6
3TMR,2025-11-19,nieob. uspraw.,7
3TMR,2025-11-21,zwolniony,2
3TMR,2025-11-24,obecność,111
3TMR,2025-11-25,nieob. uspraw.,18
3TMR,2025-11-26,nieob. uspraw.,28
3TMR,2025-11-27,nieob. uspraw.,27
3TMR,2025-11-27,obecność,67
3TMR,2025-11-27,nieobecność,11
3TMR,2025-12-01,obecność,132
3TMR,2025-12-01,nieob. uspraw.,8
3TMR,2025-12-02,nieob. uspraw.,24
3TMR,2025-12-03,nieob. uspraw.,26
3TMR,2025-12-04,obecność,118
3TMR,2025-12-04,spóźnienie,3
3TMR,2025-12-09,obecność,110
3TMR,2025-12-09,nieobecność,22
3TMR,2025-12-10,nieob. uspraw.,36
3TMR,2025-12-11,obecność,92
3TMR,2025-12-12,nieobecność,22
3TMR,2025-12-16,nieobecność,39
3TMR,2025-12-18,nieob. uspraw.,63
3TMR,2025-12-19,nieob. uspraw.,51
3TMR,2026-01-07,nieob. uspraw.,26
3TMR,2026-01-09,nieob. uspraw.,60
3TMR,2026-01-12,nieob. uspr. p.s.,10
3TMR,2026-01-13,nieob. uspr. p.s.,8
3TMR,2026-02-02,nieob. uspraw.,56
3TMR,2026-02-05,nieob. uspraw.,49
3TMR,2026-02-06,nieob. uspraw.,66
3TMR,2026-02-09,obecność,116
3TMR,2026-02-10,nieob. uspr. p.s.,20
3TMR,2026-02-12,nieob. uspr. p.s.,16
3TMR,2026-02-17,nieob. uspr. p.s.,9
3TMR,2026-02-18,nieob. uspr. p.s.,23
3TMR,2026-02-19,nieob. uspr. p.s.,14
3TMR,2026-02-20,nieob. uspr. p.s.,12
3TMR,2026-02-23,nieobecność,8
3TMR,2026-02-26,obecność,66
3TMR,2026-02-27,nieob. uspraw.,30
3TMR,2026-03-06,nieob. uspr. p.s.,15
3TMR,2026-03-10,nieob. uspraw.,7
3TMR,2026-03-13,nieob. uspr. p.s.,21
3TMR,2026-03-17,nieob. uspraw.,10
3TMR,2026-03-19,nieob. uspr. p.s.,16
3TMR,2026-03-19,nieobecność,3
3TMR,2026-03-23,nieob. uspraw.,17
3TMR,2026-03-26,obecność,113
3TMR,2026-04-10,nieob. uspraw.,84
3TMR,2026-04-13,obecność,113
3TMR,2026-04-16,nieob. uspraw.,28
3TMR,2026-04-17,nieob. uspraw.,103
3TMR,2026-04-20,nieob. uspraw.,35
3TMR,2026-04-23,nieob. uspraw.,35
3TMR,2026-04-24,nieob. uspraw.,56
3TMR,2026-05-11,nieob. uspraw.,33
3TMR,2026-05-12,nieob. uspraw.,38
3TMR,2026-05-19,obecność,73
3TMR,2026-05-20,obecność,100
3TMR,2026-05-25,obecność,94
3TMR,2026-05-26,obecność,74
3TMR,2026-05-26,nieobecność,24
3TMR,2026-06-01,nieob. uspraw.,65
3TMR,2025-09-10,obecność,104
3TMR,2025-09-23,spóźnienie,3
3TMR,2025-09-23,nieobecność,14
3TMR,2025-09-25,nieob. uspr. p.s.,2
3TMR,2025-10-08,nieob. uspr. p.s.,16
3TMR,2025-10-13,nieob. uspr. p.s.,32
3TMR,2025-10-14,nieobecność,13
3TMR,2025-10-15,nieob. uspr. p.s.,39
3TMR,2025-10-21,nieob. uspr. p.s.,22
3TMR,2025-10-27,obecność,111
3TMR,2025-10-27,nieobecność,4
3TMR,2025-10-29,nieob. uspr. p.s.,29
3TMR,2025-10-30,obecność,101
3TMR,2025-11-03,nieob. uspr. p.s.,25
3TMR,2025-11-04,nieob. uspr. p.s.,17
3TMR,2025-11-05,spóźnienie,4
3TMR,2025-11-07,nieobecność,23
3TMR,2025-11-14,nieob. uspr. p.s.,72
3TMR,2025-11-19,nieobecność,24
3TMR,2025-11-21,nieobecność,26
3TMR,2025-11-25,nieob. uspr. p.s.,56
3TMR,2025-11-27,spóźnienie,7
3TMR,2025-12-04,nieob. uspr. p.s.,15
3TMR,2025-12-05,obecność,135
3TMR,2025-12-08,obecność,98
3TMR,2025-12-08,nieobecność,11
3TMR,2025-12-10,nieob. uspr. p.s.,20
3TMR,2025-12-10,spóźnienie,4
3TMR,2025-12-10,nieobecność,2
3TMR,2025-12-11,nieob. uspraw.,56
3TMR,2025-12-19,nieob. uspr. p.s.,7
3TMR,2026-01-07,spóźnienie,6
3TMR,2026-01-12,spóźnienie,7
3TMR,2026-01-14,zwolniony,4
3TMR,2026-01-14,nieob. uspraw.,88
3TMR,2026-02-03,nieob. uspraw.,54
3TMR,2026-02-04,spóźnienie,6
3TMR,2026-02-09,spóźnienie,1
3TMR,2026-02-09,nieob. uspr. p.s.,22
3TMR,2026-02-10,nieob. uspraw.,33
3TMR,2026-02-11,nieob. uspr. p.s.,23
3TMR,2026-02-12,nieobecność,16
3TMR,2026-02-16,obecność,87
3TMR,2026-02-16,nieobecność,9
3TMR,2026-02-19,spóźnienie,6
3TMR,2026-02-20,nieob. uspraw.,52
3TMR,2026-02-24,nieob. uspraw.,18
3TMR,2026-02-25,spóźnienie,11
3TMR,2026-03-02,nieob. uspraw.,30
3TMR,2026-03-03,spóźnienie,15
3TMR,2026-03-03,nieobecność,4
3TMR,2026-03-04,nieob. uspr. p.s.,24
3TMR,2026-03-06,nieob. uspraw.,49
3TMR,2026-03-10,spóźnienie,4
3TMR,2026-03-11,obecność,140
3TMR,2026-03-12,obecność,95
3TMR,2026-03-16,nieobecność,9
3TMR,2026-03-16,spóźnienie,17
3TMR,2026-03-17,nieobecność,7
3TMR,2026-03-19,obecność,83
3TMR,2026-03-20,nieob. uspraw.,63
3TMR,2026-03-23,nieob. uspr. p.s.,12
3TMR,2026-03-24,spóźnienie,6
3TMR,2026-03-27,nieobecność,2
3TMR,2026-04-13,nieobecność,8
3TMR,2026-04-23,nieobecność,19
3TMR,2026-05-13,nieob. uspr. p.s.,2
3TMR,2026-05-14,spóźnienie,5
3TMR,2026-05-18,nieob. uspraw.,59
3TMR,2026-05-20,spóźnienie,6
3TMR,2026-05-20,nieobecność,2
3TMR,2026-05-26,spóźnienie,5
3TMR,2026-05-27,obecność,102
3TMR,2026-05-29,nieobecność,16
3TMR,2026-06-01,nieobecność,10
3TMR,2026-06-08,nieobecność,12
3TMR,2026-06-11,obecność,41
3TMR,2025-09-22,nieobecność,5
3TMR,2025-09-22,spóźnienie,4
3TMR,2025-09-26,nieobecność,17
3TMR,2025-09-29,nieobecność,5
3TMR,2025-10-02,nieobecność,5
3TMR,2025-10-07,spóźnienie,2
3TMR,2025-10-09,nieob. uspraw.,15
3TMR,2025-10-13,nieobecność,9
3TMR,2025-10-15,spóźnienie,2
3TMR,2025-10-15,nieobecność,4
3TMR,2025-10-20,nieobecność,7
3TMR,2025-11-03,nieob. uspraw.,22
3TMR,2025-11-05,nieobecność,7
3TMR,2025-11-06,nieobecność,18
3TMR,2025-11-17,spóźnienie,3
3TMR,2025-11-18,nieobecność,15
3TMR,2025-11-24,nieobecność,6
3TMR,2025-11-26,nieobecność,8
3TMR,2025-11-28,nieobecność,78
3TMR,2025-12-01,nieobecność,8
3TMR,2025-12-03,nieobecność,6
3TMR,2025-12-15,nieobecność,14
3TMR,2026-01-08,nieobecność,11
3TMR,2026-01-08,spóźnienie,4
3TMR,2026-01-09,nieobecność,3
3TMR,2026-01-14,nieobecność,2
3TMR,2026-02-02,nieobecność,10
3TMR,2026-02-02,spóźnienie,8
3TMR,2026-02-04,nieobecność,10
3TMR,2026-02-05,spóźnienie,3
3TMR,2026-02-05,nieobecność,12
3TMR,2026-02-17,spóźnienie,2
3TMR,2026-02-18,spóźnienie,3
3TMR,2026-02-18,nieobecność,18
3TMR,2026-02-23,spóźnienie,12
3TMR,2026-02-26,spóźnienie,8
3TMR,2026-02-26,nieob. uspr. p.s.,51
3TMR,2026-03-02,spóźnienie,9
3TMR,2026-03-04,spóźnienie,9
3TMR,2026-03-05,nieob. uspr. p.s.,16
3TMR,2026-03-11,nieobecność,5
3TMR,2026-03-12,nieobecność,11
3TMR,2026-03-23,nieobecność,17
3TMR,2026-03-25,obecność,19
3TMR,2026-03-26,nieob. uspr. p.s.,16
3TMR,2026-03-26,nieobecność,9
3TMR,2026-04-01,obecność,35
3TMR,2026-04-01,nieobecność,9
3TMR,2026-04-08,spóźnienie,4
3TMR,2026-04-16,spóźnienie,4
3TMR,2026-04-21,nieobecność,3
3TMR,2026-04-22,obecność,85
3TMR,2026-04-22,nieobecność,7
3TMR,2026-05-19,nieob. uspraw.,37
3TMR,2026-05-26,nieob. uspr. p.s.,19
3TMR,2026-05-27,spóźnienie,3
3TMR,2026-05-28,obecność,60
3TMR,2026-06-01,spóźnienie,3
3TMR,2026-06-02,nieobecność,2
3TMR,2025-09-05,nieobecność,9
3TMR,2025-09-30,nieob. uspraw.,8
3TMR,2025-11-18,nieob. uspr. p.s.,15
3TMR,2025-11-19,nieob. uspr. p.s.,20
3TMR,2025-11-21,nieob. uspr. p.s.,26
3TMR,2025-12-03,nieob. uspr. p.s.,17
3TMR,2026-01-15,obecność,10
3TMR,2026-02-16,nieob. uspr. p.s.,14
3TMR,2026-03-03,nieob. uspr. p.s.,13
3TMR,2026-03-04,nieobecność,9
3TMR,2026-03-11,nieob. uspr. p.s.,8
3TMR,2026-04-15,nieob. uspraw.,29
3TMR,2026-05-25,nieob. uspr. p.s.,4
3TMR,2026-05-27,nieob. uspr. p.s.,14
3TMR,2026-06-16,spóźnienie,2
3TMR,2025-09-08,spóźnienie,1
3TMR,2025-09-09,nieob. uspraw.,33
3TMR,2025-09-15,nieob. uspraw.,22
3TMR,2025-09-18,nieobecność,1
3TMR,2025-09-19,nieobecność,3
3TMR,2025-09-25,nieobecność,1
3TMR,2025-10-01,nieob. uspraw.,10
3TMR,2025-10-06,nieobecność,1
3TMR,2025-10-07,nieobecność,3
3TMR,2025-10-16,nieobecność,2
3TMR,2025-10-23,nieobecność,6
3TMR,2025-11-04,nieobecność,5
3TMR,2025-11-17,nieob. uspr. p.s.,9
3TMR,2025-11-20,nieob. uspr. p.s.,14
3TMR,2025-12-04,nieobecność,3
3TMR,2025-12-05,nieobecność,17
3TMR,2026-02-02,nieob. uspr. p.s.,15
3TMR,2026-02-12,nieob. uspraw.,5
3TMR,2026-02-19,nieobecność,5
3TMR,2026-02-25,nieobecność,3
3TMR,2026-03-12,nieob. uspr. p.s.,14
3TMR,2026-03-13,nieob. uspraw.,14
3TMR,2026-03-16,nieob. uspr. p.s.,14
3TMR,2026-03-18,spóźnienie,4
3TMR,2026-03-24,nieob. uspraw.,25
3TMR,2026-03-31,nieobecność,7
3TMR,2026-04-09,zwolniony,4
3TMR,2026-04-14,spóźnienie,4
3TMR,2026-04-23,nieob. uspr. p.s.,2
3TMR,2026-05-20,nieob. uspr. p.s.,3
3TMR,2026-05-28,nieobecność,6
3TMR,2026-06-08,spóźnienie,1
3TMR,2025-09-01,nieobecność,21
3TMR,2025-09-10,nieobecność,14
3TMR,2025-09-11,nieob. uspr. p.s.,11
3TMR,2025-09-18,nieob. uspraw.,41
3TMR,2025-09-19,nieob. uspraw.,9
3TMR,2025-09-24,nieob. uspraw.,7
3TMR,2025-09-26,nieob. uspr. p.s.,7
3TMR,2025-10-06,nieob. uspr. p.s.,14
3TMR,2025-10-23,nieob. uspr. p.s.,14
3TMR,2025-10-24,nieob. uspr. p.s.,12
3TMR,2025-11-12,nieob. uspraw.,39
3TMR,2025-11-17,nieob. uspraw.,31
3TMR,2025-11-20,spóźnienie,2
3TMR,2026-02-06,nieobecność,10
3TMR,2026-02-09,nieobecność,16
3TMR,2026-02-10,nieobecność,8
3TMR,2026-02-17,nieobecność,11
3TMR,2026-02-20,nieobecność,7
3TMR,2026-02-24,spóźnienie,1
3TMR,2026-02-24,nieobecność,4
3TMR,2026-02-26,nieobecność,4
3TMR,2025-09-01,nieob. uspraw.,14
3TMR,2025-09-03,spóźnienie,1
3TMR,2025-09-08,nieob. uspraw.,19
3TMR,2025-09-08,nieobecność,1
3TMR,2025-09-17,nieob. uspraw.,21
3TMR,2025-10-29,nieob. uspraw.,15
3TMR,2025-11-20,nieob. uspraw.,14
3TMR,2025-12-08,nieob. uspr. p.s.,17
3TMR,2025-12-12,nieob. uspraw.,25
3TMR,2025-12-15,nieob. uspraw.,13
3TMR,2025-12-16,nieob. uspraw.,24
3TMR,2025-12-19,nieobecność,4
3TMR,2026-01-13,nieobecność,17
3TMR,2026-02-23,nieob. uspr. p.s.,12
3TMR,2026-02-24,nieob. uspr. p.s.,8
3TMR,2026-03-10,nieob. uspr. p.s.,12
3TMR,2026-03-16,nieob. uspraw.,7
3TMR,2026-03-20,nieob. uspr. p.s.,14
3TMR,2026-03-30,nieob. uspr. p.s.,34
3TMR,2026-04-08,nieob. uspr. p.s.,14
3TMR,2026-04-20,nieob. uspr. p.s.,30
3TMR,2026-05-19,nieobecność,2
3TMR,2026-05-25,nieobecność,14
3TMR,2025-09-04,spóźnienie,4
3TMR,2025-09-11,spóźnienie,2
3TMR,2025-09-24,spóźnienie,4
3TMR,2025-09-30,nieob. uspr. p.s.,4
3TMR,2025-10-09,nieobecność,4
3TMR,2025-10-27,spóźnienie,2
3TMR,2025-10-28,nieob. uspraw.,26
3TMR,2025-11-03,spóźnienie,3
3TMR,2025-11-03,nieobecność,3
3TMR,2025-11-20,nieobecność,8
3TMR,2025-12-01,spóźnienie,5
3TMR,2025-12-11,nieobecność,3
3TMR,2026-02-16,spóźnienie,5
3TMR,2026-02-25,nieob. uspr. p.s.,10
3TMR,2026-03-03,nieob. uspraw.,24
3TMR,2026-03-05,spóźnienie,6
3TMR,2026-03-09,nieob. uspr. p.s.,12
3TMR,2026-03-18,nieobecność,7
3TMR,2026-04-09,nieobecność,6
3TMR,2026-04-10,spóźnienie,2
3TMR,2026-04-20,nieobecność,7
3TMR,2026-04-21,nieob. uspr. p.s.,20
3TMR,2026-05-11,spóźnienie,9
3TMR,2026-05-11,nieobecność,3
3TMR,2026-06-09,nieobecność,2
3TMR,2026-06-16,nieobecność,1
3TMR,2025-09-09,spóźnienie,1
3TMR,2025-09-29,nieob. uspr. p.s.,3
3TMR,2025-10-22,nieob. uspr. p.s.,19
3TMR,2026-03-05,nieob. uspraw.,38
3TMR,2026-04-01,zwolniony,3
3TMR,2025-11-13,nieob. uspraw.,20
3TMR,2025-12-09,nieob. uspraw.,32
3TMR,2026-01-08,nieob. uspr. p.s.,14
3TMR,2026-02-06,nieob. uspr. p.s.,4
3TMR,2026-03-30,nieobecność,6
3TMR,2026-04-14,nieobecność,3
3TMR,2025-09-23,nieob. uspr. p.s.,12
3TMR,2026-04-14,nieob. uspr. p.s.,2
3TMR,2026-06-12,nieob. uspraw.,39
3TMR,2025-09-24,nieob. uspr. p.s.,19
3TMR,2025-10-06,nieob. uspraw.,7
3TMR,2025-10-23,nieob. uspraw.,7
3TMR,2025-11-05,nieob. uspr. p.s.,14
3TMR,2026-01-12,nieobecność,19
3TMR,2026-02-13,nieobecność,7
3TMR,2025-09-03,nieob. uspr. p.s.,2
3TMR,2025-09-10,spóźnienie,5
3TMR,2025-09-17,spóźn. uspr.,3
3TMR,2025-10-01,nieob. uspr. p.s.,5
3TMR,2025-10-07,nieob. uspr. p.s.,18
3TMR,2025-10-10,nieob. uspr. p.s.,16
3TMR,2026-02-17,nieob. uspraw.,27
3TMR,2026-02-27,zwolniony,2
3TMR,2026-03-09,nieob. uspraw.,6
3TMR,2026-03-23,spóźnienie,5
3TMR,2026-03-27,nieob. uspraw.,18
3TMR,2025-12-15,spóźnienie,1
3TMR,2026-04-20,zwolniony,2
3TMR,2025-10-03,nieobecność,2
3TMR,2026-01-16,nieob. uspr. p.s.,15
3TMR,2026-02-03,nieob. uspr. p.s.,16
3TMR,2026-02-13,nieob. uspr. p.s.,21
3TMR,2026-03-02,nieobecność,2
3TMR,2026-03-18,nieob. uspr. p.s.,10
3TMR,2026-03-24,nieobecność,4
3TMR,2025-09-02,nieob. uspraw.,8
3TMR,2025-09-03,nieob. uspraw.,7
3TMR,2025-09-04,nieob. uspraw.,7
3TMR,2025-09-26,zwolniony,2
3TMR,2025-10-20,nieob. uspr. p.s.,14
3TMR,2025-11-24,spóźnienie,1
3TMR,2025-11-25,spóźnienie,1
3TMR,2025-12-12,spóźnienie,1
3TMR,2025-12-17,nieob. uspraw.,1
3TMR,2026-02-11,spóźnienie,1
3TMR,2026-03-17,spóźnienie,1
3TMR,2026-03-25,spóźnienie,1
3TMR,2026-04-13,spóźnienie,1
3TMR,2026-04-21,spóźnienie,2
3TMR,2026-06-15,spóźnienie,1
3TMR,2026-04-08,nieobecność,1
3TMR,2025-12-05,nieob. uspr. p.s.,4
3TMR,2026-01-09,nieob. uspr. p.s.,12
3TMR,2026-02-05,nieob. uspr. p.s.,16
3TMR,2026-03-10,nieobecność,1
3TMR,2025-09-02,nieobecność,2
3TMR,2025-10-13,spóźnienie,2
3TMR,2025-10-20,spóźnienie,2
3TMR,2025-11-05,nieob. uspraw.,7
3TMR,2026-02-27,nieobecność,1
3TMR,2026-06-02,nieob. uspr. p.s.,2
3TMR,2026-04-01,nieob. uspr. p.s.,3
3TMR,2026-04-13,nieob. uspr. p.s.,4
3TMR,2025-12-12,nieob. uspr. p.s.,16
3TMR,2026-01-15,nieob. uspr. p.s.,5
3TMR,2026-04-15,nieob. uspr. p.s.,2
3TMR,2026-04-22,nieob. uspr. p.s.,8
3TMR,2026-05-12,nieob. uspr. p.s.,6
3TMR,2025-10-03,nieob. uspr. p.s.,6
3TMR,2025-09-04,nieobecność,1
3TMR,2026-03-31,nieob. uspraw.,8
3TMR,2026-06-09,spóźnienie,1
3TR,2025-09-01,obecność,160
3TR,2025-09-02,obecność,148
3TR,2025-09-02,nieob. uspraw.,11
3TR,2025-09-03,obecność,149
3TR,2025-09-03,nieob. uspraw.,20
3TR,2025-09-04,obecność,125
3TR,2025-09-05,obecność,139
3TR,2025-09-05,nieob. uspraw.,21
3TR,2025-09-08,obecność,126
3TR,2025-09-09,obecność,134
3TR,2025-09-10,obecność,128
3TR,2025-09-10,nieob. uspraw.,30
3TR,2025-09-11,obecność,114
3TR,2025-09-12,obecność,94
3TR,2025-09-12,nieob. uspraw.,46
3TR,2025-09-15,obecność,135
3TR,2025-09-16,obecność,160
3TR,2025-09-17,obecność,105
3TR,2025-09-17,nieob. uspraw.,34
3TR,2025-09-18,obecność,99
3TR,2025-09-18,nieob. uspraw.,36
3TR,2025-09-19,nieob. uspraw.,47
3TR,2025-09-19,obecność,93
3TR,2025-09-22,obecność,114
3TR,2025-09-22,nieob. uspraw.,25
3TR,2025-09-23,obecność,70
3TR,2025-09-23,nieob. uspraw.,68
3TR,2025-09-24,obecność,115
3TR,2025-09-25,nieobecność,14
3TR,2025-09-25,obecność,34
3TR,2025-09-26,obecność,88
3TR,2025-09-26,nieob. uspraw.,50
3TR,2025-09-29,nieob. uspraw.,49
3TR,2025-09-30,obecność,91
3TR,2025-10-01,obecność,112
3TR,2025-10-02,obecność,106
3TR,2025-10-02,nieob. uspraw.,52
3TR,2025-10-03,obecność,126
3TR,2025-10-03,nieob. uspraw.,34
3TR,2025-10-06,obecność,147
3TR,2025-10-06,nieob. uspraw.,10
3TR,2025-10-07,obecność,127
3TR,2025-10-07,nieob. uspraw.,33
3TR,2025-10-08,nieob. uspraw.,18
3TR,2025-10-08,obecność,110
3TR,2025-10-08,nieob. uspr. p.s.,10
3TR,2025-10-09,obecność,129
3TR,2025-10-09,nieob. uspraw.,31
3TR,2025-10-10,obecność,72
3TR,2025-10-13,obecność,102
3TR,2025-10-14,nieob. uspraw.,44
3TR,2025-10-14,obecność,114
3TR,2025-10-15,obecność,127
3TR,2025-10-15,nieob. uspraw.,12
3TR,2025-10-16,obecność,115
3TR,2025-10-16,nieob. uspraw.,40
3TR,2025-10-20,nieob. uspr. p.s.,18
3TR,2025-10-20,obecność,121
3TR,2025-10-21,spóźnienie,2
3TR,2025-10-21,obecność,115
3TR,2025-10-22,obecność,109
3TR,2025-10-23,obecność,128
3TR,2025-10-23,nieob. uspraw.,32
3TR,2025-10-24,obecność,125
3TR,2025-10-24,spóźnienie,4
3TR,2025-10-24,nieob. uspraw.,27
3TR,2025-10-27,obecność,154
3TR,2025-10-28,obecność,127
3TR,2025-10-28,nieob. uspraw.,33
3TR,2025-10-29,obecność,109
3TR,2025-10-30,obecność,79
3TR,2025-10-30,nieob. uspraw.,61
3TR,2025-11-03,obecność,144
3TR,2025-11-03,nieob. uspraw.,14
3TR,2025-11-04,nieob. uspraw.,33
3TR,2025-11-04,obecność,87
3TR,2025-11-05,obecność,113
3TR,2025-11-06,obecność,129
3TR,2025-11-06,nieob. uspraw.,31
3TR,2025-11-07,obecność,87
3TR,2025-11-07,nieob. uspraw.,72
3TR,2025-11-12,obecność,16
3TR,2025-11-12,nieob. uspraw.,33
3TR,2025-11-13,nieob. uspraw.,42
3TR,2025-11-14,obecność,34
3TR,2025-11-14,nieob. uspraw.,36
3TR,2025-11-17,obecność,148
3TR,2025-11-17,nieob. uspraw.,10
3TR,2025-11-18,nieob. uspraw.,22
3TR,2025-11-18,obecność,130
3TR,2025-11-19,obecność,87
3TR,2025-11-20,obecność,147
3TR,2025-11-21,obecność,139
3TR,2025-11-21,nieob. uspraw.,21
3TR,2025-11-24,nieob. uspraw.,34
3TR,2025-11-24,obecność,124
3TR,2025-11-25,nieob. uspraw.,44
3TR,2025-11-25,obecność,116
3TR,2025-11-26,obecność,126
3TR,2025-11-27,obecność,109
3TR,2025-11-27,nieob. uspraw.,51
3TR,2025-11-28,nieob. uspraw.,39
3TR,2025-11-28,obecność,116
3TR,2025-11-28,spóźnienie,3
3TR,2025-12-01,obecność,135
3TR,2025-12-01,nieobecność,1
3TR,2025-12-01,nieob. uspraw.,20
3TR,2025-12-02,nieob. uspraw.,40
3TR,2025-12-02,obecność,120
3TR,2025-12-03,obecność,116
3TR,2025-12-03,nieobecność,1
3TR,2025-12-04,obecność,119
3TR,2025-12-04,nieob. uspraw.,18
3TR,2025-12-05,obecność,138
3TR,2025-12-05,nieob. uspraw.,21
3TR,2025-12-08,spóźnienie,3
3TR,2025-12-08,obecność,127
3TR,2025-12-08,nieob. uspraw.,19
3TR,2025-12-09,obecność,93
3TR,2025-12-09,nieob. uspraw.,61
3TR,2025-12-10,nieob. uspraw.,41
3TR,2025-12-10,obecność,97
3TR,2025-12-10,nieobecność,2
3TR,2025-12-11,obecność,142
3TR,2025-12-12,obecność,129
3TR,2025-12-12,nieobecność,2
3TR,2025-12-15,obecność,145
3TR,2025-12-15,nieob. uspraw.,22
3TR,2025-12-16,nieob. uspraw.,29
3TR,2025-12-16,obecność,129
3TR,2025-12-17,obecność,130
3TR,2025-12-17,nieob. uspraw.,9
3TR,2025-12-18,obecność,113
3TR,2025-12-18,nieob. uspraw.,29
3TR,2025-12-19,nieob. uspraw.,47
3TR,2025-12-19,obecność,112
3TR,2026-01-07,nieob. uspraw.,67
3TR,2026-01-07,obecność,69
3TR,2026-01-07,spóźnienie,2
3TR,2026-01-08,nieobecność,4
3TR,2026-01-08,obecność,88
3TR,2026-01-08,nieob. uspraw.,68
3TR,2026-01-09,nieob. uspraw.,56
3TR,2026-01-12,obecność,82
3TR,2026-01-12,nieob. uspraw.,74
3TR,2026-01-13,nieob. uspraw.,78
3TR,2026-01-13,obecność,81
3TR,2026-01-14,nieobecność,42
3TR,2026-01-15,nieobecność,96
3TR,2026-01-16,nieobecność,115
3TR,2026-01-16,nieob. uspraw.,19
3TR,2026-02-02,obecność,56
3TR,2026-02-03,obecność,110
3TR,2026-02-03,nieob. uspraw.,48
3TR,2026-02-04,nieob. uspraw.,45
3TR,2026-02-05,obecność,104
3TR,2026-02-05,nieob. uspraw.,56
3TR,2026-02-06,obecność,93
3TR,2026-02-06,nieob. uspraw.,64
3TR,2026-02-09,obecność,113
3TR,2026-02-10,nieob. uspraw.,27
3TR,2026-02-10,obecność,131
3TR,2026-02-11,obecność,127
3TR,2026-02-11,nieob. uspraw.,32
3TR,2026-02-12,obecność,128
3TR,2026-02-12,nieobecność,10
3TR,2026-02-12,nieob. uspraw.,21
3TR,2026-02-13,obecność,80
3TR,2026-02-13,nieobecność,5
3TR,2026-02-13,nieob. uspraw.,72
3TR,2026-02-16,nieob. uspraw.,19
3TR,2026-02-16,obecność,121
3TR,2026-02-17,obecność,115
3TR,2026-02-17,nieob. uspraw.,40
3TR,2026-02-18,obecność,118
3TR,2026-02-18,nieob. uspraw.,39
3TR,2026-02-19,obecność,117
3TR,2026-02-19,nieob. uspraw.,21
3TR,2026-02-20,nieob. uspr. p.s.,5
3TR,2026-02-20,obecność,72
3TR,2026-02-23,nieob. uspraw.,46
3TR,2026-02-23,obecność,111
3TR,2026-02-24,obecność,119
3TR,2026-02-24,nieob. uspr. p.s.,5
3TR,2026-02-25,obecność,104
3TR,2026-02-26,obecność,66
3TR,2026-02-26,nieob. uspr. p.s.,33
3TR,2026-02-26,spóźnienie,5
3TR,2026-02-26,nieob. uspraw.,53
3TR,2026-02-27,obecność,115
3TR,2026-02-27,nieob. uspraw.,39
3TR,2026-03-02,obecność,124
3TR,2026-03-02,nieob. uspraw.,32
3TR,2026-03-03,obecność,130
3TR,2026-03-03,nieob. uspraw.,26
3TR,2026-03-04,obecność,129
3TR,2026-03-04,nieobecność,3
3TR,2026-03-04,nieob. uspraw.,28
3TR,2026-03-05,obecność,149
3TR,2026-03-06,obecność,116
3TR,2026-03-09,obecność,145
3TR,2026-03-10,obecność,131
3TR,2026-03-10,nieob. uspr. p.s.,8
3TR,2026-03-11,obecność,117
3TR,2026-03-11,nieob. uspraw.,20
3TR,2026-03-12,obecność,97
3TR,2026-03-12,nieob. uspraw.,15
3TR,2026-03-13,obecność,17
3TR,2026-03-13,nieob. uspraw.,51
3TR,2026-03-16,obecność,93
3TR,2026-03-16,nieob. uspr. p.s.,3
3TR,2026-03-16,nieob. uspraw.,37
3TR,2026-03-17,obecność,132
3TR,2026-03-17,nieob. uspraw.,21
3TR,2026-03-18,obecność,109
3TR,2026-03-19,obecność,99
3TR,2026-03-19,nieob. uspr. p.s.,15
3TR,2026-03-20,nieobecność,90
3TR,2026-03-23,obecność,130
3TR,2026-03-23,nieob. uspr. p.s.,4
3TR,2026-03-23,nieob. uspraw.,20
3TR,2026-03-24,nieob. uspraw.,31
3TR,2026-03-25,obecność,100
3TR,2026-03-25,spóźnienie,12
3TR,2026-03-25,nieobecność,5
3TR,2026-03-26,obecność,86
3TR,2026-03-26,nieobecność,4
3TR,2026-03-26,nieob. uspraw.,9
3TR,2026-03-27,obecność,72
3TR,2026-03-27,nieob. uspraw.,28
3TR,2026-03-30,nieobecność,4
3TR,2026-03-30,obecność,92
3TR,2026-03-30,nieob. uspraw.,41
3TR,2026-03-31,nieob. uspraw.,49
3TR,2026-04-01,obecność,93
3TR,2026-04-01,nieobecność,5
3TR,2026-04-08,obecność,97
3TR,2026-04-08,nieobecność,5
3TR,2026-04-09,obecność,107
3TR,2026-04-09,nieob. uspraw.,44
3TR,2026-04-10,obecność,99
3TR,2026-04-10,nieob. uspr. p.s.,27
3TR,2026-04-13,obecność,129
3TR,2026-04-13,nieobecność,2
3TR,2026-04-14,nieob. uspraw.,48
3TR,2026-04-15,obecność,126
3TR,2026-04-15,nieobecność,5
3TR,2026-04-16,obecność,137
3TR,2026-04-16,nieob. uspraw.,22
3TR,2026-04-17,nieobecność,4
3TR,2026-04-17,nieob. uspr. p.s.,38
3TR,2026-04-17,nieob. uspraw.,58
3TR,2026-04-20,nieob. uspraw.,45
3TR,2026-04-20,obecność,107
3TR,2026-04-21,nieob. uspraw.,33
3TR,2026-04-22,obecność,100
3TR,2026-04-22,nieobecność,6
3TR,2026-04-23,nieob. uspraw.,37
3TR,2026-04-23,obecność,112
3TR,2026-04-24,nieobecność,10
3TR,2026-04-24,obecność,23
3TR,2026-04-24,nieob. uspraw.,116
3TR,2026-05-11,nieob. uspraw.,100
3TR,2026-05-11,obecność,8
3TR,2026-05-12,obecność,74
3TR,2026-05-13,obecność,66
3TR,2026-05-13,nieob. uspraw.,13
3TR,2026-05-14,nieob. uspraw.,24
3TR,2026-05-15,nieob. uspraw.,43
3TR,2026-05-15,obecność,69
3TR,2026-05-18,obecność,135
3TR,2026-05-18,nieobecność,26
3TR,2026-05-18,nieob. uspr. p.s.,2
3TR,2026-05-19,obecność,132
3TR,2026-05-20,obecność,98
3TR,2026-05-20,nieob. uspraw.,61
3TR,2026-05-21,obecność,120
3TR,2026-05-22,nieob. uspraw.,146
3TR,2026-05-25,nieob. uspraw.,58
3TR,2026-05-25,obecność,98
3TR,2026-05-26,nieob. uspraw.,61
3TR,2026-05-27,nieob. uspraw.,34
3TR,2026-05-27,obecność,118
3TR,2026-05-27,spóźnienie,4
3TR,2026-05-28,nieob. uspraw.,65
3TR,2026-05-29,nieob. uspraw.,66
3TR,2026-06-01,nieob. uspraw.,59
3TR,2026-06-01,obecność,75
3TR,2026-06-02,obecność,114
3TR,2026-06-08,nieob. uspraw.,89
3TR,2026-06-09,obecność,55
3TR,2026-06-10,nieob. uspraw.,135
3TR,2026-06-11,obecność,4
3TR,2026-06-11,nieob. uspraw.,104
3TR,2026-06-12,obecność,30
3TR,2026-06-15,obecność,13
3TR,2026-06-15,nieobecność,9
3TR,2026-06-16,obecność,96
3TR,2026-06-17,nieob. uspraw.,152
3TR,2026-06-18,obecność,4
3TR,2026-06-18,nieob. uspraw.,82
3TR,2026-06-19,nieobecność,90
3TR,2026-06-22,obecność,5
3TR,2026-06-22,nieobecność,155
3TR,2026-06-23,obecność,30
3TR,2026-06-23,nieobecność,130
3TR,2026-06-24,nieobecność,160
3TR,2026-06-25,nieobecność,140
3TR,2025-09-09,nieob. uspraw.,24
3TR,2025-09-25,nieob. uspr. p.s.,22
3TR,2025-09-29,obecność,111
3TR,2025-10-22,nieob. uspr. p.s.,8
3TR,2025-11-13,obecność,6
3TR,2025-11-13,spóźnienie,1
3TR,2025-11-18,nieob. uspr. p.s.,8
3TR,2025-11-19,nieob. uspraw.,13
3TR,2025-12-09,nieob. uspr. p.s.,6
3TR,2025-12-15,spóźnienie,4
3TR,2025-12-18,nieob. uspr. p.s.,10
3TR,2026-01-14,obecność,64
3TR,2026-01-15,obecność,16
3TR,2026-02-03,nieob. uspr. p.s.,2
3TR,2026-02-04,obecność,111
3TR,2026-02-06,spóźnienie,2
3TR,2026-02-11,nieobecność,1
3TR,2026-02-17,nieob. uspr. p.s.,4
3TR,2026-02-27,spóźnienie,2
3TR,2026-03-02,spóźnienie,3
3TR,2026-03-06,nieob. uspraw.,23
3TR,2026-03-09,nieob. uspraw.,12
3TR,2026-03-10,nieob. uspraw.,16
3TR,2026-03-11,nieob. uspr. p.s.,3
3TR,2026-03-13,nieobecność,8
3TR,2026-03-16,nieobecność,1
3TR,2026-03-18,nieobecność,3
3TR,2026-03-20,obecność,2
3TR,2026-03-24,nieobecność,8
3TR,2026-03-24,obecność,115
3TR,2026-03-25,nieob. uspraw.,13
3TR,2026-03-31,obecność,96
3TR,2026-04-10,spóźnienie,3
3TR,2026-04-10,nieobecność,1
3TR,2026-04-13,nieob. uspraw.,27
3TR,2026-04-14,obecność,107
3TR,2026-04-21,obecność,119
3TR,2026-05-12,nieob. uspraw.,23
3TR,2026-05-14,obecność,85
3TR,2026-05-15,spóźnienie,3
3TR,2026-05-18,nieob. uspraw.,34
3TR,2026-05-19,nieob. uspraw.,26
3TR,2026-05-26,obecność,98
3TR,2026-05-26,nieob. uspr. p.s.,1
3TR,2026-05-27,nieobecność,3
3TR,2026-05-29,spóźnienie,12
3TR,2026-05-29,obecność,57
3TR,2026-06-01,nieob. uspr. p.s.,4
3TR,2026-06-02,nieob. uspraw.,45
3TR,2026-06-08,nieobecność,19
3TR,2026-06-08,nieob. uspr. p.s.,2
3TR,2026-06-08,spóźnienie,3
3TR,2026-06-08,obecność,27
3TR,2026-06-09,nieobecność,10
3TR,2026-06-10,spóźnienie,2
3TR,2026-06-10,obecność,6
3TR,2026-06-15,nieob. uspraw.,136
3TR,2026-06-18,nieobecność,54
3TR,2025-09-04,nieob. uspraw.,14
3TR,2025-09-08,nieob. uspraw.,34
3TR,2025-09-11,nieob. uspraw.,10
3TR,2025-09-15,nieob. uspraw.,22
3TR,2025-09-24,nieob. uspraw.,20
3TR,2025-09-25,nieob. uspraw.,10
3TR,2025-09-30,nieob. uspraw.,20
3TR,2025-10-01,nieob. uspraw.,24
3TR,2025-10-13,nieob. uspraw.,17
3TR,2025-10-29,nieob. uspraw.,28
3TR,2025-11-05,nieob. uspraw.,25
3TR,2025-11-12,nieob. uspr. p.s.,91
3TR,2025-11-13,nieob. uspr. p.s.,91
3TR,2025-11-14,nieob. uspr. p.s.,39
3TR,2025-11-14,nieobecność,11
3TR,2025-12-11,nieob. uspraw.,18
3TR,2026-01-09,obecność,82
3TR,2026-02-02,nieob. uspraw.,60
3TR,2026-02-09,nieob. uspraw.,27
3TR,2026-02-20,nieob. uspraw.,63
3TR,2026-02-25,nieobecność,2
3TR,2026-03-05,nieob. uspraw.,4
3TR,2026-03-13,nieob. uspr. p.s.,3
3TR,2026-03-18,nieob. uspraw.,28
3TR,2026-03-20,nieob. uspraw.,27
3TR,2026-03-25,spóźn. uspr.,2
3TR,2026-04-17,obecność,58
3TR,2026-04-20,nieobecność,5
3TR,2026-05-21,nieob. uspraw.,6
3TR,2026-05-21,nieobecność,1
3TR,2026-05-28,obecność,68
3TR,2026-06-09,nieob. uspraw.,95
3TR,2026-06-12,nieob. uspraw.,112
3TR,2026-06-16,nieob. uspraw.,57
3TR,2026-06-19,nieob. uspraw.,48
3TR,2025-09-11,spóźnienie,1
3TR,2025-09-11,nieobecność,14
3TR,2025-09-15,spóźnienie,2
3TR,2025-09-18,spóźnienie,2
3TR,2025-09-23,nieobecność,16
3TR,2025-09-30,nieobecność,9
3TR,2025-10-08,nieobecność,1
3TR,2025-10-08,spóźnienie,1
3TR,2025-10-10,nieobecność,6
3TR,2025-10-21,nieob. uspraw.,42
3TR,2025-10-22,spóźnienie,2
3TR,2025-10-22,nieob. uspraw.,19
3TR,2025-11-20,nieob. uspraw.,13
3TR,2025-11-26,spóźnienie,1
3TR,2025-11-28,nieob. uspr. p.s.,2
3TR,2025-12-03,nieob. uspraw.,15
3TR,2025-12-03,nieob. uspr. p.s.,4
3TR,2025-12-08,nieobecność,1
3TR,2025-12-15,nieobecność,6
3TR,2025-12-17,nieobecność,1
3TR,2025-12-18,nieobecność,2
3TR,2025-12-18,spóźnienie,2
3TR,2026-02-18,nieobecność,1
3TR,2026-02-19,nieobecność,2
3TR,2026-02-24,nieob. uspraw.,33
3TR,2026-03-16,spóźnienie,5
3TR,2026-03-19,spóźnienie,2
3TR,2026-03-19,nieob. uspraw.,24
3TR,2026-03-31,nieobecność,15
3TR,2026-04-14,spóźnienie,1
3TR,2026-04-24,spóźnienie,4
3TR,2026-05-14,nieobecność,3
3TR,2026-05-27,nieob. uspr. p.s.,1
3TR,2026-06-01,spóźnienie,8
3TR,2026-06-10,nieobecność,17
3TR,2025-10-14,nieobecność,1
3TR,2025-12-01,spóźnienie,2
3TR,2025-12-12,nieob. uspraw.,29
3TR,2025-12-15,spóźn. uspr.,1
3TR,2025-12-18,spóźn. uspr.,2
3TR,2026-01-07,spóźn. uspr.,2
3TR,2026-01-14,nieob. uspraw.,12
3TR,2026-01-15,nieob. uspraw.,28
3TR,2026-01-16,obecność,6
3TR,2026-02-06,spóźn. uspr.,1
3TR,2026-02-23,spóźn. uspr.,1
3TR,2026-02-27,spóźn. uspr.,1
3TR,2026-03-30,spóźn. uspr.,1
3TR,2026-04-13,spóźn. uspr.,1
3TR,2026-04-22,nieob. uspraw.,31
3TR,2026-05-22,obecność,6
3TR,2026-05-28,spóźnienie,7
3TR,2025-10-06,spóźnienie,3
3TR,2025-10-20,nieob. uspraw.,21
3TR,2025-10-24,nieob. uspr. p.s.,3
3TR,2025-10-27,spóźnienie,1
3TR,2025-11-05,spóźnienie,1
3TR,2025-12-03,spóźnienie,4
3TR,2026-02-02,spóźnienie,4
3TR,2026-02-04,spóźnienie,4
3TR,2026-02-17,nieobecność,1
3TR,2026-02-23,spóźnienie,2
3TR,2026-02-25,nieob. uspraw.,34
3TR,2026-03-09,spóźnienie,3
3TR,2026-03-23,nieobecność,3
3TR,2026-03-24,nieob. uspr. p.s.,6
3TR,2026-04-01,nieob. uspraw.,42
3TR,2026-04-08,nieob. uspraw.,38
3TR,2026-04-10,nieob. uspraw.,10
3TR,2026-04-15,nieob. uspraw.,8
3TR,2026-04-17,spóźnienie,2
3TR,2026-04-22,nieob. uspr. p.s.,3
3TR,2026-05-25,spóźnienie,3
3TR,2026-06-01,nieobecność,14
3TR,2025-10-10,nieob. uspraw.,42
3TR,2025-10-24,spóźn. uspr.,1
3TR,2025-11-05,nieob. uspr. p.s.,1
3TR,2025-11-26,nieob. uspraw.,13
3TR,2026-06-17,nieobecność,8
3TR,2025-10-16,nieob. uspr. p.s.,5
3TR,2025-12-16,nieob. uspr. p.s.,2
3TR,2026-02-10,nieob. uspr. p.s.,2
3TR,2025-09-09,nieob. uspr. p.s.,2
3TR,2025-10-27,nieob. uspraw.,3
3TR,2025-12-08,nieob. uspr. p.s.,7
3TR,2025-12-19,spóźnienie,1
3TR,2026-01-14,spóźnienie,2
3TR,2026-02-27,nieobecność,1
3TR,2026-03-12,nieob. uspr. p.s.,6
3TR,2026-03-25,nieob. uspr. p.s.,8
3TR,2026-05-18,spóźnienie,3
3TR,2026-06-02,spóźn. uspr.,1
3TR,2025-12-04,nieob. uspr. p.s.,22
3TR,2026-04-20,nieob. uspr. p.s.,3
3TR,2026-05-21,nieob. uspr. p.s.,13
3TR,2026-05-22,nieobecność,1
3TR,2026-05-22,nieob. uspr. p.s.,7
3TR,2026-05-29,nieobecność,12
3TR,2026-06-12,nieobecność,18
3TR,2025-09-17,nieobecność,1
3TR,2025-09-18,nieob. uspr. p.s.,3
3TR,2025-09-24,nieobecność,5
3TR,2025-10-01,spóźnienie,1
3TR,2025-10-02,nieobecność,2
3TR,2026-03-02,nieobecność,1
3TR,2026-03-05,nieob. uspr. p.s.,7
3TR,2026-03-12,nieobecność,2
3TR,2026-04-14,nieobecność,4
3TR,2026-04-21,nieobecność,8
3TR,2026-04-23,nieobecność,9
3TR,2026-05-11,nieobecność,12
3TR,2026-06-19,obecność,10
3TR,2025-09-15,nieobecność,1
3TR,2025-10-01,spóźn. uspr.,2
3TR,2025-10-13,spóźn. uspr.,1
3TR,2025-10-22,spóźn. uspr.,2
3TR,2025-12-08,spóźn. uspr.,1
3TR,2026-02-26,spóźn. uspr.,1
3TR,2026-03-16,spóźn. uspr.,1
3TR,2026-05-13,nieobecność,1
3TR,2026-05-14,spóźnienie,6
3TR,2026-02-12,nieob. uspr. p.s.,1
3TR,2025-09-10,nieobecność,2
3TR,2026-03-20,nieob. uspr. p.s.,21
3TR,2025-09-04,nieobecność,1
3TR,2026-05-15,nieobecność,5
3TR,2025-09-23,nieob. uspr. p.s.,6
3TR,2025-10-14,spóźnienie,1
3TR,2025-10-29,nieob. uspr. p.s.,3
3TR,2025-11-07,spóźnienie,1
3TR,2025-12-15,nieob. uspr. p.s.,2
3TR,2026-01-12,nieob. uspr. p.s.,4
3TR,2026-02-18,spóźnienie,2
3TR,2026-02-24,nieobecność,3
3TR,2026-04-16,nieobecność,1
3TR,2026-05-29,nieob. uspr. p.s.,13
3TR,2026-06-15,spóźnienie,2
3TR,2026-06-19,nieob. uspr. p.s.,12
3TR,2025-09-02,nieobecność,1
3TR,2025-09-22,nieob. uspr. p.s.,1
3TR,2025-10-21,nieob. uspr. p.s.,1
3TR,2026-03-17,nieobecność,7
3TR,2026-05-20,nieobecność,1
3TR,2026-06-11,nieobecność,12
3TR,2025-10-15,nieob. uspr. p.s.,1
3TR,2025-12-05,spóźnienie,1
3TR,2026-03-03,nieob. uspr. p.s.,2
3TR,2026-03-23,spóźnienie,3
3TR,2026-04-09,nieob. uspr. p.s.,8
3TR,2026-04-23,nieob. uspr. p.s.,2
3TR,2026-04-24,nieob. uspr. p.s.,7
3TR,2026-05-12,nieob. uspr. p.s.,3
3TR,2026-05-14,nieob. uspr. p.s.,2
3TR,2026-05-19,nieob. uspr. p.s.,2
3TR,2025-09-26,spóźn. uspr.,2
3TR,2025-10-01,nieob. uspr. p.s.,1
3TR,2025-12-04,spóźnienie,1
3TR,2026-01-09,nieobecność,2
3TR,2026-01-13,nieobecność,1
3TR,2026-02-13,nieob. uspr. p.s.,3
3TR,2026-02-26,nieobecność,2
3TR,2026-02-27,nieob. uspr. p.s.,2
3TR,2026-03-03,nieobecność,2
3TR,2026-03-06,spóźnienie,1
3TR,2026-03-13,spóźnienie,1
3TR,2026-03-26,spóźnienie,1
3TR,2026-03-30,spóźnienie,2
3TR,2026-04-09,nieobecność,1
3TR,2026-04-13,spóźnienie,1
3TR,2026-04-15,nieob. uspr. p.s.,1
3TR,2026-05-25,nieobecność,1
3TR,2025-09-11,spóźn. uspr.,1
3TR,2026-03-10,nieobecność,5
3TR,2026-06-16,nieobecność,7
3TW,2025-09-01,obecność,115
3TW,2025-09-02,nieobecność,10
3TW,2025-09-03,obecność,165
3TW,2025-09-04,obecność,162
3TW,2025-09-05,nieobecność,8
3TW,2025-09-05,obecność,150
3TW,2025-09-05,spóźnienie,7
3TW,2025-09-08,nieobecność,16
3TW,2025-09-09,obecność,154
3TW,2025-09-10,obecność,147
3TW,2025-09-11,obecność,156
3TW,2025-09-12,nieobecność,13
3TW,2025-09-15,obecność,142
3TW,2025-09-16,nieobecność,30
3TW,2025-09-17,nieobecność,22
3TW,2025-09-18,obecność,138
3TW,2025-09-19,obecność,106
3TW,2025-09-19,nieobecność,14
3TW,2025-09-22,obecność,154
3TW,2025-09-23,obecność,133
3TW,2025-09-23,spóźnienie,4
3TW,2025-09-24,obecność,123
3TW,2025-09-25,nieob. uspr. p.s.,101
3TW,2025-09-26,nieob. uspraw.,29
3TW,2025-09-29,nieob. uspraw.,9
3TW,2025-09-30,obecność,143
3TW,2025-10-01,nieob. uspraw.,22
3TW,2025-10-02,nieob. uspraw.,18
3TW,2025-10-03,nieob. uspraw.,44
3TW,2025-10-06,obecność,144
3TW,2025-10-06,nieobecność,20
3TW,2025-10-07,nieobecność,18
3TW,2025-10-08,obecność,127
3TW,2025-10-08,nieobecność,13
3TW,2025-10-09,nieobecność,27
3TW,2025-10-10,obecność,122
3TW,2025-10-13,nieobecność,11
3TW,2025-10-13,obecność,125
3TW,2025-10-13,spóźnienie,15
3TW,2025-10-14,nieob. uspraw.,72
3TW,2025-10-15,obecność,121
3TW,2025-10-16,obecność,108
3TW,2025-10-16,spóźnienie,4
3TW,2025-10-20,obecność,140
3TW,2025-10-20,spóźnienie,2
3TW,2025-10-21,obecność,147
3TW,2025-10-22,obecność,120
3TW,2025-10-22,nieobecność,20
3TW,2025-10-23,obecność,100
3TW,2025-10-23,spóźnienie,2
3TW,2025-10-24,nieob. uspraw.,34
3TW,2025-10-27,obecność,143
3TW,2025-10-28,obecność,157
3TW,2025-10-29,obecność,155
3TW,2025-10-30,nieob. uspraw.,21
3TW,2025-11-03,obecność,170
3TW,2025-11-04,obecność,113
3TW,2025-11-04,nieobecność,12
3TW,2025-11-05,nieob. uspraw.,35
3TW,2025-11-06,nieob. uspr. p.s.,101
3TW,2025-11-07,nieob. uspraw.,64
3TW,2025-11-12,obecność,96
3TW,2025-11-13,nieob. uspraw.,28
3TW,2025-11-14,obecność,121
3TW,2025-11-17,obecność,164
3TW,2025-11-18,obecność,146
3TW,2025-11-19,obecność,127
3TW,2025-11-20,obecność,119
3TW,2025-11-21,nieobecność,30
3TW,2025-11-24,obecność,162
3TW,2025-11-25,obecność,133
3TW,2025-11-26,nieob. uspr. p.s.,14
3TW,2025-11-27,obecność,97
3TW,2025-11-28,nieobecność,32
3TW,2025-12-01,obecność,160
3TW,2025-12-02,obecność,114
3TW,2025-12-02,nieobecność,16
3TW,2025-12-03,nieob. uspraw.,20
3TW,2025-12-03,nieobecność,14
3TW,2025-12-04,nieob. uspraw.,14
3TW,2025-12-05,obecność,152
3TW,2025-12-08,obecność,170
3TW,2025-12-09,obecność,159
3TW,2025-12-10,obecność,149
3TW,2025-12-11,obecność,78
3TW,2025-12-11,spóźnienie,8
3TW,2025-12-11,nieobecność,10
3TW,2025-12-12,nieobecność,14
3TW,2025-12-15,nieob. uspraw.,24
3TW,2025-12-16,nieob. uspraw.,30
3TW,2025-12-17,nieob. uspraw.,16
3TW,2025-12-18,nieob. uspraw.,22
3TW,2025-12-19,nieob. uspraw.,36
3TW,2026-01-07,obecność,132
3TW,2026-01-08,obecność,93
3TW,2026-01-09,nieobecność,19
3TW,2026-01-12,nieob. uspr. p.s.,39
3TW,2026-01-12,obecność,61
3TW,2026-01-12,nieobecność,36
3TW,2026-01-13,obecność,117
3TW,2026-01-13,nieobecność,15
3TW,2026-01-14,nieobecność,32
3TW,2026-01-15,nieobecność,48
3TW,2026-01-16,nieobecność,36
3TW,2026-02-02,nieobecność,20
3TW,2026-02-03,obecność,116
3TW,2026-02-03,nieobecność,11
3TW,2026-02-04,nieob. uspr. p.s.,17
3TW,2026-02-04,obecność,133
3TW,2026-02-05,nieobecność,19
3TW,2026-02-06,nieobecność,19
3TW,2026-02-09,obecność,131
3TW,2026-02-10,nieobecność,10
3TW,2026-02-11,obecność,123
3TW,2026-02-12,obecność,118
3TW,2026-02-13,spóźnienie,5
3TW,2026-02-13,obecność,97
3TW,2026-02-16,nieob. uspr. p.s.,16
3TW,2026-02-17,obecność,74
3TW,2026-02-18,nieob. uspr. p.s.,14
3TW,2026-02-19,nieob. uspr. p.s.,31
3TW,2026-02-20,nieob. uspraw.,56
3TW,2026-02-23,nieob. uspraw.,47
3TW,2026-02-24,nieob. uspraw.,46
3TW,2026-02-25,obecność,117
3TW,2026-02-26,obecność,104
3TW,2026-02-27,obecność,96
3TW,2026-03-02,obecność,150
3TW,2026-03-02,nieobecność,23
3TW,2026-03-03,obecność,132
3TW,2026-03-04,obecność,110
3TW,2026-03-05,nieob. uspraw.,28
3TW,2026-03-05,obecność,97
3TW,2026-03-06,obecność,95
3TW,2026-03-09,obecność,151
3TW,2026-03-09,nieobecność,9
3TW,2026-03-10,nieob. uspraw.,6
3TW,2026-03-11,nieob. uspraw.,30
3TW,2026-03-12,nieob. uspraw.,13
3TW,2026-03-13,obecność,75
3TW,2026-03-13,nieobecność,12
3TW,2026-03-16,obecność,115
3TW,2026-03-16,nieobecność,15
3TW,2026-03-17,nieob. uspraw.,26
3TW,2026-03-18,nieob. uspr. p.s.,77
3TW,2026-03-18,nieob. uspraw.,27
3TW,2026-03-19,obecność,91
3TW,2026-03-20,nieob. uspr. p.s.,20
3TW,2026-03-23,obecność,152
3TW,2026-03-23,nieobecność,16
3TW,2026-03-24,obecność,120
3TW,2026-03-25,obecność,120
3TW,2026-03-26,nieobecność,16
3TW,2026-03-26,obecność,91
3TW,2026-03-27,obecność,108
3TW,2026-03-30,obecność,96
3TW,2026-03-30,spóźnienie,1
3TW,2026-03-31,nieobecność,15
3TW,2026-04-01,nieob. uspr. p.s.,16
3TW,2026-04-08,nieobecność,12
3TW,2026-04-09,obecność,101
3TW,2026-04-10,nieob. uspr. p.s.,25
3TW,2026-04-10,obecność,55
3TW,2026-04-13,obecność,143
3TW,2026-04-14,obecność,114
3TW,2026-04-14,nieob. uspr. p.s.,30
3TW,2026-04-15,nieobecność,8
3TW,2026-04-16,nieobecność,7
3TW,2026-04-17,nieobecność,2
3TW,2026-04-17,obecność,93
3TW,2026-04-20,obecność,119
3TW,2026-04-20,nieobecność,19
3TW,2026-04-21,nieob. uspraw.,32
3TW,2026-04-22,obecność,149
3TW,2026-04-23,obecność,99
3TW,2026-04-24,obecność,52
3TW,2026-04-27,nieob. uspraw.,29
3TW,2026-04-28,obecność,88
3TW,2026-04-28,nieobecność,2
3TW,2026-04-29,nieob. uspraw.,52
3TW,2026-04-30,obecność,58
3TW,2026-05-04,obecność,23
3TW,2026-05-05,obecność,23
3TW,2026-05-06,nieob. uspraw.,55
3TW,2026-05-07,nieob. uspraw.,54
3TW,2026-05-08,nieob. uspraw.,85
3TW,2026-05-11,obecność,113
3TW,2026-05-12,nieobecność,9
3TW,2026-05-13,nieobecność,9
3TW,2026-05-14,obecność,110
3TW,2026-05-15,nieob. uspr. p.s.,60
3TW,2026-05-18,obecność,141
3TW,2026-05-18,nieobecność,11
3TW,2026-05-19,obecność,84
3TW,2026-05-19,nieob. uspr. p.s.,35
3TW,2026-05-19,nieob. uspraw.,42
3TW,2026-05-20,obecność,156
3TW,2026-05-21,obecność,119
3TW,2026-05-22,obecność,91
3TW,2026-05-25,obecność,131
3TW,2026-05-25,nieobecność,17
3TW,2026-05-26,obecność,120
3TW,2026-05-26,nieobecność,3
3TW,2026-05-27,obecność,154
3TW,2026-05-28,obecność,121
3TW,2026-05-28,nieobecność,3
3TW,2026-05-29,nieob. uspraw.,106
3TW,2026-06-01,nieob. uspraw.,45
3TW,2026-06-02,obecność,125
3TW,2026-06-02,spóźnienie,3
3TW,2026-06-03,obecność,130
3TW,2026-06-05,obecność,24
3TW,2026-06-08,nieob. uspraw.,84
3TW,2026-06-09,nieob. uspraw.,50
3TW,2026-06-10,obecność,44
3TW,2026-06-10,nieobecność,8
3TW,2026-06-11,nieob. uspraw.,78
3TW,2026-06-12,obecność,95
3TW,2026-06-15,obecność,64
3TW,2026-06-15,nieobecność,9
3TW,2026-06-16,obecność,41
3TW,2026-06-16,nieobecność,17
3TW,2026-06-17,nieob. uspr. p.s.,24
3TW,2026-06-18,nieob. uspraw.,137
3TW,2026-06-19,nieob. uspraw.,153
3TW,2026-06-22,nieob. uspraw.,184
3TW,2026-06-23,nieob. uspraw.,161
3TW,2026-06-24,nieob. uspraw.,161
3TW,2026-06-25,nieobecność,89
3TW,2026-06-25,nieob. uspraw.,76
3TW,2026-06-26,,92
3TW,2025-09-02,obecność,164
3TW,2025-09-04,nieob. uspr. p.s.,1
3TW,2025-09-08,obecność,162
3TW,2025-09-10,nieobecność,14
3TW,2025-09-11,nieob. uspr. p.s.,4
3TW,2025-09-12,obecność,79
3TW,2025-09-12,nieob. uspr. p.s.,26
3TW,2025-09-12,spóźnienie,1
3TW,2025-09-15,nieob. uspr. p.s.,2
3TW,2025-09-16,obecność,80
3TW,2025-09-17,obecność,145
3TW,2025-09-22,nieob. uspr. p.s.,1
3TW,2025-09-23,nieob. uspr. p.s.,21
3TW,2025-09-29,obecność,167
3TW,2025-09-29,spóźnienie,6
3TW,2025-10-01,obecność,136
3TW,2025-10-02,obecność,115
3TW,2025-10-03,obecność,117
3TW,2025-10-03,spóźnienie,2
3TW,2025-10-07,obecność,140
3TW,2025-10-07,nieob. uspr. p.s.,4
3TW,2025-10-08,nieob. uspr. p.s.,13
3TW,2025-10-09,obecność,111
3TW,2025-10-10,nieob. uspr. p.s.,25
3TW,2025-10-13,nieob. uspr. p.s.,24
3TW,2025-10-14,nieob. uspr. p.s.,33
3TW,2025-10-15,nieob. uspr. p.s.,12
3TW,2025-10-15,nieob. uspraw.,20
3TW,2025-10-24,nieob. uspr. p.s.,23
3TW,2025-10-24,obecność,86
3TW,2025-10-24,nieobecność,18
3TW,2025-10-27,nieobecność,21
3TW,2025-10-29,nieob. uspr. p.s.,2
3TW,2025-10-30,nieobecność,29
3TW,2025-10-30,spóźnienie,2
3TW,2025-10-30,obecność,91
3TW,2025-11-03,nieobecność,12
3TW,2025-11-04,nieob. uspr. p.s.,4
3TW,2025-11-05,obecność,123
3TW,2025-11-07,nieob. uspr. p.s.,23
3TW,2025-11-07,spóźnienie,3
3TW,2025-11-07,obecność,69
3TW,2025-11-12,nieob. uspr. p.s.,14
3TW,2025-11-13,nieob. uspr. p.s.,31
3TW,2025-11-14,nieob. uspr. p.s.,29
3TW,2025-11-19,spóźnienie,6
3TW,2025-11-21,nieob. uspraw.,72
3TW,2025-11-25,spóźnienie,3
3TW,2025-11-26,obecność,119
3TW,2025-11-28,obecność,52
3TW,2025-11-28,spóźnienie,2
3TW,2025-12-01,nieob. uspr. p.s.,6
3TW,2025-12-02,spóźnienie,2
3TW,2025-12-03,obecność,129
3TW,2025-12-04,obecność,118
3TW,2025-12-04,nieob. uspr. p.s.,22
3TW,2025-12-05,spóźnienie,3
3TW,2025-12-08,nieob. uspr. p.s.,11
3TW,2025-12-10,nieob. uspr. p.s.,6
3TW,2025-12-10,spóźnienie,2
3TW,2025-12-12,obecność,119
3TW,2025-12-12,spóźnienie,4
3TW,2025-12-15,obecność,160
3TW,2025-12-15,nieob. uspr. p.s.,3
3TW,2025-12-16,nieob. uspr. p.s.,2
3TW,2025-12-16,obecność,129
3TW,2025-12-17,obecność,146
3TW,2025-12-17,nieobecność,24
3TW,2025-12-18,obecność,126
3TW,2025-12-18,nieob. uspr. p.s.,11
3TW,2025-12-19,nieob. uspr. p.s.,3
3TW,2025-12-19,obecność,110
3TW,2026-01-07,spóźnienie,6
3TW,2026-01-08,nieob. uspr. p.s.,17
3TW,2026-01-09,obecność,66
3TW,2026-01-09,spóźnienie,4
3TW,2026-01-13,spóźnienie,5
3TW,2026-01-13,nieob. uspr. p.s.,6
3TW,2026-01-14,nieob. uspr. p.s.,7
3TW,2026-01-14,obecność,92
3TW,2026-01-15,obecność,23
3TW,2026-01-15,nieob. uspr. p.s.,16
3TW,2026-01-16,nieob. uspraw.,84
3TW,2026-02-02,obecność,98
3TW,2026-02-03,nieob. uspr. p.s.,15
3TW,2026-02-04,nieob. uspraw.,34
3TW,2026-02-05,spóźnienie,2
3TW,2026-02-05,obecność,66
3TW,2026-02-05,nieob. uspr. p.s.,18
3TW,2026-02-06,nieob. uspraw.,43
3TW,2026-02-06,obecność,75
3TW,2026-02-09,nieob. uspr. p.s.,28
3TW,2026-02-10,obecność,90
3TW,2026-02-11,nieob. uspr. p.s.,24
3TW,2026-02-13,nieob. uspr. p.s.,32
3TW,2026-02-16,nieob. uspraw.,28
3TW,2026-02-19,obecność,89
3TW,2026-02-20,obecność,71
3TW,2026-02-20,spóźnienie,4
3TW,2026-02-23,obecność,110
3TW,2026-02-23,nieobecność,9
3TW,2026-02-24,nieob. uspr. p.s.,8
3TW,2026-02-26,nieob. uspraw.,38
3TW,2026-02-27,nieob. uspraw.,38
3TW,2026-03-04,spóźnienie,6
3TW,2026-03-05,spóźnienie,9
3TW,2026-03-06,nieob. uspr. p.s.,32
3TW,2026-03-06,nieob. uspraw.,23
3TW,2026-03-10,obecność,130
3TW,2026-03-11,obecność,120
3TW,2026-03-12,obecność,104
3TW,2026-03-12,spóźnienie,5
3TW,2026-03-13,spóźnienie,9
3TW,2026-03-16,nieob. uspr. p.s.,24
3TW,2026-03-17,nieob. uspr. p.s.,23
3TW,2026-03-18,obecność,76
3TW,2026-03-19,spóźnienie,1
3TW,2026-03-20,nieob. uspraw.,91
3TW,2026-03-24,nieob. uspr. p.s.,10
3TW,2026-03-26,nieob. uspraw.,20
3TW,2026-03-27,nieob. uspraw.,14
3TW,2026-03-30,nieob. uspr. p.s.,38
3TW,2026-03-31,obecność,87
3TW,2026-04-01,obecność,68
3TW,2026-04-08,nieob. uspr. p.s.,5
3TW,2026-04-08,obecność,77
3TW,2026-04-09,spóźnienie,4
3TW,2026-04-13,nieob. uspr. p.s.,6
3TW,2026-04-15,nieob. uspr. p.s.,23
3TW,2026-04-15,obecność,147
3TW,2026-04-16,obecność,113
3TW,2026-04-16,nieob. uspr. p.s.,30
3TW,2026-04-17,nieob. uspr. p.s.,50
3TW,2026-04-20,nieob. uspr. p.s.,25
3TW,2026-04-21,nieob. uspr. p.s.,28
3TW,2026-04-22,nieob. uspraw.,21
3TW,2026-04-23,nieob. uspr. p.s.,27
3TW,2026-04-24,nieob. uspr. p.s.,56
3TW,2026-04-27,nieob. uspr. p.s.,60
3TW,2026-04-28,nieob. uspr. p.s.,61
3TW,2026-04-29,nieob. uspr. p.s.,39
3TW,2026-04-30,nieob. uspr. p.s.,56
3TW,2026-05-06,nieob. uspr. p.s.,42
3TW,2026-05-07,nieob. uspr. p.s.,36
3TW,2026-05-08,nieob. uspr. p.s.,54
3TW,2026-05-11,nieob. uspraw.,70
3TW,2026-05-12,obecność,109
3TW,2026-05-13,nieob. uspraw.,44
3TW,2026-05-13,obecność,120
3TW,2026-05-13,spóźnienie,9
3TW,2026-05-14,nieob. uspraw.,32
3TW,2026-05-15,obecność,34
3TW,2026-05-15,nieob. uspraw.,35
3TW,2026-05-20,spóźnienie,2
3TW,2026-05-20,nieob. uspr. p.s.,5
3TW,2026-05-25,nieob. uspr. p.s.,3
3TW,2026-05-27,nieob. uspr. p.s.,6
3TW,2026-05-28,nieob. uspraw.,41
3TW,2026-06-08,obecność,99
3TW,2026-06-09,obecność,121
3TW,2026-06-10,nieob. uspr. p.s.,2
3TW,2026-06-11,obecność,65
3TW,2026-06-12,nieob. uspraw.,84
3TW,2026-06-15,nieob. uspr. p.s.,3
3TW,2026-06-16,nieob. uspr. p.s.,3
3TW,2026-06-17,obecność,13
3TW,2026-06-17,nieob. uspraw.,124
3TW,2026-06-18,nieob. uspr. p.s.,12
3TW,2026-06-18,obecność,13
3TW,2026-06-19,nieob. uspr. p.s.,24
3TW,2025-09-11,nieob. uspraw.,6
3TW,2025-09-12,nieob. uspraw.,29
3TW,2025-09-26,obecność,49
3TW,2025-10-10,nieobecność,24
3TW,2025-10-14,obecność,70
3TW,2025-10-15,nieobecność,14
3TW,2025-10-20,nieob. uspraw.,12
3TW,2025-10-21,nieob. uspraw.,14
3TW,2025-11-12,nieob. uspraw.,29
3TW,2025-11-14,nieob. uspraw.,23
3TW,2025-12-08,nieobecność,3
3TW,2025-12-19,nieobecność,15
3TW,2026-02-02,nieob. uspr. p.s.,5
3TW,2026-02-06,nieob. uspr. p.s.,24
3TW,2026-02-13,nieob. uspraw.,17
3TW,2026-02-16,spóźn. uspr.,1
3TW,2026-02-16,obecność,134
3TW,2026-02-17,nieob. uspr. p.s.,10
3TW,2026-02-18,obecność,119
3TW,2026-02-24,obecność,84
3TW,2026-02-25,nieob. uspr. p.s.,16
3TW,2026-02-26,spóźn. uspr.,1
3TW,2026-03-06,nieobecność,11
3TW,2026-03-16,nieob. uspraw.,38
3TW,2026-03-17,obecność,112
3TW,2026-03-19,spóźn. uspr.,2
3TW,2026-03-25,nieob. uspr. p.s.,21
3TW,2026-03-27,nieobecność,10
3TW,2026-03-30,nieobecność,11
3TW,2026-04-01,nieob. uspraw.,92
3TW,2026-04-08,nieob. uspraw.,91
3TW,2026-04-09,nieob. uspraw.,39
3TW,2026-04-10,nieob. uspraw.,70
3TW,2026-04-13,nieob. uspraw.,35
3TW,2026-04-16,spóźn. uspr.,1
3TW,2026-04-17,spóźn. uspr.,1
3TW,2026-04-20,spóźn. uspr.,1
3TW,2026-04-20,nieob. uspraw.,28
3TW,2026-04-21,obecność,97
3TW,2026-04-27,obecność,93
3TW,2026-04-29,obecność,35
3TW,2026-05-06,spóźn. uspr.,1
3TW,2026-05-06,obecność,43
3TW,2026-05-07,obecność,48
3TW,2026-05-20,spóźn. uspr.,1
3TW,2026-05-20,nieob. uspraw.,20
3TW,2026-05-25,nieob. uspraw.,40
3TW,2026-05-28,spóźn. uspr.,1
3TW,2026-06-01,obecność,134
3TW,2026-06-11,spóźnienie,1
3TW,2026-06-11,nieobecność,4
3TW,2025-09-16,nieob. uspraw.,88
3TW,2025-10-02,nieobecność,16
3TW,2025-10-07,nieob. uspraw.,12
3TW,2025-10-08,nieob. uspraw.,20
3TW,2025-10-28,nieobecność,8
3TW,2025-11-07,nieobecność,25
3TW,2025-11-13,obecność,93
3TW,2025-11-13,spóźnienie,3
3TW,2025-11-24,nieobecność,9
3TW,2025-11-26,nieobecność,13
3TW,2025-11-27,nieobecność,11
3TW,2025-12-04,nieobecność,13
3TW,2025-12-10,nieobecność,2
3TW,2025-12-17,spóźnienie,5
3TW,2026-01-08,spóźnienie,8
3TW,2026-01-09,nieob. uspr. p.s.,6
3TW,2026-01-16,obecność,27
3TW,2026-01-16,nieob. uspr. p.s.,18
3TW,2026-02-02,nieob. uspraw.,69
3TW,2026-02-05,nieob. uspraw.,61
3TW,2026-02-10,nieob. uspr. p.s.,5
3TW,2026-02-17,nieob. uspraw.,30
3TW,2026-03-02,nieob. uspraw.,19
3TW,2026-03-04,nieob. uspraw.,32
3TW,2026-03-09,nieob. uspraw.,30
3TW,2026-03-13,nieob. uspraw.,18
3TW,2026-03-23,nieob. uspraw.,20
3TW,2026-03-30,spóźn. uspr.,1
3TW,2026-03-30,nieob. uspraw.,45
3TW,2026-03-31,nieob. uspraw.,63
3TW,2026-04-17,nieob. uspraw.,10
3TW,2026-04-21,spóźn. uspr.,1
3TW,2026-04-28,nieob. uspraw.,25
3TW,2026-05-12,nieob. uspraw.,19
3TW,2026-05-13,spóźn. uspr.,3
3TW,2026-05-18,nieob. uspraw.,39
3TW,2026-05-22,nieob. uspraw.,61
3TW,2026-05-26,nieob. uspraw.,18
3TW,2026-05-29,obecność,68
3TW,2026-06-02,nieob. uspraw.,29
3TW,2026-06-10,nieob. uspraw.,40
3TW,2026-06-15,nieob. uspraw.,115
3TW,2026-06-16,nieob. uspraw.,101
3TW,2025-10-16,nieob. uspraw.,17
3TW,2025-10-20,nieob. uspr. p.s.,35
3TW,2025-10-22,nieob. uspraw.,17
3TW,2025-10-23,nieob. uspraw.,23
3TW,2025-10-27,nieob. uspraw.,27
3TW,2025-11-17,nieob. uspraw.,24
3TW,2025-11-21,obecność,67
3TW,2025-11-28,nieob. uspraw.,60
3TW,2025-12-11,nieob. uspraw.,22
3TW,2026-01-09,nieob. uspraw.,46
3TW,2026-01-15,nieob. uspraw.,81
3TW,2026-02-03,nieob. uspraw.,26
3TW,2026-02-11,nieob. uspraw.,27
3TW,2026-02-25,nieob. uspraw.,41
3TW,2026-04-15,nieob. uspraw.,8
3TW,2026-04-16,nieob. uspraw.,11
3TW,2026-04-23,nieob. uspraw.,31
3TW,2026-04-24,nieob. uspraw.,49
3TW,2026-05-22,nieob. uspr. p.s.,3
3TW,2026-06-11,nieob. uspr. p.s.,16
3TW,2025-09-02,nieob. uspraw.,24
3TW,2025-09-08,spóźnienie,2
3TW,2025-09-10,nieob. uspr. p.s.,5
3TW,2025-09-19,nieob. uspr. p.s.,18
3TW,2025-09-24,nieob. uspr. p.s.,6
3TW,2025-10-02,nieob. uspr. p.s.,25
3TW,2025-10-09,nieob. uspr. p.s.,20
3TW,2025-10-16,nieob. uspr. p.s.,28
3TW,2025-10-23,nieob. uspr. p.s.,29
3TW,2025-10-24,spóźnienie,6
3TW,2025-10-28,nieob. uspr. p.s.,2
3TW,2025-11-05,nieob. uspr. p.s.,6
3TW,2025-11-12,nieobecność,2
3TW,2025-11-12,spóźnienie,3
3TW,2025-11-14,nieobecność,10
3TW,2025-11-14,spóźnienie,1
3TW,2025-11-20,nieob. uspr. p.s.,25
3TW,2025-11-26,spóźnienie,2
3TW,2025-11-27,nieob. uspr. p.s.,8
3TW,2026-02-11,spóźnienie,2
3TW,2026-02-12,nieobecność,19
3TW,2026-02-18,spóźnienie,4
3TW,2026-02-25,spóźnienie,2
3TW,2026-02-26,spóźnienie,3
3TW,2026-02-26,nieob. uspr. p.s.,14
3TW,2026-02-27,nieob. uspr. p.s.,21
3TW,2026-03-03,nieob. uspr. p.s.,3
3TW,2026-03-04,nieob. uspr. p.s.,20
3TW,2026-03-05,nieobecność,6
3TW,2026-03-05,nieob. uspr. p.s.,26
3TW,2026-03-06,spóźnienie,3
3TW,2026-03-19,nieob. uspr. p.s.,36
3TW,2026-03-23,nieob. uspr. p.s.,4
3TW,2026-03-25,spóźnienie,5
3TW,2026-03-26,nieob. uspr. p.s.,15
3TW,2026-03-27,spóźnienie,2
3TW,2026-04-22,nieob. uspr. p.s.,12
3TW,2026-04-23,nieobecność,4
3TW,2026-05-14,nieob. uspr. p.s.,19
3TW,2026-05-22,nieobecność,4
3TW,2025-09-03,spóźnienie,2
3TW,2025-09-04,nieobecność,2
3TW,2025-09-09,nieobecność,10
3TW,2025-09-10,spóźnienie,1
3TW,2025-09-15,nieobecność,13
3TW,2025-09-18,nieobecność,12
3TW,2025-09-22,nieobecność,20
3TW,2025-09-23,nieobecność,15
3TW,2025-09-24,nieobecność,14
3TW,2025-09-25,nieobecność,17
3TW,2025-09-26,nieobecność,13
3TW,2025-09-29,nieobecność,18
3TW,2025-09-30,nieobecność,19
3TW,2025-10-01,nieobecność,13
3TW,2025-10-03,nieobecność,19
3TW,2025-10-14,nieobecność,24
3TW,2025-10-16,nieobecność,17
3TW,2025-10-20,nieobecność,11
3TW,2025-10-21,nieobecność,13
3TW,2025-10-23,nieobecność,20
3TW,2025-09-15,nieob. uspraw.,43
3TW,2025-09-24,nieob. uspraw.,32
3TW,2025-09-25,obecność,24
3TW,2025-10-13,nieob. uspraw.,25
3TW,2025-10-29,nieob. uspraw.,8
3TW,2025-11-03,nieob. uspraw.,10
3TW,2025-11-18,nieob. uspraw.,15
3TW,2025-11-24,nieob. uspraw.,14
3TW,2025-11-25,nieob. uspraw.,14
3TW,2025-11-26,nieob. uspraw.,18
3TW,2025-11-27,nieob. uspraw.,27
3TW,2025-12-02,nieob. uspraw.,35
3TW,2025-12-05,nieob. uspr. p.s.,7
3TW,2025-12-08,nieob. uspraw.,8
3TW,2025-12-12,nieob. uspr. p.s.,24
3TW,2026-01-07,nieob. uspraw.,39
3TW,2026-01-12,nieob. uspraw.,43
3TW,2026-01-14,nieob. uspraw.,35
3TW,2026-02-12,nieob. uspr. p.s.,9
3TW,2026-02-19,nieob. uspraw.,16
3TW,2026-03-03,nieob. uspraw.,21
3TW,2026-03-13,nieob. uspr. p.s.,26
3TW,2026-03-24,nieob. uspraw.,7
3TW,2026-03-25,nieob. uspraw.,14
3TW,2026-04-09,nieob. uspr. p.s.,21
3TW,2026-04-14,nieob. uspraw.,20
3TW,2026-05-29,spóźnienie,1
3TW,2026-06-03,nieob. uspraw.,19
3TW,2026-06-09,nieob. uspr. p.s.,1
3TW,2025-09-08,nieob. uspraw.,20
3TW,2025-09-09,nieob. uspraw.,34
3TW,2025-09-10,nieob. uspraw.,8
3TW,2025-09-18,nieob. uspr. p.s.,3
3TW,2025-09-19,nieob. uspraw.,36
3TW,2025-10-01,nieob. uspr. p.s.,2
3TW,2025-10-03,nieob. uspr. p.s.,16
3TW,2026-03-20,obecność,14
3TW,2026-03-31,nieob. uspr. p.s.,3
3TW,2026-06-02,nieob. uspr. p.s.,2
3TW,2025-09-01,nieobecność,5
3TW,2025-09-11,nieobecność,7
3TW,2025-09-18,nieob. uspraw.,20
3TW,2025-10-09,nieob. uspraw.,16
3TW,2025-10-10,nieob. uspraw.,28
3TW,2025-11-06,nieobecność,10
3TW,2025-11-17,nieobecność,3
3TW,2025-11-19,nieob. uspraw.,28
3TW,2025-11-25,nieobecność,17
3TW,2025-12-01,nieobecność,10
3TW,2025-12-05,nieobecność,9
3TW,2025-12-09,nieobecność,7
3TW,2025-12-10,nieob. uspraw.,7
3TW,2025-12-12,nieob. uspraw.,23
3TW,2025-12-18,nieobecność,9
3TW,2026-01-07,nieobecność,14
3TW,2026-01-08,nieob. uspraw.,36
3TW,2026-02-09,nieob. uspraw.,25
3TW,2026-02-10,nieob. uspraw.,15
3TW,2026-02-11,nieobecność,15
3TW,2026-02-12,nieob. uspraw.,20
3TW,2026-02-16,nieobecność,13
3TW,2026-02-17,nieobecność,6
3TW,2026-02-18,nieobecność,8
3TW,2026-02-19,nieobecność,6
3TW,2026-02-20,nieobecność,20
3TW,2026-02-25,nieobecność,15
3TW,2026-02-27,nieobecność,9
3TW,2026-03-03,nieobecność,10
3TW,2026-03-04,nieobecność,23
3TW,2026-03-12,nieob. uspr. p.s.,15
3TW,2026-03-19,nieob. uspraw.,8
3TW,2026-03-25,nieobecność,7
3TW,2026-03-27,nieob. uspr. p.s.,29
3TW,2026-04-30,nieob. uspraw.,50
3TW,2026-05-11,nieobecność,8
3TW,2026-05-21,nieob. uspraw.,42
3TW,2026-05-27,nieobecność,1
3TW,2026-05-29,nieobecność,5
3TW,2026-06-01,nieobecność,12
3TW,2025-09-03,nieob. uspraw.,8
3TW,2025-09-04,nieob. uspraw.,8
3TW,2025-09-05,nieob. uspraw.,8
3TW,2025-09-17,nieob. uspraw.,8
3TW,2025-09-22,nieob. uspraw.,25
3TW,2025-09-23,nieob. uspraw.,25
3TW,2025-09-25,nieob. uspraw.,6
3TW,2025-10-06,nieob. uspraw.,36
3TW,2025-11-04,nieob. uspraw.,38
3TW,2025-11-06,obecność,20
3TW,2025-11-13,nieobecność,12
3TW,2026-01-08,nieobecność,14
3TW,2026-02-13,nieobecność,13
3TW,2026-02-18,nieob. uspraw.,22
3TW,2026-04-29,nieobecność,2
3TW,2026-05-15,nieobecność,3
3TW,2025-11-20,nieob. uspraw.,21
3TW,2025-12-01,nieob. uspraw.,16
3TW,2025-12-05,nieob. uspraw.,13
3TW,2026-01-13,nieob. uspraw.,23
3TW,2026-02-23,nieob. uspr. p.s.,2
3TW,2026-03-12,spóźn. uspr.,1
3TW,2026-04-21,spóźnienie,4
3TW,2026-04-29,spóźn. uspr.,1
3TW,2025-11-06,nieob. uspraw.,12
3TW,2026-05-08,obecność,18
3TW,2025-10-22,nieob. uspr. p.s.,2
3TW,2025-10-30,nieob. uspr. p.s.,23
3TW,2025-12-03,spóźnienie,3
3TW,2025-12-11,nieob. uspr. p.s.,24
3TW,2026-02-06,spóźnienie,3
3TW,2026-03-11,nieob. uspr. p.s.,4
3TW,2026-04-10,nieobecność,9
3TW,2026-04-15,spóźnienie,1
3TW,2026-04-21,nieobecność,2
3TW,2026-04-22,nieobecność,4
3TW,2026-05-15,nauka zdalna,3
3TW,2026-06-10,spóźnienie,1
3TW,2025-10-30,spóźn. uspr.,1
3TW,2025-09-26,nieob. uspr. p.s.,9
3TW,2025-09-30,nieob. uspr. p.s.,3
3TW,2025-09-30,nieob. uspraw.,9
3TW,2025-10-15,spóźnienie,5
3TW,2025-11-21,nieob. uspr. p.s.,15
3TW,2025-11-28,nieob. uspr. p.s.,14
3TW,2026-04-23,spóźnienie,4
3TW,2026-05-12,spóźnienie,1
3TW,2026-05-27,spóźnienie,3
3TW,2025-11-17,nieob. uspr. p.s.,1
3TW,2026-02-20,nieob. uspr. p.s.,13
3TW,2026-03-20,nieobecność,18
3TW,2025-10-03,zwolniony,1
3TW,2025-10-15,spóźn. uspr.,1
3TW,2025-11-20,spóźn. uspr.,1
3TW,2026-03-09,nieob. uspr. p.s.,2
3TW,2026-05-08,nieobecność,2
3TW,2026-05-18,spóźn. uspr.,1
3TW,2025-11-05,nieobecność,2
3TW,2025-11-24,spóźnienie,7
3TW,2025-12-15,nieobecność,4
3TW,2026-04-17,spóźnienie,2
3TW,2026-04-27,nieobecność,9
3TW,2026-06-02,nieobecność,4
3TW,2026-03-03,spóźnienie,2
3TW,2026-03-10,spóźnienie,2
3TW,2026-04-08,spóźnienie,2
3TW,2026-04-22,spóźnienie,1
3TW,2026-06-08,nieob. uspr. p.s.,1
3TW,2026-03-11,nieobecność,13
3TW,2025-09-01,nieob. uspraw.,5
3TW,2025-10-29,nieobecność,1
3TW,2025-11-18,nieobecność,6
3TW,2025-11-19,nieobecność,5
3TW,2025-11-20,nieobecność,1
3TW,2025-12-16,nieobecność,5
3TW,2026-02-04,nieobecność,7
3TW,2026-02-09,nieobecność,8
3TW,2026-02-24,nieobecność,6
3TW,2026-02-26,nieobecność,6
3TW,2026-03-10,nieobecność,6
3TW,2026-03-12,nieobecność,4
3TW,2026-03-17,nieobecność,7
3TW,2026-03-18,nieobecność,11
3TW,2026-03-19,nieobecność,4
3TW,2026-03-24,nieobecność,6
3TW,2026-04-01,nieobecność,15
3TW,2026-04-13,nieobecność,7
3TW,2026-04-16,spóźnienie,1
3TW,2026-04-24,nieobecność,2
3TW,2026-05-06,nieobecność,1
3TW,2026-05-14,nieobecność,3
3TW,2026-05-20,nieobecność,1
3TW,2026-05-21,nieobecność,3
3TW,2026-06-03,nieobecność,2
3TW,2026-06-08,nieobecność,7
3TW,2026-06-09,nieobecność,2
3TW,2026-06-12,nieobecność,1
3TW,2026-06-17,nieobecność,3
3TW,2026-06-18,nieobecność,1
3TW,2026-06-19,nieobecność,2
3TW,2026-06-22,nieobecność,7
3TW,2026-06-23,nieobecność,2
3TW,2026-06-24,nieobecność,2
3TW,2025-12-11,spóźn. uspr.,1
3TW,2025-10-22,spóźnienie,1
3TW,2025-10-27,nieob. uspr. p.s.,1
3TW,2025-12-09,spóźnienie,1
3TW,2026-03-24,spóźnienie,1
3TW,2026-04-13,spóźnienie,1
3TW,2026-06-09,spóźnienie,1
3TŻ,2025-09-01,obecność,144
3TŻ,2025-09-02,obecność,174
3TŻ,2025-09-03,obecność,207
3TŻ,2025-09-04,obecność,196
3TŻ,2025-09-05,obecność,180
3TŻ,2025-09-08,obecność,164
3TŻ,2025-09-09,obecność,159
3TŻ,2025-09-10,obecność,192
3TŻ,2025-09-11,obecność,174
3TŻ,2025-09-12,obecność,162
3TŻ,2025-09-15,obecność,156
3TŻ,2025-09-16,nieob. uspraw.,25
3TŻ,2025-09-17,obecność,183
3TŻ,2025-09-18,nieobecność,11
3TŻ,2025-09-18,obecność,127
3TŻ,2025-09-19,obecność,133
3TŻ,2025-09-19,nieob. uspr. p.s.,5
3TŻ,2025-09-22,obecność,139
3TŻ,2025-09-23,obecność,135
3TŻ,2025-09-24,obecność,153
3TŻ,2025-09-25,obecność,92
3TŻ,2025-09-26,obecność,138
3TŻ,2025-09-29,obecność,182
3TŻ,2025-09-30,obecność,170
3TŻ,2025-10-01,obecność,82
3TŻ,2025-10-01,nieobecność,15
3TŻ,2025-10-02,obecność,149
3TŻ,2025-10-03,obecność,171
3TŻ,2025-10-06,obecność,171
3TŻ,2025-10-07,obecność,148
3TŻ,2025-10-08,obecność,173
3TŻ,2025-10-09,nieob. uspr. p.s.,110
3TŻ,2025-10-10,obecność,146
3TŻ,2025-10-13,obecność,119
3TŻ,2025-10-14,nieobecność,16
3TŻ,2025-10-15,obecność,164
3TŻ,2025-10-16,obecność,65
3TŻ,2025-10-16,nieob. uspr. p.s.,69
3TŻ,2025-10-20,nieobecność,20
3TŻ,2025-10-21,obecność,131
3TŻ,2025-10-22,obecność,147
3TŻ,2025-10-22,spóźnienie,3
3TŻ,2025-10-23,obecność,119
3TŻ,2025-10-24,obecność,127
3TŻ,2025-10-27,obecność,151
3TŻ,2025-10-27,nieobecność,3
3TŻ,2025-10-28,obecność,149
3TŻ,2025-10-29,obecność,171
3TŻ,2025-10-30,obecność,121
3TŻ,2025-11-03,obecność,178
3TŻ,2025-11-04,obecność,154
3TŻ,2025-11-05,obecność,164
3TŻ,2025-11-06,obecność,113
3TŻ,2025-11-06,nieob. uspr. p.s.,20
3TŻ,2025-11-07,obecność,140
3TŻ,2025-11-12,obecność,144
3TŻ,2025-11-13,obecność,161
3TŻ,2025-11-14,obecność,165
3TŻ,2025-11-17,obecność,163
3TŻ,2025-11-18,obecność,131
3TŻ,2025-11-19,nieobecność,10
3TŻ,2025-11-20,obecność,128
3TŻ,2025-11-21,obecność,149
3TŻ,2025-11-24,obecność,177
3TŻ,2025-11-24,spóźnienie,2
3TŻ,2025-11-25,obecność,145
3TŻ,2025-11-26,obecność,156
3TŻ,2025-11-27,obecność,148
3TŻ,2025-11-28,obecność,125
3TŻ,2025-12-01,obecność,173
3TŻ,2025-12-01,spóźnienie,2
3TŻ,2025-12-02,obecność,154
3TŻ,2025-12-02,nieob. uspr. p.s.,5
3TŻ,2025-12-02,spóźnienie,2
3TŻ,2025-12-03,obecność,150
3TŻ,2025-12-04,obecność,154
3TŻ,2025-12-04,nieob. uspr. p.s.,11
3TŻ,2025-12-05,obecność,141
3TŻ,2025-12-05,nieob. uspr. p.s.,15
3TŻ,2025-12-08,obecność,161
3TŻ,2025-12-08,nieob. uspr. p.s.,16
3TŻ,2025-12-09,obecność,151
3TŻ,2025-12-10,obecność,133
3TŻ,2025-12-10,nieob. uspr. p.s.,27
3TŻ,2025-12-11,nieobecność,7
3TŻ,2025-12-12,obecność,101
3TŻ,2025-12-15,obecność,179
3TŻ,2025-12-16,nieobecność,14
3TŻ,2025-12-17,obecność,164
3TŻ,2025-12-17,nieob. uspr. p.s.,9
3TŻ,2025-12-18,obecność,147
3TŻ,2025-12-18,nieobecność,19
3TŻ,2025-12-19,nieobecność,6
3TŻ,2025-12-19,obecność,165
3TŻ,2026-01-07,obecność,160
3TŻ,2026-01-08,obecność,133
3TŻ,2026-01-08,nieob. uspr. p.s.,6
3TŻ,2026-01-09,obecność,119
3TŻ,2026-01-12,obecność,142
3TŻ,2026-01-13,nieobecność,19
3TŻ,2026-01-14,obecność,145
3TŻ,2026-01-15,nieobecność,45
3TŻ,2026-01-16,nieobecność,51
3TŻ,2026-02-02,nieob. uspr. p.s.,2
3TŻ,2026-02-02,obecność,131
3TŻ,2026-02-03,obecność,127
3TŻ,2026-02-04,obecność,158
3TŻ,2026-02-05,obecność,156
3TŻ,2026-02-06,obecność,138
3TŻ,2026-02-06,nieobecność,9
3TŻ,2026-02-09,obecność,148
3TŻ,2026-02-10,obecność,149
3TŻ,2026-02-11,obecność,146
3TŻ,2026-02-12,nieobecność,16
3TŻ,2026-02-13,spóźnienie,1
3TŻ,2026-02-13,obecność,150
3TŻ,2026-02-16,obecność,142
3TŻ,2026-02-17,obecność,165
3TŻ,2026-02-18,obecność,172
3TŻ,2026-02-19,obecność,132
3TŻ,2026-02-20,obecność,138
3TŻ,2026-02-23,obecność,101
3TŻ,2026-02-24,obecność,137
3TŻ,2026-02-25,nieobecność,24
3TŻ,2026-02-26,obecność,80
3TŻ,2026-02-26,nieob. uspr. p.s.,68
3TŻ,2026-02-26,nieobecność,19
3TŻ,2026-02-27,obecność,82
3TŻ,2026-03-02,obecność,157
3TŻ,2026-03-02,nieob. uspr. p.s.,13
3TŻ,2026-03-03,obecność,140
3TŻ,2026-03-04,obecność,131
3TŻ,2026-03-04,nieob. uspr. p.s.,28
3TŻ,2026-03-05,obecność,111
3TŻ,2026-03-05,nieob. uspr. p.s.,33
3TŻ,2026-03-06,obecność,152
3TŻ,2026-03-09,nieobecność,6
3TŻ,2026-03-10,obecność,153
3TŻ,2026-03-11,obecność,116
3TŻ,2026-03-12,nieobecność,10
3TŻ,2026-03-13,obecność,112
3TŻ,2026-03-16,obecność,109
3TŻ,2026-03-17,obecność,111
3TŻ,2026-03-18,obecność,74
3TŻ,2026-03-19,obecność,67
3TŻ,2026-03-19,nieob. uspraw.,32
3TŻ,2026-03-20,nieob. uspraw.,144
3TŻ,2026-03-23,obecność,121
3TŻ,2026-03-24,obecność,152
3TŻ,2026-03-25,obecność,124
3TŻ,2026-03-25,nieobecność,3
3TŻ,2026-03-26,obecność,117
3TŻ,2026-03-27,obecność,169
3TŻ,2026-03-30,obecność,128
3TŻ,2026-03-31,obecność,144
3TŻ,2026-04-01,obecność,90
3TŻ,2026-04-08,obecność,116
3TŻ,2026-04-09,nieobecność,21
3TŻ,2026-04-09,obecność,122
3TŻ,2026-04-09,nieob. uspr. p.s.,11
3TŻ,2026-04-10,obecność,126
3TŻ,2026-04-13,obecność,130
3TŻ,2026-04-14,obecność,130
3TŻ,2026-04-14,spóźnienie,5
3TŻ,2026-04-15,obecność,164
3TŻ,2026-04-16,obecność,175
3TŻ,2026-04-17,obecność,163
3TŻ,2026-04-17,nieob. uspr. p.s.,2
3TŻ,2026-04-20,nieob. uspraw.,24
3TŻ,2026-04-21,obecność,129
3TŻ,2026-04-22,obecność,128
3TŻ,2026-04-23,obecność,132
3TŻ,2026-04-23,nieob. uspr. p.s.,2
3TŻ,2026-04-24,obecność,101
3TŻ,2026-05-11,obecność,90
3TŻ,2026-05-12,obecność,73
3TŻ,2026-05-13,obecność,113
3TŻ,2026-05-14,obecność,115
3TŻ,2026-05-15,nieob. uspraw.,31
3TŻ,2026-05-18,nieob. uspr. p.s.,26
3TŻ,2026-05-18,obecność,116
3TŻ,2026-05-19,obecność,100
3TŻ,2026-05-20,nieobecność,12
3TŻ,2026-05-20,obecność,58
3TŻ,2026-05-21,nieob. uspraw.,15
3TŻ,2026-05-21,obecność,149
3TŻ,2026-05-22,obecność,154
3TŻ,2026-05-25,obecność,151
3TŻ,2026-05-26,obecność,142
3TŻ,2026-05-27,obecność,131
3TŻ,2026-05-28,obecność,137
3TŻ,2026-05-29,obecność,140
3TŻ,2026-05-29,nieob. uspraw.,44
3TŻ,2026-06-01,nieob. uspraw.,37
3TŻ,2026-06-02,obecność,133
3TŻ,2026-06-02,nieob. uspraw.,6
3TŻ,2026-06-08,nieob. uspr. p.s.,96
3TŻ,2026-06-09,nieob. uspraw.,52
3TŻ,2026-06-09,obecność,34
3TŻ,2026-06-10,nieob. uspraw.,40
3TŻ,2026-06-11,obecność,86
3TŻ,2026-06-12,nieob. uspraw.,48
3TŻ,2026-06-15,obecność,78
3TŻ,2026-06-15,nieob. uspraw.,64
3TŻ,2026-06-16,nieob. uspr. p.s.,12
3TŻ,2026-06-16,obecność,94
3TŻ,2026-06-17,nieob. uspraw.,71
3TŻ,2026-06-18,nieob. uspraw.,42
3TŻ,2026-06-18,obecność,57
3TŻ,2026-06-19,nieob. uspraw.,81
3TŻ,2026-06-22,nieob. uspraw.,55
3TŻ,2026-06-23,nieob. uspraw.,43
3TŻ,2026-06-23,obecność,5
3TŻ,2026-06-24,nieob. uspraw.,34
3TŻ,2026-06-25,nieob. uspraw.,22
3TŻ,2025-09-01,nieob. uspraw.,24
3TŻ,2025-09-02,nieob. uspraw.,1
3TŻ,2025-09-08,spóźnienie,1
3TŻ,2025-09-09,nieob. uspraw.,21
3TŻ,2025-09-10,spóźn. uspr.,1
3TŻ,2025-09-11,nieobecność,2
3TŻ,2025-09-12,nieob. uspr. p.s.,17
3TŻ,2025-09-15,spóźnienie,2
3TŻ,2025-09-16,obecność,126
3TŻ,2025-09-18,nieob. uspr. p.s.,38
3TŻ,2025-09-18,spóźnienie,1
3TŻ,2025-09-22,spóźn. uspr.,1
3TŻ,2025-09-25,nieob. uspr. p.s.,62
3TŻ,2025-09-29,nieob. uspraw.,24
3TŻ,2025-10-01,nieob. uspr. p.s.,111
3TŻ,2025-10-06,nieob. uspr. p.s.,4
3TŻ,2025-10-07,nieobecność,8
3TŻ,2025-10-07,nieob. uspr. p.s.,3
3TŻ,2025-10-14,nieob. uspraw.,14
3TŻ,2025-10-15,nieob. uspr. p.s.,17
3TŻ,2025-10-20,obecność,124
3TŻ,2025-10-24,nieobecność,13
3TŻ,2025-10-30,nieob. uspraw.,41
3TŻ,2025-10-30,nieobecność,17
3TŻ,2025-11-17,spóźnienie,2
3TŻ,2025-11-18,nieob. uspraw.,6
3TŻ,2025-11-19,obecność,157
3TŻ,2025-11-25,nieob. uspraw.,16
3TŻ,2025-11-27,nieob. uspraw.,14
3TŻ,2025-11-28,nieob. uspraw.,21
3TŻ,2025-12-05,spóźnienie,4
3TŻ,2025-12-11,nieob. uspraw.,14
3TŻ,2025-12-16,obecność,177
3TŻ,2026-01-09,nieob. uspr. p.s.,2
3TŻ,2026-01-13,obecność,154
3TŻ,2026-01-15,obecność,60
3TŻ,2026-02-04,nieobecność,3
3TŻ,2026-02-09,nieob. uspr. p.s.,10
3TŻ,2026-02-10,nieobecność,1
3TŻ,2026-02-12,obecność,142
3TŻ,2026-02-12,nieob. uspr. p.s.,30
3TŻ,2026-02-12,nieob. uspraw.,12
3TŻ,2026-02-17,nieobecność,6
3TŻ,2026-02-19,spóźnienie,1
3TŻ,2026-02-23,nieob. uspraw.,63
3TŻ,2026-02-24,nieob. uspraw.,35
3TŻ,2026-02-25,nieob. uspraw.,44
3TŻ,2026-02-26,nieob. uspraw.,33
3TŻ,2026-02-27,nieob. uspraw.,71
3TŻ,2026-03-04,spóźnienie,4
3TŻ,2026-03-06,nieob. uspr. p.s.,6
3TŻ,2026-03-09,obecność,102
3TŻ,2026-03-09,nieob. uspr. p.s.,26
3TŻ,2026-03-12,nieob. uspr. p.s.,105
3TŻ,2026-03-13,nieob. uspr. p.s.,17
3TŻ,2026-03-16,nieob. uspr. p.s.,46
3TŻ,2026-03-17,nieob. uspr. p.s.,51
3TŻ,2026-03-17,nieob. uspraw.,9
3TŻ,2026-03-18,nieob. uspr. p.s.,79
3TŻ,2026-03-19,nieob. uspr. p.s.,42
3TŻ,2026-04-01,spóźnienie,3
3TŻ,2026-04-09,nieob. uspraw.,44
3TŻ,2026-04-21,nieob. uspraw.,23
3TŻ,2026-04-22,nieob. uspraw.,21
3TŻ,2026-05-11,nieob. uspraw.,69
3TŻ,2026-05-12,nieob. uspraw.,14
3TŻ,2026-05-13,spóźnienie,2
3TŻ,2026-05-15,obecność,110
3TŻ,2026-05-19,nieob. uspr. p.s.,15
3TŻ,2026-05-20,nieob. uspr. p.s.,30
3TŻ,2026-05-21,nieob. uspr. p.s.,10
3TŻ,2026-05-22,nieob. uspr. p.s.,3
3TŻ,2026-05-26,nieob. uspraw.,9
3TŻ,2026-05-29,spóźnienie,1
3TŻ,2026-05-29,nieob. uspr. p.s.,1
3TŻ,2026-06-01,obecność,150
3TŻ,2026-06-02,nieob. uspr. p.s.,36
3TŻ,2026-06-10,obecność,39
3TŻ,2026-06-10,spóźnienie,1
3TŻ,2026-06-11,spóźnienie,4
3TŻ,2026-06-12,obecność,120
3TŻ,2026-06-16,nieob. uspraw.,18
3TŻ,2026-06-16,nieobecność,26
3TŻ,2026-06-18,nieobecność,43
3TŻ,2026-06-19,nieobecność,99
3TŻ,2026-06-22,nieobecność,142
3TŻ,2026-06-23,nieobecność,152
3TŻ,2026-06-24,nieobecność,140
3TŻ,2026-06-25,nieobecność,122
3TŻ,2025-09-19,nieob. uspraw.,42
3TŻ,2025-09-24,nieob. uspr. p.s.,23
3TŻ,2025-09-26,nieob. uspraw.,29
3TŻ,2025-09-26,nieob. uspr. p.s.,1
3TŻ,2025-10-06,nieob. uspraw.,9
3TŻ,2025-10-14,obecność,136
3TŻ,2025-10-15,nieob. uspraw.,5
3TŻ,2025-10-20,nieob. uspraw.,12
3TŻ,2025-10-21,spóźnienie,2
3TŻ,2025-10-21,nieob. uspraw.,12
3TŻ,2025-10-24,spóźnienie,5
3TŻ,2025-10-27,nieob. uspraw.,32
3TŻ,2025-10-28,nieob. uspr. p.s.,3
3TŻ,2025-10-28,nieob. uspraw.,29
3TŻ,2025-10-29,nieob. uspraw.,16
3TŻ,2025-10-30,nieob. uspr. p.s.,3
3TŻ,2025-11-03,nieob. uspraw.,26
3TŻ,2025-11-04,nieob. uspraw.,26
3TŻ,2025-11-05,nieob. uspraw.,42
3TŻ,2025-11-12,nieob. uspraw.,39
3TŻ,2025-11-13,nieob. uspraw.,8
3TŻ,2025-11-14,nieob. uspraw.,1
3TŻ,2025-11-17,nieob. uspr. p.s.,18
3TŻ,2025-11-19,nieob. uspraw.,8
3TŻ,2025-11-20,spóźnienie,4
3TŻ,2025-11-21,nieob. uspraw.,7
3TŻ,2025-12-08,nieob. uspraw.,9
3TŻ,2025-12-11,nieob. uspr. p.s.,139
3TŻ,2025-12-19,nieob. uspraw.,1
3TŻ,2026-01-09,nieob. uspraw.,28
3TŻ,2026-01-12,nieob. uspraw.,42
3TŻ,2026-01-15,nieob. uspraw.,40
3TŻ,2026-01-16,nieob. uspraw.,84
3TŻ,2026-02-03,nieob. uspraw.,36
3TŻ,2026-02-06,nieob. uspraw.,22
3TŻ,2026-02-06,nieob. uspr. p.s.,6
3TŻ,2026-02-13,nieob. uspraw.,15
3TŻ,2026-02-17,nieob. uspr. p.s.,2
3TŻ,2026-02-18,nieob. uspraw.,1
3TŻ,2026-02-20,nieob. uspraw.,23
3TŻ,2026-02-25,obecność,93
3TŻ,2026-03-11,nieob. uspraw.,8
3TŻ,2026-03-18,nieob. uspraw.,11
3TŻ,2026-03-24,nieob. uspraw.,6
3TŻ,2026-03-27,nieob. uspraw.,1
3TŻ,2026-03-30,nieob. uspraw.,47
3TŻ,2026-03-31,spóźnienie,2
3TŻ,2026-04-10,nieob. uspraw.,42
3TŻ,2026-04-20,obecność,154
3TŻ,2026-05-18,nieob. uspraw.,23
3TŻ,2026-05-28,nieob. uspraw.,13
3TŻ,2026-06-11,nieob. uspraw.,16
3TŻ,2025-09-08,nieob. uspraw.,14
3TŻ,2025-09-11,nieob. uspr. p.s.,24
3TŻ,2025-09-17,nieob. uspr. p.s.,12
3TŻ,2025-09-23,nieob. uspr. p.s.,23
3TŻ,2025-10-02,spóźnienie,3
3TŻ,2025-10-03,spóźnienie,2
3TŻ,2025-10-07,nieob. uspraw.,22
3TŻ,2025-10-08,nieob. uspr. p.s.,21
3TŻ,2025-10-10,nieob. uspr. p.s.,21
3TŻ,2025-10-13,nieob. uspr. p.s.,49
3TŻ,2025-10-14,nieob. uspr. p.s.,16
3TŻ,2025-10-20,nieob. uspr. p.s.,50
3TŻ,2025-10-21,nieob. uspr. p.s.,30
3TŻ,2025-10-22,nieob. uspr. p.s.,48
3TŻ,2025-10-23,nieob. uspr. p.s.,28
3TŻ,2025-10-24,nieob. uspr. p.s.,15
3TŻ,2025-10-27,nieob. uspr. p.s.,22
3TŻ,2025-10-29,nieob. uspr. p.s.,21
3TŻ,2025-11-13,nieob. uspr. p.s.,4
3TŻ,2025-11-20,nieob. uspr. p.s.,14
3TŻ,2025-11-25,nieob. uspr. p.s.,4
3TŻ,2025-11-26,nieob. uspraw.,32
3TŻ,2025-11-27,spóźnienie,3
3TŻ,2025-11-27,nieobecność,5
3TŻ,2025-12-01,nieob. uspr. p.s.,4
3TŻ,2025-12-08,nieobecność,14
3TŻ,2025-12-09,nieob. uspr. p.s.,17
3TŻ,2025-12-11,obecność,15
3TŻ,2025-12-12,nieob. uspraw.,36
3TŻ,2025-12-18,spóźnienie,2
3TŻ,2026-01-09,spóźnienie,1
3TŻ,2026-01-12,nieob. uspr. p.s.,10
3TŻ,2026-01-13,nieob. uspraw.,15
3TŻ,2026-01-14,nieob. uspr. p.s.,13
3TŻ,2026-01-15,nieob. uspr. p.s.,16
3TŻ,2026-02-02,nieob. uspraw.,49
3TŻ,2026-02-03,nieob. uspr. p.s.,3
3TŻ,2026-02-04,nieob. uspraw.,11
3TŻ,2026-02-05,nieob. uspr. p.s.,8
3TŻ,2026-02-09,nieobecność,12
3TŻ,2026-02-09,nieob. uspraw.,30
3TŻ,2026-02-10,nieob. uspr. p.s.,15
3TŻ,2026-02-11,nieobecność,5
3TŻ,2026-02-13,nieob. uspr. p.s.,8
3TŻ,2026-02-20,spóźnienie,2
3TŻ,2026-02-23,nieob. uspr. p.s.,19
3TŻ,2026-02-27,nieob. uspr. p.s.,8
3TŻ,2026-03-03,nieob. uspr. p.s.,10
3TŻ,2026-03-05,nieob. uspraw.,52
3TŻ,2026-03-06,nieob. uspraw.,14
3TŻ,2026-03-10,nieob. uspraw.,8
3TŻ,2026-03-11,nieob. uspr. p.s.,24
3TŻ,2026-03-13,spóźnienie,1
3TŻ,2026-03-23,nieob. uspr. p.s.,26
3TŻ,2026-03-25,nieob. uspr. p.s.,15
3TŻ,2026-03-26,nieob. uspr. p.s.,31
3TŻ,2026-03-27,spóźnienie,2
3TŻ,2026-03-30,nieob. uspr. p.s.,6
3TŻ,2026-03-31,nieobecność,12
3TŻ,2026-04-08,nieob. uspr. p.s.,17
3TŻ,2026-04-08,nieob. uspraw.,28
3TŻ,2026-04-13,nieob. uspr. p.s.,3
3TŻ,2026-04-14,nieob. uspr. p.s.,36
3TŻ,2026-04-14,nieobecność,2
3TŻ,2026-04-15,nieobecność,2
3TŻ,2026-04-16,nieob. uspraw.,16
3TŻ,2026-04-20,nieob. uspr. p.s.,17
3TŻ,2026-04-21,nieobecność,2
3TŻ,2026-04-21,nieob. uspr. p.s.,8
3TŻ,2026-04-22,nieob. uspr. p.s.,16
3TŻ,2026-05-12,nieob. uspr. p.s.,37
3TŻ,2026-05-13,nieob. uspraw.,49
3TŻ,2026-05-20,nieob. uspraw.,25
3TŻ,2026-05-25,nieob. uspr. p.s.,17
3TŻ,2026-05-26,nieob. uspr. p.s.,18
3TŻ,2026-05-27,nieob. uspraw.,14
3TŻ,2026-06-01,nieobecność,1
3TŻ,2026-06-02,nieobecność,12
3TŻ,2026-06-11,nieob. uspr. p.s.,3
3TŻ,2026-06-19,obecność,20
3TŻ,2026-06-22,obecność,3
3TŻ,2025-09-01,nieobecność,40
3TŻ,2025-09-12,nieob. uspraw.,2
3TŻ,2025-09-17,nieob. uspraw.,5
3TŻ,2025-09-18,nieob. uspraw.,31
3TŻ,2025-09-22,nieob. uspraw.,20
3TŻ,2025-09-23,nieob. uspraw.,16
3TŻ,2025-09-24,nieob. uspraw.,24
3TŻ,2025-09-25,nieob. uspraw.,21
3TŻ,2025-10-02,nieob. uspr. p.s.,2
3TŻ,2025-10-03,nieob. uspr. p.s.,2
3TŻ,2025-10-13,nieob. uspraw.,10
3TŻ,2025-10-22,nieob. uspraw.,9
3TŻ,2025-10-23,nieob. uspraw.,17
3TŻ,2025-10-24,nieob. uspraw.,9
3TŻ,2025-11-18,nieob. uspr. p.s.,12
3TŻ,2025-11-21,nieobecność,15
3TŻ,2025-11-25,nieobecność,10
3TŻ,2025-11-28,nieobecność,28
3TŻ,2025-12-03,nieobecność,16
3TŻ,2025-12-04,nieobecność,10
3TŻ,2025-12-05,nieobecność,8
3TŻ,2025-12-10,nieobecność,21
3TŻ,2025-12-12,nieobecność,36
3TŻ,2026-01-08,nieobecność,14
3TŻ,2026-01-09,nieobecność,13
3TŻ,2026-02-02,nieobecność,18
3TŻ,2026-02-03,nieobecność,9
3TŻ,2026-02-05,nieobecność,20
3TŻ,2026-02-11,nieob. uspr. p.s.,17
3TŻ,2026-02-16,spóźnienie,4
3TŻ,2026-03-02,nieob. uspraw.,24
3TŻ,2026-03-03,spóźn. uspr.,1
3TŻ,2026-03-04,spóźn. uspr.,2
3TŻ,2026-03-05,spóźn. uspr.,1
3TŻ,2026-03-12,nieob. uspraw.,10
3TŻ,2026-03-13,nieob. uspraw.,35
3TŻ,2026-03-23,spóźn. uspr.,1
3TŻ,2026-03-31,nieob. uspraw.,17
3TŻ,2026-04-01,nieob. uspraw.,36
3TŻ,2026-04-13,nieob. uspraw.,42
3TŻ,2026-04-23,nieob. uspraw.,24
3TŻ,2026-04-24,nieob. uspraw.,39
3TŻ,2026-05-14,nieob. uspraw.,15
3TŻ,2026-05-22,nieob. uspraw.,15
3TŻ,2026-05-27,spóźn. uspr.,1
3TŻ,2026-06-11,spóźn. uspr.,1
3TŻ,2025-09-10,nieob. uspr. p.s.,4
3TŻ,2025-09-15,nieob. uspr. p.s.,15
3TŻ,2025-09-22,nieob. uspr. p.s.,10
3TŻ,2025-11-12,nieob. uspr. p.s.,18
3TŻ,2025-11-20,spóźn. uspr.,1
3TŻ,2025-12-03,nieob. uspr. p.s.,29
3TŻ,2025-12-10,spóźnienie,2
3TŻ,2025-12-16,nieob. uspr. p.s.,6
3TŻ,2026-01-15,spóźn. uspr.,1
3TŻ,2026-02-16,nieob. uspr. p.s.,14
3TŻ,2026-02-20,nieob. uspr. p.s.,1
3TŻ,2026-02-25,nieob. uspr. p.s.,14
3TŻ,2026-03-02,spóźnienie,2
3TŻ,2026-03-09,nieob. uspraw.,14
3TŻ,2026-03-10,nieob. uspr. p.s.,6
3TŻ,2026-03-16,nieob. uspraw.,38
3TŻ,2026-03-20,obecność,10
3TŻ,2026-03-23,nieob. uspraw.,39
3TŻ,2026-03-24,nieob. uspr. p.s.,13
3TŻ,2026-04-14,nieob. uspraw.,2
3TŻ,2026-04-20,spóźnienie,3
3TŻ,2026-05-11,nieob. uspr. p.s.,14
3TŻ,2026-05-13,nieob. uspr. p.s.,7
3TŻ,2026-05-27,nieob. uspr. p.s.,21
3TŻ,2026-06-01,nieob. uspr. p.s.,11
3TŻ,2026-06-08,obecność,72
3TŻ,2026-06-09,nieob. uspr. p.s.,87
3TŻ,2026-06-10,nieob. uspr. p.s.,29
3TŻ,2026-06-15,nieob. uspr. p.s.,9
3TŻ,2026-06-15,nieobecność,49
3TŻ,2026-06-17,nieob. uspr. p.s.,60
3TŻ,2025-10-08,nieob. uspraw.,2
3TŻ,2025-11-17,spóźn. uspr.,1
3TŻ,2026-03-02,spóźn. uspr.,2
3TŻ,2026-03-04,nieob. uspraw.,7
3TŻ,2026-04-01,spóźn. uspr.,2
3TŻ,2026-04-20,spóźn. uspr.,2
3TŻ,2026-04-23,spóźn. uspr.,2
3TŻ,2025-09-05,nieobecność,2
3TŻ,2025-09-09,nieobecność,2
3TŻ,2025-09-10,nieob. uspraw.,8
3TŻ,2025-09-15,nieob. uspraw.,7
3TŻ,2025-09-16,nieobecność,24
3TŻ,2025-09-22,nieobecność,11
3TŻ,2025-09-29,nieobecność,2
3TŻ,2025-10-02,nieobecność,5
3TŻ,2025-10-06,nieobecność,24
3TŻ,2025-10-13,nieobecność,30
3TŻ,2025-10-15,nieobecność,22
3TŻ,2025-10-16,nieobecność,26
3TŻ,2025-10-23,nieobecność,18
3TŻ,2025-11-05,spóźnienie,2
3TŻ,2025-11-06,spóźnienie,1
3TŻ,2025-11-06,nieobecność,3
3TŻ,2025-11-07,spóźnienie,2
3TŻ,2025-11-12,nieobecność,7
3TŻ,2025-11-13,nieobecność,9
3TŻ,2025-11-14,nieob. uspr. p.s.,9
3TŻ,2025-11-17,nieob. uspraw.,16
3TŻ,2025-11-21,spóźnienie,1
3TŻ,2025-11-24,nieob. uspraw.,4
3TŻ,2025-11-24,nieobecność,8
3TŻ,2025-11-26,nieobecność,9
3TŻ,2025-12-03,spóźnienie,4
3TŻ,2025-12-15,nieobecność,2
3TŻ,2025-12-17,nieobecność,2
3TŻ,2026-01-07,nieobecność,5
3TŻ,2026-01-12,nieobecność,5
3TŻ,2026-01-14,nieobecność,3
3TŻ,2026-02-04,spóźnienie,2
3TŻ,2026-02-16,nieob. uspraw.,40
3TŻ,2026-02-19,nieob. uspraw.,13
3TŻ,2026-02-20,nieobecność,11
3TŻ,2026-03-03,nieobecność,1
3TŻ,2026-03-03,spóźnienie,2
3TŻ,2026-03-06,nieobecność,3
3TŻ,2026-03-09,spóźnienie,2
3TŻ,2026-03-10,nieobecność,8
3TŻ,2026-03-13,nieobecność,10
3TŻ,2026-03-18,nieobecność,11
3TŻ,2026-03-24,nieobecność,4
3TŻ,2026-03-25,spóźnienie,1
3TŻ,2026-03-27,nieobecność,2
3TŻ,2026-03-30,nieobecność,19
3TŻ,2026-04-01,nieobecność,19
3TŻ,2026-04-08,nieobecność,14
3TŻ,2026-04-13,nieobecność,24
3TŻ,2026-04-16,spóźnienie,1
3TŻ,2026-04-22,nieobecność,10
3TŻ,2026-04-24,nieobecność,35
3TŻ,2026-05-13,nieobecność,3
3TŻ,2026-05-14,nieobecność,8
3TŻ,2026-05-15,nieobecność,8
3TŻ,2026-05-26,nieobecność,6
3TŻ,2025-09-15,spóźn. uspr.,2
3TŻ,2025-10-10,nieob. uspraw.,7
3TŻ,2025-11-07,nieob. uspr. p.s.,5
3TŻ,2025-11-20,nieob. uspraw.,21
3TŻ,2025-12-10,nieob. uspraw.,17
3TŻ,2025-12-16,spóźnienie,1
3TŻ,2026-01-08,nieob. uspraw.,10
3TŻ,2026-02-05,nieob. uspraw.,16
3TŻ,2026-02-10,spóźnienie,1
3TŻ,2026-02-10,nieob. uspraw.,9
3TŻ,2026-03-03,nieob. uspraw.,21
3TŻ,2026-03-25,nieob. uspraw.,7
3TŻ,2026-03-27,nieob. uspr. p.s.,1
3TŻ,2026-05-22,nieobecność,3
3TŻ,2026-05-27,spóźnienie,1
3TŻ,2026-05-29,nieobecność,14
3TŻ,2026-06-09,nieobecność,15
3TŻ,2026-06-10,nieobecność,16
3TŻ,2026-06-11,nieobecność,15
3TŻ,2026-06-12,nieobecność,32
3TŻ,2026-06-17,nieobecność,41
3TŻ,2025-09-04,nieob. uspraw.,9
3TŻ,2025-09-04,nieobecność,2
3TŻ,2025-09-10,nieobecność,3
3TŻ,2025-09-19,spóźnienie,1
3TŻ,2025-09-26,nieobecność,14
3TŻ,2025-10-08,nieobecność,10
3TŻ,2025-10-08,spóźnienie,2
3TŻ,2025-10-10,nieobecność,8
3TŻ,2025-10-20,spóźnienie,1
3TŻ,2025-11-03,nieobecność,4
3TŻ,2025-11-06,nieob. uspraw.,19
3TŻ,2025-11-07,nieob. uspraw.,35
3TŻ,2025-09-04,spóźn. uspr.,1
3TŻ,2025-09-08,nieob. uspr. p.s.,3
3TŻ,2025-10-07,spóźn. uspr.,1
3TŻ,2025-10-16,nieob. uspraw.,22
3TŻ,2025-11-21,nieob. uspr. p.s.,3
3TŻ,2025-11-24,nieob. uspr. p.s.,9
3TŻ,2025-11-26,spóźn. uspr.,1
3TŻ,2025-11-27,nieob. uspr. p.s.,4
3TŻ,2025-11-27,spóźn. uspr.,1
3TŻ,2025-12-01,nieob. uspraw.,10
3TŻ,2025-12-03,nieob. uspraw.,1
3TŻ,2025-12-05,nieob. uspraw.,7
3TŻ,2025-12-15,nieob. uspr. p.s.,2
3TŻ,2025-12-16,nieob. uspraw.,2
3TŻ,2025-12-19,nieob. uspr. p.s.,3
3TŻ,2026-04-17,nieob. uspraw.,7
3TŻ,2025-11-26,spóźnienie,1
3TŻ,2025-11-28,nieob. uspr. p.s.,1
3TŻ,2026-01-15,spóźnienie,1
3TŻ,2026-04-15,nieob. uspr. p.s.,2
3TŻ,2026-04-16,nieob. uspr. p.s.,4
3TŻ,2025-09-19,nieobecność,1
3TŻ,2025-09-23,spóźnienie,1
3TŻ,2025-10-28,nieobecność,1
3TŻ,2025-12-12,nieob. uspr. p.s.,1
3TŻ,2026-01-07,nieob. uspr. p.s.,2
3TŻ,2026-02-13,nieobecność,1
3TŻ,2026-03-02,nieobecność,2
3TŻ,2026-03-11,nieobecność,2
3TŻ,2026-03-16,nieobecność,7
3TŻ,2026-03-17,nieobecność,4
3TŻ,2026-03-20,nieobecność,21
3TŻ,2026-03-23,nieobecność,12
3TŻ,2026-04-13,spóźnienie,1
3TŻ,2026-04-16,nieobecność,4
3TŻ,2026-04-17,spóźnienie,1
3TŻ,2026-04-17,nieobecność,2
3TŻ,2026-04-23,nieobecność,15
3TŻ,2026-05-11,nieobecność,2
3TŻ,2026-05-15,nieob. uspr. p.s.,1
3TŻ,2026-05-19,nieob. uspraw.,9
3TŻ,2025-09-03,nieob. uspraw.,1
3TŻ,2025-09-16,nieob. uspr. p.s.,7
3TŻ,2025-10-20,zwolniony,1
3TŻ,2025-12-18,nieob. uspraw.,6
3TŻ,2026-01-07,nieob. uspraw.,8
3TŻ,2026-01-16,obecność,40
3TŻ,2026-02-19,nieob. uspr. p.s.,3
3TŻ,2026-02-24,nieob. uspr. p.s.,1
3TŻ,2026-05-13,spóźn. uspr.,1
3TŻ,2026-06-18,nieob. uspr. p.s.,8
3TŻ,2026-06-24,obecność,1
3TŻ,2025-09-12,nieobecność,1
3TŻ,2025-09-17,nieobecność,8
3TŻ,2025-09-23,nieobecność,7
3TŻ,2025-09-24,nieobecność,8
3TŻ,2025-09-25,nieobecność,7
3TŻ,2025-10-09,obecność,70
3TŻ,2025-10-09,nieobecność,2
3TŻ,2025-12-01,nieobecność,10
3TŻ,2025-12-02,nieob. uspraw.,14
3TŻ,2025-12-09,nieob. uspraw.,7
3TŻ,2026-01-14,nieob. uspraw.,14
3TŻ,2026-02-18,nieobecność,2
3TŻ,2026-02-23,nieobecność,17
3TŻ,2026-03-04,nieobecność,3
3TŻ,2026-03-05,nieobecność,2
3TŻ,2026-04-15,nieob. uspraw.,7
3TŻ,2026-05-18,nieobecność,10
3TŻ,2026-06-08,nieob. uspraw.,24
3TŻ,2025-12-15,nieob. uspraw.,17
3TŻ,2026-05-25,nieob. uspraw.,31
3TŻ,2026-05-25,nieobecność,1
3TŻ,2026-06-25,obecność,6
3TŻ,2025-09-30,nieobecność,12
3TŻ,2025-10-02,nieob. uspraw.,23
3TŻ,2025-11-18,nieobecność,1
3TŻ,2025-12-12,spóźnienie,1
3TŻ,2026-02-04,nieob. uspr. p.s.,1
3TŻ,2026-02-17,nieob. uspraw.,2
3TŻ,2026-03-23,spóźnienie,1
3TŻ,2026-03-26,nieob. uspraw.,1
3TŻ,2025-10-21,nieobecność,7
3TŻ,2025-11-04,nieobecność,1
3TŻ,2025-11-14,nieobecność,7
3TŻ,2025-11-20,nieobecność,7
3TŻ,2025-11-26,nieob. uspr. p.s.,1
3TŻ,2026-02-19,nieobecność,1
3TŻ,2026-02-27,nieobecność,14
3TŻ,2026-03-19,nieobecność,9
3TŻ,2026-05-27,nieobecność,7
3TŻ,2025-09-11,nieob. uspraw.,8
3TŻ,2025-12-01,zwolniony,1
3TŻ,2026-02-11,nieob. uspraw.,7
3TŻ,2026-06-17,obecność,3
3TŻ,2025-09-02,nieobecność,7
3TŻ,2025-09-22,spóźnienie,1
3TŻ,2025-10-22,nieobecność,1
3TŻ,2026-03-05,spóźnienie,1
3TŻ,2026-03-26,nieobecność,1
3TŻ,2026-04-10,nieobecność,7
3TŻ,2026-06-01,spóźnienie,1
3TŻ,2026-06-08,nieobecność,8
3TŻ,2025-11-04,nieob. uspr. p.s.,1
3TŻ,2025-12-18,nieob. uspr. p.s.,1
3TŻ,2026-01-12,spóźnienie,1
3TŻ,2026-04-09,spóźnienie,2
3TŻ,2026-05-12,spóźnienie,1
3TŻ,2025-10-03,nieob. uspraw.,7
3TŻ,2026-02-24,nieobecność,2
3TŻ,2026-05-19,nieobecność,1
4TM5,2025-09-29,obecność,93
4TM5,2025-09-29,nieobecność,36
4TM5,2025-09-30,spóźnienie,13
4TM5,2025-09-30,obecność,64
4TM5,2025-10-01,obecność,90
4TM5,2025-10-02,obecność,85
4TM5,2025-10-03,obecność,62
4TM5,2025-10-06,obecność,106
4TM5,2025-10-07,nieob. uspraw.,19
4TM5,2025-10-07,obecność,80
4TM5,2025-10-07,spóźnienie,11
4TM5,2025-10-08,obecność,100
4TM5,2025-10-09,obecność,99
4TM5,2025-10-09,spóźnienie,5
4TM5,2025-10-09,nieobecność,12
4TM5,2025-10-10,obecność,73
4TM5,2025-10-10,nieobecność,32
4TM5,2025-10-13,spóźnienie,13
4TM5,2025-10-13,obecność,108
4TM5,2025-10-13,nieobecność,12
4TM5,2025-10-14,obecność,110
4TM5,2025-10-15,obecność,56
4TM5,2025-10-16,obecność,79
4TM5,2025-10-20,obecność,122
4TM5,2025-10-20,nieobecność,20
4TM5,2025-10-21,spóźnienie,11
4TM5,2025-10-21,obecność,84
4TM5,2025-10-21,nieobecność,20
4TM5,2025-10-22,obecność,72
4TM5,2025-10-23,obecność,87
4TM5,2025-10-24,obecność,117
4TM5,2025-10-27,obecność,135
4TM5,2025-10-28,obecność,106
4TM5,2025-10-28,nieobecność,24
4TM5,2025-10-29,obecność,125
4TM5,2025-10-30,obecność,82
4TM5,2025-10-30,spóźnienie,9
4TM5,2025-11-03,obecność,105
4TM5,2025-11-03,spóźnienie,11
4TM5,2025-11-04,obecność,95
4TM5,2025-11-04,spóźnienie,11
4TM5,2025-11-04,nieobecność,33
4TM5,2025-11-05,obecność,105
4TM5,2025-11-06,obecność,69
4TM5,2025-11-06,nieobecność,27
4TM5,2025-11-07,obecność,99
4TM5,2025-11-12,obecność,117
4TM5,2025-11-13,nieob. uspraw.,6
4TM5,2025-11-14,nieob. uspraw.,8
4TM5,2025-11-17,obecność,138
4TM5,2025-11-17,spóźnienie,14
4TM5,2025-11-18,obecność,111
4TM5,2025-11-18,nieobecność,29
4TM5,2025-11-19,obecność,144
4TM5,2025-11-20,obecność,97
4TM5,2025-11-20,nieobecność,15
4TM5,2025-11-21,obecność,126
4TM5,2025-11-24,obecność,138
4TM5,2025-11-25,obecność,104
4TM5,2025-11-25,nieobecność,14
4TM5,2025-11-26,obecność,114
4TM5,2025-11-27,obecność,99
4TM5,2025-11-28,obecność,133
4TM5,2025-12-01,obecność,118
4TM5,2025-12-02,obecność,112
4TM5,2025-12-02,nieobecność,12
4TM5,2025-12-03,obecność,127
4TM5,2025-12-04,obecność,114
4TM5,2025-12-05,obecność,147
4TM5,2025-12-08,nieobecność,61
4TM5,2025-12-09,spóźnienie,11
4TM5,2025-12-09,obecność,105
4TM5,2025-12-10,obecność,85
4TM5,2025-12-11,obecność,107
4TM5,2025-12-12,obecność,141
4TM5,2025-12-15,obecność,123
4TM5,2025-12-16,obecność,149
4TM5,2025-12-17,obecność,79
4TM5,2025-12-18,nieobecność,24
4TM5,2025-12-19,obecność,140
4TM5,2026-01-07,nieobecność,49
4TM5,2026-01-08,obecność,113
4TM5,2026-01-09,nieobecność,45
4TM5,2026-01-12,obecność,85
4TM5,2026-01-12,spóźnienie,5
4TM5,2026-01-12,nieobecność,21
4TM5,2026-01-13,obecność,111
4TM5,2026-01-14,nieobecność,45
4TM5,2026-01-15,nieobecność,36
4TM5,2026-01-15,obecność,27
4TM5,2026-01-16,obecność,115
4TM5,2026-02-02,obecność,68
4TM5,2026-02-03,nieobecność,23
4TM5,2026-02-03,obecność,72
4TM5,2026-02-04,obecność,34
4TM5,2026-02-05,obecność,92
4TM5,2026-02-05,spóźnienie,3
4TM5,2026-02-05,nieobecność,32
4TM5,2026-02-06,obecność,82
4TM5,2026-02-06,spóźnienie,14
4TM5,2026-02-09,obecność,104
4TM5,2026-02-10,nieobecność,18
4TM5,2026-02-10,obecność,90
4TM5,2026-02-11,obecność,92
4TM5,2026-02-12,obecność,129
4TM5,2026-02-13,obecność,67
4TM5,2026-02-13,nieobecność,28
4TM5,2026-02-13,spóźnienie,8
4TM5,2026-02-16,obecność,85
4TM5,2026-02-17,nieobecność,22
4TM5,2026-02-17,obecność,98
4TM5,2026-02-18,nieobecność,13
4TM5,2026-02-18,obecność,105
4TM5,2026-02-19,obecność,105
4TM5,2026-02-20,obecność,61
4TM5,2026-02-23,obecność,89
4TM5,2026-02-24,obecność,107
4TM5,2026-02-24,nieobecność,8
4TM5,2026-02-25,obecność,112
4TM5,2026-02-26,obecność,100
4TM5,2026-02-27,obecność,118
4TM5,2026-03-02,obecność,125
4TM5,2026-03-03,nieobecność,9
4TM5,2026-03-03,spóźnienie,16
4TM5,2026-03-03,obecność,103
4TM5,2026-03-04,obecność,127
4TM5,2026-03-05,obecność,120
4TM5,2026-03-06,obecność,93
4TM5,2026-03-06,spóźnienie,13
4TM5,2026-03-09,obecność,108
4TM5,2026-03-10,spóźnienie,20
4TM5,2026-03-10,obecność,84
4TM5,2026-03-10,nieobecność,19
4TM5,2026-03-11,obecność,133
4TM5,2026-03-12,obecność,105
4TM5,2026-03-13,nieob. uspr. p.s.,36
4TM5,2026-03-13,nieobecność,18
4TM5,2026-03-16,obecność,108
4TM5,2026-03-17,obecność,93
4TM5,2026-03-17,nieobecność,13
4TM5,2026-03-18,obecność,111
4TM5,2026-03-19,obecność,92
4TM5,2026-03-19,nieobecność,8
4TM5,2026-03-20,nieobecność,28
4TM5,2026-03-23,obecność,122
4TM5,2026-03-23,nieobecność,7
4TM5,2026-03-24,nieobecność,21
4TM5,2026-03-24,obecność,108
4TM5,2026-03-25,obecność,126
4TM5,2026-03-26,obecność,105
4TM5,2026-03-27,obecność,107
4TM5,2026-03-27,nieobecność,30
4TM5,2026-03-30,nieobecność,33
4TM5,2026-03-30,obecność,103
4TM5,2026-03-31,obecność,94
4TM5,2026-03-31,spóźnienie,11
4TM5,2026-03-31,nieobecność,16
4TM5,2026-04-01,obecność,126
4TM5,2026-04-08,obecność,111
4TM5,2026-04-09,obecność,103
4TM5,2026-04-09,nieobecność,18
4TM5,2026-04-10,obecność,83
4TM5,2026-04-13,obecność,107
4TM5,2026-04-13,spóźnienie,14
4TM5,2026-04-14,nieobecność,22
4TM5,2026-04-14,obecność,105
4TM5,2026-04-15,obecność,60
4TM5,2026-04-16,obecność,122
4TM5,2026-04-17,nieobecność,23
4TM5,2026-04-20,obecność,77
4TM5,2026-04-21,nieobecność,12
4TM5,2026-04-21,obecność,105
4TM5,2026-04-22,nieob. uspraw.,36
4TM5,2026-04-23,nieob. uspraw.,13
4TM5,2026-04-24,nieob. uspraw.,68
4TM5,2026-04-27,obecność,85
4TM5,2026-04-27,nieobecność,18
4TM5,2026-04-28,obecność,89
4TM5,2026-04-28,nieobecność,28
4TM5,2026-04-29,obecność,90
4TM5,2026-04-30,obecność,80
4TM5,2026-05-06,obecność,21
4TM5,2026-05-07,obecność,81
4TM5,2026-05-07,nieobecność,19
4TM5,2026-05-08,obecność,37
4TM5,2026-05-11,obecność,116
4TM5,2026-05-12,spóźnienie,24
4TM5,2026-05-12,nieobecność,24
4TM5,2026-05-12,obecność,76
4TM5,2026-05-13,obecność,107
4TM5,2026-05-14,nieobecność,19
4TM5,2026-05-14,obecność,41
4TM5,2026-05-15,obecność,109
4TM5,2026-05-15,nieobecność,14
4TM5,2026-05-18,obecność,116
4TM5,2026-05-19,obecność,99
4TM5,2026-05-19,nieobecność,21
4TM5,2026-05-19,spóźnienie,8
4TM5,2026-05-20,obecność,100
4TM5,2026-05-21,obecność,120
4TM5,2026-05-22,nieobecność,28
4TM5,2026-05-22,obecność,20
4TM5,2026-05-25,obecność,76
4TM5,2026-05-25,nieobecność,20
4TM5,2026-05-26,obecność,69
4TM5,2026-05-26,spóźnienie,6
4TM5,2026-05-26,nieobecność,21
4TM5,2026-05-27,obecność,97
4TM5,2026-05-28,obecność,82
4TM5,2026-05-29,obecność,105
4TM5,2026-06-01,obecność,89
4TM5,2026-06-01,spóźnienie,12
4TM5,2026-06-01,nieobecność,35
4TM5,2026-06-02,spóźnienie,8
4TM5,2026-06-02,obecność,47
4TM5,2026-06-02,nieobecność,59
4TM5,2026-06-03,obecność,88
4TM5,2026-06-08,obecność,95
4TM5,2026-06-08,nieobecność,40
4TM5,2026-06-09,obecność,63
4TM5,2026-06-09,nieobecność,50
4TM5,2026-06-10,nieobecność,45
4TM5,2026-06-11,obecność,51
4TM5,2026-06-12,obecność,140
4TM5,2026-06-15,nieobecność,83
4TM5,2026-06-16,nieobecność,112
4TM5,2026-06-17,nieobecność,114
4TM5,2026-06-17,obecność,30
4TM5,2026-06-18,nieobecność,69
4TM5,2026-06-19,nieobecność,123
4TM5,2026-06-22,nieobecność,131
4TM5,2026-06-23,nieobecność,133
4TM5,2026-06-24,nieobecność,129
4TM5,2026-06-25,nieobecność,114
4TM5,2025-09-29,spóźnienie,7
4TM5,2025-10-01,spóźnienie,5
4TM5,2025-10-03,nieob. uspraw.,47
4TM5,2025-10-06,spóźnienie,17
4TM5,2025-10-07,nieobecność,7
4TM5,2025-10-10,spóźnienie,1
4TM5,2025-10-14,nieobecność,28
4TM5,2025-10-16,spóźnienie,10
4TM5,2025-10-24,nieobecność,15
4TM5,2025-10-27,spóźnienie,12
4TM5,2025-10-27,nieobecność,11
4TM5,2025-11-03,nieobecność,28
4TM5,2025-11-05,nieobecność,34
4TM5,2025-11-07,nieobecność,52
4TM5,2025-11-07,spóźnienie,6
4TM5,2025-11-13,obecność,93
4TM5,2025-11-14,obecność,85
4TM5,2025-11-14,spóźnienie,6
4TM5,2025-11-21,nieobecność,26
4TM5,2025-12-16,nieobecność,10
4TM5,2025-12-18,obecność,105
4TM5,2026-01-07,obecność,85
4TM5,2026-01-13,nieobecność,22
4TM5,2026-01-16,nieobecność,24
4TM5,2026-01-16,spóźnienie,1
4TM5,2026-02-02,nieobecność,19
4TM5,2026-02-04,nieobecność,59
4TM5,2026-02-20,nieobecność,17
4TM5,2026-02-23,nieobecność,8
4TM5,2026-02-24,spóźnienie,1
4TM5,2026-03-05,nieobecność,8
4TM5,2026-03-12,spóźnienie,3
4TM5,2026-03-17,nieob. uspr. p.s.,37
4TM5,2026-03-26,nieobecność,8
4TM5,2026-04-09,spóźnienie,2
4TM5,2026-04-10,nieob. uspr. p.s.,35
4TM5,2026-04-15,nieobecność,28
4TM5,2026-04-17,nieob. uspr. p.s.,18
4TM5,2026-04-20,spóźnienie,7
4TM5,2026-04-22,nieobecność,27
4TM5,2026-04-23,obecność,107
4TM5,2026-04-23,nieobecność,14
4TM5,2026-04-24,nieobecność,20
4TM5,2026-05-06,nieobecność,42
4TM5,2026-05-29,nieobecność,33
4TM5,2026-05-29,spóźnienie,1
4TM5,2026-06-09,spóźnienie,5
4TM5,2026-06-10,obecność,107
4TM5,2026-06-11,nieobecność,28
4TM5,2025-10-02,nieobecność,16
4TM5,2025-10-03,nieobecność,31
4TM5,2025-10-06,nieob. uspraw.,18
4TM5,2025-10-10,nieob. uspraw.,54
4TM5,2025-10-13,nieob. uspraw.,21
4TM5,2025-10-14,nieob. uspraw.,21
4TM5,2025-10-15,nieob. uspraw.,16
4TM5,2025-10-16,nieobecność,17
4TM5,2025-10-23,nieobecność,5
4TM5,2025-10-30,nieobecność,23
4TM5,2025-11-05,nieob. uspraw.,21
4TM5,2025-11-12,nieob. uspraw.,16
4TM5,2025-11-14,nieobecność,45
4TM5,2025-11-24,nieobecność,6
4TM5,2025-11-26,nieob. uspraw.,17
4TM5,2025-12-01,nieob. uspraw.,32
4TM5,2025-12-08,obecność,50
4TM5,2025-12-09,nieob. uspraw.,3
4TM5,2025-12-10,nieobecność,43
4TM5,2025-12-11,nieobecność,13
4TM5,2025-12-12,nieobecność,17
4TM5,2025-12-18,nieob. uspraw.,9
4TM5,2026-01-07,nieob. uspraw.,24
4TM5,2026-01-08,nieobecność,18
4TM5,2026-01-09,nieob. uspraw.,35
4TM5,2026-01-13,nieob. uspraw.,11
4TM5,2026-01-14,nieob. uspraw.,85
4TM5,2026-01-15,nieob. uspraw.,76
4TM5,2026-02-02,nieob. uspraw.,53
4TM5,2026-02-03,nieob. uspraw.,45
4TM5,2026-02-04,nieob. uspraw.,47
4TM5,2026-02-05,nieob. uspraw.,12
4TM5,2026-02-06,nieob. uspraw.,8
4TM5,2026-02-09,nieob. uspraw.,29
4TM5,2026-02-12,nieob. uspraw.,5
4TM5,2026-02-13,nieob. uspraw.,37
4TM5,2026-02-16,nieob. uspraw.,5
4TM5,2026-02-18,nieob. uspraw.,22
4TM5,2026-02-19,nieobecność,9
4TM5,2026-02-23,nieob. uspraw.,43
4TM5,2026-02-26,nieobecność,17
4TM5,2026-03-02,nieobecność,5
4TM5,2026-03-06,nieobecność,8
4TM5,2026-03-09,nieobecność,23
4TM5,2026-03-12,nieobecność,10
4TM5,2026-03-13,nieob. uspraw.,26
4TM5,2026-03-16,nieob. uspraw.,18
4TM5,2026-03-20,nieob. uspraw.,105
4TM5,2026-03-31,nieob. uspraw.,14
4TM5,2026-04-15,nieob. uspraw.,52
4TM5,2026-04-17,nieob. uspraw.,35
4TM5,2026-05-06,nieob. uspraw.,77
4TM5,2026-05-08,nieob. uspraw.,32
4TM5,2026-05-11,nieob. uspraw.,14
4TM5,2026-05-13,nieob. uspraw.,24
4TM5,2026-05-14,nieob. uspraw.,19
4TM5,2026-05-20,nieob. uspraw.,37
4TM5,2026-05-22,nieob. uspraw.,32
4TM5,2026-05-26,nieob. uspraw.,24
4TM5,2026-06-01,nieob. uspraw.,8
4TM5,2026-06-15,nieob. uspraw.,14
4TM5,2026-06-16,nieob. uspraw.,7
4TM5,2026-06-17,nieob. uspraw.,16
4TM5,2026-06-18,nieob. uspraw.,7
4TM5,2026-06-19,nieob. uspraw.,12
4TM5,2026-06-22,nieob. uspraw.,7
4TM5,2026-06-23,nieob. uspraw.,7
4TM5,2026-06-24,nieob. uspraw.,8
4TM5,2026-06-25,nieob. uspraw.,6
4TM5,2025-09-29,spóźn. uspr.,2
4TM5,2025-09-29,nieob. uspraw.,22
4TM5,2025-09-30,spóźn. uspr.,4
4TM5,2025-10-01,spóźn. uspr.,2
4TM5,2025-10-02,nieob. uspraw.,19
4TM5,2025-10-06,spóźn. uspr.,2
4TM5,2025-10-07,spóźn. uspr.,3
4TM5,2025-10-09,spóźn. uspr.,2
4TM5,2025-10-09,nieob. uspraw.,2
4TM5,2025-10-13,spóźn. uspr.,6
4TM5,2025-10-15,nieob. uspr. p.s.,56
4TM5,2025-10-16,nieob. uspraw.,13
4TM5,2025-10-20,nieob. uspraw.,17
4TM5,2025-10-21,spóźn. uspr.,4
4TM5,2025-10-22,nieob. uspraw.,29
4TM5,2025-10-23,nieob. uspraw.,17
4TM5,2025-10-23,spóźn. uspr.,3
4TM5,2025-10-24,nieob. uspraw.,8
4TM5,2025-11-13,nieobecność,9
4TM5,2025-11-17,nieobecność,8
4TM5,2025-11-19,nieob. uspraw.,16
4TM5,2025-11-20,nieob. uspr. p.s.,6
4TM5,2025-11-21,nieob. uspr. p.s.,8
4TM5,2025-11-28,nieobecność,27
4TM5,2025-12-09,nieobecność,5
4TM5,2025-12-17,nieobecność,17
4TM5,2026-02-06,nieobecność,35
4TM5,2026-02-12,nieobecność,6
4TM5,2026-02-16,nieobecność,10
4TM5,2026-03-16,nieobecność,7
4TM5,2026-04-20,nieobecność,17
4TM5,2026-04-22,obecność,77
4TM5,2026-04-29,nieobecność,28
4TM5,2026-04-30,nieobecność,10
4TM5,2026-05-08,nieobecność,11
4TM5,2026-05-20,nieobecność,22
4TM5,2026-05-28,nieobecność,16
4TM5,2026-06-03,nieobecność,64
4TM5,2025-09-30,nieob. uspraw.,27
4TM5,2025-10-01,nieob. uspraw.,49
4TM5,2025-10-06,nieobecność,17
4TM5,2025-10-08,nieob. uspraw.,40
4TM5,2025-10-29,nieobecność,17
4TM5,2025-11-12,nieobecność,9
4TM5,2025-11-26,nieobecność,29
4TM5,2026-01-12,nieob. uspraw.,10
4TM5,2026-02-09,nieobecność,7
4TM5,2026-02-27,nieobecność,15
4TM5,2026-04-13,nieob. uspraw.,14
4TM5,2026-04-14,nieob. uspraw.,16
4TM5,2026-04-16,nieob. uspraw.,15
4TM5,2026-04-20,nieob. uspraw.,14
4TM5,2026-04-21,nieob. uspraw.,22
4TM5,2026-04-23,spóźnienie,6
4TM5,2026-05-20,spóźnienie,1
4TM5,2026-05-27,nieobecność,28
4TM5,2025-10-22,nieobecność,51
4TM5,2025-11-04,nieob. uspraw.,1
4TM5,2025-11-06,nieob. uspraw.,4
4TM5,2026-01-08,nieob. uspraw.,9
4TM5,2026-02-11,nieobecność,35
4TM5,2026-03-06,nieob. uspraw.,25
4TM5,2026-03-19,nieob. uspraw.,20
4TM5,2026-03-23,nieob. uspraw.,11
4TM5,2026-04-10,nieob. uspraw.,17
4TM5,2026-04-28,nieob. uspraw.,23
4TM5,2026-05-07,nieob. uspraw.,17
4TM5,2026-05-12,nieob. uspr. p.s.,4
4TM5,2026-06-15,obecność,7
4TM5,2025-11-12,nieob. uspr. p.s.,16
4TM5,2025-11-13,nieob. uspr. p.s.,12
4TM5,2025-11-14,nieob. uspr. p.s.,16
4TM5,2025-12-08,nieob. uspraw.,29
4TM5,2026-01-09,obecność,20
4TM5,2026-02-17,nieob. uspraw.,3
4TM5,2026-02-20,nieob. uspraw.,22
4TM5,2026-03-02,nieob. uspraw.,10
4TM5,2026-03-03,nieob. uspraw.,15
4TM5,2026-03-12,nieob. uspraw.,21
4TM5,2026-03-30,nieob. uspraw.,4
4TM5,2026-04-08,nieob. uspraw.,14
4TM5,2026-04-24,obecność,50
4TM5,2026-04-27,nieob. uspraw.,21
4TM5,2026-05-12,nieob. uspraw.,13
4TM5,2026-05-15,nieob. uspraw.,16
4TM5,2026-05-25,nieob. uspraw.,28
4TM5,2026-05-28,nieob. uspraw.,2
4TM5,2026-05-29,nieob. uspraw.,1
4TM5,2026-06-08,nieob. uspraw.,9
4TM5,2026-06-09,nieob. uspraw.,2
4TM5,2026-06-11,nieob. uspraw.,1
4TM5,2026-06-16,obecność,21
4TM5,2025-10-15,nieobecność,32
4TM5,2025-10-23,spóźnienie,8
4TM5,2025-10-28,nieob. uspraw.,10
4TM5,2025-10-29,nieob. uspraw.,17
4TM5,2025-10-30,nieob. uspraw.,6
4TM5,2025-11-03,nieob. uspraw.,16
4TM5,2025-12-05,spóźnienie,2
4TM5,2026-02-24,nieob. uspr. p.s.,7
4TM5,2026-03-24,nieob. uspr. p.s.,2
4TM5,2026-04-09,nieob. uspraw.,17
4TM5,2026-04-20,nieob. uspr. p.s.,5
4TM5,2026-05-19,nieob. uspraw.,16
4TM5,2026-05-27,nieob. uspraw.,35
4TM5,2026-06-22,obecność,6
4TM5,2025-10-21,nieob. uspraw.,5
4TM5,2025-11-20,spóźnienie,2
4TM5,2025-11-27,nieobecność,17
4TM5,2026-01-07,spóźn. uspr.,1
4TM5,2026-01-12,spóźn. uspr.,3
4TM5,2026-02-05,spóźn. uspr.,1
4TM5,2026-02-06,spóźn. uspr.,1
4TM5,2026-02-10,spóźn. uspr.,1
4TM5,2026-02-10,nieob. uspraw.,10
4TM5,2026-02-19,nieob. uspraw.,6
4TM5,2026-02-27,nieob. uspraw.,7
4TM5,2026-03-03,spóźn. uspr.,1
4TM5,2026-03-06,spóźn. uspr.,1
4TM5,2026-03-09,nieob. uspraw.,9
4TM5,2026-03-10,nieob. uspraw.,15
4TM5,2026-03-12,spóźn. uspr.,1
4TM5,2026-03-16,spóźn. uspr.,1
4TM5,2026-03-27,nieob. uspraw.,3
4TM5,2026-03-31,spóźn. uspr.,2
4TM5,2026-04-13,spóźn. uspr.,1
4TM5,2026-04-14,spóźn. uspr.,1
4TM5,2026-04-17,obecność,4
4TM5,2026-05-15,spóźnienie,1
4TM5,2025-12-10,nieob. uspraw.,32
4TM5,2026-04-10,spóźnienie,3
4TM5,2026-04-21,spóźnienie,5
4TM5,2026-05-12,spóźn. uspr.,3
4TM5,2026-06-10,nieob. uspraw.,8
4TM5,2025-10-14,spóźnienie,1
4TM5,2025-11-27,nieob. uspraw.,4
4TM5,2025-12-01,nieobecność,10
4TM5,2025-12-18,spóźnienie,2
4TM5,2026-02-03,spóźnienie,4
4TM5,2026-04-10,nieobecność,2
4TM5,2026-04-16,spóźnienie,3
4TM5,2026-04-24,spóźnienie,2
4TM5,2026-06-24,obecność,23
4TM5,2025-12-03,nieobecność,20
4TM5,2025-12-05,nieobecność,11
4TM5,2025-12-17,nieob. uspr. p.s.,46
4TM5,2026-01-14,obecność,10
4TM5,2026-02-25,nieobecność,7
4TM5,2026-03-04,nieobecność,6
4TM5,2026-03-05,nieob. uspraw.,9
4TM5,2026-03-16,nieob. uspr. p.s.,5
4TM5,2026-03-18,nieobecność,1
4TM5,2026-04-08,nieobecność,15
4TM5,2026-05-13,nieobecność,9
4TM5,2026-05-18,nieob. uspraw.,12
4TM5,2026-05-18,nieobecność,12
4TM5,2025-12-04,nieobecność,6
4TM5,2026-02-24,nieob. uspraw.,21
4TM5,2026-02-25,nieob. uspraw.,21
4TM5,2026-02-26,nieob. uspraw.,15
4TM5,2026-03-04,nieob. uspraw.,7
4TM5,2026-03-18,nieob. uspraw.,28
4TM5,2026-03-24,spóźn. uspr.,1
4TM5,2026-03-24,nieob. uspraw.,11
4TM5,2026-03-25,nieob. uspraw.,7
4TM5,2026-03-26,nieob. uspraw.,7
4TM5,2026-04-01,nieob. uspraw.,7
4TM5,2026-06-02,nieob. uspraw.,6
4TM5,2026-06-03,nieob. uspraw.,8
4TM5,2026-06-19,obecność,5
4TM5,2025-10-08,nieobecność,20
4TM5,2025-10-29,spóźnienie,1
4TM5,2025-11-12,zwolniony,2
4TM5,2025-12-03,nieob. uspraw.,13
4TM5,2025-12-12,nieob. uspraw.,1
4TM5,2025-12-15,nieobecność,1
4TM5,2026-02-11,nieob. uspraw.,2
4TM5,2026-03-17,nieob. uspraw.,1
4TM5,2026-05-07,spóźnienie,3
4TM5,2026-05-14,spóźnienie,1
4TM5,2025-09-30,nieob. uspr. p.s.,3
4TM5,2025-10-07,nieob. uspr. p.s.,4
4TM5,2025-10-22,nieob. uspr. p.s.,8
4TM5,2026-02-26,nieob. uspr. p.s.,7
4TM5,2026-03-05,nieob. uspr. p.s.,2
4TM5,2026-03-20,nieob. uspr. p.s.,7
4TM5,2026-04-29,nieob. uspraw.,22
4TM5,2026-06-18,obecność,4
4TM5,2025-09-30,nieobecność,13
4TM5,2025-10-01,nieobecność,14
4TM5,2025-10-20,spóźnienie,1
4TM5,2025-11-07,nieob. uspraw.,3
4TM5,2025-12-16,spóźnienie,1
4TM5,2026-01-15,spóźnienie,1
4TM5,2026-02-17,spóźnienie,1
4TM5,2026-03-11,nieob. uspraw.,7
4TM5,2026-04-30,nieob. uspraw.,10
4TM5,2025-10-16,spóźn. uspr.,1
4TM5,2025-10-27,spóźn. uspr.,1
4TM5,2025-10-27,nieob. uspraw.,1
4TM5,2025-11-25,nieob. uspraw.,6
4TM5,2026-03-24,spóźnienie,1
4TM5,2026-05-11,nieobecność,10
4TM5,2025-11-24,nieob. uspraw.,16
4TM5,2026-02-10,spóźnienie,1
4TM5,2026-03-10,nieob. uspr. p.s.,6
4TM5,2026-03-31,nieob. uspr. p.s.,7
4TM5,2026-04-01,nieob. uspr. p.s.,7
4TM5,2025-12-12,spóźnienie,1
4TM5,2026-01-07,spóźnienie,1
4TM5,2026-02-26,spóźnienie,1
4TM5,2026-03-05,spóźnienie,1
4TM5,2026-03-16,spóźnienie,1
4TM5,2026-03-25,nieobecność,7
4TM5,2026-04-13,nieobecność,4
4TR5,2025-09-29,obecność,77
4TR5,2025-09-30,spóźn. uspr.,1
4TR5,2025-09-30,obecność,59
4TR5,2025-10-01,obecność,73
4TR5,2025-10-01,nieob. uspraw.,22
4TR5,2025-10-02,nieob. uspraw.,36
4TR5,2025-10-03,obecność,53
4TR5,2025-10-06,obecność,90
4TR5,2025-10-07,obecność,92
4TR5,2025-10-08,obecność,110
4TR5,2025-10-09,obecność,117
4TR5,2025-10-10,nieob. uspraw.,18
4TR5,2025-10-13,obecność,87
4TR5,2025-10-14,obecność,81
4TR5,2025-10-15,nieob. uspraw.,18
4TR5,2025-10-16,obecność,12
4TR5,2025-10-16,nieob. uspraw.,81
4TR5,2025-10-20,obecność,62
4TR5,2025-10-21,obecność,69
4TR5,2025-10-22,nieob. uspraw.,23
4TR5,2025-10-23,obecność,105
4TR5,2025-10-24,obecność,58
4TR5,2025-10-24,nieob. uspr. p.s.,38
4TR5,2025-10-27,obecność,86
4TR5,2025-10-28,obecność,65
4TR5,2025-10-29,obecność,89
4TR5,2025-10-29,nieob. uspr. p.s.,4
4TR5,2025-10-29,nieob. uspraw.,2
4TR5,2025-10-30,obecność,76
4TR5,2025-10-30,nieob. uspraw.,34
4TR5,2025-11-03,obecność,89
4TR5,2025-11-04,obecność,84
4TR5,2025-11-05,nieob. uspraw.,9
4TR5,2025-11-05,nieob. uspr. p.s.,7
4TR5,2025-11-05,obecność,76
4TR5,2025-11-06,nieob. uspraw.,21
4TR5,2025-11-07,nieob. uspraw.,23
4TR5,2025-11-12,nieob. uspraw.,37
4TR5,2025-11-13,obecność,24
4TR5,2025-11-14,nieob. uspraw.,30
4TR5,2025-11-14,obecność,31
4TR5,2025-11-17,obecność,79
4TR5,2025-11-18,obecność,78
4TR5,2025-11-18,nieob. uspraw.,4
4TR5,2025-11-19,obecność,86
4TR5,2025-11-20,obecność,95
4TR5,2025-11-20,nieob. uspraw.,23
4TR5,2025-11-21,obecność,88
4TR5,2025-11-24,obecność,62
4TR5,2025-11-25,obecność,68
4TR5,2025-11-26,obecność,83
4TR5,2025-11-27,obecność,83
4TR5,2025-11-28,obecność,64
4TR5,2025-11-28,spóźn. uspr.,1
4TR5,2025-12-01,obecność,90
4TR5,2025-12-01,nieob. uspraw.,1
4TR5,2025-12-02,obecność,67
4TR5,2025-12-03,obecność,94
4TR5,2025-12-03,nieob. uspraw.,13
4TR5,2025-12-04,nieob. uspraw.,28
4TR5,2025-12-04,nieob. uspr. p.s.,12
4TR5,2025-12-04,obecność,77
4TR5,2025-12-05,obecność,83
4TR5,2025-12-05,nieob. uspraw.,3
4TR5,2025-12-08,obecność,83
4TR5,2025-12-09,obecność,71
4TR5,2025-12-10,obecność,112
4TR5,2025-12-11,obecność,76
4TR5,2025-12-11,spóźn. uspr.,2
4TR5,2025-12-11,nieob. uspraw.,23
4TR5,2025-12-12,obecność,91
4TR5,2025-12-15,obecność,90
4TR5,2025-12-15,nieob. uspraw.,9
4TR5,2025-12-16,obecność,87
4TR5,2025-12-17,obecność,83
4TR5,2025-12-17,nieob. uspraw.,15
4TR5,2025-12-18,nieob. uspraw.,36
4TR5,2025-12-19,obecność,98
4TR5,2026-01-07,obecność,55
4TR5,2026-01-07,spóźn. uspr.,4
4TR5,2026-01-08,obecność,83
4TR5,2026-01-08,nieob. uspraw.,15
4TR5,2026-01-09,obecność,44
4TR5,2026-01-09,nieob. uspraw.,6
4TR5,2026-01-12,nieob. uspraw.,18
4TR5,2026-01-13,obecność,98
4TR5,2026-01-14,nieob. uspraw.,10
4TR5,2026-01-15,nieob. uspraw.,44
4TR5,2026-01-16,nieob. uspraw.,27
4TR5,2026-02-02,nieob. uspraw.,42
4TR5,2026-02-03,obecność,53
4TR5,2026-02-03,nieob. uspraw.,31
4TR5,2026-02-04,obecność,71
4TR5,2026-02-05,obecność,81
4TR5,2026-02-05,nieob. uspraw.,40
4TR5,2026-02-06,obecność,58
4TR5,2026-02-06,spóźn. uspr.,1
4TR5,2026-02-06,nieob. uspraw.,26
4TR5,2026-02-09,nieob. uspraw.,7
4TR5,2026-02-10,obecność,46
4TR5,2026-02-10,nieob. uspraw.,2
4TR5,2026-02-11,obecność,77
4TR5,2026-02-11,spóźn. uspr.,1
4TR5,2026-02-12,nieob. uspraw.,18
4TR5,2026-02-13,obecność,52
4TR5,2026-02-13,nieob. uspraw.,22
4TR5,2026-02-16,obecność,66
4TR5,2026-02-17,nieob. uspraw.,17
4TR5,2026-02-18,obecność,77
4TR5,2026-02-19,obecność,77
4TR5,2026-02-20,obecność,63
4TR5,2026-02-23,obecność,71
4TR5,2026-02-24,obecność,59
4TR5,2026-02-25,obecność,80
4TR5,2026-02-26,obecność,99
4TR5,2026-02-27,obecność,67
4TR5,2026-03-02,nieob. uspraw.,14
4TR5,2026-03-03,obecność,64
4TR5,2026-03-03,spóźn. uspr.,7
4TR5,2026-03-04,obecność,63
4TR5,2026-03-04,spóźn. uspr.,3
4TR5,2026-03-04,nieob. uspraw.,5
4TR5,2026-03-05,nieob. uspraw.,99
4TR5,2026-03-06,obecność,75
4TR5,2026-03-06,nieob. uspraw.,14
4TR5,2026-03-09,obecność,66
4TR5,2026-03-10,obecność,79
4TR5,2026-03-11,obecność,71
4TR5,2026-03-12,nieob. uspraw.,17
4TR5,2026-03-12,nieob. uspr. p.s.,52
4TR5,2026-03-13,obecność,78
4TR5,2026-03-16,nieob. uspr. p.s.,8
4TR5,2026-03-16,obecność,33
4TR5,2026-03-17,nieob. uspraw.,30
4TR5,2026-03-17,obecność,58
4TR5,2026-03-18,nieob. uspraw.,10
4TR5,2026-03-18,nieob. uspr. p.s.,9
4TR5,2026-03-19,nieob. uspr. p.s.,6
4TR5,2026-03-19,obecność,114
4TR5,2026-03-20,nieob. uspraw.,65
4TR5,2026-03-23,nieob. uspraw.,14
4TR5,2026-03-24,obecność,73
4TR5,2026-03-25,obecność,48
4TR5,2026-03-25,nieob. uspraw.,4
4TR5,2026-03-26,spóźn. uspr.,1
4TR5,2026-03-26,obecność,67
4TR5,2026-03-26,nieob. uspr. p.s.,27
4TR5,2026-03-27,obecność,57
4TR5,2026-03-27,nieob. uspraw.,2
4TR5,2026-03-30,obecność,66
4TR5,2026-03-31,nieob. uspraw.,11
4TR5,2026-04-01,obecność,70
4TR5,2026-04-01,nieob. uspraw.,16
4TR5,2026-04-08,obecność,82
4TR5,2026-04-09,obecność,106
4TR5,2026-04-10,obecność,24
4TR5,2026-04-10,spóźn. uspr.,1
4TR5,2026-04-13,obecność,82
4TR5,2026-04-14,obecność,62
4TR5,2026-04-14,spóźn. uspr.,1
4TR5,2026-04-15,obecność,87
4TR5,2026-04-16,nieob. uspraw.,27
4TR5,2026-04-17,nieob. uspraw.,24
4TR5,2026-04-17,obecność,62
4TR5,2026-04-17,nieob. uspr. p.s.,5
4TR5,2026-04-20,nieob. uspraw.,15
4TR5,2026-04-21,nieob. uspraw.,18
4TR5,2026-04-22,nieob. uspraw.,25
4TR5,2026-04-23,nieob. uspraw.,72
4TR5,2026-04-24,nieob. uspraw.,52
4TR5,2026-04-27,nieob. uspr. p.s.,21
4TR5,2026-04-28,nieob. uspr. p.s.,21
4TR5,2026-04-29,nieob. uspr. p.s.,23
4TR5,2026-04-30,nieob. uspr. p.s.,19
4TR5,2026-04-30,nieob. uspraw.,44
4TR5,2026-05-06,nieob. uspr. p.s.,23
4TR5,2026-05-07,nieob. uspr. p.s.,27
4TR5,2026-05-08,nieob. uspraw.,15
4TR5,2026-05-08,nieob. uspr. p.s.,14
4TR5,2026-05-11,nieob. uspraw.,19
4TR5,2026-05-11,obecność,63
4TR5,2026-05-12,nieob. uspraw.,14
4TR5,2026-05-13,nieob. uspraw.,4
4TR5,2026-05-14,nieob. uspraw.,48
4TR5,2026-05-15,nieob. uspraw.,15
4TR5,2026-05-18,obecność,66
4TR5,2026-05-19,obecność,74
4TR5,2026-05-19,nieob. uspraw.,3
4TR5,2026-05-20,nieob. uspraw.,28
4TR5,2026-05-21,nieob. uspraw.,27
4TR5,2026-05-22,nieob. uspraw.,41
4TR5,2026-05-22,spóźn. uspr.,3
4TR5,2026-05-25,obecność,69
4TR5,2026-05-25,spóźn. uspr.,2
4TR5,2026-05-26,obecność,78
4TR5,2026-05-26,spóźn. uspr.,2
4TR5,2026-05-27,spóźn. uspr.,2
4TR5,2026-05-27,obecność,76
4TR5,2026-05-28,spóźn. uspr.,1
4TR5,2026-05-28,obecność,64
4TR5,2026-05-28,nieob. uspraw.,42
4TR5,2026-05-29,nieob. uspraw.,25
4TR5,2026-06-01,obecność,64
4TR5,2026-06-02,obecność,83
4TR5,2026-06-02,nieob. uspraw.,5
4TR5,2026-06-03,nieob. uspraw.,23
4TR5,2026-06-08,obecność,49
4TR5,2026-06-08,spóźn. uspr.,1
4TR5,2026-06-08,nieobecność,4
4TR5,2026-06-09,nieobecność,7
4TR5,2026-06-09,obecność,53
4TR5,2026-06-10,nieob. uspraw.,14
4TR5,2026-06-11,nieob. uspraw.,81
4TR5,2026-06-12,nieob. uspraw.,46
4TR5,2026-06-12,obecność,28
4TR5,2026-06-15,nieob. uspraw.,66
4TR5,2026-06-16,nieob. uspraw.,66
4TR5,2026-06-17,nieob. uspraw.,56
4TR5,2026-06-18,nieob. uspraw.,65
4TR5,2026-06-19,nieob. uspraw.,29
4TR5,2026-06-19,obecność,8
4TR5,2026-06-22,nieobecność,77
4TR5,2026-06-23,nieobecność,91
4TR5,2026-06-24,nieobecność,83
4TR5,2026-06-25,nieobecność,108
4TR5,2026-06-26,obecność,91
4TR5,2025-10-02,obecność,78
4TR5,2025-10-10,obecność,63
4TR5,2025-10-10,nieobecność,15
4TR5,2025-10-15,obecność,89
4TR5,2025-10-16,nieobecność,33
4TR5,2025-10-21,nieob. uspraw.,25
4TR5,2025-10-22,obecność,65
4TR5,2025-10-23,spóźnienie,1
4TR5,2025-10-24,spóźnienie,1
4TR5,2025-10-27,nieobecność,5
4TR5,2025-10-28,nieob. uspraw.,21
4TR5,2025-11-06,obecność,85
4TR5,2025-11-07,nieob. uspr. p.s.,2
4TR5,2025-11-07,nieobecność,22
4TR5,2025-11-13,nieob. uspraw.,30
4TR5,2025-11-17,nieob. uspraw.,9
4TR5,2025-11-18,nieobecność,16
4TR5,2025-11-19,nieobecność,14
4TR5,2025-11-24,nieob. uspraw.,29
4TR5,2025-11-27,nieob. uspraw.,18
4TR5,2025-11-28,nieobecność,33
4TR5,2025-12-01,nieobecność,3
4TR5,2025-12-02,nieob. uspraw.,14
4TR5,2025-12-05,nieobecność,12
4TR5,2025-12-15,spóźnienie,1
4TR5,2025-12-15,nieobecność,12
4TR5,2025-12-16,nieobecność,8
4TR5,2025-12-18,obecność,66
4TR5,2025-12-18,nieobecność,20
4TR5,2026-01-08,nieobecność,28
4TR5,2026-01-12,obecność,52
4TR5,2026-01-14,obecność,49
4TR5,2026-02-02,obecność,49
4TR5,2026-02-09,obecność,83
4TR5,2026-02-12,obecność,101
4TR5,2026-02-13,nieobecność,21
4TR5,2026-02-17,obecność,70
4TR5,2026-02-20,nieob. uspraw.,23
4TR5,2026-03-02,obecność,78
4TR5,2026-03-05,nieobecność,27
4TR5,2026-03-12,spóźnienie,6
4TR5,2026-03-12,obecność,49
4TR5,2026-03-13,nieobecność,10
4TR5,2026-03-18,obecność,77
4TR5,2026-03-20,obecność,9
4TR5,2026-03-20,nieobecność,10
4TR5,2026-03-23,obecność,75
4TR5,2026-03-25,spóźnienie,1
4TR5,2026-03-25,nieobecność,22
4TR5,2026-03-31,obecność,85
4TR5,2026-04-13,nieobecność,1
4TR5,2026-04-14,spóźnienie,2
4TR5,2026-04-16,obecność,93
4TR5,2026-04-17,nieobecność,3
4TR5,2026-04-20,obecność,61
4TR5,2026-04-20,nieobecność,9
4TR5,2026-04-21,obecność,56
4TR5,2026-04-21,spóźnienie,12
4TR5,2026-04-21,nieobecność,2
4TR5,2026-04-22,obecność,60
4TR5,2026-04-22,nieobecność,6
4TR5,2026-04-22,spóźnienie,6
4TR5,2026-04-23,spóźnienie,4
4TR5,2026-04-24,obecność,41
4TR5,2026-04-24,nieobecność,15
4TR5,2026-04-27,obecność,64
4TR5,2026-04-28,spóźnienie,1
4TR5,2026-04-28,obecność,68
4TR5,2026-04-29,obecność,58
4TR5,2026-04-30,spóźnienie,1
4TR5,2026-04-30,obecność,62
4TR5,2026-05-06,nieob. uspraw.,43
4TR5,2026-05-07,obecność,86
4TR5,2026-05-07,nieobecność,3
4TR5,2026-05-08,nieobecność,18
4TR5,2026-05-08,obecność,37
4TR5,2026-05-12,nieobecność,3
4TR5,2026-05-12,obecność,25
4TR5,2026-05-13,nieobecność,2
4TR5,2026-05-13,obecność,48
4TR5,2026-05-14,obecność,64
4TR5,2026-05-15,obecność,46
4TR5,2026-05-19,spóźnienie,8
4TR5,2026-05-19,nieobecność,12
4TR5,2026-05-20,obecność,50
4TR5,2026-05-20,nieobecność,5
4TR5,2026-05-21,nieobecność,18
4TR5,2026-05-22,obecność,31
4TR5,2026-05-26,nieobecność,2
4TR5,2026-05-26,spóźnienie,8
4TR5,2026-05-27,spóźnienie,4
4TR5,2026-05-28,spóźnienie,3
4TR5,2026-05-29,obecność,33
4TR5,2026-05-29,nieobecność,16
4TR5,2026-06-01,spóźnienie,6
4TR5,2026-06-01,nieobecność,9
4TR5,2026-06-02,nieobecność,24
4TR5,2026-06-03,spóźnienie,6
4TR5,2026-06-03,obecność,48
4TR5,2026-06-03,nieobecność,16
4TR5,2026-06-10,obecność,32
4TR5,2026-06-10,nieobecność,17
4TR5,2026-06-12,nieobecność,24
4TR5,2025-09-29,nieobecność,7
4TR5,2025-09-30,nieobecność,1
4TR5,2025-09-30,spóźnienie,4
4TR5,2025-10-01,spóźnienie,2
4TR5,2025-10-02,nieobecność,12
4TR5,2025-10-03,nieobecność,16
4TR5,2025-10-13,nieobecność,2
4TR5,2025-10-14,spóźnienie,8
4TR5,2025-10-20,spóźnienie,1
4TR5,2025-10-22,spóźnienie,2
4TR5,2025-10-22,nieobecność,3
4TR5,2025-10-27,nieob. uspraw.,7
4TR5,2025-10-28,nieobecność,6
4TR5,2025-10-28,spóźnienie,5
4TR5,2025-10-29,nieobecność,3
4TR5,2025-10-30,spóźnienie,1
4TR5,2025-10-30,nieobecność,15
4TR5,2025-11-03,spóźnienie,2
4TR5,2025-11-05,spóźnienie,3
4TR5,2025-11-06,nieobecność,4
4TR5,2025-11-07,obecność,52
4TR5,2025-11-07,spóźnienie,7
4TR5,2025-11-12,nieob. uspr. p.s.,56
4TR5,2025-11-13,nieob. uspr. p.s.,72
4TR5,2025-11-14,nieob. uspr. p.s.,47
4TR5,2025-11-17,nieobecność,10
4TR5,2025-11-21,spóźnienie,3
4TR5,2025-11-21,nieobecność,9
4TR5,2025-11-25,spóźnienie,11
4TR5,2025-11-25,nieobecność,5
4TR5,2025-11-26,nieobecność,18
4TR5,2025-11-26,spóźnienie,1
4TR5,2025-11-27,nieobecność,18
4TR5,2025-11-27,spóźnienie,7
4TR5,2025-12-01,spóźnienie,3
4TR5,2025-12-02,spóźnienie,16
4TR5,2025-12-03,nieobecność,3
4TR5,2025-12-03,spóźnienie,2
4TR5,2025-12-04,nieobecność,3
4TR5,2025-12-04,spóźnienie,6
4TR5,2025-12-09,nieob. uspr. p.s.,6
4TR5,2025-12-11,nieobecność,15
4TR5,2025-12-11,spóźnienie,10
4TR5,2025-12-12,nieob. uspraw.,10
4TR5,2025-12-12,nieob. uspr. p.s.,1
4TR5,2025-12-16,nieob. uspraw.,11
4TR5,2026-01-07,spóźnienie,9
4TR5,2026-01-09,nieobecność,16
4TR5,2026-01-12,nieobecność,13
4TR5,2026-01-13,nieobecność,1
4TR5,2026-01-13,spóźnienie,2
4TR5,2026-01-14,spóźnienie,2
4TR5,2026-01-14,nieobecność,9
4TR5,2026-01-15,spóźnienie,3
4TR5,2026-01-15,nieobecność,54
4TR5,2026-01-15,obecność,25
4TR5,2026-01-16,nieobecność,49
4TR5,2026-02-04,nieob. uspraw.,27
4TR5,2026-02-05,spóźnienie,4
4TR5,2026-02-06,nieobecność,13
4TR5,2026-02-06,spóźnienie,9
4TR5,2026-02-09,spóźnienie,7
4TR5,2026-02-10,nieob. uspr. p.s.,18
4TR5,2026-02-10,nieobecność,32
4TR5,2026-02-18,spóźnienie,1
4TR5,2026-02-23,spóźnienie,1
4TR5,2026-02-24,spóźnienie,3
4TR5,2026-02-25,spóźnienie,1
4TR5,2026-02-25,nieobecność,9
4TR5,2026-02-27,nieob. uspraw.,15
4TR5,2026-03-03,nieob. uspraw.,14
4TR5,2026-03-04,nieobecność,9
4TR5,2026-03-06,spóźnienie,6
4TR5,2026-03-10,spóźnienie,4
4TR5,2026-03-11,nieob. uspr. p.s.,7
4TR5,2026-03-16,nieobecność,7
4TR5,2026-03-16,spóźnienie,2
4TR5,2026-03-17,nieobecność,10
4TR5,2026-03-18,nieobecność,1
4TR5,2026-03-18,spóźnienie,1
4TR5,2026-03-19,spóźnienie,5
4TR5,2026-03-23,spóźnienie,6
4TR5,2026-03-24,nieobecność,11
4TR5,2026-03-24,spóźnienie,5
4TR5,2026-03-25,nieob. uspr. p.s.,9
4TR5,2026-03-31,nieobecność,1
4TR5,2026-03-31,nieob. uspr. p.s.,1
4TR5,2026-04-01,spóźnienie,4
4TR5,2026-04-09,nieobecność,1
4TR5,2026-04-10,nieob. uspraw.,51
4TR5,2026-04-15,spóźnienie,5
4TR5,2026-04-16,spóźnienie,5
4TR5,2026-04-20,spóźnienie,6
4TR5,2026-04-21,nieob. uspr. p.s.,8
4TR5,2026-04-27,nieobecność,5
4TR5,2026-04-29,nieob. uspraw.,16
4TR5,2026-05-06,nieobecność,5
4TR5,2026-05-06,spóźnienie,8
4TR5,2026-05-06,obecność,29
4TR5,2026-05-07,spóźnienie,10
4TR5,2026-05-15,nieobecność,2
4TR5,2026-05-15,spóźnienie,5
4TR5,2026-05-15,nieob. uspr. p.s.,2
4TR5,2026-05-18,nieob. uspr. p.s.,1
4TR5,2026-05-21,nieob. uspr. p.s.,81
4TR5,2026-05-25,spóźnienie,4
4TR5,2026-05-27,nieob. uspr. p.s.,10
4TR5,2026-05-28,nieob. uspr. p.s.,8
4TR5,2026-05-29,spóźnienie,9
4TR5,2026-06-09,spóźnienie,2
4TR5,2026-06-10,spóźnienie,8
4TR5,2026-06-15,spóźnienie,4
4TR5,2026-06-15,obecność,14
4TR5,2026-06-15,nieobecność,13
4TR5,2026-06-16,obecność,28
4TR5,2026-06-16,spóźnienie,1
4TR5,2026-06-16,nieobecność,3
4TR5,2026-06-17,nieobecność,29
4TR5,2026-06-17,obecność,9
4TR5,2026-06-19,nieobecność,61
4TR5,2025-09-30,nieob. uspraw.,18
4TR5,2025-10-08,nieob. uspraw.,1
4TR5,2025-10-09,nieob. uspraw.,1
4TR5,2025-10-14,nieob. uspraw.,6
4TR5,2025-10-14,spóźn. uspr.,2
4TR5,2025-10-23,nieob. uspraw.,9
4TR5,2025-11-03,nieob. uspraw.,7
4TR5,2025-11-04,nieob. uspraw.,7
4TR5,2025-11-12,obecność,5
4TR5,2026-01-16,obecność,22
4TR5,2026-02-11,nieob. uspraw.,14
4TR5,2026-02-16,nieob. uspraw.,20
4TR5,2026-02-23,nieobecność,4
4TR5,2026-02-25,nieob. uspraw.,7
4TR5,2026-03-13,nieob. uspraw.,13
4TR5,2026-04-14,nieob. uspraw.,26
4TR5,2026-04-23,spóźn. uspr.,3
4TR5,2026-05-26,nieob. uspraw.,8
4TR5,2026-06-01,nieob. uspraw.,18
4TR5,2026-06-11,obecność,36
4TR5,2025-09-29,nieob. uspraw.,14
4TR5,2025-10-03,nieob. uspraw.,40
4TR5,2025-10-07,spóźnienie,4
4TR5,2025-10-07,nieobecność,1
4TR5,2025-10-08,nieobecność,1
4TR5,2025-10-21,spóźnienie,1
4TR5,2025-11-04,nieobecność,6
4TR5,2025-11-04,spóźnienie,1
4TR5,2025-11-24,nieobecność,7
4TR5,2025-11-28,spóźnienie,5
4TR5,2025-12-09,spóźnienie,5
4TR5,2026-01-07,nieobecność,9
4TR5,2026-01-12,spóźnienie,1
4TR5,2026-02-03,spóźnienie,4
4TR5,2026-02-16,spóźnienie,4
4TR5,2026-02-19,nieob. uspraw.,14
4TR5,2026-02-20,nieobecność,7
4TR5,2026-02-26,nieobecność,9
4TR5,2026-02-27,spóźnienie,11
4TR5,2026-03-04,spóźnienie,4
4TR5,2026-03-06,nieobecność,12
4TR5,2026-03-16,nieob. uspraw.,19
4TR5,2026-03-26,nieobecność,17
4TR5,2026-04-23,obecność,11
4TR5,2026-04-27,spóźnienie,1
4TR5,2026-05-13,spóźnienie,1
4TR5,2026-05-20,nieob. uspr. p.s.,15
4TR5,2026-06-09,nieob. uspraw.,8
4TR5,2026-06-26,nieob. uspraw.,7
4TR5,2025-10-06,nieob. uspraw.,7
4TR5,2025-10-15,nieobecność,5
4TR5,2025-10-20,nieob. uspraw.,35
4TR5,2025-10-21,spóźn. uspr.,2
4TR5,2025-10-24,nieobecność,5
4TR5,2025-11-05,nieobecność,3
4TR5,2025-11-25,nieob. uspraw.,13
4TR5,2025-12-09,nieobecność,1
4TR5,2026-01-07,nieob. uspraw.,21
4TR5,2026-01-13,nieob. uspraw.,7
4TR5,2026-02-02,nieobecność,7
4TR5,2026-02-03,nieobecność,8
4TR5,2026-02-16,nieobecność,8
4TR5,2026-02-17,nieobecność,8
4TR5,2026-02-19,nieobecność,7
4TR5,2026-02-24,nieobecność,7
4TR5,2026-03-02,spóźnienie,4
4TR5,2026-03-03,spóźnienie,13
4TR5,2026-03-11,nieobecność,6
4TR5,2026-03-13,nieob. uspr. p.s.,7
4TR5,2026-03-26,spóźnienie,5
4TR5,2026-03-30,nieobecność,6
4TR5,2026-04-01,nieobecność,7
4TR5,2026-04-10,nieobecność,4
4TR5,2026-04-17,spóźnienie,4
4TR5,2026-04-23,nieobecność,22
4TR5,2026-04-28,nieobecność,7
4TR5,2026-04-29,nieobecność,10
4TR5,2026-05-18,nieobecność,11
4TR5,2026-05-22,spóźnienie,4
4TR5,2026-05-25,nieobecność,2
4TR5,2026-05-27,nieobecność,1
4TR5,2026-05-28,nieobecność,8
4TR5,2026-06-10,spóźn. uspr.,9
4TR5,2026-06-23,obecność,8
4TR5,2025-10-13,nieob. uspraw.,9
4TR5,2025-10-14,nieobecność,1
4TR5,2025-10-23,nieobecność,10
4TR5,2025-11-19,nieob. uspraw.,12
4TR5,2026-02-11,spóźnienie,3
4TR5,2026-02-18,nieob. uspraw.,6
4TR5,2026-04-15,nieobecność,2
4TR5,2026-04-29,spóźnienie,1
4TR5,2026-05-25,nieob. uspraw.,7
4TR5,2026-06-18,obecność,56
4TR5,2026-06-22,nieob. uspraw.,21
4TR5,2026-06-23,nieob. uspraw.,13
4TR5,2025-10-07,spóźn. uspr.,1
4TR5,2025-11-07,spóźn. uspr.,2
4TR5,2026-01-09,spóźn. uspr.,2
4TR5,2026-02-24,nieob. uspraw.,28
4TR5,2026-03-02,spóźn. uspr.,2
4TR5,2026-03-06,spóźn. uspr.,1
4TR5,2026-03-10,spóźn. uspr.,1
4TR5,2026-03-12,spóźn. uspr.,2
4TR5,2026-04-13,nieob. uspraw.,14
4TR5,2026-04-15,spóźn. uspr.,2
4TR5,2026-04-16,spóźn. uspr.,1
4TR5,2026-06-11,nieobecność,9
4TR5,2026-06-18,nieobecność,5
4TR5,2025-11-06,nieob. uspr. p.s.,16
4TR5,2025-11-20,nieobecność,8
4TR5,2025-12-16,spóźnienie,2
4TR5,2026-01-09,spóźnienie,2
4TR5,2026-02-20,spóźnienie,1
4TR5,2026-02-23,nieob. uspraw.,16
4TR5,2026-02-26,nieob. uspr. p.s.,17
4TR5,2026-03-10,nieob. uspr. p.s.,1
4TR5,2026-03-23,nieobecność,2
4TR5,2026-03-24,nieob. uspraw.,9
4TR5,2026-03-27,spóźnienie,1
4TR5,2026-04-08,spóźnienie,1
4TR5,2026-04-09,nieob. uspr. p.s.,1
4TR5,2026-04-13,nieob. uspr. p.s.,1
4TR5,2026-04-14,nieob. uspr. p.s.,7
4TR5,2026-05-11,nieob. uspr. p.s.,2
4TR5,2026-05-19,nieob. uspr. p.s.,1
4TR5,2026-05-22,nieobecność,1
4TR5,2025-10-01,nieobecność,1
4TR5,2025-10-03,spóźnienie,1
4TR5,2025-12-08,nieob. uspraw.,15
4TR5,2026-02-17,spóźn. uspr.,1
4TR5,2026-02-23,spóźn. uspr.,1
4TR5,2026-02-24,spóźn. uspr.,1
4TR5,2026-02-25,spóźn. uspr.,1
4TR5,2026-02-26,nieob. uspraw.,1
4TR5,2026-03-09,nieob. uspraw.,18
4TR5,2026-03-16,spóźn. uspr.,1
4TR5,2026-03-23,spóźn. uspr.,1
4TR5,2026-03-26,nieob. uspraw.,9
4TR5,2026-03-30,nieob. uspr. p.s.,7
4TR5,2026-04-08,nieob. uspraw.,14
4TR5,2026-04-09,nieob. uspraw.,18
4TR5,2026-04-20,nieob. uspr. p.s.,6
4TR5,2026-04-22,spóźn. uspr.,1
4TR5,2026-04-28,nieob. uspraw.,1
4TR5,2026-05-27,nieob. uspraw.,1
4TR5,2026-06-03,spóźn. uspr.,1
4TR5,2026-06-08,nieob. uspraw.,15
4TR5,2025-09-30,nieob. uspr. p.s.,1
4TR5,2025-10-06,spóźnienie,1
4TR5,2025-10-09,nieob. uspr. p.s.,8
4TR5,2025-10-21,nieob. uspr. p.s.,1
4TR5,2025-10-22,nieob. uspr. p.s.,5
4TR5,2025-11-21,nieob. uspraw.,8
4TR5,2025-12-01,nieob. uspr. p.s.,1
4TR5,2025-12-12,nieobecność,4
4TR5,2025-12-18,nieob. uspr. p.s.,4
4TR5,2026-02-03,nieob. uspr. p.s.,2
4TR5,2026-02-06,nieob. uspr. p.s.,1
4TR5,2026-02-09,nieob. uspr. p.s.,1
4TR5,2026-02-11,nieobecność,3
4TR5,2026-02-12,nieobecność,3
4TR5,2026-02-12,nieob. uspr. p.s.,4
4TR5,2026-02-13,nieob. uspr. p.s.,3
4TR5,2026-02-17,spóźnienie,1
4TR5,2026-02-17,nieob. uspr. p.s.,1
4TR5,2026-02-23,nieob. uspr. p.s.,5
4TR5,2026-03-10,nieob. uspraw.,13
4TR5,2026-03-27,nieob. uspr. p.s.,2
4TR5,2026-03-27,nieobecność,4
4TR5,2026-04-08,nieobecność,1
4TR5,2026-06-08,spóźnienie,1
4TR5,2025-10-23,spóźn. uspr.,1
4TR5,2025-10-24,nieob. uspraw.,5
4TR5,2025-10-28,spóźn. uspr.,1
4TR5,2025-11-25,spóźn. uspr.,1
4TR5,2025-11-26,nieob. uspraw.,10
4TR5,2025-12-09,spóźn. uspr.,1
4TR5,2025-12-12,spóźn. uspr.,1
4TR5,2026-02-05,nieobecność,1
4TR5,2026-03-19,spóźn. uspr.,1
4TR5,2026-03-30,nieob. uspraw.,5
4TR5,2026-04-01,spóźn. uspr.,1
4TR5,2026-04-15,nieob. uspraw.,2
4TR5,2026-04-20,spóźn. uspr.,1
4TR5,2026-04-21,spóźn. uspr.,2
4TR5,2026-05-13,spóźn. uspr.,1
4TR5,2026-05-18,nieob. uspraw.,6
4TR5,2026-05-29,spóźn. uspr.,1
4TR5,2026-06-01,spóźn. uspr.,1
4TR5,2026-06-15,spóźn. uspr.,1
4TR5,2026-06-24,nieob. uspraw.,11
4TR5,2026-06-25,nieob. uspraw.,18
4TR5,2025-10-24,spóźn. uspr.,1
4TR5,2025-12-02,spóźn. uspr.,1
4TR5,2026-04-27,nieob. uspraw.,7
4TR5,2025-11-28,nieob. uspraw.,1
4TR5,2025-12-12,spóźnienie,1
4TR5,2026-02-27,nieobecność,1
4TW5,2025-09-29,obecność,119
4TW5,2025-09-30,obecność,119
4TW5,2025-10-01,obecność,143
4TW5,2025-10-02,obecność,148
4TW5,2025-10-03,spóźnienie,2
4TW5,2025-10-03,obecność,112
4TW5,2025-10-06,obecność,128
4TW5,2025-10-06,nieob. uspr. p.s.,7
4TW5,2025-10-06,nieobecność,8
4TW5,2025-10-07,obecność,107
4TW5,2025-10-08,obecność,105
4TW5,2025-10-09,spóźnienie,3
4TW5,2025-10-09,obecność,123
4TW5,2025-10-09,nieob. uspr. p.s.,1
4TW5,2025-10-10,obecność,68
4TW5,2025-10-10,nieob. uspr. p.s.,10
4TW5,2025-10-13,nieob. uspr. p.s.,24
4TW5,2025-10-13,obecność,126
4TW5,2025-10-14,nieob. uspraw.,33
4TW5,2025-10-15,nieob. uspr. p.s.,7
4TW5,2025-10-15,obecność,125
4TW5,2025-10-15,spóźnienie,10
4TW5,2025-10-16,nieob. uspr. p.s.,176
4TW5,2025-10-20,obecność,117
4TW5,2025-10-21,obecność,121
4TW5,2025-10-22,obecność,28
4TW5,2025-10-22,nieob. uspr. p.s.,75
4TW5,2025-10-23,spóźnienie,3
4TW5,2025-10-23,obecność,149
4TW5,2025-10-23,nieob. uspraw.,16
4TW5,2025-10-24,spóźnienie,1
4TW5,2025-10-24,nieob. uspr. p.s.,31
4TW5,2025-10-24,obecność,92
4TW5,2025-10-27,obecność,154
4TW5,2025-10-28,obecność,125
4TW5,2025-10-29,obecność,140
4TW5,2025-10-29,nieob. uspr. p.s.,4
4TW5,2025-10-30,obecność,157
4TW5,2025-11-03,obecność,122
4TW5,2025-11-03,nieobecność,11
4TW5,2025-11-04,obecność,128
4TW5,2025-11-04,spóźnienie,8
4TW5,2025-11-05,obecność,123
4TW5,2025-11-05,nieob. uspr. p.s.,8
4TW5,2025-11-06,obecność,144
4TW5,2025-11-07,nieob. uspr. p.s.,42
4TW5,2025-11-12,obecność,120
4TW5,2025-11-13,spóźnienie,1
4TW5,2025-11-13,obecność,141
4TW5,2025-11-14,obecność,96
4TW5,2025-11-14,nieob. uspraw.,55
4TW5,2025-11-17,obecność,137
4TW5,2025-11-17,nieob. uspr. p.s.,5
4TW5,2025-11-18,spóźn. uspr.,1
4TW5,2025-11-18,obecność,113
4TW5,2025-11-19,obecność,146
4TW5,2025-11-20,nieob. uspraw.,54
4TW5,2025-11-20,obecność,122
4TW5,2025-11-21,spóźnienie,2
4TW5,2025-11-21,obecność,99
4TW5,2025-11-21,nieob. uspr. p.s.,2
4TW5,2025-11-21,nieob. uspraw.,50
4TW5,2025-11-24,obecność,127
4TW5,2025-11-24,nieob. uspr. p.s.,4
4TW5,2025-11-25,nieob. uspraw.,12
4TW5,2025-11-25,obecność,140
4TW5,2025-11-26,obecność,122
4TW5,2025-11-27,obecność,127
4TW5,2025-11-28,obecność,78
4TW5,2025-12-01,obecność,129
4TW5,2025-12-01,nieob. uspr. p.s.,4
4TW5,2025-12-02,obecność,139
4TW5,2025-12-03,obecność,100
4TW5,2025-12-03,nieob. uspraw.,48
4TW5,2025-12-04,obecność,148
4TW5,2025-12-05,spóźnienie,6
4TW5,2025-12-05,obecność,100
4TW5,2025-12-05,nieob. uspr. p.s.,21
4TW5,2025-12-05,nieobecność,11
4TW5,2025-12-08,spóźnienie,1
4TW5,2025-12-08,obecność,129
4TW5,2025-12-09,nieob. uspraw.,13
4TW5,2025-12-09,nieob. uspr. p.s.,12
4TW5,2025-12-09,obecność,137
4TW5,2025-12-10,obecność,136
4TW5,2025-12-11,spóźnienie,2
4TW5,2025-12-11,obecność,157
4TW5,2025-12-12,obecność,142
4TW5,2025-12-15,obecność,125
4TW5,2025-12-15,nieob. uspr. p.s.,8
4TW5,2025-12-16,nieob. uspraw.,21
4TW5,2025-12-16,obecność,122
4TW5,2025-12-16,nieob. uspr. p.s.,9
4TW5,2025-12-17,obecność,136
4TW5,2025-12-18,obecność,116
4TW5,2025-12-18,nieobecność,19
4TW5,2025-12-19,obecność,154
4TW5,2026-01-07,obecność,122
4TW5,2026-01-08,obecność,126
4TW5,2026-01-08,nieob. uspraw.,36
4TW5,2026-01-09,nieob. uspraw.,74
4TW5,2026-01-12,nieob. uspraw.,85
4TW5,2026-01-13,obecność,110
4TW5,2026-01-14,obecność,87
4TW5,2026-01-14,nieob. uspr. p.s.,8
4TW5,2026-01-15,nieob. uspraw.,144
4TW5,2026-01-16,nieob. uspraw.,61
4TW5,2026-02-02,nieob. uspraw.,77
4TW5,2026-02-03,nieob. uspraw.,70
4TW5,2026-02-04,spóźnienie,2
4TW5,2026-02-04,obecność,128
4TW5,2026-02-05,nieob. uspraw.,62
4TW5,2026-02-06,nieob. uspraw.,48
4TW5,2026-02-09,obecność,125
4TW5,2026-02-10,spóźnienie,4
4TW5,2026-02-10,obecność,69
4TW5,2026-02-10,nieob. uspr. p.s.,3
4TW5,2026-02-11,obecność,139
4TW5,2026-02-12,obecność,140
4TW5,2026-02-13,obecność,123
4TW5,2026-02-13,nieob. uspr. p.s.,4
4TW5,2026-02-13,spóźnienie,4
4TW5,2026-02-16,obecność,130
4TW5,2026-02-17,obecność,87
4TW5,2026-02-18,nieob. uspraw.,8
4TW5,2026-02-18,obecność,154
4TW5,2026-02-19,spóźnienie,1
4TW5,2026-02-19,obecność,141
4TW5,2026-02-19,nieob. uspraw.,12
4TW5,2026-02-20,nieob. uspraw.,30
4TW5,2026-02-23,obecność,102
4TW5,2026-02-23,nieob. uspr. p.s.,5
4TW5,2026-02-24,obecność,144
4TW5,2026-02-24,nieob. uspr. p.s.,1
4TW5,2026-02-25,obecność,128
4TW5,2026-02-26,obecność,107
4TW5,2026-02-27,nieob. uspraw.,35
4TW5,2026-03-02,obecność,122
4TW5,2026-03-02,nieob. uspraw.,23
4TW5,2026-03-03,obecność,117
4TW5,2026-03-04,obecność,130
4TW5,2026-03-05,obecność,108
4TW5,2026-03-05,nieobecność,15
4TW5,2026-03-06,obecność,98
4TW5,2026-03-06,nieobecność,18
4TW5,2026-03-09,obecność,117
4TW5,2026-03-09,nieobecność,5
4TW5,2026-03-10,obecność,121
4TW5,2026-03-11,obecność,135
4TW5,2026-03-12,nieob. uspraw.,17
4TW5,2026-03-13,obecność,112
4TW5,2026-03-13,nieob. uspr. p.s.,9
4TW5,2026-03-16,obecność,125
4TW5,2026-03-17,spóźn. uspr.,3
4TW5,2026-03-17,obecność,106
4TW5,2026-03-18,nieob. uspr. p.s.,50
4TW5,2026-03-19,nieob. uspr. p.s.,40
4TW5,2026-03-19,obecność,97
4TW5,2026-03-20,obecność,17
4TW5,2026-03-20,nieob. uspraw.,137
4TW5,2026-03-23,obecność,126
4TW5,2026-03-23,nieobecność,7
4TW5,2026-03-24,spóźnienie,6
4TW5,2026-03-24,obecność,133
4TW5,2026-03-25,obecność,99
4TW5,2026-03-26,obecność,123
4TW5,2026-03-27,obecność,112
4TW5,2026-03-30,obecność,114
4TW5,2026-03-30,nieobecność,10
4TW5,2026-03-31,spóźnienie,8
4TW5,2026-03-31,obecność,97
4TW5,2026-04-01,obecność,103
4TW5,2026-04-01,nieobecność,1
4TW5,2026-04-01,nieob. uspraw.,57
4TW5,2026-04-08,nieob. uspraw.,68
4TW5,2026-04-09,obecność,13
4TW5,2026-04-09,nieob. uspr. p.s.,108
4TW5,2026-04-10,nieob. uspraw.,41
4TW5,2026-04-13,spóźnienie,1
4TW5,2026-04-13,obecność,101
4TW5,2026-04-13,nieob. uspraw.,50
4TW5,2026-04-14,nieob. uspraw.,42
4TW5,2026-04-15,obecność,129
4TW5,2026-04-16,nieobecność,8
4TW5,2026-04-16,obecność,137
4TW5,2026-04-17,obecność,115
4TW5,2026-04-20,nieob. uspr. p.s.,31
4TW5,2026-04-21,spóźnienie,1
4TW5,2026-04-21,obecność,130
4TW5,2026-04-21,nieob. uspr. p.s.,6
4TW5,2026-04-22,nieob. uspr. p.s.,25
4TW5,2026-04-22,obecność,123
4TW5,2026-04-23,nieob. uspr. p.s.,34
4TW5,2026-04-24,nieob. uspr. p.s.,20
4TW5,2026-04-27,obecność,119
4TW5,2026-04-27,nieob. uspraw.,27
4TW5,2026-04-28,obecność,106
4TW5,2026-04-29,obecność,58
4TW5,2026-04-29,nieob. uspraw.,42
4TW5,2026-04-30,nieob. uspraw.,121
4TW5,2026-05-05,obecność,22
4TW5,2026-05-06,nieob. uspraw.,92
4TW5,2026-05-07,nieob. uspraw.,76
4TW5,2026-05-08,obecność,47
4TW5,2026-05-08,nieob. uspraw.,48
4TW5,2026-05-11,spóźnienie,2
4TW5,2026-05-11,obecność,113
4TW5,2026-05-12,spóźnienie,1
4TW5,2026-05-12,obecność,108
4TW5,2026-05-12,nieobecność,18
4TW5,2026-05-13,spóźnienie,13
4TW5,2026-05-13,obecność,108
4TW5,2026-05-14,obecność,117
4TW5,2026-05-15,nieob. uspr. p.s.,48
4TW5,2026-05-18,obecność,65
4TW5,2026-05-18,nieob. uspraw.,107
4TW5,2026-05-19,nieob. uspraw.,52
4TW5,2026-05-20,obecność,94
4TW5,2026-05-21,obecność,133
4TW5,2026-05-22,obecność,85
4TW5,2026-05-22,nieob. uspr. p.s.,4
4TW5,2026-05-25,obecność,120
4TW5,2026-05-26,obecność,124
4TW5,2026-05-27,obecność,70
4TW5,2026-05-28,obecność,93
4TW5,2026-05-28,nieob. uspr. p.s.,23
4TW5,2026-05-28,nieob. uspraw.,60
4TW5,2026-05-29,obecność,74
4TW5,2026-06-01,obecność,110
4TW5,2026-06-01,nieob. uspraw.,36
4TW5,2026-06-02,obecność,94
4TW5,2026-06-02,nieob. uspr. p.s.,5
4TW5,2026-06-02,nieob. uspraw.,41
4TW5,2026-06-03,nieob. uspraw.,62
4TW5,2026-06-08,nieob. uspraw.,49
4TW5,2026-06-09,nieob. uspraw.,81
4TW5,2026-06-10,nieob. uspraw.,73
4TW5,2026-06-11,nieob. uspraw.,81
4TW5,2026-06-12,nieob. uspraw.,81
4TW5,2026-06-12,obecność,37
4TW5,2026-06-15,nieob. uspraw.,85
4TW5,2026-06-16,nieob. uspraw.,119
4TW5,2026-06-17,nieob. uspraw.,118
4TW5,2026-06-18,nieobecność,139
4TW5,2026-06-19,nieobecność,110
4TW5,2026-06-19,obecność,24
4TW5,2026-06-22,nieobecność,154
4TW5,2026-06-23,nieobecność,140
4TW5,2026-06-24,nieobecność,132
4TW5,2026-06-25,nieobecność,176
4TW5,2026-06-26,nieob. uspr. p.s.,44
4TW5,2025-09-29,nieob. uspraw.,35
4TW5,2025-09-30,nieob. uspraw.,21
4TW5,2025-10-01,nieob. uspraw.,8
4TW5,2025-10-02,nieob. uspraw.,27
4TW5,2025-10-03,nieob. uspraw.,39
4TW5,2025-10-06,spóźnienie,2
4TW5,2025-10-13,nieob. uspraw.,22
4TW5,2025-10-27,nieob. uspraw.,18
4TW5,2025-11-07,obecność,99
4TW5,2025-11-12,nieob. uspraw.,28
4TW5,2025-12-03,nieob. uspr. p.s.,6
4TW5,2025-12-17,nieob. uspraw.,26
4TW5,2025-12-18,nieob. uspraw.,39
4TW5,2026-01-12,obecność,68
4TW5,2026-01-16,obecność,44
4TW5,2026-02-03,obecność,79
4TW5,2026-02-05,obecność,92
4TW5,2026-02-06,obecność,100
4TW5,2026-02-10,nieob. uspraw.,32
4TW5,2026-02-16,nieob. uspraw.,23
4TW5,2026-02-17,nieob. uspraw.,18
4TW5,2026-02-20,obecność,94
4TW5,2026-02-25,spóźnienie,8
4TW5,2026-02-27,obecność,74
4TW5,2026-03-02,nieobecność,2
4TW5,2026-03-03,nieobecność,2
4TW5,2026-03-05,nieob. uspraw.,24
4TW5,2026-03-12,obecność,121
4TW5,2026-03-18,obecność,94
4TW5,2026-03-26,nieobecność,12
4TW5,2026-03-30,nieob. uspraw.,23
4TW5,2026-04-08,obecność,94
4TW5,2026-04-10,obecność,70
4TW5,2026-04-20,obecność,87
4TW5,2026-04-23,obecność,94
4TW5,2026-04-24,obecność,86
4TW5,2026-04-24,nieob. uspraw.,48
4TW5,2026-05-06,nieob. uspr. p.s.,16
4TW5,2026-05-06,obecność,45
4TW5,2026-05-07,obecność,59
4TW5,2026-05-07,nieobecność,5
4TW5,2026-05-14,nieob. uspraw.,6
4TW5,2026-05-15,nieob. uspraw.,25
4TW5,2026-05-20,nieob. uspraw.,27
4TW5,2026-05-22,nieob. uspraw.,52
4TW5,2026-06-03,obecność,81
4TW5,2026-06-03,nieob. uspr. p.s.,9
4TW5,2026-06-17,obecność,20
4TW5,2025-10-10,nieob. uspraw.,32
4TW5,2025-10-13,nieobecność,3
4TW5,2025-10-20,nieob. uspr. p.s.,13
4TW5,2025-10-22,nieobecność,22
4TW5,2025-10-23,nieobecność,8
4TW5,2025-10-24,nieob. uspraw.,29
4TW5,2025-10-27,nieob. uspr. p.s.,4
4TW5,2025-10-29,nieob. uspraw.,7
4TW5,2025-10-30,nieob. uspr. p.s.,1
4TW5,2025-11-06,spóźnienie,1
4TW5,2025-11-18,nieob. uspraw.,24
4TW5,2025-11-25,spóźn. uspr.,4
4TW5,2025-11-27,nieob. uspraw.,49
4TW5,2025-11-28,nieob. uspraw.,32
4TW5,2025-12-01,nieob. uspraw.,18
4TW5,2025-12-02,nieob. uspraw.,17
4TW5,2025-12-05,nieob. uspraw.,16
4TW5,2025-12-10,nieob. uspraw.,15
4TW5,2025-12-18,spóźnienie,2
4TW5,2026-01-07,nieobecność,4
4TW5,2026-01-07,spóźnienie,1
4TW5,2026-01-13,nieob. uspraw.,44
4TW5,2026-01-14,nieob. uspraw.,23
4TW5,2026-02-04,nieob. uspraw.,32
4TW5,2026-02-13,nieob. uspraw.,22
4TW5,2026-02-17,spóźnienie,5
4TW5,2026-02-23,nieob. uspraw.,39
4TW5,2026-02-25,nieob. uspraw.,26
4TW5,2026-02-26,nieob. uspraw.,31
4TW5,2026-03-03,nieob. uspraw.,32
4TW5,2026-03-04,nieob. uspraw.,20
4TW5,2026-03-10,nieob. uspraw.,31
4TW5,2026-03-11,nieob. uspr. p.s.,4
4TW5,2026-03-11,spóźnienie,3
4TW5,2026-03-12,nieob. uspr. p.s.,14
4TW5,2026-03-16,nieob. uspr. p.s.,21
4TW5,2026-03-17,nieob. uspr. p.s.,36
4TW5,2026-03-25,nieob. uspr. p.s.,14
4TW5,2026-03-27,nieob. uspraw.,6
4TW5,2026-03-31,nieob. uspraw.,45
4TW5,2026-04-14,obecność,102
4TW5,2026-04-15,nieobecność,3
4TW5,2026-04-15,spóźnienie,6
4TW5,2026-04-17,nieob. uspraw.,21
4TW5,2026-04-20,nieob. uspraw.,36
4TW5,2026-04-23,nieob. uspraw.,25
4TW5,2026-04-28,nieob. uspr. p.s.,16
4TW5,2026-05-08,spóźnienie,2
4TW5,2026-05-11,nieob. uspraw.,35
4TW5,2026-05-13,nieobecność,11
4TW5,2026-05-22,nieobecność,13
4TW5,2026-05-25,nieobecność,8
4TW5,2026-05-26,nieob. uspraw.,16
4TW5,2026-05-27,nieob. uspraw.,40
4TW5,2026-05-29,nieob. uspraw.,58
4TW5,2026-06-08,spóźnienie,7
4TW5,2026-06-08,obecność,49
4TW5,2026-06-10,spóźnienie,5
4TW5,2026-06-10,obecność,53
4TW5,2026-06-11,obecność,56
4TW5,2026-06-15,obecność,44
4TW5,2026-06-15,nieob. uspr. p.s.,3
4TW5,2025-10-01,spóźnienie,2
4TW5,2025-10-03,nieobecność,1
4TW5,2025-10-08,nieob. uspraw.,47
4TW5,2025-10-14,obecność,100
4TW5,2025-10-20,nieob. uspraw.,46
4TW5,2025-10-28,nieob. uspraw.,13
4TW5,2025-10-29,nieobecność,3
4TW5,2025-10-30,nieob. uspraw.,18
4TW5,2025-11-03,nieob. uspraw.,15
4TW5,2025-11-05,nieobecność,1
4TW5,2025-11-07,spóźnienie,2
4TW5,2025-11-13,nieob. uspraw.,34
4TW5,2025-11-19,nieobecność,1
4TW5,2025-11-24,nieob. uspraw.,23
4TW5,2025-12-04,nieob. uspraw.,28
4TW5,2025-12-10,nieob. uspr. p.s.,3
4TW5,2025-12-11,nieobecność,2
4TW5,2026-01-16,spóźnienie,5
4TW5,2026-02-02,obecność,76
4TW5,2026-02-09,nieob. uspr. p.s.,6
4TW5,2026-02-26,nieob. uspr. p.s.,14
4TW5,2026-03-04,spóźnienie,3
4TW5,2026-03-06,nieob. uspraw.,28
4TW5,2026-03-11,nieob. uspraw.,17
4TW5,2026-03-18,nieob. uspraw.,17
4TW5,2026-03-25,nieob. uspraw.,27
4TW5,2026-03-27,spóźnienie,9
4TW5,2026-03-30,spóźnienie,2
4TW5,2026-04-10,spóźnienie,9
4TW5,2026-04-14,spóźnienie,2
4TW5,2026-04-17,nieob. uspr. p.s.,16
4TW5,2026-04-22,nieob. uspraw.,14
4TW5,2026-04-28,nieob. uspraw.,8
4TW5,2026-05-11,nieob. uspr. p.s.,1
4TW5,2026-05-15,spóźnienie,2
4TW5,2026-05-15,obecność,51
4TW5,2026-05-15,nieobecność,6
4TW5,2026-05-19,obecność,88
4TW5,2026-05-20,nieob. uspr. p.s.,9
4TW5,2026-06-08,nieobecność,5
4TW5,2026-06-12,nieob. uspr. p.s.,36
4TW5,2026-06-18,obecność,12
4TW5,2025-10-06,nieob. uspraw.,31
4TW5,2025-10-07,nieob. uspraw.,29
4TW5,2025-10-09,nieob. uspraw.,45
4TW5,2025-10-22,nieob. uspraw.,29
4TW5,2025-10-15,spóźn. uspr.,1
4TW5,2025-12-11,nieob. uspraw.,15
4TW5,2026-03-09,nieob. uspraw.,30
4TW5,2026-03-19,nieob. uspraw.,16
4TW5,2026-03-23,nieob. uspraw.,21
4TW5,2026-03-26,nieob. uspraw.,19
4TW5,2026-06-03,spóźn. uspr.,1
4TW5,2026-06-09,obecność,36
4TW5,2025-10-08,nieobecność,2
4TW5,2025-10-15,nieob. uspraw.,10
4TW5,2025-11-07,nieob. uspraw.,11
4TW5,2025-11-12,nieob. uspr. p.s.,6
4TW5,2025-12-12,nieobecność,2
4TW5,2026-02-09,nieob. uspraw.,22
4TW5,2026-02-23,nieobecność,4
4TW5,2026-03-03,nieob. uspr. p.s.,3
4TW5,2026-04-21,nieob. uspraw.,17
4TW5,2026-04-30,obecność,19
4TW5,2026-05-12,nieob. uspraw.,8
4TW5,2026-05-21,nieob. uspraw.,21
4TW5,2025-10-21,nieobecność,2
4TW5,2025-11-14,spóźn. uspr.,3
4TW5,2026-01-09,obecność,14
4TW5,2026-02-20,nieob. uspr. p.s.,8
4TW5,2026-05-25,nieob. uspraw.,25
4TW5,2025-10-07,spóźnienie,1
4TW5,2025-10-13,spóźnienie,1
4TW5,2025-10-21,nieob. uspraw.,10
4TW5,2025-11-19,nieob. uspraw.,7
4TW5,2025-12-01,spóźnienie,3
4TW5,2025-12-08,nieob. uspraw.,23
4TW5,2025-12-15,nieob. uspraw.,21
4TW5,2026-02-02,spóźnienie,1
4TW5,2026-02-06,nieob. uspr. p.s.,6
4TW5,2026-02-11,nieob. uspraw.,14
4TW5,2026-02-12,nieob. uspraw.,11
4TW5,2026-02-23,spóźnienie,4
4TW5,2026-02-24,nieobecność,3
4TW5,2026-03-02,nieob. uspr. p.s.,7
4TW5,2026-03-04,nieobecność,2
4TW5,2026-03-12,nieobecność,2
4TW5,2026-03-16,nieob. uspraw.,8
4TW5,2026-03-17,nieob. uspraw.,8
4TW5,2026-03-24,nieob. uspraw.,15
4TW5,2026-04-09,nieob. uspraw.,32
4TW5,2026-04-15,nieob. uspraw.,14
4TW5,2026-04-16,nieob. uspraw.,8
4TW5,2026-04-28,spóźnienie,1
4TW5,2026-06-01,nieob. uspr. p.s.,8
4TW5,2026-06-16,obecność,13
4TW5,2025-11-17,nieob. uspraw.,12
4TW5,2026-04-10,nieob. uspr. p.s.,12
4TW5,2026-06-03,spóźnienie,1
4TW5,2025-10-07,nieob. uspr. p.s.,3
4TW5,2025-10-21,nieob. uspr. p.s.,7
4TW5,2025-11-03,nieob. uspr. p.s.,6
4TW5,2025-11-25,nieob. uspr. p.s.,5
4TW5,2025-12-02,nieobecność,6
4TW5,2025-12-16,nieobecność,2
4TW5,2026-03-27,nieob. uspr. p.s.,3
4TW5,2026-04-14,nieobecność,3
4TW5,2026-04-27,nieobecność,2
4TW5,2026-05-08,nieobecność,3
4TW5,2025-11-06,nieob. uspr. p.s.,17
4TW5,2026-03-06,nieob. uspr. p.s.,9
4TW5,2026-03-09,nieob. uspr. p.s.,2
4TW5,2026-04-13,nieob. uspr. p.s.,2
4TW5,2026-04-27,nieob. uspr. p.s.,14
4TW5,2026-04-29,nieob. uspr. p.s.,10
4TW5,2026-04-30,nieob. uspr. p.s.,14
4TW5,2026-05-07,nieob. uspr. p.s.,14
4TW5,2026-05-08,nieob. uspr. p.s.,10
4TW5,2026-05-25,nieob. uspr. p.s.,1
4TW5,2026-06-11,nieob. uspr. p.s.,17
4TW5,2026-06-16,nieob. uspr. p.s.,8
4TW5,2025-10-02,spóźnienie,1
4TW5,2025-10-24,nieobecność,1
4TW5,2026-02-24,nieob. uspraw.,5
4TW5,2026-02-26,spóźnienie,2
4TW5,2026-03-13,nieob. uspraw.,33
4TW5,2026-03-17,spóźnienie,1
4TW5,2026-03-18,nieobecność,1
4TW5,2026-03-19,spóźnienie,1
4TW5,2026-04-09,spóźnienie,1
4TW5,2026-04-16,nieob. uspr. p.s.,1
4TW5,2026-05-12,nieob. uspr. p.s.,5
4TW5,2026-06-18,nieob. uspr. p.s.,18
4TW5,2026-06-19,nieob. uspr. p.s.,13
4TW5,2025-10-09,nieobecność,4
4TW5,2025-10-14,nieob. uspr. p.s.,21
4TW5,2025-11-06,spóźn. uspr.,2
4TW5,2026-05-18,spóźnienie,2
4TW5,2025-11-18,nieob. uspr. p.s.,2
4TW5,2025-11-26,nieob. uspraw.,9
4TW5,2026-01-12,nieob. uspr. p.s.,1
4TW5,2026-03-10,spóźnienie,2
4TW5,2026-05-20,nieobecność,2
4TW5,2026-06-09,nieobecność,1
4TW5,2025-11-04,nieob. uspraw.,4
4TW5,2025-11-06,nieob. uspraw.,12
4TW5,2025-12-12,nieob. uspraw.,10
4TW5,2026-01-07,nieob. uspraw.,13
4TW5,2026-01-08,nieobecność,3
4TW5,2026-02-03,nieobecność,1
4TW5,2026-02-09,nieobecność,1
4TW5,2026-02-11,nieobecność,1
4TW5,2026-02-12,nieobecność,3
4TW5,2026-02-13,nieobecność,1
4TW5,2026-02-16,nieobecność,1
4TW5,2026-03-11,nieobecność,3
4TW5,2026-04-28,nieobecność,1
4TW5,2026-05-11,nieobecność,3
4TW5,2026-05-14,nieobecność,9
4TW5,2026-06-10,nieobecność,1
4TW5,2025-11-26,nieob. uspr. p.s.,1
4TW5,2025-12-08,nieob. uspr. p.s.,1
4TW5,2026-03-04,nieob. uspr. p.s.,7
4TW5,2026-03-05,nieob. uspr. p.s.,7
4TW5,2026-03-30,nieob. uspr. p.s.,5
4TW5,2026-03-31,nieob. uspr. p.s.,4
4TW5,2026-04-14,nieob. uspr. p.s.,5
4TW5,2026-04-15,nieob. uspr. p.s.,2
4TW5,2026-04-23,nieobecność,1
4TW5,2026-06-18,nieob. uspraw.,7
4TW5,2026-06-19,nieob. uspraw.,7
4TW5,2025-11-21,spóźn. uspr.,1
4TW5,2026-01-15,obecność,17
4TW5,2026-02-03,nieob. uspr. p.s.,4
4TW5,2026-06-17,nieob. uspr. p.s.,16
4TW5,2025-10-01,nieob. uspr. p.s.,1
4TW5,2025-10-28,nieob. uspr. p.s.,2
4TW5,2026-01-15,nieob. uspr. p.s.,4
4TW5,2026-02-24,spóźnienie,1
4TW5,2026-02-27,nieobecność,1
4TW5,2026-03-06,spóźnienie,1
4TW5,2026-03-27,nieobecność,2
4TW5,2026-04-01,spóźnienie,1
4TW5,2026-05-18,nieob. uspr. p.s.,2
4TW5,2025-10-15,nieobecność,1
4TW5,2025-11-25,nieobecność,1
4TW5,2026-02-10,nieobecność,2
4TW5,2026-04-17,nieobecność,2
4TW5,2026-05-06,spóźnienie,1
4TŻ5,2025-09-29,obecność,105
4TŻ5,2025-09-30,obecność,112
4TŻ5,2025-10-01,obecność,114
4TŻ5,2025-10-01,nieob. uspr. p.s.,2
4TŻ5,2025-10-02,obecność,129
4TŻ5,2025-10-03,obecność,108
4TŻ5,2025-10-06,obecność,111
4TŻ5,2025-10-07,obecność,119
4TŻ5,2025-10-08,obecność,130
4TŻ5,2025-10-09,obecność,108
4TŻ5,2025-10-10,obecność,108
4TŻ5,2025-10-13,obecność,109
4TŻ5,2025-10-14,obecność,98
4TŻ5,2025-10-15,obecność,118
4TŻ5,2025-10-16,nieob. uspr. p.s.,49
4TŻ5,2025-10-20,obecność,104
4TŻ5,2025-10-21,obecność,128
4TŻ5,2025-10-22,obecność,104
4TŻ5,2025-10-23,obecność,99
4TŻ5,2025-10-23,nieobecność,12
4TŻ5,2025-10-24,obecność,68
4TŻ5,2025-10-27,obecność,76
4TŻ5,2025-10-28,obecność,87
4TŻ5,2025-10-29,obecność,93
4TŻ5,2025-10-30,obecność,99
4TŻ5,2025-10-30,nieobecność,13
4TŻ5,2025-11-03,obecność,98
4TŻ5,2025-11-04,obecność,127
4TŻ5,2025-11-05,obecność,109
4TŻ5,2025-11-06,obecność,111
4TŻ5,2025-11-07,obecność,94
4TŻ5,2025-11-12,obecność,67
4TŻ5,2025-11-13,obecność,100
4TŻ5,2025-11-14,nieob. uspraw.,22
4TŻ5,2025-11-17,obecność,101
4TŻ5,2025-11-18,obecność,99
4TŻ5,2025-11-19,obecność,122
4TŻ5,2025-11-20,obecność,117
4TŻ5,2025-11-20,nieobecność,6
4TŻ5,2025-11-21,obecność,119
4TŻ5,2025-11-24,obecność,94
4TŻ5,2025-11-25,obecność,97
4TŻ5,2025-11-26,nieobecność,9
4TŻ5,2025-11-26,obecność,97
4TŻ5,2025-11-27,obecność,103
4TŻ5,2025-11-27,nieobecność,6
4TŻ5,2025-11-28,obecność,82
4TŻ5,2025-12-01,obecność,101
4TŻ5,2025-12-02,obecność,102
4TŻ5,2025-12-03,obecność,109
4TŻ5,2025-12-03,nieob. uspr. p.s.,18
4TŻ5,2025-12-04,nieob. uspr. p.s.,144
4TŻ5,2025-12-05,obecność,88
4TŻ5,2025-12-05,nieobecność,3
4TŻ5,2025-12-08,obecność,99
4TŻ5,2025-12-09,obecność,109
4TŻ5,2025-12-10,nieob. uspr. p.s.,55
4TŻ5,2025-12-11,obecność,128
4TŻ5,2025-12-12,obecność,103
4TŻ5,2025-12-15,obecność,115
4TŻ5,2025-12-16,obecność,126
4TŻ5,2025-12-17,obecność,93
4TŻ5,2025-12-18,obecność,113
4TŻ5,2025-12-19,obecność,119
4TŻ5,2026-01-07,obecność,73
4TŻ5,2026-01-08,nieob. uspraw.,44
4TŻ5,2026-01-08,obecność,65
4TŻ5,2026-01-09,obecność,65
4TŻ5,2026-01-12,obecność,95
4TŻ5,2026-01-13,obecność,82
4TŻ5,2026-01-14,obecność,101
4TŻ5,2026-01-15,obecność,21
4TŻ5,2026-01-15,nieob. uspraw.,60
4TŻ5,2026-01-16,nieob. uspraw.,84
4TŻ5,2026-02-02,obecność,52
4TŻ5,2026-02-03,obecność,80
4TŻ5,2026-02-03,nieobecność,12
4TŻ5,2026-02-04,obecność,109
4TŻ5,2026-02-05,obecność,97
4TŻ5,2026-02-06,obecność,85
4TŻ5,2026-02-09,obecność,65
4TŻ5,2026-02-10,obecność,86
4TŻ5,2026-02-11,nieobecność,16
4TŻ5,2026-02-11,obecność,92
4TŻ5,2026-02-12,obecność,98
4TŻ5,2026-02-13,obecność,106
4TŻ5,2026-02-16,obecność,80
4TŻ5,2026-02-17,obecność,78
4TŻ5,2026-02-18,obecność,94
4TŻ5,2026-02-18,nieob. uspr. p.s.,2
4TŻ5,2026-02-19,obecność,61
4TŻ5,2026-02-19,nieobecność,20
4TŻ5,2026-02-20,obecność,42
4TŻ5,2026-02-23,obecność,70
4TŻ5,2026-02-23,nieob. uspraw.,20
4TŻ5,2026-02-24,nieob. uspraw.,39
4TŻ5,2026-02-25,nieob. uspraw.,34
4TŻ5,2026-02-26,nieob. uspraw.,35
4TŻ5,2026-02-27,nieob. uspraw.,25
4TŻ5,2026-03-02,obecność,89
4TŻ5,2026-03-03,obecność,98
4TŻ5,2026-03-04,obecność,113
4TŻ5,2026-03-05,obecność,98
4TŻ5,2026-03-06,obecność,90
4TŻ5,2026-03-09,nieobecność,14
4TŻ5,2026-03-09,obecność,40
4TŻ5,2026-03-10,obecność,98
4TŻ5,2026-03-11,obecność,97
4TŻ5,2026-03-12,nieob. uspr. p.s.,77
4TŻ5,2026-03-13,obecność,35
4TŻ5,2026-03-16,nieob. uspr. p.s.,61
4TŻ5,2026-03-17,nieob. uspr. p.s.,48
4TŻ5,2026-03-18,obecność,65
4TŻ5,2026-03-19,obecność,32
4TŻ5,2026-03-19,nieobecność,16
4TŻ5,2026-03-20,obecność,19
4TŻ5,2026-03-20,nieobecność,52
4TŻ5,2026-03-23,obecność,85
4TŻ5,2026-03-24,obecność,93
4TŻ5,2026-03-24,nieobecność,7
4TŻ5,2026-03-25,obecność,75
4TŻ5,2026-03-26,obecność,81
4TŻ5,2026-03-27,obecność,85
4TŻ5,2026-03-30,obecność,81
4TŻ5,2026-03-31,obecność,85
4TŻ5,2026-04-01,obecność,77
4TŻ5,2026-04-08,obecność,109
4TŻ5,2026-04-09,obecność,101
4TŻ5,2026-04-10,obecność,32
4TŻ5,2026-04-13,obecność,66
4TŻ5,2026-04-13,nieobecność,8
4TŻ5,2026-04-14,obecność,91
4TŻ5,2026-04-15,obecność,110
4TŻ5,2026-04-16,obecność,95
4TŻ5,2026-04-17,obecność,92
4TŻ5,2026-04-20,obecność,76
4TŻ5,2026-04-21,obecność,83
4TŻ5,2026-04-21,nieobecność,14
4TŻ5,2026-04-22,obecność,87
4TŻ5,2026-04-22,nieobecność,12
4TŻ5,2026-04-23,obecność,99
4TŻ5,2026-04-24,obecność,46
4TŻ5,2026-04-24,nieobecność,27
4TŻ5,2026-04-27,obecność,70
4TŻ5,2026-04-28,obecność,52
4TŻ5,2026-04-28,nieobecność,23
4TŻ5,2026-04-29,obecność,48
4TŻ5,2026-04-29,nieobecność,21
4TŻ5,2026-04-30,obecność,74
4TŻ5,2026-04-30,spóźnienie,5
4TŻ5,2026-04-30,nieobecność,30
4TŻ5,2026-05-06,obecność,63
4TŻ5,2026-05-07,obecność,61
4TŻ5,2026-05-08,obecność,83
4TŻ5,2026-05-11,obecność,39
4TŻ5,2026-05-12,obecność,37
4TŻ5,2026-05-13,obecność,84
4TŻ5,2026-05-14,obecność,75
4TŻ5,2026-05-15,obecność,89
4TŻ5,2026-05-18,obecność,36
4TŻ5,2026-05-18,nieob. uspr. p.s.,4
4TŻ5,2026-05-19,obecność,87
4TŻ5,2026-05-19,nieob. uspr. p.s.,8
4TŻ5,2026-05-19,nieobecność,15
4TŻ5,2026-05-20,obecność,63
4TŻ5,2026-05-20,nieobecność,32
4TŻ5,2026-05-21,obecność,78
4TŻ5,2026-05-22,obecność,85
4TŻ5,2026-05-22,nieobecność,34
4TŻ5,2026-05-25,obecność,98
4TŻ5,2026-05-26,obecność,78
4TŻ5,2026-05-26,nieobecność,22
4TŻ5,2026-05-27,obecność,103
4TŻ5,2026-05-27,nieob. uspr. p.s.,1
4TŻ5,2026-05-27,nieobecność,20
4TŻ5,2026-05-28,nieob. uspr. p.s.,48
4TŻ5,2026-05-29,obecność,69
4TŻ5,2026-05-29,nieobecność,15
4TŻ5,2026-06-01,obecność,64
4TŻ5,2026-06-01,spóźnienie,8
4TŻ5,2026-06-02,obecność,101
4TŻ5,2026-06-03,obecność,46
4TŻ5,2026-06-03,nieobecność,33
4TŻ5,2026-06-08,obecność,38
4TŻ5,2026-06-08,nieobecność,19
4TŻ5,2026-06-09,obecność,80
4TŻ5,2026-06-09,nieobecność,12
4TŻ5,2026-06-10,obecność,56
4TŻ5,2026-06-11,obecność,41
4TŻ5,2026-06-11,nieobecność,9
4TŻ5,2026-06-12,obecność,49
4TŻ5,2026-06-15,obecność,18
4TŻ5,2026-06-15,nieob. uspraw.,27
4TŻ5,2026-06-16,obecność,16
4TŻ5,2026-06-16,nieob. uspraw.,27
4TŻ5,2026-06-17,nieob. uspraw.,32
4TŻ5,2026-06-18,nieob. uspraw.,18
4TŻ5,2026-06-19,nieobecność,112
4TŻ5,2026-06-22,nieob. uspraw.,14
4TŻ5,2026-06-23,nieob. uspraw.,15
4TŻ5,2026-06-24,nieob. uspraw.,16
4TŻ5,2026-06-25,nieob. uspraw.,6
4TŻ5,2026-06-26,,126
4TŻ5,2025-09-29,nieob. uspraw.,28
4TŻ5,2025-10-06,nieobecność,1
4TŻ5,2025-10-07,nieob. uspr. p.s.,24
4TŻ5,2025-10-20,nieobecność,3
4TŻ5,2025-10-27,nieobecność,2
4TŻ5,2025-10-30,spóźnienie,6
4TŻ5,2025-11-07,nieobecność,11
4TŻ5,2025-11-07,spóźnienie,2
4TŻ5,2025-11-13,nieob. uspr. p.s.,22
4TŻ5,2025-11-14,obecność,89
4TŻ5,2025-11-14,nieobecność,4
4TŻ5,2025-11-17,nieobecność,2
4TŻ5,2025-11-25,nieobecność,3
4TŻ5,2025-11-26,nieob. uspr. p.s.,21
4TŻ5,2025-11-27,spóźnienie,6
4TŻ5,2025-12-02,spóźnienie,8
4TŻ5,2025-12-03,nieob. uspraw.,22
4TŻ5,2025-12-04,nieob. uspraw.,8
4TŻ5,2025-12-05,nieob. uspraw.,21
4TŻ5,2025-12-11,nieobecność,8
4TŻ5,2025-12-17,nieob. uspr. p.s.,16
4TŻ5,2025-12-18,nieobecność,5
4TŻ5,2026-01-07,nieob. uspraw.,34
4TŻ5,2026-01-09,nieob. uspraw.,41
4TŻ5,2026-01-13,nieobecność,42
4TŻ5,2026-02-06,spóźnienie,6
4TŻ5,2026-02-23,nieobecność,2
4TŻ5,2026-02-24,obecność,61
4TŻ5,2026-02-25,obecność,61
4TŻ5,2026-02-25,nieobecność,30
4TŻ5,2026-02-26,obecność,60
4TŻ5,2026-02-27,obecność,36
4TŻ5,2026-02-27,spóźnienie,3
4TŻ5,2026-03-09,nieob. uspraw.,18
4TŻ5,2026-03-11,spóźnienie,3
4TŻ5,2026-03-19,nieob. uspr. p.s.,48
4TŻ5,2026-03-23,nieob. uspr. p.s.,12
4TŻ5,2026-03-24,nieob. uspraw.,14
4TŻ5,2026-03-25,nieob. uspr. p.s.,20
4TŻ5,2026-03-27,nieob. uspr. p.s.,14
4TŻ5,2026-03-30,nieob. uspr. p.s.,16
4TŻ5,2026-04-09,nieob. uspr. p.s.,12
4TŻ5,2026-04-13,nieob. uspr. p.s.,19
4TŻ5,2026-04-14,nieob. uspraw.,4
4TŻ5,2026-04-15,nieob. uspraw.,8
4TŻ5,2026-04-16,nieob. uspraw.,15
4TŻ5,2026-04-17,nieob. uspr. p.s.,14
4TŻ5,2026-04-21,nieob. uspr. p.s.,15
4TŻ5,2026-04-22,nieob. uspr. p.s.,23
4TŻ5,2026-04-27,nieob. uspr. p.s.,24
4TŻ5,2026-05-06,nieob. uspr. p.s.,21
4TŻ5,2026-05-11,nieob. uspraw.,35
4TŻ5,2026-05-14,nieobecność,3
4TŻ5,2026-05-18,nieob. uspraw.,28
4TŻ5,2026-05-19,nieob. uspraw.,15
4TŻ5,2026-05-22,nieob. uspraw.,10
4TŻ5,2026-05-25,nieob. uspraw.,21
4TŻ5,2026-05-26,nieob. uspraw.,7
4TŻ5,2026-05-27,nieob. uspraw.,16
4TŻ5,2026-05-28,nieob. uspraw.,42
4TŻ5,2026-05-29,nieob. uspraw.,24
4TŻ5,2026-06-01,nieob. uspraw.,13
4TŻ5,2026-06-03,nieob. uspr. p.s.,1
4TŻ5,2026-06-09,nieob. uspraw.,13
4TŻ5,2026-06-10,nieob. uspr. p.s.,3
4TŻ5,2026-06-11,nieob. uspraw.,33
4TŻ5,2026-06-12,nieob. uspraw.,28
4TŻ5,2026-06-15,nieobecność,63
4TŻ5,2026-06-16,nieobecność,86
4TŻ5,2026-06-17,nieobecność,95
4TŻ5,2026-06-18,nieobecność,84
4TŻ5,2026-06-22,nieobecność,108
4TŻ5,2026-06-23,nieobecność,110
4TŻ5,2026-06-24,nieobecność,128
4TŻ5,2026-06-25,nieobecność,101
4TŻ5,2025-10-02,nieob. uspr. p.s.,5
4TŻ5,2025-10-10,nieob. uspraw.,16
4TŻ5,2025-10-13,nieob. uspraw.,7
4TŻ5,2025-10-16,nieob. uspraw.,45
4TŻ5,2025-10-23,nieob. uspr. p.s.,19
4TŻ5,2025-10-23,nieob. uspraw.,22
4TŻ5,2025-10-24,nieob. uspr. p.s.,11
4TŻ5,2025-10-27,nieob. uspraw.,30
4TŻ5,2025-10-28,nieob. uspraw.,40
4TŻ5,2025-10-29,nieob. uspraw.,20
4TŻ5,2025-10-30,nieob. uspraw.,31
4TŻ5,2025-11-04,nieob. uspraw.,16
4TŻ5,2025-11-06,nieob. uspraw.,4
4TŻ5,2025-11-12,nieob. uspraw.,55
4TŻ5,2025-11-18,nieob. uspraw.,18
4TŻ5,2025-11-25,nieob. uspraw.,12
4TŻ5,2025-11-26,nieob. uspraw.,21
4TŻ5,2025-11-27,nieob. uspraw.,14
4TŻ5,2025-11-28,nieob. uspraw.,23
4TŻ5,2025-12-10,nieob. uspraw.,45
4TŻ5,2025-12-15,nieob. uspraw.,1
4TŻ5,2025-12-16,nieob. uspraw.,17
4TŻ5,2026-01-07,nieobecność,13
4TŻ5,2026-01-08,nieobecność,13
4TŻ5,2026-01-09,nieobecność,13
4TŻ5,2026-01-12,nieobecność,28
4TŻ5,2026-01-14,nieobecność,7
4TŻ5,2026-01-15,nieobecność,36
4TŻ5,2026-01-16,nieobecność,28
4TŻ5,2025-10-02,spóźnienie,6
4TŻ5,2025-10-07,spóźnienie,4
4TŻ5,2025-10-09,nieob. uspraw.,14
4TŻ5,2025-10-10,nieob. uspr. p.s.,6
4TŻ5,2025-10-13,nieob. uspr. p.s.,14
4TŻ5,2025-10-14,nieob. uspr. p.s.,14
4TŻ5,2025-10-15,nieob. uspr. p.s.,2
4TŻ5,2025-10-16,obecność,35
4TŻ5,2025-10-16,spóźnienie,1
4TŻ5,2025-10-21,spóźnienie,1
4TŻ5,2025-10-22,nieob. uspr. p.s.,2
4TŻ5,2025-10-24,nieob. uspraw.,16
4TŻ5,2025-10-29,spóźnienie,2
4TŻ5,2025-11-04,spóźnienie,5
4TŻ5,2025-11-06,spóźnienie,9
4TŻ5,2025-11-07,nieob. uspraw.,22
4TŻ5,2025-11-13,nieob. uspraw.,14
4TŻ5,2025-11-14,spóźnienie,2
4TŻ5,2025-11-17,spóźnienie,4
4TŻ5,2025-11-19,spóźnienie,2
4TŻ5,2025-11-28,spóźnienie,2
4TŻ5,2025-12-03,nieobecność,3
4TŻ5,2025-12-10,nieobecność,6
4TŻ5,2025-12-10,obecność,43
4TŻ5,2025-12-10,spóźnienie,2
4TŻ5,2025-12-16,spóźnienie,1
4TŻ5,2025-12-17,nieobecność,14
4TŻ5,2025-12-18,nieob. uspr. p.s.,11
4TŻ5,2026-01-09,nieob. uspr. p.s.,14
4TŻ5,2026-01-12,spóźnienie,3
4TŻ5,2026-01-14,nieob. uspr. p.s.,18
4TŻ5,2026-01-16,obecność,15
4TŻ5,2026-02-02,spóźnienie,2
4TŻ5,2026-02-03,nieob. uspr. p.s.,15
4TŻ5,2026-02-04,nieob. uspraw.,21
4TŻ5,2026-02-05,spóźnienie,5
4TŻ5,2026-02-05,nieobecność,12
4TŻ5,2026-02-06,nieob. uspr. p.s.,5
4TŻ5,2026-02-06,nieobecność,18
4TŻ5,2026-02-09,spóźnienie,2
4TŻ5,2026-02-09,nieob. uspr. p.s.,13
4TŻ5,2026-02-09,nieobecność,9
4TŻ5,2026-02-10,nieob. uspraw.,21
4TŻ5,2026-02-11,nieob. uspr. p.s.,20
4TŻ5,2026-02-12,nieobecność,8
4TŻ5,2026-02-12,spóźnienie,3
4TŻ5,2026-02-16,nieob. uspr. p.s.,13
4TŻ5,2026-02-17,nieob. uspraw.,12
4TŻ5,2026-02-18,nieobecność,15
4TŻ5,2026-02-19,nieob. uspraw.,20
4TŻ5,2026-02-20,spóźnienie,5
4TŻ5,2026-02-24,nieob. uspr. p.s.,18
4TŻ5,2026-02-26,spóźnienie,4
4TŻ5,2026-02-27,nieobecność,26
4TŻ5,2026-03-02,spóźnienie,1
4TŻ5,2026-03-02,nieobecność,8
4TŻ5,2026-03-04,nieob. uspr. p.s.,20
4TŻ5,2026-03-05,spóźnienie,5
4TŻ5,2026-03-06,nieobecność,11
4TŻ5,2026-03-09,nieob. uspr. p.s.,21
4TŻ5,2026-03-10,nieobecność,21
4TŻ5,2026-03-11,nieobecność,13
4TŻ5,2026-03-11,nieob. uspr. p.s.,31
4TŻ5,2026-03-13,nieob. uspr. p.s.,17
4TŻ5,2026-03-17,nieobecność,15
4TŻ5,2026-03-18,nieobecność,46
4TŻ5,2026-03-23,nieob. uspraw.,7
4TŻ5,2026-03-24,spóźnienie,2
4TŻ5,2026-03-25,spóźnienie,6
4TŻ5,2026-03-25,nieobecność,36
4TŻ5,2026-03-26,nieobecność,8
4TŻ5,2026-03-31,nieobecność,11
4TŻ5,2026-04-01,nieobecność,28
4TŻ5,2026-04-08,nieobecność,27
4TŻ5,2026-04-09,nieobecność,5
4TŻ5,2026-04-10,nieob. uspr. p.s.,21
4TŻ5,2026-04-10,nieobecność,12
4TŻ5,2026-04-14,nieobecność,16
4TŻ5,2026-04-15,nieob. uspr. p.s.,19
4TŻ5,2026-04-16,spóźnienie,4
4TŻ5,2026-04-16,nieobecność,9
4TŻ5,2026-04-17,nieobecność,9
4TŻ5,2026-04-20,nieobecność,17
4TŻ5,2026-04-21,spóźnienie,5
4TŻ5,2026-04-22,spóźnienie,4
4TŻ5,2026-04-23,spóźnienie,2
4TŻ5,2026-04-27,nieobecność,14
4TŻ5,2026-04-28,spóźnienie,2
4TŻ5,2026-05-06,nieobecność,14
4TŻ5,2026-05-07,nieobecność,14
4TŻ5,2026-05-08,nieobecność,16
4TŻ5,2026-05-11,nieobecność,14
4TŻ5,2026-05-13,nieobecność,11
4TŻ5,2026-05-15,spóźnienie,4
4TŻ5,2026-05-18,nieobecność,4
4TŻ5,2026-05-19,spóźnienie,1
4TŻ5,2026-05-25,nieobecność,7
4TŻ5,2026-05-27,spóźnienie,3
4TŻ5,2026-05-28,nieobecność,18
4TŻ5,2026-06-01,nieobecność,22
4TŻ5,2026-06-02,nieobecność,14
4TŻ5,2026-06-08,nieob. uspr. p.s.,8
4TŻ5,2026-06-09,nieob. uspr. p.s.,6
4TŻ5,2026-06-10,nieobecność,32
4TŻ5,2026-06-11,nieob. uspr. p.s.,6
4TŻ5,2025-09-30,nieob. uspraw.,21
4TŻ5,2025-10-03,nieob. uspr. p.s.,7
4TŻ5,2025-10-03,nieob. uspraw.,17
4TŻ5,2025-10-03,nieobecność,1
4TŻ5,2025-10-06,nieob. uspr. p.s.,7
4TŻ5,2025-10-09,nieob. uspr. p.s.,10
4TŻ5,2025-10-20,spóźnienie,2
4TŻ5,2025-10-29,nieob. uspr. p.s.,12
4TŻ5,2025-11-03,nieobecność,4
4TŻ5,2025-11-04,nieob. uspr. p.s.,1
4TŻ5,2025-11-04,nieobecność,2
4TŻ5,2025-11-05,nieob. uspr. p.s.,19
4TŻ5,2025-11-07,nieob. uspr. p.s.,4
4TŻ5,2025-11-18,nieobecność,2
4TŻ5,2025-11-24,nieob. uspr. p.s.,8
4TŻ5,2025-11-26,spóźnienie,3
4TŻ5,2025-12-01,nieobecność,3
4TŻ5,2025-12-02,nieob. uspraw.,21
4TŻ5,2025-12-09,nieob. uspr. p.s.,15
4TŻ5,2025-12-15,nieob. uspr. p.s.,15
4TŻ5,2025-12-16,nieobecność,4
4TŻ5,2026-01-07,nieob. uspr. p.s.,12
4TŻ5,2026-02-03,spóźnienie,2
4TŻ5,2026-02-04,nieob. uspr. p.s.,2
4TŻ5,2026-02-04,spóźnienie,4
4TŻ5,2026-02-04,nieobecność,7
4TŻ5,2026-02-05,nieob. uspr. p.s.,2
4TŻ5,2026-02-10,nieobecność,5
4TŻ5,2026-02-12,nieob. uspr. p.s.,15
4TŻ5,2026-02-13,nieobecność,5
4TŻ5,2026-02-13,nieob. uspr. p.s.,15
4TŻ5,2026-02-16,nieobecność,12
4TŻ5,2026-02-20,nieob. uspraw.,27
4TŻ5,2026-03-03,nieobecność,14
4TŻ5,2026-03-12,nieobecność,11
4TŻ5,2026-03-16,obecność,35
4TŻ5,2026-03-16,nieobecność,6
4TŻ5,2026-03-23,nieobecność,4
4TŻ5,2026-03-24,nieob. uspr. p.s.,10
4TŻ5,2026-03-26,spóźnienie,5
4TŻ5,2026-04-16,nieob. uspr. p.s.,3
4TŻ5,2026-04-23,nieob. uspr. p.s.,19
4TŻ5,2026-04-24,nieob. uspr. p.s.,21
4TŻ5,2026-05-21,nieob. uspr. p.s.,6
4TŻ5,2026-06-17,obecność,17
4TŻ5,2026-06-18,obecność,4
4TŻ5,2025-10-07,nieobecność,4
4TŻ5,2025-10-10,nieobecność,3
4TŻ5,2025-10-14,spóźnienie,2
4TŻ5,2025-10-20,nieob. uspraw.,21
4TŻ5,2025-10-21,nieob. uspraw.,12
4TŻ5,2025-10-22,nieob. uspraw.,20
4TŻ5,2025-11-06,nieob. uspr. p.s.,18
4TŻ5,2025-11-06,nieobecność,8
4TŻ5,2025-11-14,nieob. uspr. p.s.,16
4TŻ5,2025-11-25,spóźnienie,2
4TŻ5,2025-12-09,nieobecność,2
4TŻ5,2025-12-12,nieobecność,1
4TŻ5,2025-12-15,spóźnienie,1
4TŻ5,2025-12-16,nieob. uspr. p.s.,4
4TŻ5,2026-01-07,spóźnienie,1
4TŻ5,2026-01-08,spóźnienie,2
4TŻ5,2026-02-19,spóźnienie,3
4TŻ5,2026-02-23,nieob. uspr. p.s.,19
4TŻ5,2026-03-18,nieob. uspr. p.s.,17
4TŻ5,2026-03-23,spóźnienie,3
4TŻ5,2026-03-26,nieob. uspr. p.s.,14
4TŻ5,2026-04-27,spóźnienie,3
4TŻ5,2026-05-08,spóźnienie,3
4TŻ5,2026-05-11,spóźnienie,2
4TŻ5,2026-05-14,spóźnienie,2
4TŻ5,2026-05-20,nieob. uspraw.,31
4TŻ5,2026-05-26,spóźnienie,3
4TŻ5,2026-06-03,nieob. uspraw.,64
4TŻ5,2026-06-08,spóźnienie,1
4TŻ5,2025-10-07,spóźn. uspr.,1
4TŻ5,2025-10-14,spóźn. uspr.,1
4TŻ5,2025-10-14,nieob. uspraw.,16
4TŻ5,2025-10-20,spóźn. uspr.,3
4TŻ5,2025-11-04,spóźn. uspr.,1
4TŻ5,2025-11-06,spóźn. uspr.,2
4TŻ5,2025-11-17,nieob. uspraw.,11
4TŻ5,2025-11-17,spóźn. uspr.,1
4TŻ5,2025-11-19,nieob. uspr. p.s.,2
4TŻ5,2025-11-20,nieob. uspraw.,9
4TŻ5,2025-11-26,spóźn. uspr.,1
4TŻ5,2025-11-28,spóźn. uspr.,1
4TŻ5,2025-12-02,spóźn. uspr.,2
4TŻ5,2025-12-08,nieobecność,1
4TŻ5,2025-12-10,spóźn. uspr.,1
4TŻ5,2025-12-12,nieob. uspraw.,15
4TŻ5,2025-12-17,nieob. uspraw.,10
4TŻ5,2025-12-19,nieob. uspraw.,14
4TŻ5,2026-01-08,nieob. uspr. p.s.,12
4TŻ5,2026-01-13,nieob. uspraw.,23
4TŻ5,2026-01-16,nieob. uspr. p.s.,6
4TŻ5,2026-02-02,nieob. uspr. p.s.,8
4TŻ5,2026-02-03,nieob. uspraw.,15
4TŻ5,2026-02-03,spóźn. uspr.,2
4TŻ5,2026-02-04,spóźn. uspr.,1
4TŻ5,2026-02-05,spóźn. uspr.,1
4TŻ5,2026-02-05,nieob. uspraw.,9
4TŻ5,2026-02-06,nieob. uspraw.,11
4TŻ5,2026-02-06,spóźn. uspr.,1
4TŻ5,2026-02-09,spóźn. uspr.,1
4TŻ5,2026-02-09,nieob. uspraw.,18
4TŻ5,2026-02-10,nieob. uspr. p.s.,14
4TŻ5,2026-02-11,nieob. uspraw.,16
4TŻ5,2026-02-12,spóźn. uspr.,1
4TŻ5,2026-02-12,nieob. uspraw.,1
4TŻ5,2026-02-18,nieob. uspraw.,33
4TŻ5,2026-02-25,spóźn. uspr.,1
4TŻ5,2026-02-26,nieob. uspr. p.s.,18
4TŻ5,2026-03-03,nieob. uspr. p.s.,14
4TŻ5,2026-03-04,nieob. uspraw.,3
4TŻ5,2026-03-05,nieobecność,9
4TŻ5,2026-03-06,nieob. uspr. p.s.,14
4TŻ5,2026-03-13,nieob. uspraw.,16
4TŻ5,2026-03-17,obecność,56
4TŻ5,2026-03-20,nieob. uspraw.,37
4TŻ5,2026-03-25,spóźn. uspr.,1
4TŻ5,2026-03-25,nieob. uspraw.,6
4TŻ5,2026-03-27,nieobecność,5
4TŻ5,2026-04-09,nieob. uspraw.,8
4TŻ5,2026-04-10,nieob. uspraw.,25
4TŻ5,2026-04-17,nieob. uspraw.,10
4TŻ5,2026-04-20,nieob. uspraw.,6
4TŻ5,2026-04-22,spóźn. uspr.,2
4TŻ5,2026-04-24,nieob. uspraw.,31
4TŻ5,2026-04-27,spóźn. uspr.,1
4TŻ5,2026-04-28,nieob. uspraw.,35
4TŻ5,2026-04-29,nieob. uspraw.,26
4TŻ5,2026-05-06,nieob. uspraw.,28
4TŻ5,2026-05-07,nieob. uspraw.,25
4TŻ5,2026-05-08,nieob. uspraw.,21
4TŻ5,2026-05-15,spóźn. uspr.,1
4TŻ5,2026-05-21,nieob. uspraw.,18
4TŻ5,2026-05-27,spóźn. uspr.,1
4TŻ5,2026-06-08,nieob. uspraw.,42
4TŻ5,2026-06-10,nieob. uspraw.,35
4TŻ5,2026-06-19,nieob. uspraw.,14
4TŻ5,2025-10-01,nieobecność,2
4TŻ5,2025-10-02,nieobecność,2
4TŻ5,2025-10-14,nieobecność,2
4TŻ5,2025-10-21,nieobecność,3
4TŻ5,2025-11-19,nieobecność,2
4TŻ5,2026-02-20,nieobecność,16
4TŻ5,2026-02-25,spóźnienie,1
4TŻ5,2026-02-25,nieob. uspr. p.s.,17
4TŻ5,2026-03-13,nieobecność,4
4TŻ5,2026-04-15,nieobecność,7
4TŻ5,2026-04-23,nieobecność,2
4TŻ5,2026-05-12,nieobecność,5
4TŻ5,2026-05-21,nieobecność,6
4TŻ5,2026-06-11,spóźnienie,1
4TŻ5,2026-06-12,nieobecność,49
4TŻ5,2025-10-01,spóźnienie,1
4TŻ5,2025-10-16,nieobecność,3
4TŻ5,2026-01-13,nieob. uspr. p.s.,5
4TŻ5,2026-02-17,nieob. uspr. p.s.,12
4TŻ5,2026-03-02,nieob. uspr. p.s.,13
4TŻ5,2026-03-05,nieob. uspr. p.s.,14
4TŻ5,2026-03-27,nieob. uspraw.,4
4TŻ5,2026-03-30,nieobecność,2
4TŻ5,2026-04-13,nieob. uspraw.,18
4TŻ5,2026-04-27,nieob. uspraw.,14
4TŻ5,2025-10-28,nieobecność,1
4TŻ5,2025-11-24,nieob. uspraw.,12
4TŻ5,2025-11-28,nieobecność,4
4TŻ5,2026-02-26,nieobecność,9
4TŻ5,2026-03-04,spóźnienie,4
4TŻ5,2026-03-12,obecność,34
4TŻ5,2025-10-01,nieob. uspraw.,14
4TŻ5,2025-10-02,nieob. uspraw.,8
4TŻ5,2025-10-06,nieob. uspraw.,14
4TŻ5,2025-10-13,nieobecność,2
4TŻ5,2025-10-22,nieobecność,7
4TŻ5,2025-12-01,nieob. uspraw.,15
4TŻ5,2026-02-02,nieob. uspraw.,37
4TŻ5,2026-02-16,nieob. uspraw.,6
4TŻ5,2026-02-24,nieobecność,8
4TŻ5,2026-03-30,nieob. uspraw.,12
4TŻ5,2026-04-23,nieob. uspraw.,4
4TŻ5,2026-05-14,nieob. uspraw.,10
4TŻ5,2026-06-22,obecność,4
4TŻ5,2025-10-15,nieob. uspraw.,13
4TŻ5,2025-11-19,nieob. uspraw.,24
4TŻ5,2026-02-02,nieobecność,12
4TŻ5,2026-03-04,nieobecność,3
4TŻ5,2026-04-14,spóźnienie,1
4TŻ5,2026-04-17,spóźnienie,1
4TŻ5,2026-04-24,spóźnienie,1
4TŻ5,2026-05-12,nieob. uspraw.,11
4TŻ5,2025-10-02,spóźn. uspr.,2
4TŻ5,2025-11-12,nieob. uspr. p.s.,8
4TŻ5,2025-11-21,nieob. uspr. p.s.,14
4TŻ5,2025-11-25,nieob. uspr. p.s.,19
4TŻ5,2025-11-28,nieob. uspr. p.s.,21
4TŻ5,2025-12-08,nieob. uspr. p.s.,14
4TŻ5,2025-12-18,nieob. uspraw.,7
4TŻ5,2026-01-12,nieob. uspraw.,4
4TŻ5,2026-01-14,nieob. uspraw.,7
4TŻ5,2026-03-04,spóźn. uspr.,1
4TŻ5,2026-03-06,spóźn. uspr.,1
4TŻ5,2026-03-06,nieob. uspraw.,9
4TŻ5,2026-03-12,nieob. uspraw.,4
4TŻ5,2026-03-16,nieob. uspraw.,9
4TŻ5,2026-03-18,nieob. uspraw.,16
4TŻ5,2026-03-19,nieob. uspraw.,12
4TŻ5,2026-04-22,nieob. uspraw.,16
4TŻ5,2026-05-07,spóźnienie,2
4TŻ5,2026-05-13,nieob. uspraw.,13
4TŻ5,2026-05-15,nieob. uspraw.,12
4TŻ5,2025-10-08,nieob. uspr. p.s.,2
4TŻ5,2025-10-21,nieob. uspr. p.s.,8
4TŻ5,2025-10-27,nieob. uspr. p.s.,6
4TŻ5,2025-10-28,nieob. uspr. p.s.,5
4TŻ5,2025-11-20,nieob. uspr. p.s.,4
4TŻ5,2025-11-27,nieob. uspr. p.s.,7
4TŻ5,2025-12-05,nieob. uspr. p.s.,21
4TŻ5,2026-01-12,nieob. uspr. p.s.,3
4TŻ5,2026-02-19,nieob. uspr. p.s.,4
4TŻ5,2026-03-10,nieob. uspraw.,7
4TŻ5,2026-03-31,nieob. uspr. p.s.,12
4TŻ5,2026-04-01,nieob. uspr. p.s.,14
4TŻ5,2026-04-14,nieob. uspr. p.s.,14
4TŻ5,2026-04-20,nieob. uspr. p.s.,12
4TŻ5,2026-04-28,nieob. uspr. p.s.,14
4TŻ5,2026-04-29,nieob. uspr. p.s.,12
4TŻ5,2026-04-30,nieob. uspraw.,10
4TŻ5,2026-06-01,nieob. uspr. p.s.,1
4TŻ5,2026-06-02,nieob. uspraw.,14
4TŻ5,2026-06-18,nieob. uspr. p.s.,2
4TŻ5,2026-06-23,obecność,4
4TŻ5,2026-06-25,obecność,1
4TŻ5,2025-10-13,spóźnienie,1
4TŻ5,2025-10-29,nieobecność,6
4TŻ5,2025-11-03,nieob. uspr. p.s.,6
4TŻ5,2025-11-05,nieobecność,5
4TŻ5,2025-11-17,nieob. uspr. p.s.,14
4TŻ5,2025-11-18,nieob. uspr. p.s.,14
4TŻ5,2025-12-01,nieob. uspr. p.s.,14
4TŻ5,2025-12-12,nieob. uspr. p.s.,14
4TŻ5,2026-02-17,nieobecność,6
4TŻ5,2026-04-30,nieob. uspr. p.s.,7
4TŻ5,2026-05-07,nieob. uspr. p.s.,6
4TŻ5,2026-05-08,nieob. uspr. p.s.,6
4TŻ5,2025-12-15,nieobecność,1
4TŻ5,2026-03-06,spóźnienie,1
4TŻ5,2026-04-01,nieob. uspraw.,7
4TŻ5,2026-05-12,spóźn. uspr.,1
4TŻ5,2026-05-26,spóźn. uspr.,1
4TŻ5,2025-10-08,nieob. uspraw.,1
4TŻ5,2025-10-09,nieobecność,1
4TŻ5,2025-10-30,nieob. uspr. p.s.,3
4TŻ5,2025-11-12,nieobecność,3
4TŻ5,2026-04-08,nieob. uspraw.,8
4TŻ5,2026-04-29,spóźnienie,1
4TŻ5,2026-05-15,nieobecność,2
4TŻ5,2026-03-17,nieob. uspraw.,7
4TŻ5,2026-04-21,nieob. uspraw.,9
4TŻ5,2025-11-03,nieob. uspraw.,6
4TŻ5,2025-12-09,nieob. uspraw.,7
5RŻ5,2025-09-01,obecność,168
5RŻ5,2025-09-02,obecność,104
5RŻ5,2025-09-03,obecność,120
5RŻ5,2025-09-04,obecność,133
5RŻ5,2025-09-05,obecność,100
5RŻ5,2025-09-08,obecność,89
5RŻ5,2025-09-09,obecność,124
5RŻ5,2025-09-10,obecność,115
5RŻ5,2025-09-11,obecność,151
5RŻ5,2025-09-12,obecność,66
5RŻ5,2025-09-15,nieob. uspraw.,12
5RŻ5,2025-09-16,nieob. uspraw.,72
5RŻ5,2025-09-17,nieob. uspraw.,35
5RŻ5,2025-09-18,nieob. uspraw.,52
5RŻ5,2025-09-19,nieob. uspraw.,56
5RŻ5,2025-09-22,nieob. uspraw.,45
5RŻ5,2025-09-23,obecność,84
5RŻ5,2025-09-23,nieobecność,4
5RŻ5,2025-09-24,obecność,86
5RŻ5,2025-09-25,obecność,131
5RŻ5,2025-09-26,obecność,72
5RŻ5,2025-09-29,obecność,71
5RŻ5,2025-09-30,obecność,69
5RŻ5,2025-10-01,nieobecność,7
5RŻ5,2025-10-02,obecność,151
5RŻ5,2025-10-03,obecność,101
5RŻ5,2025-10-06,obecność,85
5RŻ5,2025-10-07,obecność,75
5RŻ5,2025-10-08,obecność,136
5RŻ5,2025-10-09,obecność,152
5RŻ5,2025-10-10,nieob. uspraw.,27
5RŻ5,2025-10-13,obecność,76
5RŻ5,2025-10-14,obecność,105
5RŻ5,2025-10-15,obecność,113
5RŻ5,2025-10-16,nieob. uspraw.,70
5RŻ5,2025-10-20,obecność,77
5RŻ5,2025-10-21,obecność,83
5RŻ5,2025-10-22,obecność,153
5RŻ5,2025-10-23,obecność,165
5RŻ5,2025-10-24,obecność,74
5RŻ5,2025-10-27,obecność,66
5RŻ5,2025-10-28,nieob. uspraw.,16
5RŻ5,2025-10-29,obecność,114
5RŻ5,2025-10-30,nieob. uspraw.,83
5RŻ5,2025-11-03,nieobecność,12
5RŻ5,2025-11-03,obecność,60
5RŻ5,2025-11-04,obecność,79
5RŻ5,2025-11-04,nieobecność,11
5RŻ5,2025-11-05,obecność,112
5RŻ5,2025-11-05,nieobecność,14
5RŻ5,2025-11-06,obecność,117
5RŻ5,2025-11-06,nieob. uspraw.,54
5RŻ5,2025-11-07,nieob. uspraw.,35
5RŻ5,2025-11-12,nieob. uspraw.,27
5RŻ5,2025-11-13,obecność,180
5RŻ5,2025-11-14,obecność,105
5RŻ5,2025-11-17,obecność,70
5RŻ5,2025-11-18,obecność,88
5RŻ5,2025-11-19,obecność,97
5RŻ5,2025-11-19,nieobecność,5
5RŻ5,2025-11-20,nieob. uspraw.,26
5RŻ5,2025-11-21,obecność,100
5RŻ5,2025-11-24,nieob. uspraw.,27
5RŻ5,2025-11-25,obecność,93
5RŻ5,2025-11-26,obecność,99
5RŻ5,2025-11-27,obecność,122
5RŻ5,2025-11-27,nieobecność,22
5RŻ5,2025-11-28,obecność,67
5RŻ5,2025-12-01,nieobecność,11
5RŻ5,2025-12-01,obecność,90
5RŻ5,2025-12-02,obecność,94
5RŻ5,2025-12-02,nieobecność,5
5RŻ5,2025-12-03,nieobecność,10
5RŻ5,2025-12-04,obecność,146
5RŻ5,2025-12-05,nieobecność,16
5RŻ5,2025-12-08,nieob. uspraw.,23
5RŻ5,2025-12-09,nieob. uspraw.,18
5RŻ5,2025-12-10,obecność,113
5RŻ5,2025-12-11,obecność,151
5RŻ5,2025-12-12,obecność,107
5RŻ5,2025-12-15,nieob. uspraw.,44
5RŻ5,2025-12-16,obecność,121
5RŻ5,2025-12-16,nieobecność,2
5RŻ5,2025-12-17,nieob. uspraw.,24
5RŻ5,2025-12-18,nieob. uspraw.,44
5RŻ5,2025-12-19,obecność,116
5RŻ5,2026-01-07,obecność,94
5RŻ5,2026-01-08,obecność,102
5RŻ5,2026-01-08,nieob. uspraw.,34
5RŻ5,2026-01-09,obecność,96
5RŻ5,2026-01-09,nieob. uspraw.,36
5RŻ5,2026-01-12,obecność,120
5RŻ5,2026-01-13,spóźnienie,3
5RŻ5,2026-01-13,obecność,56
5RŻ5,2026-01-14,nieob. uspraw.,39
5RŻ5,2026-01-15,nieob. uspraw.,91
5RŻ5,2026-01-16,nieob. uspraw.,107
5RŻ5,2026-02-02,nieob. uspraw.,55
5RŻ5,2026-02-03,nieob. uspraw.,55
5RŻ5,2026-02-04,nieob. uspraw.,47
5RŻ5,2026-02-05,nieob. uspraw.,26
5RŻ5,2026-02-06,nieob. uspraw.,25
5RŻ5,2026-02-09,obecność,100
5RŻ5,2026-02-10,obecność,136
5RŻ5,2026-02-11,obecność,120
5RŻ5,2026-02-11,nieob. uspraw.,20
5RŻ5,2026-02-12,obecność,90
5RŻ5,2026-02-13,obecność,61
5RŻ5,2026-02-13,nieobecność,10
5RŻ5,2026-02-16,obecność,68
5RŻ5,2026-02-16,nieobecność,8
5RŻ5,2026-02-17,obecność,121
5RŻ5,2026-02-17,nieobecność,6
5RŻ5,2026-02-18,obecność,120
5RŻ5,2026-02-19,obecność,74
5RŻ5,2026-02-19,nieobecność,4
5RŻ5,2026-02-20,obecność,44
5RŻ5,2026-02-23,obecność,87
5RŻ5,2026-02-24,nieobecność,5
5RŻ5,2026-02-24,obecność,114
5RŻ5,2026-02-25,nieobecność,6
5RŻ5,2026-02-25,obecność,116
5RŻ5,2026-02-26,obecność,83
5RŻ5,2026-02-27,obecność,61
5RŻ5,2026-02-27,nieobecność,3
5RŻ5,2026-03-02,nieob. uspraw.,36
5RŻ5,2026-03-03,obecność,111
5RŻ5,2026-03-04,obecność,97
5RŻ5,2026-03-04,nieob. uspraw.,59
5RŻ5,2026-03-05,obecność,91
5RŻ5,2026-03-05,nieobecność,2
5RŻ5,2026-03-06,obecność,48
5RŻ5,2026-03-06,nieobecność,6
5RŻ5,2026-03-09,obecność,100
5RŻ5,2026-03-09,nieobecność,1
5RŻ5,2026-03-10,obecność,121
5RŻ5,2026-03-11,obecność,139
5RŻ5,2026-03-11,nieobecność,3
5RŻ5,2026-03-11,spóźnienie,7
5RŻ5,2026-03-12,obecność,92
5RŻ5,2026-03-13,obecność,80
5RŻ5,2026-03-13,nieob. uspraw.,32
5RŻ5,2026-03-16,obecność,94
5RŻ5,2026-03-16,nieobecność,6
5RŻ5,2026-03-17,obecność,114
5RŻ5,2026-03-18,obecność,84
5RŻ5,2026-03-19,obecność,88
5RŻ5,2026-03-20,nieob. uspraw.,75
5RŻ5,2026-03-23,spóźnienie,6
5RŻ5,2026-03-23,obecność,80
5RŻ5,2026-03-24,obecność,110
5RŻ5,2026-03-24,spóźnienie,5
5RŻ5,2026-03-25,obecność,79
5RŻ5,2026-03-25,nieobecność,10
5RŻ5,2026-03-26,obecność,78
5RŻ5,2026-03-27,nieobecność,9
5RŻ5,2026-03-27,obecność,89
5RŻ5,2026-03-30,nieobecność,18
5RŻ5,2026-03-30,obecność,62
5RŻ5,2026-03-31,obecność,96
5RŻ5,2026-03-31,nieob. uspraw.,38
5RŻ5,2026-04-01,nieob. uspraw.,80
5RŻ5,2026-04-08,obecność,89
5RŻ5,2026-04-08,nieob. uspraw.,63
5RŻ5,2026-04-09,nieobecność,9
5RŻ5,2026-04-09,obecność,76
5RŻ5,2026-04-10,nieobecność,10
5RŻ5,2026-04-10,obecność,53
5RŻ5,2026-04-13,nieob. uspraw.,71
5RŻ5,2026-04-14,nieob. uspraw.,113
5RŻ5,2026-04-15,obecność,14
5RŻ5,2026-04-15,nieob. uspraw.,127
5RŻ5,2026-04-16,nieob. uspraw.,119
5RŻ5,2026-04-17,nieob. uspraw.,115
5RŻ5,2026-04-20,nieob. uspraw.,120
5RŻ5,2026-04-21,nieob. uspraw.,144
5RŻ5,2026-04-22,nieob. uspraw.,156
5RŻ5,2026-04-23,nieob. uspraw.,120
5RŻ5,2026-04-24,obecność,120
5RŻ5,2025-09-15,obecność,106
5RŻ5,2025-09-17,obecność,94
5RŻ5,2025-09-17,nieobecność,7
5RŻ5,2025-09-22,obecność,75
5RŻ5,2025-10-01,obecność,109
5RŻ5,2025-10-10,obecność,84
5RŻ5,2025-10-10,nieobecność,4
5RŻ5,2025-10-16,obecność,120
5RŻ5,2025-10-28,obecność,88
5RŻ5,2025-10-30,obecność,103
5RŻ5,2025-11-07,obecność,74
5RŻ5,2025-11-12,spóźnienie,12
5RŻ5,2025-11-12,obecność,111
5RŻ5,2025-11-18,nieobecność,1
5RŻ5,2025-11-20,obecność,155
5RŻ5,2025-11-24,obecność,76
5RŻ5,2025-12-03,obecność,117
5RŻ5,2025-12-08,obecność,43
5RŻ5,2025-12-09,obecność,36
5RŻ5,2025-12-09,nieob. uspr. p.s.,24
5RŻ5,2025-12-15,obecność,70
5RŻ5,2025-12-17,obecność,93
5RŻ5,2025-12-18,obecność,91
5RŻ5,2026-01-08,spóźnienie,7
5RŻ5,2026-01-14,obecność,74
5RŻ5,2026-02-04,obecność,104
5RŻ5,2026-02-05,obecność,89
5RŻ5,2026-02-06,obecność,91
5RŻ5,2026-02-17,nieob. uspraw.,17
5RŻ5,2026-03-02,obecność,84
5RŻ5,2026-03-13,nieobecność,4
5RŻ5,2026-03-31,nieobecność,10
5RŻ5,2026-04-13,obecność,42
5RŻ5,2026-04-13,nieobecność,7
5RŻ5,2026-04-14,obecność,25
5RŻ5,2025-09-02,nieobecność,1
5RŻ5,2025-09-04,spóźnienie,2
5RŻ5,2025-09-08,spóźnienie,2
5RŻ5,2025-09-10,nieobecność,4
5RŻ5,2025-09-16,nieobecność,4
5RŻ5,2025-09-16,obecność,41
5RŻ5,2025-09-17,spóźnienie,3
5RŻ5,2025-09-19,spóźnienie,2
5RŻ5,2025-09-19,obecność,60
5RŻ5,2025-09-24,nieobecność,1
5RŻ5,2025-09-29,nieobecność,3
5RŻ5,2025-09-29,spóźnienie,4
5RŻ5,2025-10-02,nieobecność,2
5RŻ5,2025-10-02,spóźnienie,2
5RŻ5,2025-10-07,nieobecność,2
5RŻ5,2025-10-09,spóźnienie,3
5RŻ5,2025-10-09,nieobecność,6
5RŻ5,2025-10-13,nieobecność,4
5RŻ5,2025-10-15,nieobecność,8
5RŻ5,2025-10-16,nieobecność,1
5RŻ5,2025-10-20,nieobecność,7
5RŻ5,2025-10-21,nieobecność,4
5RŻ5,2025-10-23,nieobecność,10
5RŻ5,2025-10-27,nieob. uspraw.,24
5RŻ5,2025-10-29,nieob. uspraw.,32
5RŻ5,2025-11-13,nieobecność,1
5RŻ5,2025-11-14,nieob. uspraw.,15
5RŻ5,2025-11-17,nieob. uspraw.,22
5RŻ5,2025-11-18,nieob. uspraw.,17
5RŻ5,2025-11-19,nieob. uspraw.,32
5RŻ5,2025-11-21,nieob. uspraw.,5
5RŻ5,2025-11-25,nieob. uspraw.,13
5RŻ5,2025-11-26,nieob. uspraw.,34
5RŻ5,2025-11-27,nieob. uspraw.,47
5RŻ5,2025-11-28,nieob. uspraw.,26
5RŻ5,2025-12-04,nieobecność,18
5RŻ5,2025-12-05,obecność,45
5RŻ5,2025-12-05,nieob. uspr. p.s.,4
5RŻ5,2025-12-08,nieobecność,15
5RŻ5,2025-12-16,nieob. uspr. p.s.,12
5RŻ5,2025-12-18,spóźnienie,2
5RŻ5,2025-12-19,nieob. uspraw.,16
5RŻ5,2026-01-07,nieob. uspraw.,24
5RŻ5,2026-01-13,nieob. uspraw.,58
5RŻ5,2026-01-14,spóźnienie,5
5RŻ5,2026-01-14,nieobecność,1
5RŻ5,2026-02-02,nieobecność,2
5RŻ5,2026-02-02,obecność,63
5RŻ5,2026-02-04,nieobecność,4
5RŻ5,2026-02-05,nieobecność,4
5RŻ5,2026-02-09,nieobecność,3
5RŻ5,2026-02-10,nieob. uspraw.,7
5RŻ5,2026-02-12,spóźnienie,2
5RŻ5,2026-02-13,nieob. uspraw.,49
5RŻ5,2026-02-16,nieob. uspraw.,44
5RŻ5,2026-02-18,nieob. uspraw.,29
5RŻ5,2026-02-19,spóźnienie,3
5RŻ5,2026-02-23,nieobecność,2
5RŻ5,2026-02-25,nieob. uspraw.,32
5RŻ5,2026-02-26,nieobecność,3
5RŻ5,2026-02-26,nieob. uspraw.,30
5RŻ5,2026-02-27,nieob. uspraw.,32
5RŻ5,2026-03-03,nieobecność,1
5RŻ5,2026-03-03,nieob. uspraw.,32
5RŻ5,2026-03-05,nieob. uspraw.,27
5RŻ5,2026-03-06,nieob. uspraw.,66
5RŻ5,2026-03-09,nieob. uspraw.,18
5RŻ5,2026-03-10,nieob. uspraw.,22
5RŻ5,2026-03-11,nieob. uspraw.,4
5RŻ5,2026-03-12,nieob. uspraw.,25
5RŻ5,2026-03-17,nieob. uspraw.,23
5RŻ5,2026-03-18,nieob. uspraw.,30
5RŻ5,2026-03-23,nieob. uspraw.,24
5RŻ5,2026-03-24,spóźn. uspr.,3
5RŻ5,2026-03-24,nieob. uspraw.,24
5RŻ5,2026-03-25,nieob. uspraw.,14
5RŻ5,2026-03-26,nieob. uspraw.,38
5RŻ5,2026-03-27,nieob. uspraw.,22
5RŻ5,2026-03-30,nieob. uspraw.,38
5RŻ5,2026-04-01,obecność,62
5RŻ5,2026-04-01,spóźnienie,4
5RŻ5,2026-04-01,nieobecność,8
5RŻ5,2026-04-09,spóźn. uspr.,2
5RŻ5,2026-04-09,nieob. uspraw.,31
5RŻ5,2026-04-10,nieob. uspraw.,57
5RŻ5,2026-04-14,spóźnienie,4
5RŻ5,2025-09-02,nieob. uspraw.,26
5RŻ5,2025-09-09,spóźnienie,1
5RŻ5,2025-09-23,spóźnienie,1
5RŻ5,2025-09-29,nieob. uspraw.,29
5RŻ5,2025-10-02,nieob. uspraw.,35
5RŻ5,2025-10-13,spóźnienie,1
5RŻ5,2025-10-29,nieobecność,8
5RŻ5,2025-11-03,nieob. uspraw.,29
5RŻ5,2025-11-04,spóźnienie,1
5RŻ5,2025-11-04,nieob. uspraw.,16
5RŻ5,2025-11-06,spóźnienie,1
5RŻ5,2025-11-13,spóźnienie,3
5RŻ5,2025-11-19,spóźnienie,8
5RŻ5,2025-11-26,spóźnienie,2
5RŻ5,2025-11-26,nieobecność,8
5RŻ5,2025-11-28,spóźnienie,1
5RŻ5,2025-12-02,nieob. uspraw.,5
5RŻ5,2025-12-15,nieobecność,2
5RŻ5,2025-12-15,spóźnienie,2
5RŻ5,2026-01-15,spóźnienie,1
5RŻ5,2026-02-03,obecność,88
5RŻ5,2026-02-09,spóźnienie,2
5RŻ5,2026-02-12,nieob. uspr. p.s.,3
5RŻ5,2026-02-12,nieobecność,7
5RŻ5,2026-02-18,spóźnienie,2
5RŻ5,2026-03-10,nieobecność,1
5RŻ5,2026-03-12,spóźnienie,1
5RŻ5,2026-03-16,spóźnienie,6
5RŻ5,2026-03-18,spóźnienie,3
5RŻ5,2026-04-08,spóźnienie,1
5RŻ5,2026-04-09,spóźnienie,2
5RŻ5,2026-04-16,spóźnienie,1
5RŻ5,2025-09-11,nieob. uspr. p.s.,4
5RŻ5,2025-09-12,nieob. uspr. p.s.,16
5RŻ5,2025-09-15,nieob. uspr. p.s.,2
5RŻ5,2025-09-16,nieob. uspr. p.s.,15
5RŻ5,2025-09-18,obecność,111
5RŻ5,2025-09-18,nieob. uspr. p.s.,2
5RŻ5,2025-09-25,nieob. uspraw.,37
5RŻ5,2025-09-26,nieob. uspraw.,24
5RŻ5,2025-10-01,nieob. uspr. p.s.,7
5RŻ5,2025-10-07,nieob. uspr. p.s.,20
5RŻ5,2025-10-08,nieob. uspr. p.s.,6
5RŻ5,2025-10-10,nieob. uspr. p.s.,5
5RŻ5,2025-10-13,nieob. uspr. p.s.,4
5RŻ5,2025-10-14,nieob. uspr. p.s.,3
5RŻ5,2025-10-14,zwolniony,2
5RŻ5,2025-10-15,nieob. uspr. p.s.,3
5RŻ5,2025-10-22,nieob. uspr. p.s.,8
5RŻ5,2025-10-27,nieob. uspr. p.s.,6
5RŻ5,2025-10-28,nieob. uspr. p.s.,3
5RŻ5,2025-10-30,nieob. uspr. p.s.,2
5RŻ5,2025-11-03,nieob. uspr. p.s.,7
5RŻ5,2025-11-05,nieob. uspraw.,28
5RŻ5,2025-11-07,nieob. uspr. p.s.,5
5RŻ5,2025-11-12,nieob. uspr. p.s.,2
5RŻ5,2025-11-19,nieob. uspr. p.s.,13
5RŻ5,2025-11-20,nieob. uspr. p.s.,2
5RŻ5,2025-11-26,nieob. uspr. p.s.,13
5RŻ5,2025-12-02,nieob. uspr. p.s.,2
5RŻ5,2025-12-03,nieob. uspr. p.s.,21
5RŻ5,2025-12-04,nieob. uspr. p.s.,2
5RŻ5,2025-12-10,nieob. uspr. p.s.,16
5RŻ5,2025-12-11,nieob. uspr. p.s.,3
5RŻ5,2025-12-15,nieob. uspr. p.s.,2
5RŻ5,2025-12-18,nieob. uspr. p.s.,7
5RŻ5,2026-01-13,nieobecność,3
5RŻ5,2026-01-15,nieobecność,4
5RŻ5,2026-02-19,nieob. uspraw.,37
5RŻ5,2026-02-20,nieob. uspraw.,52
5RŻ5,2026-03-09,nieob. uspr. p.s.,1
5RŻ5,2026-03-16,nieob. uspr. p.s.,1
5RŻ5,2026-03-17,nieob. uspr. p.s.,1
5RŻ5,2026-03-18,nieob. uspr. p.s.,31
5RŻ5,2026-03-19,nieob. uspr. p.s.,2
5RŻ5,2026-03-20,nieob. uspr. p.s.,45
5RŻ5,2026-03-23,nieob. uspr. p.s.,2
5RŻ5,2026-03-25,nieob. uspr. p.s.,28
5RŻ5,2026-03-30,nieob. uspr. p.s.,2
5RŻ5,2025-09-12,nieob. uspraw.,49
5RŻ5,2025-10-21,nieob. uspraw.,20
5RŻ5,2025-11-07,nauka zdalna,1
5RŻ5,2025-12-05,nieob. uspraw.,55
5RŻ5,2025-12-11,nieobecność,16
5RŻ5,2025-12-17,nieobecność,3
5RŻ5,2026-02-23,nieob. uspraw.,30
5RŻ5,2025-09-04,nieob. uspraw.,32
5RŻ5,2025-10-29,zwolniony,1
5RŻ5,2025-12-03,zwolniony,1
5RŻ5,2026-04-14,nieobecność,2
5RŻ5,2026-04-15,spóźnienie,2
5RŻ5,2025-09-05,nieob. uspr. p.s.,2
5RŻ5,2025-09-08,nieob. uspraw.,26
5RŻ5,2025-09-23,nieob. uspraw.,42
5RŻ5,2025-09-30,nieob. uspr. p.s.,1
5RŻ5,2025-10-22,nieob. uspraw.,10
5RŻ5,2025-11-17,nieob. uspr. p.s.,14
5RŻ5,2025-12-04,nieob. uspraw.,26
5RŻ5,2025-12-08,nieob. uspr. p.s.,3
5RŻ5,2025-12-11,nieob. uspraw.,9
5RŻ5,2025-12-12,spóźn. uspr.,1
5RŻ5,2026-03-11,spóźn. uspr.,2
5RŻ5,2026-03-16,nieob. uspraw.,12
5RŻ5,2025-09-24,nieob. uspraw.,33
5RŻ5,2025-09-29,spóźn. uspr.,1
5RŻ5,2025-10-01,nieob. uspraw.,37
5RŻ5,2025-10-06,nieob. uspraw.,21
5RŻ5,2025-10-13,nieob. uspraw.,23
5RŻ5,2025-10-15,nieob. uspraw.,19
5RŻ5,2025-10-20,nieob. uspraw.,24
5RŻ5,2025-10-24,nieob. uspraw.,29
5RŻ5,2025-10-29,spóźn. uspr.,1
5RŻ5,2025-11-05,spóźn. uspr.,2
5RŻ5,2025-11-12,spóźn. uspr.,2
5RŻ5,2025-11-13,nieob. uspraw.,8
5RŻ5,2025-11-28,spóźn. uspr.,1
5RŻ5,2025-12-01,nieob. uspraw.,7
5RŻ5,2025-12-03,spóźn. uspr.,2
5RŻ5,2025-12-16,nieob. uspraw.,7
5RŻ5,2026-02-06,spóźn. uspr.,1
5RŻ5,2026-02-09,nieob. uspraw.,15
5RŻ5,2026-02-12,nieob. uspraw.,17
5RŻ5,2026-02-12,spóźn. uspr.,1
5RŻ5,2026-02-19,spóźn. uspr.,2
5RŻ5,2026-02-24,nieob. uspraw.,25
5RŻ5,2026-03-17,spóźn. uspr.,1
5RŻ5,2026-03-18,spóźn. uspr.,1
5RŻ5,2026-03-19,nieob. uspraw.,21
5RŻ5,2026-04-01,spóźn. uspr.,1
5RŻ5,2025-09-05,nieob. uspraw.,29
5RŻ5,2025-10-14,nieob. uspraw.,10
5RŻ5,2025-11-28,nieobecność,25
5RŻ5,2025-12-10,nieobecność,13
5RŻ5,2026-01-16,nieobecność,1
5RŻ5,2025-09-05,nieobecność,1
5RŻ5,2025-09-09,nieob. uspraw.,5
5RŻ5,2025-09-10,nieob. uspraw.,20
5RŻ5,2025-09-12,nieobecność,1
5RŻ5,2025-09-30,nieob. uspraw.,13
5RŻ5,2025-10-03,nieob. uspraw.,18
5RŻ5,2025-10-07,nieob. uspraw.,10
5RŻ5,2025-10-08,nieob. uspraw.,21
5RŻ5,2025-10-09,nieob. uspraw.,31
5RŻ5,2025-10-22,nieobecność,3
5RŻ5,2025-11-12,nieobecność,2
5RŻ5,2025-11-17,nieobecność,2
5RŻ5,2025-11-21,nieobecność,15
5RŻ5,2025-12-12,nieobecność,2
5RŻ5,2026-01-07,nieobecność,2
5RŻ5,2026-01-08,nieobecność,1
5RŻ5,2026-02-06,spóźnienie,1
5RŻ5,2026-03-12,nieobecność,2
5RŻ5,2026-03-17,nieobecność,3
5RŻ5,2026-03-17,spóźnienie,2
5RŻ5,2026-03-18,nieobecność,6
5RŻ5,2026-03-23,nieobecność,7
5RŻ5,2026-03-26,spóźnienie,1
5RŻ5,2026-03-26,nieobecność,3
5RŻ5,2026-04-08,nieobecność,1
5RŻ5,2025-10-01,spóźn. uspr.,3
5RŻ5,2025-10-02,spóźn. uspr.,2
5RŻ5,2025-12-03,nieob. uspraw.,5
5RŻ5,2025-12-12,nieob. uspraw.,10
5RŻ5,2025-09-02,zwolniony,1
5RŻ5,2025-09-04,nieob. uspr. p.s.,1
5RŻ5,2025-09-09,zwolniony,1
5RŻ5,2025-09-23,zwolniony,1
5RŻ5,2025-09-30,zwolniony,1
5RŻ5,2025-10-07,zwolniony,1
5RŻ5,2025-10-21,zwolniony,1
5RŻ5,2025-10-28,zwolniony,1
5RŻ5,2025-11-04,zwolniony,1
5RŻ5,2025-11-18,zwolniony,1
5RŻ5,2025-11-25,zwolniony,2
5RŻ5,2025-12-02,zwolniony,2
5RŻ5,2026-02-04,zwolniony,1
5RŻ5,2026-02-11,zwolniony,1
5RŻ5,2026-02-18,zwolniony,1
5RŻ5,2026-02-25,zwolniony,1
5RŻ5,2026-03-11,zwolniony,1
5RŻ5,2026-03-13,nieob. uspr. p.s.,4
5RŻ5,2026-03-18,zwolniony,1
5RŻ5,2026-03-25,zwolniony,1
5RŻ5,2026-04-01,zwolniony,1
5RŻ5,2026-04-08,zwolniony,1
5RŻ5,2025-09-03,nieob. uspraw.,19
5RŻ5,2025-09-11,nieob. uspraw.,13
5RŻ5,2025-09-18,nieobecność,3
5RŻ5,2025-09-19,nieobecność,2
5RŻ5,2025-10-03,nieobecność,1
5RŻ5,2025-11-24,nieobecność,4
5RŻ5,2025-12-09,nieobecność,6
5RŻ5,2025-12-16,spóźnienie,1
5RŻ5,2026-02-03,nieobecność,1
5RŻ5,2026-02-06,nieobecność,2
5RŻ5,2026-02-11,nieobecność,3
5RŻ5,2026-03-19,nieobecność,9
5RŻ5,2025-11-06,nieobecność,8
5RŻ5,2025-12-10,nieob. uspraw.,13
5RŻ5,2025-09-08,spóźn. uspr.,1
5RŻ5,2025-10-16,spóźn. uspr.,1
5RŻ5,2025-10-23,nieob. uspraw.,17
5RŻ5,2025-11-24,spóźn. uspr.,1
5RŻ5,2025-11-27,spóźn. uspr.,1
5RŻ5,2025-12-10,spóźn. uspr.,1
5RŻ5,2025-12-11,spóźn. uspr.,1
5RŻ5,2025-12-16,spóźn. uspr.,1
5RŻ5,2026-02-05,spóźn. uspr.,1
5RŻ5,2026-02-10,spóźn. uspr.,1
5RŻ5,2026-02-25,spóźn. uspr.,1
5RŻ5,2026-03-16,spóźn. uspr.,1
5RŻ5,2026-03-23,spóźn. uspr.,1
5RŻ5,2026-04-08,spóźn. uspr.,1
5RŻ5,2025-11-20,nieobecność,9
5RŻ5,2026-01-14,spóźn. uspr.,1
5RŻ5,2026-02-18,nieobecność,4
5RŻ5,2026-02-23,spóźnienie,1
5RŻ5,2025-11-19,spóźn. uspr.,1
5RŻ5,2026-04-15,nieobecność,1
5RŻ5,2026-02-26,nieob. uspr. p.s.,4
5RŻ5,2026-04-17,nieob. uspr. p.s.,5
5RŻ5,2025-10-06,zwolniony,1
5RŻ5,2025-10-15,zwolniony,1
5RŻ5,2025-10-22,zwolniony,1
5RŻ5,2026-03-24,nieobecność,2
5RŻ5,2025-10-06,nieobecność,1
5RŻ5,2025-09-08,nieobecność,2
5RŻ5,2025-10-24,nieobecność,5
5RŻ5,2025-10-30,nieobecność,4
5RŻ5,2025-11-07,nieobecność,5
5RŻ5,2025-09-09,spóźn. uspr.,1
5RŻ5,2025-11-18,spóźn. uspr.,1
5TM5,2025-09-01,obecność,184
5TM5,2025-09-02,obecność,90
5TM5,2025-09-03,nieob. uspraw.,15
5TM5,2025-09-04,nieob. uspraw.,5
5TM5,2025-09-05,nieob. uspraw.,22
5TM5,2025-09-08,nieob. uspraw.,21
5TM5,2025-09-09,obecność,83
5TM5,2025-09-10,nieob. uspraw.,10
5TM5,2025-09-11,obecność,84
5TM5,2025-09-11,spóźnienie,13
5TM5,2025-09-12,nieob. uspraw.,21
5TM5,2025-09-15,obecność,80
5TM5,2025-09-15,nieobecność,44
5TM5,2025-09-16,obecność,109
5TM5,2025-09-17,nieob. uspraw.,10
5TM5,2025-09-18,nieob. uspraw.,16
5TM5,2025-09-19,nieobecność,59
5TM5,2025-09-19,obecność,31
5TM5,2025-09-22,nieob. uspraw.,23
5TM5,2025-09-22,obecność,75
5TM5,2025-09-23,nieob. uspraw.,25
5TM5,2025-09-24,nieob. uspraw.,20
5TM5,2025-09-25,nieob. uspraw.,15
5TM5,2025-09-26,obecność,94
5TM5,2025-09-29,obecność,106
5TM5,2025-09-29,nieobecność,66
5TM5,2025-09-30,obecność,86
5TM5,2025-10-01,obecność,45
5TM5,2025-10-01,nieobecność,21
5TM5,2025-10-02,obecność,89
5TM5,2025-10-03,nieobecność,36
5TM5,2025-10-06,obecność,103
5TM5,2025-10-06,nieobecność,58
5TM5,2025-10-07,obecność,94
5TM5,2025-10-08,obecność,92
5TM5,2025-10-09,obecność,94
5TM5,2025-10-09,nieobecność,15
5TM5,2025-10-10,obecność,98
5TM5,2025-10-13,nieobecność,49
5TM5,2025-10-14,obecność,93
5TM5,2025-10-14,nieobecność,23
5TM5,2025-10-15,obecność,62
5TM5,2025-10-16,obecność,101
5TM5,2025-10-20,obecność,115
5TM5,2025-10-20,nieobecność,53
5TM5,2025-10-21,obecność,72
5TM5,2025-10-22,obecność,96
5TM5,2025-10-23,obecność,90
5TM5,2025-10-23,nieobecność,4
5TM5,2025-10-24,obecność,107
5TM5,2025-10-27,obecność,119
5TM5,2025-10-27,nieobecność,45
5TM5,2025-10-27,spóźnienie,10
5TM5,2025-10-28,obecność,75
5TM5,2025-10-28,spóźnienie,1
5TM5,2025-10-29,obecność,69
5TM5,2025-10-29,nieobecność,5
5TM5,2025-10-30,nieobecność,10
5TM5,2025-10-30,obecność,96
5TM5,2025-11-03,nieobecność,55
5TM5,2025-11-03,obecność,115
5TM5,2025-11-04,obecność,98
5TM5,2025-11-05,obecność,97
5TM5,2025-11-06,obecność,85
5TM5,2025-11-06,nieobecność,9
5TM5,2025-11-07,obecność,93
5TM5,2025-11-12,nieob. uspr. p.s.,26
5TM5,2025-11-13,nieob. uspr. p.s.,26
5TM5,2025-11-14,nieob. uspr. p.s.,30
5TM5,2025-11-17,obecność,120
5TM5,2025-11-17,nieobecność,36
5TM5,2025-11-18,obecność,101
5TM5,2025-11-18,nieobecność,9
5TM5,2025-11-19,obecność,81
5TM5,2025-11-19,nieobecność,17
5TM5,2025-11-20,obecność,67
5TM5,2025-11-20,spóźnienie,4
5TM5,2025-11-20,nieobecność,9
5TM5,2025-11-21,obecność,63
5TM5,2025-11-21,nieobecność,21
5TM5,2025-11-24,obecność,114
5TM5,2025-11-24,nieobecność,47
5TM5,2025-11-25,obecność,95
5TM5,2025-11-26,obecność,104
5TM5,2025-11-27,obecność,93
5TM5,2025-11-27,spóźnienie,6
5TM5,2025-11-28,obecność,100
5TM5,2025-11-28,spóźnienie,3
5TM5,2025-12-01,obecność,128
5TM5,2025-12-01,nieobecność,32
5TM5,2025-12-02,obecność,90
5TM5,2025-12-02,nieobecność,21
5TM5,2025-12-03,obecność,92
5TM5,2025-12-03,nieobecność,19
5TM5,2025-12-04,obecność,62
5TM5,2025-12-05,obecność,91
5TM5,2025-12-05,nieobecność,31
5TM5,2025-12-08,obecność,102
5TM5,2025-12-08,nieobecność,57
5TM5,2025-12-09,obecność,78
5TM5,2025-12-09,nieobecność,32
5TM5,2025-12-10,obecność,62
5TM5,2025-12-10,nieobecność,47
5TM5,2025-12-11,nieobecność,45
5TM5,2025-12-12,nieobecność,69
5TM5,2025-12-15,obecność,73
5TM5,2025-12-16,obecność,104
5TM5,2025-12-16,nieobecność,34
5TM5,2025-12-17,obecność,104
5TM5,2025-12-17,nieobecność,26
5TM5,2025-12-18,nieobecność,51
5TM5,2025-12-18,obecność,79
5TM5,2025-12-19,nieobecność,90
5TM5,2026-01-07,obecność,85
5TM5,2026-01-07,nieobecność,45
5TM5,2026-01-08,nieobecność,23
5TM5,2026-01-08,spóźnienie,4
5TM5,2026-01-08,obecność,65
5TM5,2026-01-09,obecność,115
5TM5,2026-01-13,obecność,39
5TM5,2026-01-13,nieobecność,51
5TM5,2026-01-14,obecność,54
5TM5,2026-01-14,nieobecność,34
5TM5,2026-01-15,nieobecność,66
5TM5,2026-01-16,nieobecność,83
5TM5,2026-02-02,obecność,11
5TM5,2026-02-02,nieobecność,89
5TM5,2026-02-03,obecność,29
5TM5,2026-02-04,nieobecność,32
5TM5,2026-02-05,obecność,72
5TM5,2026-02-06,obecność,44
5TM5,2026-02-06,nieobecność,52
5TM5,2026-02-09,obecność,103
5TM5,2026-02-10,obecność,97
5TM5,2026-02-10,nieobecność,27
5TM5,2026-02-11,obecność,86
5TM5,2026-02-12,obecność,78
5TM5,2026-02-13,obecność,77
5TM5,2026-02-13,nieobecność,44
5TM5,2026-02-16,obecność,87
5TM5,2026-02-17,obecność,117
5TM5,2026-02-17,nieobecność,19
5TM5,2026-02-18,nieobecność,29
5TM5,2026-02-18,obecność,78
5TM5,2026-02-19,obecność,82
5TM5,2026-02-19,nieobecność,28
5TM5,2026-02-20,obecność,76
5TM5,2026-02-20,nieobecność,34
5TM5,2026-02-23,nieobecność,36
5TM5,2026-02-23,zwolniony,22
5TM5,2026-02-24,obecność,94
5TM5,2026-02-24,spóźnienie,5
5TM5,2026-02-25,obecność,75
5TM5,2026-02-25,nieobecność,32
5TM5,2026-02-25,spóźnienie,3
5TM5,2026-02-26,obecność,57
5TM5,2026-02-26,nieobecność,45
5TM5,2026-02-26,nieob. uspr. p.s.,8
5TM5,2026-02-27,obecność,74
5TM5,2026-02-27,nieobecność,33
5TM5,2026-03-02,obecność,105
5TM5,2026-03-03,obecność,118
5TM5,2026-03-03,nieobecność,25
5TM5,2026-03-04,nieobecność,19
5TM5,2026-03-04,obecność,94
5TM5,2026-03-05,obecność,85
5TM5,2026-03-05,nieobecność,28
5TM5,2026-03-06,obecność,67
5TM5,2026-03-06,nieobecność,62
5TM5,2026-03-09,obecność,74
5TM5,2026-03-09,nieobecność,57
5TM5,2026-03-10,obecność,84
5TM5,2026-03-11,obecność,66
5TM5,2026-03-11,nieobecność,40
5TM5,2026-03-12,nieob. uspraw.,5
5TM5,2026-03-13,nieob. uspraw.,18
5TM5,2026-03-13,obecność,79
5TM5,2026-03-16,obecność,97
5TM5,2026-03-16,nieobecność,26
5TM5,2026-03-17,obecność,116
5TM5,2026-03-17,nieobecność,27
5TM5,2026-03-18,obecność,81
5TM5,2026-03-18,nieobecność,28
5TM5,2026-03-19,obecność,66
5TM5,2026-03-19,nieobecność,32
5TM5,2026-03-20,nieobecność,65
5TM5,2026-03-23,obecność,81
5TM5,2026-03-23,nieobecność,46
5TM5,2026-03-24,obecność,104
5TM5,2026-03-24,nieobecność,39
5TM5,2026-03-25,nieobecność,42
5TM5,2026-03-25,nieob. uspr. p.s.,20
5TM5,2026-03-26,obecność,60
5TM5,2026-03-26,nieobecność,41
5TM5,2026-03-27,obecność,71
5TM5,2026-03-27,nieobecność,60
5TM5,2026-03-30,obecność,58
5TM5,2026-03-30,nieobecność,55
5TM5,2026-03-31,obecność,58
5TM5,2026-03-31,spóźnienie,1
5TM5,2026-03-31,nieobecność,71
5TM5,2026-04-01,obecność,36
5TM5,2026-04-01,spóźnienie,2
5TM5,2026-04-01,nieobecność,62
5TM5,2026-04-08,nieobecność,85
5TM5,2026-04-09,nieobecność,95
5TM5,2026-04-10,nieobecność,75
5TM5,2026-04-10,obecność,5
5TM5,2026-04-13,spóźnienie,3
5TM5,2026-04-13,nieobecność,110
5TM5,2026-04-14,nieobecność,123
5TM5,2026-04-15,nieobecność,100
5TM5,2026-04-16,nieobecność,99
5TM5,2026-04-17,nieobecność,114
5TM5,2026-04-20,nieobecność,132
5TM5,2026-04-21,nieobecność,137
5TM5,2026-04-22,nieobecność,109
5TM5,2026-04-23,nieobecność,110
5TM5,2026-04-24,nieobecność,69
5TM5,2026-04-24,obecność,69
5TM5,2025-09-02,nieobecność,15
5TM5,2025-09-03,obecność,98
5TM5,2025-09-04,nieobecność,2
5TM5,2025-09-04,obecność,94
5TM5,2025-09-04,spóźnienie,4
5TM5,2025-09-05,obecność,81
5TM5,2025-09-05,nieobecność,34
5TM5,2025-09-08,spóźnienie,11
5TM5,2025-09-08,obecność,93
5TM5,2025-09-09,nieobecność,22
5TM5,2025-09-10,nieobecność,19
5TM5,2025-09-11,nieobecność,17
5TM5,2025-09-12,nieobecność,54
5TM5,2025-09-12,obecność,82
5TM5,2025-09-17,obecność,74
5TM5,2025-09-18,obecność,51
5TM5,2025-09-18,nieobecność,18
5TM5,2025-09-22,spóźnienie,14
5TM5,2025-09-22,nieobecność,55
5TM5,2025-09-23,nieobecność,26
5TM5,2025-09-24,nieobecność,32
5TM5,2025-09-25,nieobecność,26
5TM5,2025-09-30,spóźnienie,3
5TM5,2025-10-02,spóźnienie,5
5TM5,2025-10-08,nieobecność,20
5TM5,2025-10-10,nieobecność,34
5TM5,2025-10-13,spóźnienie,18
5TM5,2025-10-13,obecność,73
5TM5,2025-10-15,nieobecność,30
5TM5,2025-10-16,nieobecność,7
5TM5,2025-10-20,spóźnienie,10
5TM5,2025-10-21,spóźnienie,4
5TM5,2025-10-21,nieobecność,34
5TM5,2025-10-22,nieobecność,19
5TM5,2025-10-23,spóźnienie,8
5TM5,2025-10-24,nieobecność,23
5TM5,2025-10-28,nieobecność,3
5TM5,2025-11-04,nieobecność,11
5TM5,2025-11-05,spóźnienie,1
5TM5,2025-11-07,nieobecność,26
5TM5,2025-11-12,nieobecność,27
5TM5,2025-11-12,obecność,55
5TM5,2025-11-13,spóźnienie,7
5TM5,2025-11-13,obecność,51
5TM5,2025-11-13,nieobecność,31
5TM5,2025-11-14,nieobecność,41
5TM5,2025-11-14,obecność,56
5TM5,2025-11-25,nieobecność,17
5TM5,2025-11-26,nieobecność,6
5TM5,2025-11-28,nieobecność,25
5TM5,2025-12-03,spóźnienie,4
5TM5,2025-12-04,nieobecność,18
5TM5,2025-12-08,spóźnienie,3
5TM5,2025-12-11,obecność,53
5TM5,2025-12-12,obecność,49
5TM5,2025-12-15,nieobecność,31
5TM5,2025-12-16,spóźnienie,6
5TM5,2025-12-17,spóźnienie,3
5TM5,2025-12-19,obecność,5
5TM5,2026-01-07,spóźnienie,2
5TM5,2026-02-03,nieobecność,69
5TM5,2026-02-05,nieobecność,33
5TM5,2026-02-09,nieobecność,28
5TM5,2026-02-11,nieobecność,23
5TM5,2026-02-12,spóźnienie,2
5TM5,2026-02-16,nieobecność,31
5TM5,2026-02-19,spóźnienie,4
5TM5,2026-02-23,obecność,63
5TM5,2026-02-24,nieobecność,25
5TM5,2026-02-27,spóźnienie,3
5TM5,2026-03-02,nieobecność,29
5TM5,2026-03-10,nieobecność,56
5TM5,2026-03-12,nieobecność,26
5TM5,2026-03-13,nieobecność,40
5TM5,2026-03-20,obecność,42
5TM5,2026-03-25,obecność,38
5TM5,2026-04-08,obecność,17
5TM5,2026-04-17,nieob. uspr. p.s.,6
5TM5,2025-09-08,nieobecność,32
5TM5,2025-09-10,obecność,78
5TM5,2025-09-23,obecność,39
5TM5,2025-09-24,obecność,63
5TM5,2025-09-25,obecność,72
5TM5,2025-10-03,obecność,76
5TM5,2026-02-04,obecność,73
5TM5,2026-02-12,nieobecność,29
5TM5,2026-02-16,nieob. uspraw.,18
5TM5,2026-02-17,nieob. uspraw.,8
5TM5,2026-02-18,nieob. uspraw.,5
5TM5,2026-02-20,nieob. uspraw.,5
5TM5,2026-03-12,obecność,83
5TM5,2026-03-16,nieob. uspraw.,15
5TM5,2026-03-18,nieob. uspraw.,6
5TM5,2026-03-19,nieob. uspraw.,16
5TM5,2026-03-20,nieob. uspraw.,18
5TM5,2026-03-25,nieob. uspraw.,15
5TM5,2026-03-30,spóźnienie,1
5TM5,2026-04-13,obecność,8
5TM5,2025-09-05,spóźnienie,6
5TM5,2025-09-15,spóźnienie,9
5TM5,2025-09-17,nieobecność,27
5TM5,2025-09-26,nieobecność,46
5TM5,2025-09-30,nieobecność,22
5TM5,2025-10-02,nieobecność,16
5TM5,2025-10-08,spóźnienie,2
5TM5,2025-10-29,spóźnienie,1
5TM5,2025-11-05,nieobecność,12
5TM5,2025-11-06,spóźnienie,5
5TM5,2025-11-27,nieobecność,16
5TM5,2025-12-01,spóźnienie,5
5TM5,2025-12-05,spóźnienie,2
5TM5,2025-12-09,spóźnienie,1
5TM5,2025-12-15,spóźnienie,2
5TM5,2025-09-02,nieob. uspraw.,10
5TM5,2025-12-04,nieob. uspraw.,11
5TM5,2026-01-16,obecność,14
5TM5,2026-02-06,nieob. uspraw.,42
5TM5,2026-03-30,nieob. uspraw.,18
5TM5,2025-09-19,nieob. uspraw.,44
5TM5,2025-09-29,nieob. uspraw.,11
5TM5,2025-10-20,nieob. uspraw.,6
5TM5,2025-10-21,nieob. uspraw.,5
5TM5,2025-10-28,nieob. uspraw.,13
5TM5,2025-11-03,nieob. uspraw.,10
5TM5,2025-11-06,nieob. uspraw.,15
5TM5,2025-11-07,nieob. uspraw.,12
5TM5,2025-11-12,nieob. uspraw.,5
5TM5,2025-11-25,nieob. uspraw.,1
5TM5,2025-11-26,nieob. uspraw.,5
5TM5,2025-11-28,nieob. uspraw.,9
5TM5,2025-12-08,nieob. uspraw.,2
5TM5,2025-12-11,nieob. uspraw.,15
5TM5,2025-12-12,nieob. uspraw.,17
5TM5,2025-12-18,nieob. uspraw.,8
5TM5,2025-12-19,nieob. uspraw.,20
5TM5,2026-01-13,nieob. uspraw.,7
5TM5,2026-01-15,nieob. uspraw.,20
5TM5,2026-01-16,nieob. uspraw.,18
5TM5,2026-02-02,nieob. uspraw.,38
5TM5,2026-02-03,nieob. uspraw.,46
5TM5,2026-02-12,nieob. uspraw.,6
5TM5,2026-02-13,nieob. uspraw.,12
5TM5,2026-02-19,nieob. uspraw.,1
5TM5,2026-02-27,nieob. uspraw.,5
5TM5,2026-03-04,nieob. uspraw.,2
5TM5,2026-03-05,nieob. uspraw.,2
5TM5,2026-03-06,nieob. uspraw.,9
5TM5,2026-03-11,nieob. uspraw.,2
5TM5,2026-03-26,nieob. uspraw.,13
5TM5,2026-03-31,nieob. uspraw.,14
5TM5,2026-04-01,nieob. uspraw.,15
5TM5,2026-04-08,nieob. uspraw.,13
5TM5,2026-04-09,nieob. uspraw.,15
5TM5,2026-04-10,nieob. uspraw.,12
5TM5,2026-04-13,nieob. uspraw.,17
5TM5,2026-04-14,nieob. uspraw.,21
5TM5,2026-04-15,nieob. uspraw.,14
5TM5,2026-04-16,nieob. uspraw.,15
5TM5,2026-04-17,nieob. uspraw.,18
5TM5,2025-09-10,spóźnienie,8
5TM5,2025-10-07,nieobecność,10
5TM5,2025-11-19,spóźnienie,2
5TM5,2025-11-20,nieob. uspr. p.s.,30
5TM5,2025-11-21,nieob. uspr. p.s.,36
5TM5,2025-11-24,spóźnienie,7
5TM5,2025-11-25,spóźnienie,2
5TM5,2025-12-11,spóźnienie,2
5TM5,2026-02-04,spóźnienie,3
5TM5,2026-02-09,spóźnienie,5
5TM5,2026-03-11,spóźnienie,6
5TM5,2025-09-09,nieob. uspraw.,9
5TM5,2025-09-15,nieob. uspraw.,17
5TM5,2025-09-16,nieob. uspraw.,6
5TM5,2025-09-17,spóźnienie,4
5TM5,2025-09-26,nieob. uspraw.,21
5TM5,2025-10-01,nieob. uspraw.,24
5TM5,2025-10-02,nieob. uspraw.,5
5TM5,2025-10-03,nieob. uspraw.,24
5TM5,2025-10-09,spóźnienie,6
5TM5,2025-10-13,nieob. uspraw.,14
5TM5,2025-10-14,nieob. uspraw.,12
5TM5,2025-10-15,nieob. uspraw.,20
5TM5,2025-10-27,nieob. uspraw.,10
5TM5,2025-10-29,nieob. uspraw.,16
5TM5,2025-11-17,spóźnienie,4
5TM5,2026-02-04,nieob. uspraw.,7
5TM5,2026-02-05,nieob. uspraw.,10
5TM5,2026-02-09,nieob. uspraw.,2
5TM5,2026-02-10,spóźnienie,6
5TM5,2026-02-10,nieob. uspraw.,8
5TM5,2026-03-02,spóźnienie,3
5TM5,2026-03-17,nieob. uspraw.,1
5TM5,2025-09-22,nieob. uspr. p.s.,6
5TM5,2025-12-09,nieob. uspr. p.s.,4
5TM5,2025-12-12,spóźnienie,3
5TM5,2026-03-12,spóźnienie,1
5TM5,2026-03-20,spóźnienie,2
5TM5,2026-03-23,spóźnienie,2
5TM5,2026-03-10,spóźnienie,3
5TM5,2025-09-25,spóźnienie,2
5TM5,2025-10-06,spóźnienie,11
5TM5,2025-10-07,nieob. uspraw.,5
5TM5,2025-10-14,spóźnienie,2
5TM5,2025-10-16,spóźnienie,2
5TM5,2025-10-23,nieob. uspraw.,12
5TM5,2025-10-30,nieob. uspraw.,5
5TM5,2025-11-03,spóźnienie,2
5TM5,2025-11-04,nieob. uspraw.,5
5TM5,2025-11-05,nieob. uspraw.,5
5TM5,2025-11-07,spóźnienie,3
5TM5,2025-12-04,spóźnienie,1
5TM5,2025-12-10,spóźnienie,1
5TM5,2026-02-11,spóźnienie,5
5TM5,2026-02-16,spóźnienie,2
5TM5,2026-02-18,spóźnienie,3
5TM5,2026-03-03,nieob. uspraw.,1
5TM5,2025-10-30,spóźnienie,3
5TM5,2025-09-03,nieobecność,2
5TM5,2025-09-09,spóźnienie,1
5TM5,2025-09-18,spóźnienie,2
5TM5,2025-09-18,nieob. uspr. p.s.,5
5TM5,2025-10-01,spóźnienie,1
5TM5,2025-10-01,nieob. uspr. p.s.,1
5TM5,2025-10-03,spóźnienie,2
5TM5,2025-10-06,nieob. uspr. p.s.,1
5TM5,2025-10-07,spóźnienie,3
5TM5,2025-10-08,nieob. uspr. p.s.,1
5TM5,2025-10-13,nieob. uspr. p.s.,7
5TM5,2025-10-14,nieob. uspr. p.s.,8
5TM5,2025-10-15,nieob. uspr. p.s.,3
5TM5,2025-10-24,nieob. uspraw.,6
5TM5,2025-10-29,nieob. uspr. p.s.,1
5TM5,2025-10-30,nieob. uspr. p.s.,1
5TM5,2025-11-03,nieob. uspr. p.s.,1
5TM5,2025-11-04,spóźnienie,1
5TM5,2025-11-06,nieob. uspr. p.s.,1
5TM5,2025-11-07,nieob. uspr. p.s.,4
5TM5,2025-11-14,spóźnienie,5
5TM5,2025-12-01,zwolniony,2
5TM5,2026-01-15,nieob. uspr. p.s.,2
5TM5,2026-02-13,nieob. uspr. p.s.,5
5TM5,2026-02-23,nieob. uspr. p.s.,5
5TM5,2026-02-24,nieob. uspraw.,20
5TM5,2026-02-26,nieob. uspraw.,3
5TM5,2026-02-26,spóźnienie,2
5TM5,2026-03-09,spóźnienie,1
5TM5,2026-03-11,nieob. uspr. p.s.,1
5TM5,2026-03-13,spóźnienie,1
5TM5,2026-03-24,spóźnienie,1
5TM5,2026-03-27,spóźnienie,3
5TM5,2025-10-06,zwolniony,3
5TM5,2025-10-10,nieob. uspraw.,6
5TM5,2025-11-03,zwolniony,1
5TM5,2025-11-17,nieob. uspraw.,16
5TM5,2025-11-18,nieob. uspraw.,5
5TM5,2025-11-19,nieob. uspraw.,14
5TM5,2025-11-20,nieob. uspraw.,5
5TM5,2025-11-21,nieob. uspraw.,18
5TM5,2025-12-05,zwolniony,2
5TM5,2025-12-08,zwolniony,3
5TM5,2025-12-10,nieob. uspraw.,5
5TM5,2025-12-15,nieob. uspraw.,9
5TM5,2026-01-07,nieob. uspraw.,6
5TM5,2026-01-14,nieob. uspraw.,4
5TM5,2026-02-11,nieob. uspraw.,1
5TM5,2026-02-23,nieob. uspraw.,12
5TM5,2026-03-02,nieob. uspraw.,1
5TM5,2026-03-09,nieob. uspraw.,6
5TM5,2026-03-10,nieob. uspraw.,1
5TM5,2026-03-20,nieob. uspr. p.s.,11
5TM5,2026-03-23,nieob. uspraw.,9
5TM5,2026-04-09,obecność,5
5TM5,2026-04-22,obecność,1
5TM5,2025-11-12,spóźnienie,2
5TM5,2026-03-19,spóźnienie,1
5TM5,2026-04-16,obecność,1
5TM5,2025-09-30,nieob. uspraw.,4
5TM5,2025-10-16,nieob. uspraw.,5
5TM5,2025-10-24,spóźnienie,2
5TM5,2025-11-24,nieob. uspraw.,16
5TM5,2025-12-02,nieob. uspraw.,4
5TM5,2025-12-05,nieob. uspraw.,12
5TM5,2025-09-04,nieob. uspr. p.s.,10
5TM5,2025-09-05,nieob. uspr. p.s.,14
5TM5,2025-09-11,nieob. uspr. p.s.,1
5TM5,2025-09-15,nieob. uspr. p.s.,7
5TM5,2025-09-29,spóźn. uspr.,1
5TM5,2025-10-06,nieob. uspraw.,8
5TM5,2025-10-07,nieob. uspr. p.s.,3
5TM5,2025-10-23,spóźn. uspr.,1
5TM5,2025-11-17,nieob. uspr. p.s.,8
5TM5,2025-11-19,spóźn. uspr.,1
5TM5,2025-11-28,zwolniony,1
5TM5,2026-03-27,nieob. uspraw.,1
5TM5,2026-04-20,nieob. uspraw.,6
5TM5,2026-04-21,nieob. uspraw.,7
5TM5,2026-04-22,nieob. uspraw.,5
5TM5,2026-04-23,nieob. uspraw.,5
5TM5,2025-09-19,nieob. uspr. p.s.,4
5TM5,2025-09-23,nieob. uspr. p.s.,2
5TM5,2025-11-14,nieob. uspraw.,6
5TM5,2026-03-26,nieob. uspr. p.s.,1
5TM5,2026-03-27,nieob. uspr. p.s.,3
5TM5,2026-03-30,nieob. uspr. p.s.,6
5TM5,2026-04-15,obecność,1
5TM5,2026-01-15,obecność,4
5TM5,2025-12-17,nieob. uspraw.,5
5TM5,2026-01-13,spóźnienie,1
5TM5,2026-02-25,nieob. uspraw.,5
5TW5,2025-09-01,obecność,176
5TW5,2025-09-02,obecność,120
5TW5,2025-09-03,obecność,151
5TW5,2025-09-04,obecność,113
5TW5,2025-09-05,obecność,99
5TW5,2025-09-08,nieob. uspraw.,15
5TW5,2025-09-09,obecność,108
5TW5,2025-09-10,nieob. uspraw.,54
5TW5,2025-09-11,obecność,120
5TW5,2025-09-11,nieob. uspr. p.s.,6
5TW5,2025-09-12,nieob. uspraw.,39
5TW5,2025-09-15,nieob. uspr. p.s.,15
5TW5,2025-09-16,obecność,63
5TW5,2025-09-17,obecność,146
5TW5,2025-09-18,obecność,103
5TW5,2025-09-18,nieob. uspr. p.s.,5
5TW5,2025-09-19,obecność,78
5TW5,2025-09-22,nieob. uspraw.,32
5TW5,2025-09-23,obecność,95
5TW5,2025-09-24,obecność,136
5TW5,2025-09-25,obecność,126
5TW5,2025-09-26,obecność,116
5TW5,2025-09-29,obecność,108
5TW5,2025-09-30,obecność,92
5TW5,2025-09-30,nieob. uspraw.,30
5TW5,2025-10-01,obecność,90
5TW5,2025-10-02,obecność,114
5TW5,2025-10-03,obecność,129
5TW5,2025-10-06,obecność,106
5TW5,2025-10-07,obecność,117
5TW5,2025-10-08,obecność,124
5TW5,2025-10-09,obecność,110
5TW5,2025-10-10,obecność,116
5TW5,2025-10-13,obecność,101
5TW5,2025-10-14,nieob. uspraw.,96
5TW5,2025-10-15,obecność,119
5TW5,2025-10-16,obecność,120
5TW5,2025-10-20,obecność,81
5TW5,2025-10-20,nieob. uspr. p.s.,50
5TW5,2025-10-21,obecność,116
5TW5,2025-10-22,nieob. uspraw.,35
5TW5,2025-10-23,obecność,105
5TW5,2025-10-24,obecność,119
5TW5,2025-10-24,nieob. uspraw.,25
5TW5,2025-10-27,nieob. uspraw.,31
5TW5,2025-10-28,nieob. uspraw.,8
5TW5,2025-10-29,nieob. uspraw.,16
5TW5,2025-10-30,nieob. uspraw.,20
5TW5,2025-11-03,obecność,101
5TW5,2025-11-03,nieob. uspr. p.s.,9
5TW5,2025-11-04,obecność,108
5TW5,2025-11-05,nieob. uspr. p.s.,114
5TW5,2025-11-06,obecność,115
5TW5,2025-11-07,obecność,89
5TW5,2025-11-12,obecność,113
5TW5,2025-11-13,obecność,81
5TW5,2025-11-13,nieob. uspraw.,44
5TW5,2025-11-14,obecność,119
5TW5,2025-11-17,obecność,111
5TW5,2025-11-18,obecność,120
5TW5,2025-11-19,obecność,124
5TW5,2025-11-20,obecność,120
5TW5,2025-11-21,obecność,110
5TW5,2025-11-24,obecność,92
5TW5,2025-11-25,obecność,113
5TW5,2025-11-26,obecność,76
5TW5,2025-11-26,nieob. uspraw.,40
5TW5,2025-11-27,obecność,84
5TW5,2025-11-28,nieob. uspraw.,60
5TW5,2025-12-01,nieob. uspraw.,42
5TW5,2025-12-02,obecność,103
5TW5,2025-12-02,nieob. uspraw.,26
5TW5,2025-12-03,obecność,78
5TW5,2025-12-03,nieob. uspr. p.s.,50
5TW5,2025-12-03,nieob. uspraw.,4
5TW5,2025-12-04,obecność,103
5TW5,2025-12-04,nieob. uspraw.,19
5TW5,2025-12-05,obecność,116
5TW5,2025-12-05,nieob. uspraw.,43
5TW5,2025-12-08,nieob. uspraw.,20
5TW5,2025-12-09,obecność,108
5TW5,2025-12-09,nieob. uspraw.,23
5TW5,2025-12-10,nieob. uspr. p.s.,60
5TW5,2025-12-11,nieob. uspr. p.s.,60
5TW5,2025-12-12,nieob. uspr. p.s.,67
5TW5,2025-12-15,nieob. uspraw.,53
5TW5,2025-12-16,obecność,105
5TW5,2025-12-17,obecność,94
5TW5,2025-12-18,obecność,87
5TW5,2025-12-19,nieob. uspraw.,65
5TW5,2026-01-07,obecność,100
5TW5,2026-01-08,obecność,67
5TW5,2026-01-08,nieobecność,15
5TW5,2026-01-09,obecność,53
5TW5,2026-01-09,nieob. uspraw.,57
5TW5,2026-01-12,obecność,124
5TW5,2026-01-13,nieob. uspraw.,20
5TW5,2026-01-14,nieob. uspr. p.s.,42
5TW5,2026-01-15,nieob. uspraw.,65
5TW5,2026-01-16,nieob. uspraw.,85
5TW5,2026-02-02,obecność,74
5TW5,2026-02-02,nieob. uspraw.,72
5TW5,2026-02-03,obecność,80
5TW5,2026-02-04,obecność,45
5TW5,2026-02-05,obecność,63
5TW5,2026-02-05,nieob. uspr. p.s.,12
5TW5,2026-02-06,nieob. uspraw.,44
5TW5,2026-02-09,obecność,112
5TW5,2026-02-10,obecność,95
5TW5,2026-02-11,obecność,90
5TW5,2026-02-12,obecność,100
5TW5,2026-02-13,obecność,81
5TW5,2026-02-16,nieob. uspr. p.s.,133
5TW5,2026-02-17,obecność,93
5TW5,2026-02-18,obecność,105
5TW5,2026-02-19,obecność,100
5TW5,2026-02-20,obecność,102
5TW5,2026-02-23,nieob. uspraw.,37
5TW5,2026-02-24,nieob. uspraw.,5
5TW5,2026-02-25,nieob. uspraw.,21
5TW5,2026-02-26,obecność,92
5TW5,2026-02-27,obecność,80
5TW5,2026-03-02,obecność,108
5TW5,2026-03-03,obecność,99
5TW5,2026-03-04,obecność,104
5TW5,2026-03-05,obecność,110
5TW5,2026-03-06,obecność,66
5TW5,2026-03-06,nieobecność,4
5TW5,2026-03-09,obecność,66
5TW5,2026-03-09,nieobecność,12
5TW5,2026-03-10,obecność,94
5TW5,2026-03-11,obecność,101
5TW5,2026-03-12,obecność,78
5TW5,2026-03-12,nieob. uspr. p.s.,12
5TW5,2026-03-13,obecność,77
5TW5,2026-03-16,obecność,127
5TW5,2026-03-17,obecność,93
5TW5,2026-03-18,nieob. uspr. p.s.,14
5TW5,2026-03-18,obecność,81
5TW5,2026-03-19,obecność,52
5TW5,2026-03-19,nieobecność,10
5TW5,2026-03-20,nieob. uspr. p.s.,70
5TW5,2026-03-23,obecność,100
5TW5,2026-03-23,nieobecność,9
5TW5,2026-03-24,obecność,83
5TW5,2026-03-25,nieob. uspr. p.s.,60
5TW5,2026-03-26,nieobecność,11
5TW5,2026-03-27,obecność,92
5TW5,2026-03-30,obecność,101
5TW5,2026-03-30,nieobecność,12
5TW5,2026-03-31,obecność,80
5TW5,2026-04-01,nieobecność,8
5TW5,2026-04-01,obecność,30
5TW5,2026-04-08,obecność,88
5TW5,2026-04-09,obecność,41
5TW5,2026-04-09,nieobecność,13
5TW5,2026-04-10,nieobecność,24
5TW5,2026-04-10,obecność,21
5TW5,2026-04-13,nieob. uspraw.,129
5TW5,2026-04-14,obecność,51
5TW5,2026-04-14,nieob. uspraw.,57
5TW5,2026-04-15,nieob. uspraw.,105
5TW5,2026-04-16,nieob. uspraw.,95
5TW5,2026-04-17,nieob. uspraw.,99
5TW5,2026-04-20,nieob. uspraw.,141
5TW5,2026-04-21,nieob. uspraw.,105
5TW5,2026-04-22,obecność,110
5TW5,2026-04-23,obecność,110
5TW5,2026-04-24,obecność,109
5TW5,2025-09-04,nieob. uspraw.,16
5TW5,2025-09-08,obecność,90
5TW5,2025-09-08,spóźnienie,3
5TW5,2025-09-12,nieob. uspr. p.s.,36
5TW5,2025-09-15,obecność,54
5TW5,2025-09-19,nieob. uspr. p.s.,5
5TW5,2025-09-22,obecność,71
5TW5,2025-09-26,spóźn. uspr.,2
5TW5,2025-10-01,nieob. uspr. p.s.,30
5TW5,2025-10-02,spóźnienie,4
5TW5,2025-10-06,nieob. uspr. p.s.,7
5TW5,2025-10-10,spóźnienie,5
5TW5,2025-10-13,nieob. uspraw.,18
5TW5,2025-10-14,obecność,30
5TW5,2025-10-15,spóźnienie,1
5TW5,2025-10-22,obecność,94
5TW5,2025-10-23,nieob. uspr. p.s.,3
5TW5,2025-10-24,nieob. uspr. p.s.,1
5TW5,2025-10-28,spóźnienie,1
5TW5,2025-10-28,obecność,117
5TW5,2025-10-29,spóźn. uspr.,2
5TW5,2025-10-29,obecność,108
5TW5,2025-10-30,obecność,111
5TW5,2025-11-03,spóźnienie,2
5TW5,2025-11-04,spóźnienie,2
5TW5,2025-11-06,spóźnienie,1
5TW5,2025-11-07,spóźnienie,6
5TW5,2025-11-07,nieob. uspraw.,48
5TW5,2025-11-12,spóźnienie,2
5TW5,2025-11-17,spóźnienie,2
5TW5,2025-11-18,spóźnienie,2
5TW5,2025-11-19,nieobecność,1
5TW5,2025-11-20,nieob. uspraw.,12
5TW5,2025-11-21,nieob. uspraw.,34
5TW5,2025-11-24,nieob. uspraw.,36
5TW5,2025-11-25,nieob. uspraw.,18
5TW5,2025-11-27,nieob. uspraw.,48
5TW5,2025-12-04,nieob. uspr. p.s.,6
5TW5,2025-12-17,nieob. uspraw.,16
5TW5,2025-12-18,nieob. uspraw.,20
5TW5,2025-12-19,obecność,45
5TW5,2026-01-08,nieob. uspraw.,27
5TW5,2026-01-12,nieob. uspraw.,18
5TW5,2026-01-13,obecność,68
5TW5,2026-02-03,nieob. uspraw.,30
5TW5,2026-02-04,nieob. uspraw.,65
5TW5,2026-02-05,nieob. uspraw.,35
5TW5,2026-02-09,nieob. uspraw.,20
5TW5,2026-02-10,nieob. uspraw.,12
5TW5,2026-02-10,nieob. uspr. p.s.,3
5TW5,2026-02-11,nieob. uspraw.,20
5TW5,2026-02-13,nieobecność,1
5TW5,2026-02-18,nieob. uspraw.,5
5TW5,2026-02-23,obecność,111
5TW5,2026-02-24,obecność,83
5TW5,2026-02-27,nieob. uspraw.,7
5TW5,2026-03-02,nieob. uspraw.,26
5TW5,2026-03-06,nieob. uspraw.,39
5TW5,2026-03-09,nieob. uspraw.,69
5TW5,2026-03-10,nieob. uspraw.,12
5TW5,2026-03-11,spóźnienie,3
5TW5,2026-03-13,nieob. uspraw.,21
5TW5,2026-03-16,nieob. uspraw.,21
5TW5,2026-03-20,nieob. uspraw.,39
5TW5,2026-03-25,nieob. uspraw.,50
5TW5,2026-03-26,nieob. uspraw.,59
5TW5,2026-03-27,spóźnienie,8
5TW5,2026-04-01,nieob. uspraw.,72
5TW5,2025-09-05,nieob. uspraw.,33
5TW5,2025-09-10,obecność,122
5TW5,2025-09-15,nieob. uspraw.,40
5TW5,2025-09-16,nieob. uspraw.,63
5TW5,2025-10-06,nieob. uspraw.,12
5TW5,2025-10-27,obecność,93
5TW5,2025-11-12,nieob. uspraw.,8
5TW5,2025-11-14,nieob. uspraw.,21
5TW5,2025-11-28,obecność,28
5TW5,2025-12-01,obecność,89
5TW5,2025-12-15,obecność,89
5TW5,2025-12-15,nieobecność,6
5TW5,2026-02-06,obecność,65
5TW5,2026-02-25,obecność,89
5TW5,2026-03-18,nieob. uspraw.,15
5TW5,2026-03-19,nieob. uspraw.,47
5TW5,2026-03-23,nieob. uspr. p.s.,8
5TW5,2026-04-09,nieob. uspraw.,55
5TW5,2026-04-10,nieob. uspraw.,9
5TW5,2025-09-22,nieob. uspr. p.s.,6
5TW5,2025-09-23,nieob. uspr. p.s.,5
5TW5,2025-09-30,nieob. uspr. p.s.,2
5TW5,2025-10-02,nieob. uspraw.,12
5TW5,2025-10-09,nieobecność,4
5TW5,2025-10-10,nieobecność,1
5TW5,2025-10-16,nieob. uspr. p.s.,11
5TW5,2025-10-27,nieob. uspr. p.s.,7
5TW5,2025-10-28,nieob. uspr. p.s.,2
5TW5,2025-10-29,spóźnienie,6
5TW5,2025-11-19,nieob. uspraw.,6
5TW5,2025-12-02,nieob. uspr. p.s.,2
5TW5,2025-12-04,nieobecność,3
5TW5,2025-12-08,obecność,84
5TW5,2025-12-10,obecność,42
5TW5,2025-12-11,obecność,60
5TW5,2025-12-12,nieob. uspraw.,49
5TW5,2026-02-26,nieob. uspr. p.s.,13
5TW5,2026-03-12,nieob. uspraw.,20
5TW5,2026-03-26,obecność,37
5TW5,2026-03-30,nieob. uspraw.,34
5TW5,2026-04-10,nieob. uspr. p.s.,55
5TW5,2025-09-09,nieob. uspraw.,17
5TW5,2025-09-12,obecność,13
5TW5,2025-09-19,nieob. uspraw.,48
5TW5,2025-09-29,nieob. uspraw.,24
5TW5,2025-11-07,nieobecność,2
5TW5,2025-11-14,nieobecność,1
5TW5,2025-12-04,spóźnienie,1
5TW5,2025-12-10,nieobecność,12
5TW5,2025-12-12,nieobecność,26
5TW5,2026-03-13,nieobecność,5
5TW5,2026-03-26,nieob. uspr. p.s.,3
5TW5,2026-04-13,obecność,19
5TW5,2025-10-10,nieob. uspraw.,25
5TW5,2026-03-23,nieob. uspraw.,31
5TW5,2026-03-31,nieob. uspraw.,24
5TW5,2025-09-19,zwolniony,1
5TW5,2025-09-30,zwolniony,6
5TW5,2025-10-07,nieob. uspraw.,14
5TW5,2025-10-21,nieob. uspraw.,15
5TW5,2026-02-13,nieob. uspraw.,27
5TW5,2025-09-17,nieob. uspraw.,30
5TW5,2025-09-30,spóźnienie,1
5TW5,2025-10-03,nieob. uspraw.,19
5TW5,2025-10-15,nieob. uspraw.,8
5TW5,2025-11-17,nieob. uspraw.,11
5TW5,2026-01-12,nieobecność,4
5TW5,2026-02-12,nieobecność,1
5TW5,2026-02-16,nieob. uspraw.,14
5TW5,2026-02-20,nieob. uspraw.,6
5TW5,2026-03-02,nieob. uspr. p.s.,14
5TW5,2026-03-17,nieob. uspraw.,16
5TW5,2025-09-18,nieob. uspraw.,24
5TW5,2025-09-24,nieob. uspraw.,40
5TW5,2025-10-08,nieob. uspraw.,6
5TW5,2025-10-09,nieob. uspraw.,18
5TW5,2025-10-15,zwolniony,2
5TW5,2025-10-23,nieob. uspraw.,24
5TW5,2025-11-03,nieob. uspraw.,18
5TW5,2025-11-04,nieob. uspraw.,20
5TW5,2025-11-05,nieob. uspraw.,18
5TW5,2025-11-17,nieob. uspr. p.s.,8
5TW5,2025-11-26,zwolniony,2
5TW5,2025-12-05,nieob. uspr. p.s.,4
5TW5,2025-12-05,zwolniony,1
5TW5,2025-12-08,nieob. uspr. p.s.,6
5TW5,2025-12-10,nieob. uspraw.,18
5TW5,2025-12-11,nieob. uspraw.,12
5TW5,2026-01-07,nieob. uspraw.,9
5TW5,2026-01-14,obecność,14
5TW5,2026-02-12,nieob. uspraw.,5
5TW5,2026-02-17,nieob. uspraw.,16
5TW5,2026-02-19,nieob. uspraw.,10
5TW5,2026-03-03,nieob. uspraw.,11
5TW5,2026-03-27,nieob. uspraw.,5
5TW5,2026-03-31,nieob. uspr. p.s.,2
5TW5,2026-04-08,nieob. uspr. p.s.,2
5TW5,2026-04-16,nieob. uspr. p.s.,9
5TW5,2026-04-16,obecność,6
5TW5,2026-04-17,nieob. uspr. p.s.,8
5TW5,2026-04-17,obecność,2
5TW5,2025-10-13,nieob. uspr. p.s.,12
5TW5,2025-10-14,nieob. uspr. p.s.,6
5TW5,2026-01-14,nieob. uspraw.,54
5TW5,2026-01-15,nieob. uspr. p.s.,44
5TW5,2026-02-12,nieob. uspr. p.s.,3
5TW5,2026-03-31,nieobecność,4
5TW5,2026-04-14,spóźn. uspr.,2
5TW5,2025-09-03,nieob. uspraw.,26
5TW5,2025-09-26,nieob. uspraw.,13
5TW5,2025-10-01,nieob. uspraw.,12
5TW5,2025-10-02,zwolniony,1
5TW5,2025-10-13,zwolniony,1
5TW5,2025-11-07,spóźn. uspr.,2
5TW5,2026-03-13,zwolniony,1
5TW5,2025-09-23,nieob. uspraw.,10
5TW5,2025-10-06,nieobecność,3
5TW5,2025-10-06,spóźnienie,3
5TW5,2025-10-15,spóźn. uspr.,1
5TW5,2025-10-28,spóźn. uspr.,3
5TW5,2025-11-04,spóźn. uspr.,1
5TW5,2025-11-06,spóźn. uspr.,1
5TW5,2025-11-13,zwolniony,1
5TW5,2025-11-18,spóźn. uspr.,1
5TW5,2025-11-19,spóźn. uspr.,1
5TW5,2025-11-21,spóźn. uspr.,2
5TW5,2025-11-24,spóźn. uspr.,3
5TW5,2026-01-12,spóźn. uspr.,2
5TW5,2026-03-04,nieob. uspraw.,6
5TW5,2026-03-27,nieobecność,3
5TW5,2026-04-08,nieob. uspraw.,20
5TW5,2025-10-02,nieob. uspr. p.s.,1
5TW5,2025-10-22,nieob. uspr. p.s.,3
5TW5,2025-11-07,nieob. uspr. p.s.,1
5TW5,2025-11-12,nieob. uspr. p.s.,6
5TW5,2025-11-13,nieob. uspr. p.s.,6
5TW5,2025-11-14,nieob. uspr. p.s.,7
5TW5,2025-11-26,nieob. uspr. p.s.,12
5TW5,2025-12-18,nieob. uspr. p.s.,2
5TW5,2026-01-16,obecność,5
5TW5,2026-02-17,nieob. uspr. p.s.,1
5TW5,2026-03-09,nieob. uspr. p.s.,1
5TW5,2026-03-10,nieob. uspr. p.s.,4
5TW5,2026-03-11,nieob. uspr. p.s.,3
5TW5,2026-03-13,nieob. uspr. p.s.,5
5TW5,2026-03-17,nieob. uspr. p.s.,1
5TW5,2026-03-19,zwolniony,1
5TW5,2026-03-27,nieob. uspr. p.s.,1
5TW5,2026-03-30,nieob. uspr. p.s.,1
5TW5,2026-04-09,nieob. uspr. p.s.,1
5TW5,2026-04-15,obecność,5
5TW5,2026-04-20,nieob. uspr. p.s.,7
5TW5,2026-04-21,obecność,5
5TW5,2025-09-02,nieobecność,4
5TW5,2025-09-03,nieobecność,1
5TW5,2025-09-04,nieobecność,8
5TW5,2025-09-05,nieobecność,6
5TW5,2025-09-09,spóźnienie,1
5TW5,2025-10-06,spóźn. uspr.,1
5TW5,2025-10-16,spóźn. uspr.,1
5TW5,2025-10-27,spóźn. uspr.,1
5TW5,2025-11-03,spóźn. uspr.,2
5TW5,2025-11-06,nieob. uspraw.,13
5TW5,2025-09-26,spóźnienie,1
5TW5,2025-11-12,zwolniony,2
5TW5,2025-11-18,nieob. uspraw.,8
5TW5,2025-11-24,zwolniony,1
5TW5,2026-02-12,spóźnienie,1
5TW5,2026-02-20,nieobecność,1
5TW5,2026-03-11,nieob. uspraw.,3
5TW5,2025-10-08,nieob. uspr. p.s.,2
5TW5,2025-10-10,nieob. uspr. p.s.,1
5TW5,2025-10-15,nieob. uspr. p.s.,1
5TW5,2025-10-30,nieobecność,1
5TW5,2025-11-06,nieob. uspr. p.s.,2
5TW5,2025-11-12,nieobecność,1
5TW5,2025-12-16,nieob. uspraw.,5
5TW5,2026-03-24,nieob. uspraw.,5
5TW5,2025-09-02,nieob. uspraw.,6
5TW5,2025-09-11,nieob. uspraw.,6
5TW5,2025-09-25,nieob. uspraw.,6
5TW5,2025-10-24,nieobecność,3
5TW5,2025-11-26,nieobecność,2
5TW5,2026-01-07,nieobecność,1
5TW5,2026-01-16,nieob. uspr. p.s.,20
5TW5,2026-02-02,nieobecność,2
5TW5,2026-02-26,nieob. uspraw.,5
5TW5,2025-12-01,zwolniony,1
5TW5,2025-09-04,spóźnienie,1
5TW5,2025-10-20,nieob. uspraw.,1
5TW5,2025-11-21,spóźnienie,2
5TW5,2025-12-12,obecność,6
5TW5,2026-02-16,spóźn. uspr.,1
1M,2025-09-01,obecność,256
1M,2025-09-02,obecność,101
1M,2025-09-03,obecność,76
1M,2025-09-04,obecność,69
1M,2025-09-05,obecność,66
1M,2025-09-05,nieob. uspr. p.s.,3
1M,2025-09-08,obecność,128
1M,2025-09-09,obecność,90
1M,2025-09-10,obecność,82
1M,2025-09-11,obecność,70
1M,2025-09-12,obecność,77
1M,2025-09-12,nieob. uspraw.,15
1M,2025-09-15,obecność,93
1M,2025-09-17,nieob. uspraw.,19
1M,2025-09-17,obecność,68
1M,2025-09-18,obecność,70
1M,2025-09-19,nieob. uspraw.,33
1M,2025-09-22,obecność,104
1M,2025-09-23,nieob. uspraw.,87
1M,2025-09-24,spóźnienie,9
1M,2025-09-24,obecność,74
1M,2025-09-24,nieob. uspraw.,7
1M,2025-09-25,obecność,62
1M,2025-09-26,nieob. uspraw.,21
1M,2025-09-29,obecność,126
1M,2025-09-30,obecność,84
1M,2025-10-01,nieob. uspraw.,24
1M,2025-10-02,nieob. uspraw.,24
1M,2025-10-03,nieob. uspraw.,21
1M,2025-10-06,nieob. uspraw.,17
1M,2025-10-07,obecność,70
1M,2025-10-07,nieobecność,7
1M,2025-10-08,obecność,61
1M,2025-10-09,obecność,72
1M,2025-10-09,spóźnienie,10
1M,2025-10-09,nieobecność,3
1M,2025-10-10,nieob. uspraw.,20
1M,2025-10-10,nieobecność,3
1M,2025-10-13,obecność,65
1M,2025-10-14,nieob. uspraw.,45
1M,2025-10-15,obecność,61
1M,2025-10-15,nieob. uspraw.,16
1M,2025-10-16,obecność,47
1M,2025-10-20,obecność,105
1M,2025-10-20,nieobecność,4
1M,2025-10-21,spóźnienie,11
1M,2025-10-21,obecność,67
1M,2025-10-22,obecność,68
1M,2025-10-23,obecność,72
1M,2025-10-23,nieobecność,10
1M,2025-10-24,obecność,73
1M,2025-10-27,obecność,108
1M,2025-10-27,nieobecność,9
1M,2025-10-28,nieob. uspraw.,37
1M,2025-10-28,obecność,63
1M,2025-10-29,obecność,57
1M,2025-10-29,nieobecność,9
1M,2025-10-30,nieob. uspraw.,31
1M,2025-11-03,obecność,90
1M,2025-11-03,nieob. uspraw.,45
1M,2025-11-04,obecność,57
1M,2025-11-04,nieob. uspraw.,49
1M,2025-11-05,nieob. uspraw.,19
1M,2025-11-06,nieob. uspraw.,14
1M,2025-11-07,nieob. uspraw.,35
1M,2025-11-12,obecność,58
1M,2025-11-13,obecność,73
1M,2025-11-13,zwolniony,8
1M,2025-11-14,nieob. uspraw.,23
1M,2025-11-17,obecność,127
1M,2025-11-17,zwolniony,7
1M,2025-11-18,nieobecność,18
1M,2025-11-18,obecność,81
1M,2025-11-19,obecność,58
1M,2025-11-20,nieobecność,10
1M,2025-11-20,obecność,73
1M,2025-11-21,nieob. uspraw.,36
1M,2025-11-24,obecność,85
1M,2025-11-25,nieob. uspraw.,36
1M,2025-11-26,obecność,48
1M,2025-11-26,nieobecność,10
1M,2025-11-27,nieob. uspraw.,36
1M,2025-11-28,obecność,44
1M,2025-12-01,obecność,84
1M,2025-12-01,nieobecność,4
1M,2025-12-02,obecność,79
1M,2025-12-02,nieobecność,14
1M,2025-12-03,nieobecność,8
1M,2025-12-03,obecność,57
1M,2025-12-04,nieobecność,5
1M,2025-12-04,obecność,87
1M,2025-12-05,obecność,66
1M,2025-12-08,nieob. uspraw.,60
1M,2025-12-09,nieob. uspraw.,26
1M,2025-12-10,nieobecność,6
1M,2025-12-10,obecność,67
1M,2025-12-11,obecność,71
1M,2025-12-12,obecność,58
1M,2025-12-12,nieobecność,7
1M,2025-12-15,nieob. uspraw.,34
1M,2025-12-16,nieobecność,10
1M,2025-12-16,obecność,83
1M,2025-12-17,nieob. uspraw.,20
1M,2025-12-18,nieob. uspraw.,19
1M,2025-12-19,obecność,55
1M,2025-12-19,nieobecność,27
1M,2026-01-07,nieob. uspraw.,36
1M,2026-01-08,obecność,44
1M,2026-01-09,obecność,25
1M,2026-01-12,nieob. uspraw.,53
1M,2026-01-13,nieob. uspraw.,44
1M,2026-01-14,obecność,37
1M,2026-01-14,spóźnienie,2
1M,2026-01-15,nieob. uspraw.,85
1M,2026-01-16,nieob. uspraw.,65
1M,2026-01-16,nieobecność,33
1M,2026-02-02,nieob. uspraw.,88
1M,2026-02-03,nieob. uspraw.,60
1M,2026-02-04,nieob. uspraw.,44
1M,2026-02-05,nieob. uspraw.,55
1M,2026-02-06,nieob. uspraw.,67
1M,2026-02-09,obecność,87
1M,2026-02-09,nieobecność,1
1M,2026-02-10,obecność,78
1M,2026-02-10,nieobecność,14
1M,2026-02-11,obecność,54
1M,2026-02-12,obecność,65
1M,2026-02-13,obecność,64
1M,2026-02-13,nieobecność,14
1M,2026-02-16,nieob. uspraw.,62
1M,2026-02-17,nieob. uspraw.,42
1M,2026-02-18,nieob. uspraw.,35
1M,2026-02-19,nieob. uspraw.,24
1M,2026-02-20,nieob. uspraw.,19
1M,2026-02-20,nieobecność,16
1M,2026-02-23,obecność,87
1M,2026-02-24,obecność,64
1M,2026-02-24,spóźnienie,5
1M,2026-02-25,obecność,59
1M,2026-02-26,obecność,62
1M,2026-02-27,nieob. uspraw.,50
1M,2026-03-02,obecność,96
1M,2026-03-03,obecność,60
1M,2026-03-03,nieobecność,14
1M,2026-03-04,nieobecność,29
1M,2026-03-05,obecność,72
1M,2026-03-05,nieobecność,19
1M,2026-03-06,nieobecność,34
1M,2026-03-09,obecność,99
1M,2026-03-10,nieob. uspraw.,24
1M,2026-03-11,nieob. uspraw.,20
1M,2026-03-12,nieob. uspraw.,41
1M,2026-03-13,nieobecność,64
1M,2026-03-16,obecność,92
1M,2026-03-17,obecność,59
1M,2026-03-18,obecność,78
1M,2026-03-19,nieob. uspraw.,5
1M,2026-03-20,nieob. uspraw.,90
1M,2026-03-23,obecność,93
1M,2026-03-24,obecność,65
1M,2026-03-24,nieobecność,11
1M,2026-03-25,nieob. uspraw.,17
1M,2026-03-26,nieob. uspraw.,17
1M,2026-03-27,nieob. uspraw.,48
1M,2026-03-30,nieob. uspraw.,59
1M,2026-03-31,obecność,58
1M,2026-04-01,nieob. uspraw.,20
1M,2026-04-08,nieob. uspraw.,44
1M,2026-04-09,nieob. uspraw.,22
1M,2026-04-10,nieob. uspraw.,26
1M,2026-04-10,obecność,51
1M,2026-04-10,nieobecność,15
1M,2026-04-13,obecność,119
1M,2026-04-13,nieobecność,17
1M,2026-04-14,obecność,57
1M,2026-04-15,obecność,66
1M,2026-04-16,obecność,59
1M,2026-04-17,obecność,63
1M,2026-04-20,nieobecność,17
1M,2026-04-21,nieobecność,29
1M,2026-04-22,obecność,50
1M,2026-04-23,obecność,49
1M,2026-04-23,nieobecność,30
1M,2026-04-24,obecność,14
1M,2026-04-24,nieobecność,59
1M,2026-04-27,obecność,100
1M,2026-04-28,nieobecność,24
1M,2026-04-29,nieobecność,33
1M,2026-04-30,nieobecność,55
1M,2026-05-06,nieobecność,55
1M,2026-05-07,nieobecność,40
1M,2026-05-08,nieobecność,34
1M,2026-05-11,obecność,98
1M,2026-05-11,nieobecność,20
1M,2026-05-12,nieobecność,31
1M,2026-05-13,nieobecność,26
1M,2026-05-14,obecność,85
1M,2026-05-15,nieobecność,21
1M,2026-05-18,nieobecność,32
1M,2026-05-19,obecność,56
1M,2026-05-19,nieobecność,28
1M,2026-05-20,obecność,70
1M,2026-05-20,nieobecność,12
1M,2026-05-21,nieobecność,14
1M,2026-05-22,nieobecność,39
1M,2026-05-25,obecność,97
1M,2026-05-25,nieobecność,20
1M,2026-05-26,nieobecność,28
1M,2026-05-27,obecność,61
1M,2026-05-27,nieobecność,11
1M,2026-05-28,nieobecność,55
1M,2026-05-29,nieobecność,57
1M,2026-06-01,nieobecność,91
1M,2026-06-02,nieobecność,60
1M,2026-06-03,nieobecność,17
1M,2026-06-08,nieobecność,41
1M,2026-06-09,nieobecność,54
1M,2026-06-10,nieobecność,34
1M,2026-06-11,nieobecność,67
1M,2026-06-12,obecność,76
1M,2026-06-15,nieobecność,92
1M,2026-06-16,nieobecność,65
1M,2026-06-17,nieobecność,51
1M,2026-06-18,nieobecność,118
1M,2026-06-19,nieobecność,95
1M,2026-06-22,nieobecność,136
1M,2026-06-23,nieobecność,106
1M,2026-06-24,nieobecność,95
1M,2026-06-25,nieobecność,132
1M,2026-06-26,obecność,84
1M,2025-09-03,nieobecność,7
1M,2025-09-04,nieobecność,1
1M,2025-09-05,nieobecność,9
1M,2025-09-10,nieobecność,2
1M,2025-09-12,nieobecność,9
1M,2025-09-15,nieobecność,1
1M,2025-09-15,zwolniony,18
1M,2025-09-18,nieobecność,2
1M,2025-09-22,nieob. uspraw.,32
1M,2025-09-24,nieobecność,3
1M,2025-09-25,nieobecność,2
1M,2025-09-29,nieob. uspraw.,10
1M,2025-09-30,spóźnienie,2
1M,2025-10-02,obecność,71
1M,2025-10-02,spóźnienie,3
1M,2025-10-03,obecność,66
1M,2025-10-03,nieobecność,4
1M,2025-10-06,obecność,107
1M,2025-10-06,nieobecność,11
1M,2025-10-07,nieob. uspraw.,27
1M,2025-10-08,nieob. uspraw.,13
1M,2025-10-09,nieob. uspraw.,16
1M,2025-10-13,nieobecność,2
1M,2025-10-13,nieob. uspraw.,67
1M,2025-10-15,nieobecność,5
1M,2025-10-16,nieob. uspraw.,39
1M,2025-10-20,nieob. uspraw.,25
1M,2025-10-21,nieobecność,6
1M,2025-10-22,nieobecność,5
1M,2025-10-29,nieob. uspraw.,17
1M,2025-10-30,obecność,55
1M,2025-10-30,nieobecność,10
1M,2025-11-05,obecność,53
1M,2025-11-05,nieobecność,13
1M,2025-11-06,obecność,65
1M,2025-11-06,nieobecność,20
1M,2025-11-07,obecność,36
1M,2025-11-07,spóźnienie,5
1M,2025-11-07,nieobecność,17
1M,2025-11-12,nieob. uspraw.,15
1M,2025-11-18,nieob. uspraw.,11
1M,2025-11-19,zwolniony,9
1M,2025-11-21,obecność,33
1M,2025-11-21,nieobecność,3
1M,2025-11-24,nieob. uspraw.,48
1M,2025-11-25,obecność,65
1M,2025-11-25,nieobecność,9
1M,2025-11-28,nieob. uspraw.,38
1M,2025-12-01,nieob. uspraw.,48
1M,2025-12-02,spóźnienie,4
1M,2025-12-03,nieob. uspraw.,20
1M,2025-12-04,nieob. uspraw.,7
1M,2025-12-05,nieob. uspraw.,22
1M,2025-12-09,obecność,81
1M,2025-12-09,nieobecność,4
1M,2025-12-11,nieob. uspraw.,24
1M,2025-12-15,obecność,89
1M,2025-12-15,zwolniony,6
1M,2025-12-16,spóźnienie,3
1M,2025-12-18,obecność,71
1M,2025-12-18,nieobecność,10
1M,2026-01-08,nieob. uspraw.,41
1M,2026-01-09,nieob. uspraw.,64
1M,2026-01-14,nieob. uspraw.,42
1M,2026-02-04,nieobecność,3
1M,2026-02-04,obecność,46
1M,2026-02-09,nieob. uspraw.,42
1M,2026-02-11,nieobecność,10
1M,2026-02-12,nieobecność,22
1M,2026-02-16,nieobecność,8
1M,2026-02-17,nieobecność,7
1M,2026-02-17,obecność,52
1M,2026-02-18,nieobecność,7
1M,2026-02-19,nieobecność,6
1M,2026-02-20,spóźnienie,2
1M,2026-02-20,obecność,65
1M,2026-02-23,nieobecność,9
1M,2026-02-24,nieobecność,9
1M,2026-02-25,nieobecność,5
1M,2026-02-26,nieobecność,10
1M,2026-02-27,nieobecność,1
1M,2026-02-27,obecność,34
1M,2026-03-02,nieobecność,8
1M,2026-03-04,obecność,50
1M,2026-03-06,spóźnienie,1
1M,2026-03-06,obecność,67
1M,2026-03-09,nieobecność,20
1M,2026-03-12,nieobecność,6
1M,2026-03-12,obecność,45
1M,2026-03-16,nieob. uspraw.,40
1M,2026-03-17,nieob. uspraw.,41
1M,2026-03-18,nieob. uspraw.,1
1M,2026-03-19,spóźnienie,2
1M,2026-03-19,obecność,60
1M,2026-03-19,nieobecność,9
1M,2026-03-23,nieob. uspraw.,32
1M,2026-03-24,nieob. uspraw.,26
1M,2026-03-25,nieobecność,18
1M,2026-03-26,nieobecność,22
1M,2026-03-26,obecność,54
1M,2026-03-27,nieobecność,8
1M,2026-03-27,obecność,45
1M,2026-04-09,nieobecność,4
1M,2026-04-09,obecność,67
1M,2026-04-10,spóźnienie,4
1M,2026-04-14,nieobecność,27
1M,2026-04-15,nieobecność,22
1M,2026-04-16,nieobecność,24
1M,2026-04-17,nieobecność,37
1M,2026-04-22,nieobecność,28
1M,2026-04-27,spóźnienie,1
1M,2026-04-29,obecność,64
1M,2026-04-29,spóźnienie,5
1M,2026-05-07,obecność,63
1M,2026-05-14,nieobecność,19
1M,2026-05-18,obecność,99
1M,2026-05-19,spóźnienie,3
1M,2026-05-21,obecność,105
1M,2026-05-29,obecność,41
1M,2026-06-08,obecność,95
1M,2026-06-26,nieobecność,30
1M,2025-09-18,nieob. uspr. p.s.,3
1M,2025-09-19,obecność,46
1M,2025-10-01,obecność,44
1M,2025-10-03,spóźnienie,1
1M,2025-10-06,spóźnienie,1
1M,2025-10-07,spóźnienie,5
1M,2025-10-10,obecność,65
1M,2025-10-10,spóźnienie,3
1M,2025-10-16,spóźnienie,7
1M,2025-10-21,nieob. uspraw.,25
1M,2025-10-22,spóźnienie,1
1M,2025-10-23,nieob. uspraw.,20
1M,2025-10-24,spóźnienie,2
1M,2025-10-27,spóźnienie,1
1M,2025-10-28,nieobecność,11
1M,2025-11-04,nieobecność,5
1M,2025-11-12,spóźnienie,2
1M,2025-11-13,spóźnienie,2
1M,2025-11-14,obecność,56
1M,2025-11-14,spóźnienie,2
1M,2025-11-26,nieob. uspraw.,27
1M,2025-12-08,obecność,74
1M,2025-12-10,nieob. uspraw.,12
1M,2025-12-17,obecność,57
1M,2025-12-17,spóźnienie,5
1M,2025-12-19,nieob. uspraw.,17
1M,2026-02-16,obecność,64
1M,2026-02-19,obecność,60
1M,2026-02-26,nieob. uspr. p.s.,7
1M,2026-03-10,obecność,66
1M,2026-03-10,nieobecność,7
1M,2026-03-11,obecność,67
1M,2026-03-11,nieobecność,7
1M,2026-03-18,spóźnienie,5
1M,2026-03-25,obecność,39
1M,2026-03-30,obecność,63
1M,2026-03-31,nieob. uspraw.,39
1M,2026-04-08,obecność,44
1M,2026-04-15,spóźnienie,6
1M,2026-04-20,nieob. uspraw.,13
1M,2026-04-21,obecność,67
1M,2026-04-22,spóźnienie,4
1M,2026-04-23,spóźnienie,6
1M,2026-04-28,obecność,58
1M,2026-05-08,obecność,38
1M,2026-05-12,obecność,36
1M,2026-05-13,nieob. uspraw.,12
1M,2026-05-14,spóźnienie,6
1M,2026-05-15,obecność,31
1M,2026-05-25,nieob. uspraw.,25
1M,2026-05-26,spóźnienie,7
1M,2026-05-26,obecność,38
1M,2026-05-28,obecność,56
1M,2026-05-28,spóźnienie,11
1M,2026-06-02,obecność,34
1M,2026-06-03,obecność,51
1M,2026-06-10,obecność,47
1M,2026-06-10,spóźnienie,4
1M,2026-06-11,obecność,50
1M,2026-06-16,obecność,32
1M,2026-06-16,spóźnienie,3
1M,2026-06-17,obecność,20
1M,2025-09-18,nieob. uspraw.,10
1M,2025-09-23,obecność,19
1M,2025-10-14,obecność,44
1M,2025-10-27,nieob. uspraw.,18
1M,2025-11-12,nieobecność,4
1M,2025-12-05,nieobecność,4
1M,2025-12-12,nieob. uspraw.,28
1M,2026-01-12,obecność,81
1M,2026-01-13,obecność,55
1M,2026-01-15,obecność,30
1M,2026-01-15,spóźnienie,1
1M,2026-02-02,obecność,48
1M,2026-02-03,obecność,36
1M,2026-02-05,obecność,34
1M,2026-02-06,obecność,31
1M,2026-02-09,zwolniony,5
1M,2026-03-04,nieob. uspr. p.s.,1
1M,2026-04-01,obecność,56
1M,2026-04-17,spóźnienie,2
1M,2026-04-20,obecność,104
1M,2026-05-12,spóźnienie,2
1M,2026-05-13,obecność,22
1M,2026-06-09,obecność,38
1M,2025-09-10,nieob. uspraw.,6
1M,2025-09-11,nieob. uspraw.,15
1M,2025-09-15,nieob. uspraw.,16
1M,2025-09-26,obecność,30
1M,2025-10-07,spóźn. uspr.,2
1M,2025-10-10,spóźn. uspr.,2
1M,2025-10-13,spóźn. uspr.,1
1M,2025-10-20,zwolniony,1
1M,2025-10-21,spóźn. uspr.,2
1M,2025-10-22,nieob. uspraw.,11
1M,2025-11-14,spóźn. uspr.,1
1M,2025-11-14,nieobecność,3
1M,2025-11-19,nieob. uspraw.,15
1M,2025-11-27,obecność,60
1M,2026-01-07,obecność,34
1M,2026-02-03,zwolniony,3
1M,2026-02-11,nieob. uspraw.,29
1M,2026-02-12,nieob. uspraw.,6
1M,2026-02-13,nieob. uspraw.,24
1M,2026-02-18,obecność,47
1M,2026-02-26,nieob. uspraw.,25
1M,2026-03-05,spóźnienie,2
1M,2026-03-10,spóźnienie,4
1M,2026-03-20,obecność,12
1M,2026-03-23,nieobecność,11
1M,2026-03-30,spóźnienie,1
1M,2026-03-31,spóźnienie,4
1M,2026-04-16,spóźnienie,10
1M,2026-04-20,spóźnienie,2
1M,2026-05-06,obecność,30
1M,2026-05-20,nieob. uspraw.,18
1M,2026-05-22,obecność,19
1M,2026-06-01,obecność,45
1M,2026-06-18,obecność,3
1M,2026-06-22,obecność,8
1M,2025-09-04,nieob. uspraw.,10
1M,2025-09-09,nieob. uspraw.,13
1M,2025-09-17,nieobecność,1
1M,2025-09-19,nieobecność,6
1M,2025-10-08,nieobecność,8
1M,2025-10-16,nieobecność,7
1M,2025-10-24,nieobecność,9
1M,2025-10-30,spóźnienie,4
1M,2025-11-14,zwolniony,2
1M,2025-11-20,nieob. uspraw.,18
1M,2025-11-24,nieobecność,3
1M,2025-11-27,nieobecność,4
1M,2025-11-28,nieobecność,8
1M,2025-12-11,nieobecność,5
1M,2026-01-07,nieobecność,15
1M,2026-01-08,nieobecność,17
1M,2026-01-09,nieobecność,12
1M,2026-02-05,nieobecność,4
1M,2026-02-10,nieob. uspraw.,10
1M,2026-02-23,nieob. uspraw.,40
1M,2026-02-24,nieob. uspraw.,23
1M,2026-03-30,nieobecność,13
1M,2026-04-01,nieobecność,14
1M,2026-04-27,nieobecność,11
1M,2026-04-30,obecność,43
1M,2026-06-11,spóźnienie,2
1M,2026-06-15,obecność,49
1M,2025-10-03,spóźn. uspr.,1
1M,2025-11-12,zwolniony,1
1M,2025-12-02,nieob. uspraw.,13
1M,2025-12-08,nieobecność,2
1M,2026-01-14,nieobecność,2
1M,2026-02-25,spóźnienie,4
1M,2026-02-26,spóźnienie,6
1M,2026-03-03,spóźnienie,4
1M,2026-03-16,nieobecność,4
1M,2026-04-01,spóźnienie,4
1M,2026-04-23,nieob. uspraw.,8
1M,2026-04-24,nieob. uspraw.,12
1M,2026-04-27,nieob. uspraw.,24
1M,2026-04-30,nieob. uspraw.,3
1M,2026-05-11,nieob. uspraw.,26
1M,2026-05-12,nieob. uspraw.,11
1M,2026-05-14,nieob. uspraw.,16
1M,2026-05-15,nieob. uspraw.,20
1M,2026-05-22,nieob. uspraw.,14
1M,2026-05-25,zwolniony,2
1M,2025-10-08,spóźnienie,1
1M,2025-10-13,spóźnienie,1
1M,2025-10-14,nieobecność,2
1M,2025-10-14,spóźnienie,1
1M,2025-10-20,spóźnienie,1
1M,2025-11-06,spóźnienie,2
1M,2025-11-13,nieobecność,2
1M,2025-11-17,spóźnienie,2
1M,2025-11-21,spóźnienie,3
1M,2025-11-28,spóźnienie,3
1M,2025-12-04,spóźnienie,3
1M,2025-12-15,spóźnienie,2
1M,2025-12-15,nieobecność,5
1M,2025-12-17,nieobecność,2
1M,2026-01-09,spóźnienie,1
1M,2026-01-12,nieobecność,2
1M,2026-02-09,spóźnienie,1
1M,2026-02-16,zwolniony,2
1M,2026-02-19,spóźnienie,2
1M,2026-02-25,zwolniony,2
1M,2026-03-18,nieobecność,10
1M,2026-04-08,nieobecność,5
1M,2026-05-18,spóźnienie,1
1M,2025-09-09,nieobecność,1
1M,2025-09-25,nieob. uspraw.,4
1M,2025-10-15,zwolniony,3
1M,2025-10-29,spóźnienie,2
1M,2025-11-13,nieob. uspraw.,13
1M,2025-12-11,spóźnienie,2
1M,2026-02-06,zwolniony,3
1M,2026-02-25,nieob. uspraw.,24
1M,2026-03-02,nieob. uspraw.,32
1M,2026-03-03,nieob. uspraw.,24
1M,2026-03-04,nieob. uspraw.,12
1M,2026-03-09,nieob. uspraw.,16
1M,2026-03-13,obecność,4
1M,2026-05-21,nieob. uspraw.,7
1M,2026-06-01,nieob. uspraw.,8
1M,2026-06-02,nieob. uspraw.,6
1M,2026-06-03,nieob. uspraw.,4
1M,2026-06-08,nieob. uspraw.,8
1M,2026-06-09,nieob. uspraw.,6
1M,2026-06-10,nieob. uspraw.,5
1M,2026-06-11,nieob. uspraw.,7
1M,2026-06-12,nieob. uspraw.,4
1M,2026-06-18,spóźnienie,1
1M,2025-11-27,spóźnienie,2
1M,2026-01-13,zwolniony,2
1M,2026-01-15,nieobecność,3
1M,2026-04-08,spóźnienie,1
1M,2025-09-02,nieobecność,2
1M,2025-09-05,nieob. uspraw.,18
1M,2025-09-12,spóźnienie,1
1M,2025-09-30,spóźn. uspr.,2
1M,2025-10-02,spóźn. uspr.,1
1M,2025-10-08,nieob. uspr. p.s.,2
1M,2025-10-09,spóźn. uspr.,1
1M,2025-10-14,spóźn. uspr.,1
1M,2025-10-16,spóźn. uspr.,2
1M,2025-10-30,spóźn. uspr.,2
1M,2026-01-16,obecność,4
1M,2026-02-03,spóźnienie,3
1M,2026-02-04,spóźnienie,1
1M,2026-02-06,spóźnienie,1
1M,2026-02-17,spóźnienie,1
1M,2026-02-18,zwolniony,1
1M,2026-03-17,spóźnienie,1
1M,2026-03-17,nieobecność,1
1M,2026-03-25,spóźnienie,3
1M,2026-05-13,nieob. uspr. p.s.,2
1M,2026-06-09,spóźnienie,2
1M,2025-10-02,nieobecność,1
1M,2025-11-20,spóźnienie,1
1M,2026-02-18,spóźnienie,2
1M,2026-03-04,zwolniony,2
1M,2026-03-12,spóźnienie,1
1M,2026-03-27,spóźnienie,1
1M,2026-05-13,spóźnienie,2
1M,2026-05-19,nieob. uspraw.,11
1M,2026-06-17,spóźnienie,1
1M,2026-05-18,nieob. uspraw.,12
1M,2026-05-26,nieob. uspraw.,9
1M,2026-06-18,nieob. uspr. p.s.,4
1M,2026-06-19,nieob. uspr. p.s.,3
1M,2025-09-23,spóźnienie,1
1M,2025-11-06,nieob. uspr. p.s.,1
1M,2025-11-14,nieob. uspr. p.s.,6
1M,2025-11-18,nieob. uspr. p.s.,1
1M,2025-11-21,nieob. uspr. p.s.,1
1M,2025-11-25,nieob. uspr. p.s.,1
1M,2025-12-02,nieob. uspr. p.s.,1
1M,2025-12-05,nieob. uspr. p.s.,1
1M,2025-12-16,nieob. uspraw.,6
1M,2025-12-18,nieob. uspr. p.s.,2
1M,2025-12-19,zwolniony,3
1M,2026-02-18,nieob. uspr. p.s.,2
1M,2026-03-09,zwolniony,1
1M,2026-03-10,nieob. uspr. p.s.,1
1M,2026-05-08,nieob. uspraw.,8
1M,2025-09-02,nieob. uspraw.,1
1M,2025-10-02,zwolniony,2
1M,2025-10-24,nieob. uspraw.,9
1M,2025-11-12,nieob. uspr. p.s.,5
1M,2025-11-13,nieob. uspr. p.s.,4
1M,2026-03-31,nieobecność,1
1M,2026-04-10,nieob. uspr. p.s.,6
1M,2026-04-14,nieob. uspraw.,1
1M,2026-04-21,nieob. uspraw.,6
1M,2026-04-22,nieob. uspraw.,12
1M,2026-04-28,nieob. uspraw.,12
1M,2026-06-15,nieob. uspraw.,3
1M,2025-09-30,nieob. uspraw.,6
1M,2025-11-19,nieobecność,3
1M,2026-01-14,zwolniony,2
1M,2026-04-30,nieob. uspr. p.s.,1
1M,2026-05-28,nieob. uspraw.,4
1M,2025-09-03,nieob. uspraw.,5
1M,2025-09-23,zwolniony,4
1M,2025-11-03,zwolniony,1
1M,2025-12-17,zwolniony,1
1M,2026-02-11,zwolniony,1
1M,2026-02-19,zwolniony,1
1M,2026-02-24,zwolniony,1
1M,2025-09-15,nieob. uspr. p.s.,8
1M,2025-09-17,nieob. uspr. p.s.,5
1M,2026-01-13,spóźnienie,1
1M,2026-05-06,nieob. uspraw.,5
1M,2026-05-07,nieob. uspraw.,6
2M,2026-05-29,obecność,53
2M,2026-05-29,nieob. uspraw.,15
2M,2026-06-01,nieobecność,17
2M,2026-06-01,obecność,64
2M,2026-06-02,obecność,104
2M,2026-06-03,nieobecność,20
2M,2026-06-05,obecność,16
2M,2026-06-08,obecność,66
2M,2026-06-08,spóźnienie,4
2M,2026-06-08,nieobecność,13
2M,2026-06-09,nieob. uspr. p.s.,24
2M,2026-06-09,nieobecność,11
2M,2026-06-09,obecność,51
2M,2026-06-10,obecność,33
2M,2026-06-11,nieobecność,21
2M,2026-06-11,obecność,78
2M,2026-06-12,obecność,43
2M,2026-06-15,nieob. uspraw.,36
2M,2026-06-16,nieob. uspraw.,34
2M,2026-06-17,nieob. uspraw.,24
2M,2026-06-18,nieob. uspraw.,15
2M,2026-06-18,nieobecność,74
2M,2026-06-19,obecność,2
2M,2026-06-19,nieobecność,78
2M,2026-06-22,nieobecność,81
2M,2026-06-23,nieobecność,97
2M,2026-06-24,nieobecność,82
2M,2026-06-25,nieobecność,109
2M,2025-09-02,obecność,100
2M,2025-09-03,,11
2M,2025-09-03,nieob. uspraw.,12
2M,2025-09-04,obecność,88
2M,2025-09-05,obecność,62
2M,2025-09-08,obecność,72
2M,2025-09-08,spóźnienie,4
2M,2025-09-09,obecność,92
2M,2025-09-10,,11
2M,2025-09-10,obecność,76
2M,2025-09-10,nieobecność,18
2M,2025-09-11,obecność,89
2M,2025-09-12,obecność,57
2M,2025-09-15,obecność,92
2M,2025-09-17,,11
2M,2025-09-17,obecność,78
2M,2025-09-18,obecność,97
2M,2025-09-19,obecność,46
2M,2025-09-22,obecność,81
2M,2025-09-23,obecność,103
2M,2025-09-24,obecność,69
2M,2025-09-25,obecność,104
2M,2025-09-26,obecność,45
2M,2025-09-29,obecność,85
2M,2025-09-30,obecność,103
2M,2025-10-01,nieob. uspraw.,12
2M,2025-10-02,obecność,111
2M,2025-10-03,obecność,72
2M,2025-10-06,obecność,75
2M,2025-10-07,obecność,111
2M,2025-10-08,obecność,74
2M,2025-10-08,nieobecność,16
2M,2025-10-09,obecność,106
2M,2025-10-10,obecność,68
2M,2025-10-13,obecność,66
2M,2025-10-14,nieob. uspraw.,24
2M,2025-10-15,obecność,55
2M,2025-10-15,nieobecność,23
2M,2025-10-16,obecność,92
2M,2025-10-20,obecność,74
2M,2025-10-20,nieob. uspraw.,6
2M,2025-10-21,obecność,110
2M,2025-10-22,obecność,38
2M,2025-10-23,nieob. uspraw.,18
2M,2025-10-24,obecność,54
2M,2025-10-27,spóźnienie,6
2M,2025-10-27,obecność,74
2M,2025-10-27,nieobecność,9
2M,2025-10-28,obecność,118
2M,2025-10-28,nieobecność,5
2M,2025-10-29,obecność,76
2M,2025-10-30,obecność,95
2M,2025-10-30,nieobecność,6
2M,2025-11-03,obecność,68
2M,2025-11-03,nieobecność,5
2M,2025-11-04,obecność,70
2M,2025-11-05,obecność,63
2M,2025-11-06,obecność,77
2M,2025-11-07,obecność,50
2M,2025-11-07,nieobecność,20
2M,2025-11-12,obecność,71
2M,2025-11-13,obecność,107
2M,2025-11-14,obecność,63
2M,2025-11-17,obecność,81
2M,2025-11-17,spóźnienie,2
2M,2025-11-18,obecność,76
2M,2025-11-19,obecność,79
2M,2025-11-20,obecność,117
2M,2025-11-21,obecność,78
2M,2025-11-24,obecność,76
2M,2025-11-24,nieobecność,3
2M,2025-11-25,obecność,106
2M,2025-11-26,nieob. uspraw.,12
2M,2025-11-27,obecność,92
2M,2025-11-28,obecność,64
2M,2025-11-28,nieobecność,14
2M,2025-12-01,obecność,73
2M,2025-12-02,obecność,99
2M,2025-12-03,obecność,85
2M,2025-12-03,spóźnienie,3
2M,2025-12-04,obecność,126
2M,2025-12-05,obecność,75
2M,2025-12-08,obecność,75
2M,2025-12-09,obecność,73
2M,2025-12-09,nieob. uspraw.,27
2M,2025-12-10,obecność,71
2M,2025-12-11,obecność,97
2M,2025-12-12,obecność,84
2M,2025-12-12,spóźnienie,4
2M,2025-12-15,obecność,83
2M,2025-12-16,obecność,80
2M,2025-12-17,obecność,84
2M,2025-12-17,spóźnienie,2
2M,2025-12-18,nieob. uspraw.,24
2M,2025-12-19,obecność,47
2M,2026-01-07,nieob. uspraw.,15
2M,2026-01-07,obecność,78
2M,2026-01-07,spóźn. uspr.,1
2M,2026-01-08,obecność,126
2M,2026-01-09,spóźnienie,2
2M,2026-01-09,obecność,65
2M,2026-01-12,nieobecność,15
2M,2026-01-12,obecność,77
2M,2026-01-13,spóźnienie,2
2M,2026-01-13,obecność,68
2M,2026-01-13,nieobecność,40
2M,2026-01-14,obecność,86
2M,2026-01-14,nieobecność,16
2M,2026-01-15,nieobecność,46
2M,2026-01-15,nieob. uspraw.,8
2M,2026-01-16,obecność,39
2M,2026-02-02,nieob. uspraw.,26
2M,2026-02-02,obecność,63
2M,2026-02-03,nieob. uspraw.,43
2M,2026-02-03,obecność,66
2M,2026-02-04,spóźnienie,4
2M,2026-02-04,obecność,73
2M,2026-02-04,nieobecność,7
2M,2026-02-05,nieob. uspraw.,29
2M,2026-02-05,obecność,88
2M,2026-02-06,nieob. uspraw.,6
2M,2026-02-06,obecność,69
2M,2026-02-06,nieobecność,16
2M,2026-02-09,obecność,85
2M,2026-02-10,obecność,104
2M,2026-02-11,obecność,86
2M,2026-02-12,nieob. uspraw.,15
2M,2026-02-12,obecność,102
2M,2026-02-13,obecność,61
2M,2026-02-16,spóźnienie,3
2M,2026-02-16,obecność,81
2M,2026-02-17,obecność,109
2M,2026-02-18,obecność,80
2M,2026-02-18,nieob. uspraw.,8
2M,2026-02-19,obecność,90
2M,2026-02-20,obecność,63
2M,2026-02-20,spóźnienie,3
2M,2026-02-23,obecność,88
2M,2026-02-24,nieobecność,19
2M,2026-02-25,spóźnienie,3
2M,2026-02-25,obecność,59
2M,2026-02-25,nieobecność,11
2M,2026-02-26,obecność,69
2M,2026-02-26,spóźnienie,6
2M,2026-02-26,nieobecność,10
2M,2026-02-27,obecność,63
2M,2026-02-27,nieobecność,8
2M,2026-03-02,spóźnienie,3
2M,2026-03-02,obecność,68
2M,2026-03-03,obecność,108
2M,2026-03-04,obecność,95
2M,2026-03-05,obecność,99
2M,2026-03-06,obecność,65
2M,2026-03-06,nieobecność,7
2M,2026-03-09,obecność,95
2M,2026-03-10,obecność,97
2M,2026-03-11,obecność,68
2M,2026-03-12,obecność,77
2M,2026-03-12,nieobecność,13
2M,2026-03-13,obecność,67
2M,2026-03-16,nieob. uspraw.,20
2M,2026-03-16,obecność,71
2M,2026-03-17,nieob. uspraw.,17
2M,2026-03-18,obecność,78
2M,2026-03-19,obecność,90
2M,2026-03-19,nieobecność,21
2M,2026-03-20,nieob. uspraw.,75
2M,2026-03-23,obecność,85
2M,2026-03-24,obecność,107
2M,2026-03-24,nieobecność,12
2M,2026-03-25,obecność,81
2M,2026-03-26,nieob. uspraw.,23
2M,2026-03-27,obecność,70
2M,2026-03-30,nieob. uspraw.,16
2M,2026-03-30,obecność,68
2M,2026-03-31,obecność,69
2M,2026-03-31,nieob. uspraw.,23
2M,2026-04-01,spóźnienie,3
2M,2026-04-01,obecność,62
2M,2026-04-01,nieob. uspraw.,14
2M,2026-04-08,obecność,85
2M,2026-04-09,obecność,105
2M,2026-04-10,obecność,58
2M,2026-04-10,nieobecność,14
2M,2026-04-13,nieob. uspraw.,9
2M,2026-04-13,obecność,78
2M,2026-04-14,obecność,53
2M,2026-04-14,nieobecność,29
2M,2026-04-15,spóźnienie,3
2M,2026-04-15,obecność,74
2M,2026-04-15,nieobecność,1
2M,2026-04-16,nieob. uspraw.,22
2M,2026-04-16,nieobecność,30
2M,2026-04-17,nieob. uspraw.,24
2M,2026-04-20,obecność,88
2M,2026-04-21,obecność,88
2M,2026-04-22,obecność,62
2M,2026-04-22,spóźnienie,3
2M,2026-04-23,obecność,91
2M,2026-04-24,obecność,49
2M,2026-04-27,nieobecność,15
2M,2026-04-27,obecność,73
2M,2026-04-28,obecność,89
2M,2026-04-29,obecność,67
2M,2026-04-29,nieobecność,11
2M,2026-04-30,nieobecność,38
2M,2026-05-04,obecność,16
2M,2026-05-06,obecność,40
2M,2026-05-06,nieobecność,13
2M,2026-05-07,obecność,73
2M,2026-05-08,obecność,52
2M,2026-05-11,obecność,50
2M,2026-05-11,nieobecność,30
2M,2026-05-12,obecność,102
2M,2026-05-13,obecność,51
2M,2026-05-14,obecność,51
2M,2026-05-15,obecność,74
2M,2026-05-15,nieobecność,4
2M,2026-05-18,nieob. uspraw.,31
2M,2026-05-18,obecność,55
2M,2026-05-18,nieobecność,19
2M,2026-05-19,obecność,64
2M,2026-05-19,nieobecność,40
2M,2026-05-20,obecność,62
2M,2026-05-20,nieobecność,6
2M,2026-05-21,nieob. uspraw.,49
2M,2026-05-22,nieob. uspraw.,30
2M,2026-05-25,nieob. uspraw.,25
2M,2026-05-26,obecność,60
2M,2026-05-26,nieobecność,28
2M,2026-05-27,nieob. uspraw.,1
2M,2026-05-27,obecność,82
2M,2026-05-28,nieob. uspraw.,3
2M,2026-05-28,obecność,89
2M,2026-05-29,spóźnienie,5
2M,2026-06-01,spóźnienie,3
2M,2026-06-03,obecność,48
2M,2026-06-08,nieob. uspraw.,14
2M,2026-06-09,nieob. uspraw.,49
2M,2026-06-10,nieob. uspraw.,35
2M,2026-06-11,nieob. uspraw.,27
2M,2026-06-12,nieob. uspraw.,17
2M,2026-06-16,spóźnienie,2
2M,2026-06-16,obecność,72
2M,2026-06-17,obecność,13
2M,2026-06-17,nieobecność,31
2M,2025-09-03,obecność,80
2M,2025-09-24,spóźnienie,5
2M,2025-09-26,nieob. uspraw.,23
2M,2025-10-01,obecność,61
2M,2025-10-14,obecność,59
2M,2025-10-23,spóźnienie,3
2M,2025-10-23,obecność,82
2M,2025-11-12,spóźnienie,6
2M,2025-11-21,nieob. uspraw.,16
2M,2025-11-26,obecność,61
2M,2025-11-27,nieobecność,24
2M,2025-12-03,nieobecność,7
2M,2025-12-18,obecność,81
2M,2026-01-07,nieobecność,10
2M,2026-01-15,obecność,74
2M,2026-02-12,nieobecność,11
2M,2026-02-19,nieob. uspraw.,35
2M,2026-02-24,nieob. uspraw.,52
2M,2026-02-26,nieob. uspraw.,26
2M,2026-03-03,nieobecność,6
2M,2026-03-17,obecność,93
2M,2026-03-27,spóźnienie,3
2M,2026-03-31,nieobecność,20
2M,2026-04-09,nieob. uspraw.,14
2M,2026-04-09,nieobecność,9
2M,2026-04-16,obecność,76
2M,2026-04-17,obecność,19
2M,2026-04-22,nieob. uspraw.,16
2M,2026-04-30,obecność,68
2M,2026-05-06,spóźnienie,4
2M,2026-05-21,obecność,63
2M,2026-05-25,obecność,50
2M,2026-06-10,nieobecność,16
2M,2025-09-22,nieob. uspraw.,12
2M,2025-09-24,spóźn. uspr.,1
2M,2025-10-07,nieob. uspraw.,2
2M,2025-10-22,nieob. uspraw.,9
2M,2025-11-05,nieob. uspraw.,25
2M,2025-11-06,nieob. uspraw.,24
2M,2025-11-07,nieob. uspraw.,25
2M,2025-12-11,nieob. uspraw.,4
2M,2025-12-11,nieobecność,25
2M,2026-01-16,nieob. uspraw.,14
2M,2026-02-20,nieob. uspraw.,24
2M,2026-02-24,obecność,57
2M,2026-02-27,nieob. uspraw.,20
2M,2026-03-10,nieob. uspraw.,17
2M,2026-03-26,obecność,94
2M,2026-05-08,nieob. uspraw.,16
2M,2026-05-11,nieob. uspraw.,26
2M,2026-05-22,obecność,44
2M,2026-06-15,obecność,23
2M,2026-06-18,nieob. uspr. p.s.,5
2M,2026-06-18,obecność,25
2M,2026-06-19,nieob. uspraw.,22
2M,2025-09-04,nieob. uspraw.,25
2M,2025-09-09,nieob. uspraw.,15
2M,2025-09-11,nieob. uspraw.,17
2M,2025-09-23,nieob. uspraw.,17
2M,2025-09-30,nieob. uspraw.,22
2M,2025-10-02,nieob. uspraw.,10
2M,2025-10-10,spóźn. uspr.,2
2M,2025-10-29,nieob. uspraw.,9
2M,2025-10-30,nieob. uspraw.,27
2M,2025-11-04,nieob. uspraw.,23
2M,2025-11-06,nieob. uspr. p.s.,2
2M,2025-11-07,spóźnienie,1
2M,2025-11-13,spóźnienie,9
2M,2025-11-13,nieobecność,9
2M,2025-11-17,nieobecność,2
2M,2025-11-18,nieobecność,17
2M,2025-11-19,nieob. uspraw.,10
2M,2025-11-24,nieob. uspr. p.s.,6
2M,2025-11-25,nieob. uspr. p.s.,8
2M,2025-11-26,nieob. uspr. p.s.,7
2M,2025-12-02,nieob. uspraw.,22
2M,2025-12-04,nieob. uspraw.,2
2M,2025-12-05,nieob. uspraw.,10
2M,2025-12-08,nieobecność,8
2M,2025-12-11,spóźnienie,2
2M,2025-12-19,nieobecność,25
2M,2026-01-07,spóźnienie,3
2M,2026-02-10,nieob. uspraw.,14
2M,2026-02-13,spóźn. uspr.,2
2M,2026-03-03,nieob. uspraw.,13
2M,2026-03-05,nieob. uspraw.,19
2M,2026-03-06,nieob. uspraw.,19
2M,2026-03-24,nieob. uspraw.,7
2M,2026-03-25,nieob. uspraw.,7
2M,2026-04-10,nieob. uspraw.,19
2M,2026-04-21,nieob. uspraw.,25
2M,2026-04-23,nieob. uspraw.,16
2M,2026-04-28,nieob. uspraw.,20
2M,2026-05-06,nieob. uspraw.,34
2M,2026-05-07,nieob. uspraw.,23
2M,2026-05-12,nieob. uspraw.,17
2M,2026-05-14,nieob. uspraw.,35
2M,2026-05-26,nieob. uspraw.,24
2M,2026-06-23,obecność,32
2M,2026-06-24,obecność,20
2M,2026-06-25,obecność,19
2M,2025-09-03,spóźnienie,3
2M,2025-09-04,nieobecność,6
2M,2025-09-05,nieobecność,3
2M,2025-09-08,nieobecność,11
2M,2025-09-09,nieobecność,11
2M,2025-09-18,nieobecność,15
2M,2025-09-19,nieobecność,14
2M,2025-09-22,spóźnienie,3
2M,2025-09-23,nieobecność,8
2M,2025-09-26,nieobecność,12
2M,2025-09-30,spóźnienie,1
2M,2025-09-30,nieobecność,2
2M,2025-10-01,spóźnienie,1
2M,2025-10-01,nieobecność,6
2M,2025-10-06,nieobecność,9
2M,2025-10-07,nieobecność,15
2M,2025-10-09,nieobecność,3
2M,2025-10-10,spóźnienie,3
2M,2025-10-14,nieobecność,12
2M,2025-10-16,nieobecność,14
2M,2025-10-20,spóźnienie,2
2M,2025-10-22,spóźnienie,1
2M,2025-10-24,nieobecność,30
2M,2025-10-29,nieobecność,11
2M,2025-11-04,nieobecność,17
2M,2025-11-06,nieobecność,9
2M,2025-11-12,nieobecność,7
2M,2025-11-14,nieobecność,21
2M,2025-11-20,nieobecność,2
2M,2025-11-25,nieobecność,5
2M,2025-11-26,nieobecność,16
2M,2025-12-01,nieobecność,11
2M,2025-12-02,nieobecność,7
2M,2025-12-05,nieobecność,11
2M,2025-12-09,nieobecność,10
2M,2025-12-10,nieob. uspr. p.s.,4
2M,2025-12-16,nieobecność,18
2M,2026-01-09,nieobecność,13
2M,2026-01-16,spóźnienie,2
2M,2026-01-16,nieobecność,25
2M,2026-02-03,nieobecność,19
2M,2026-02-05,nieobecność,11
2M,2026-02-09,nieobecność,11
2M,2026-02-13,spóźnienie,3
2M,2026-02-17,nieobecność,19
2M,2026-03-02,nieobecność,7
2M,2026-03-05,nieobecność,9
2M,2026-03-10,nieobecność,12
2M,2026-03-11,nieobecność,10
2M,2026-03-13,nieobecność,13
2M,2026-03-16,nieobecność,5
2M,2026-03-17,nieobecność,14
2M,2026-03-18,nieobecność,9
2M,2026-03-18,spóźnienie,1
2M,2026-03-25,nieobecność,8
2M,2026-03-26,nieobecność,11
2M,2026-03-27,nieobecność,10
2M,2026-03-30,nieobecność,12
2M,2026-04-01,nieobecność,17
2M,2026-04-13,nieobecność,7
2M,2026-04-17,nieobecność,21
2M,2026-04-20,nieobecność,5
2M,2026-04-21,nieobecność,15
2M,2026-04-22,nieobecność,14
2M,2026-04-23,nieobecność,21
2M,2026-04-24,nieobecność,18
2M,2026-04-28,nieobecność,19
2M,2026-05-07,nieobecność,16
2M,2026-05-12,nieobecność,9
2M,2026-05-22,nieobecność,6
2M,2026-05-25,nieobecność,15
2M,2026-05-28,nieobecność,36
2M,2026-05-29,nieobecność,14
2M,2026-06-12,nieobecność,25
2M,2026-06-15,nieobecność,38
2M,2026-06-16,nieobecność,28
2M,2025-09-02,nieobecność,10
2M,2025-09-03,nieobecność,1
2M,2025-09-05,nieob. uspraw.,15
2M,2025-09-12,nieob. uspraw.,20
2M,2025-09-17,nieob. uspraw.,12
2M,2025-09-18,nieob. uspraw.,16
2M,2025-09-19,nieob. uspraw.,20
2M,2025-09-24,nieob. uspraw.,12
2M,2025-10-02,nieobecność,7
2M,2025-10-06,nieob. uspraw.,6
2M,2025-10-23,nieobecność,24
2M,2025-11-12,nieob. uspr. p.s.,5
2M,2025-11-18,nieob. uspr. p.s.,5
2M,2025-11-21,nieob. uspr. p.s.,1
2M,2025-11-28,nieob. uspraw.,18
2M,2025-12-10,nieob. uspraw.,18
2M,2025-12-16,nieob. uspraw.,14
2M,2025-12-19,nieob. uspraw.,24
2M,2026-01-12,spóźnienie,1
2M,2026-02-19,nieob. uspr. p.s.,1
2M,2026-03-09,nieob. uspraw.,1
2M,2026-03-13,nieob. uspraw.,10
2M,2026-03-18,nieob. uspraw.,8
2M,2026-03-19,nieob. uspraw.,16
2M,2026-03-20,obecność,5
2M,2026-04-15,nieob. uspraw.,18
2M,2026-04-24,nieob. uspraw.,24
2M,2026-04-30,nieob. uspraw.,22
2M,2026-05-20,nieob. uspraw.,18
2M,2026-06-02,nieob. uspraw.,10
2M,2026-06-03,nieob. uspraw.,18
2M,2025-10-13,nieobecność,2
2M,2025-10-14,spóźnienie,1
2M,2025-10-16,nieob. uspraw.,22
2M,2025-10-22,nieobecność,15
2M,2025-12-01,nieob. uspraw.,7
2M,2025-12-08,nieob. uspraw.,8
2M,2025-12-17,nieobecność,3
2M,2025-12-18,nieobecność,23
2M,2026-01-12,nieob. uspraw.,3
2M,2026-02-10,nieobecność,10
2M,2026-02-13,nieobecność,13
2M,2026-02-16,nieob. uspraw.,8
2M,2026-03-02,nieob. uspraw.,18
2M,2026-03-03,spóźnienie,1
2M,2026-03-17,spóźnienie,2
2M,2026-03-23,nieobecność,3
2M,2026-04-20,spóźnienie,2
2M,2026-05-14,nieobecność,26
2M,2026-05-18,spóźnienie,2
2M,2026-05-19,nieob. uspraw.,24
2M,2026-05-20,nieob. uspr. p.s.,9
2M,2026-05-25,spóźnienie,1
2M,2026-06-01,nieob. uspraw.,13
2M,2026-06-10,spóźnienie,1
2M,2026-06-11,nieob. uspr. p.s.,10
2M,2026-06-22,obecność,16
2M,2025-09-08,nieob. uspraw.,9
2M,2025-09-12,nieobecność,3
2M,2025-09-17,nieobecność,6
2M,2025-10-09,nieob. uspraw.,19
2M,2025-10-13,nieob. uspraw.,12
2M,2025-10-22,spóźn. uspr.,1
2M,2025-11-03,nieob. uspraw.,18
2M,2025-11-05,nieob. uspr. p.s.,3
2M,2025-11-13,nieob. uspraw.,1
2M,2025-11-14,nieob. uspraw.,12
2M,2025-11-18,nieob. uspraw.,30
2M,2025-11-20,nieob. uspraw.,9
2M,2025-11-25,nieob. uspraw.,9
2M,2025-11-27,nieob. uspraw.,12
2M,2026-01-14,nieob. uspraw.,4
2M,2026-02-26,spóźn. uspr.,1
2M,2026-03-11,nieob. uspraw.,18
2M,2026-03-13,spóźn. uspr.,1
2M,2026-05-13,nieobecność,9
2M,2025-09-11,nieobecność,12
2M,2025-09-24,nieobecność,9
2M,2025-11-05,nieobecność,5
2M,2025-11-19,nieobecność,7
2M,2026-02-04,nieob. uspraw.,12
2M,2026-02-11,nieobecność,4
2M,2026-02-18,nieob. uspr. p.s.,1
2M,2026-03-05,nieob. uspr. p.s.,1
2M,2026-03-19,nieob. uspr. p.s.,1
2M,2026-05-08,nieobecność,12
2M,2026-06-02,nieobecność,22
2M,2025-09-02,nieob. uspraw.,8
2M,2025-09-15,spóźnienie,2
2M,2025-10-03,nieobecność,12
2M,2025-10-15,nieob. uspraw.,18
2M,2025-10-20,nieobecność,8
2M,2025-10-21,nieob. uspraw.,16
2M,2025-10-24,nieob. uspraw.,12
2M,2025-10-28,nieob. uspraw.,5
2M,2025-12-12,nieobecność,7
2M,2026-01-08,nieobecność,2
2M,2026-02-02,nieobecność,7
2M,2026-02-18,nieobecność,7
2M,2026-02-25,nieob. uspraw.,7
2M,2026-03-23,nieob. uspr. p.s.,2
2M,2026-03-24,nieob. uspr. p.s.,2
2M,2026-04-14,nieob. uspraw.,30
2M,2026-05-15,nieob. uspraw.,18
2M,2026-05-27,nieobecność,13
2M,2025-09-10,nieob. uspraw.,1
2M,2025-09-10,nieob. uspr. p.s.,1
2M,2025-09-25,nieob. uspraw.,24
2M,2025-10-10,nieobecność,7
2M,2025-10-21,nieobecność,2
2M,2025-11-04,nieob. uspr. p.s.,2
2M,2025-12-10,nieobecność,3
2M,2026-02-16,nieobecność,4
2M,2026-02-19,nieobecność,2
2M,2026-02-23,nieob. uspraw.,7
2M,2026-03-04,nieobecność,1
2M,2026-03-17,zwolniony,2
2M,2026-04-08,nieobecność,4
2M,2026-06-09,spóźn. uspr.,1
2M,2025-10-03,nieob. uspraw.,12
2M,2025-10-08,nieob. uspraw.,6
2M,2025-11-12,nieob. uspraw.,7
2M,2025-11-21,nieobecność,1
2M,2025-12-15,nieobecność,1
2M,2026-02-11,nieob. uspraw.,6
2M,2026-03-10,nieob. uspr. p.s.,2
2M,2026-03-12,nieob. uspraw.,6
2M,2026-03-27,nieob. uspraw.,8
2M,2026-04-08,nieob. uspraw.,7
2M,2026-04-13,spóźnienie,2
2M,2026-04-27,nieob. uspraw.,8
2M,2026-01-14,spóźnienie,1
2M,2026-05-20,spóźnienie,1
2M,2025-09-15,nieobecność,2
2M,2025-09-29,nieob. uspraw.,6
2M,2025-10-06,spóźnienie,1
2M,2025-11-13,nieob. uspr. p.s.,2
2M,2025-11-17,nieob. uspraw.,6
2M,2025-11-24,nieob. uspraw.,6
2M,2025-12-03,nieob. uspraw.,1
2M,2025-12-12,nieob. uspraw.,1
2M,2025-12-15,nieob. uspraw.,12
2M,2025-12-17,nieob. uspraw.,1
2M,2026-02-20,nieobecność,1
2M,2026-02-23,nieobecność,1
2M,2026-03-23,nieob. uspraw.,6
2M,2026-04-20,nieob. uspraw.,1
2M,2026-04-29,nieob. uspraw.,13
2M,2025-10-20,spóźn. uspr.,1
2M,2025-10-23,spóźn. uspr.,1
2M,2025-10-27,nieob. uspraw.,2
2M,2025-12-09,nieob. uspr. p.s.,2
2M,2025-12-17,spóźn. uspr.,1
2M,2026-01-13,nieob. uspraw.,2
2M,2026-02-13,nieob. uspraw.,1
2M,2026-04-22,spóźn. uspr.,1
2M,2026-05-11,spóźn. uspr.,1
2M,2026-05-13,nieob. uspraw.,4
2M,2026-06-05,nieob. uspraw.,1
2M,2026-06-23,nieob. uspraw.,7
2M,2026-06-25,nieob. uspraw.,8
3M,2025-09-01,obecność,147
3M,2025-09-02,obecność,135
3M,2025-09-03,obecność,93
3M,2025-09-04,obecność,118
3M,2025-09-05,obecność,61
3M,2025-09-08,obecność,76
3M,2025-09-09,obecność,86
3M,2025-09-09,nieob. uspraw.,45
3M,2025-09-10,obecność,83
3M,2025-09-11,obecność,103
3M,2025-09-12,obecność,47
3M,2025-09-15,obecność,97
3M,2025-09-16,obecność,147
3M,2025-09-17,nieob. uspraw.,24
3M,2025-09-17,obecność,86
3M,2025-09-18,obecność,77
3M,2025-09-18,nieobecność,27
3M,2025-09-19,obecność,44
3M,2025-09-22,obecność,71
3M,2025-09-23,obecność,110
3M,2025-09-24,obecność,105
3M,2025-09-25,obecność,97
3M,2025-09-25,nieob. uspraw.,17
3M,2025-09-26,obecność,51
3M,2025-09-26,nieobecność,17
3M,2025-09-29,nieob. uspraw.,31
3M,2025-09-30,nieob. uspraw.,40
3M,2025-10-01,obecność,70
3M,2025-10-02,obecność,88
3M,2025-10-03,nieob. uspraw.,29
3M,2025-10-06,obecność,98
3M,2025-10-07,obecność,124
3M,2025-10-08,obecność,73
3M,2025-10-08,nieobecność,38
3M,2025-10-09,obecność,89
3M,2025-10-10,obecność,49
3M,2025-10-13,obecność,74
3M,2025-10-13,spóźnienie,3
3M,2025-10-14,nieob. uspraw.,33
3M,2025-10-15,obecność,67
3M,2025-10-16,nieobecność,16
3M,2025-10-16,nieob. uspraw.,11
3M,2025-10-16,obecność,93
3M,2025-10-20,obecność,100
3M,2025-10-21,nieobecność,35
3M,2025-10-21,nieob. uspraw.,49
3M,2025-10-22,obecność,91
3M,2025-10-23,obecność,93
3M,2025-10-24,obecność,69
3M,2025-10-27,obecność,126
3M,2025-10-28,nieob. uspr. p.s.,2
3M,2025-10-28,obecność,140
3M,2025-10-28,nieob. uspraw.,12
3M,2025-10-29,nieob. uspraw.,21
3M,2025-10-30,nieob. uspraw.,24
3M,2025-11-03,obecność,92
3M,2025-11-04,nieobecność,28
3M,2025-11-04,obecność,123
3M,2025-11-05,obecność,66
3M,2025-11-06,obecność,82
3M,2025-11-06,nieob. uspraw.,48
3M,2025-11-06,nieobecność,25
3M,2025-11-07,obecność,69
3M,2025-11-12,nieob. uspraw.,26
3M,2025-11-13,nieob. uspraw.,24
3M,2025-11-14,nieob. uspraw.,32
3M,2025-11-17,obecność,105
3M,2025-11-18,obecność,77
3M,2025-11-18,nieob. uspraw.,66
3M,2025-11-19,nieob. uspraw.,23
3M,2025-11-20,nieob. uspraw.,62
3M,2025-11-21,obecność,79
3M,2025-11-24,nieob. uspraw.,28
3M,2025-11-25,nieob. uspraw.,34
3M,2025-11-25,nieob. uspr. p.s.,14
3M,2025-11-26,obecność,94
3M,2025-11-26,nieob. uspraw.,11
3M,2025-11-27,nieob. uspraw.,40
3M,2025-11-28,obecność,60
3M,2025-12-01,obecność,106
3M,2025-12-02,obecność,118
3M,2025-12-02,nieob. uspraw.,34
3M,2025-12-03,nieob. uspraw.,21
3M,2025-12-03,nieobecność,24
3M,2025-12-04,nieob. uspraw.,37
3M,2025-12-05,nieob. uspraw.,25
3M,2025-12-08,nieob. uspraw.,35
3M,2025-12-09,obecność,141
3M,2025-12-09,nieob. uspraw.,14
3M,2025-12-10,nieob. uspraw.,6
3M,2025-12-10,nieobecność,23
3M,2025-12-11,nieobecność,32
3M,2025-12-12,obecność,82
3M,2025-12-15,obecność,110
3M,2025-12-15,nieobecność,21
3M,2025-12-16,nieob. uspraw.,23
3M,2025-12-17,obecność,101
3M,2025-12-17,nieob. uspraw.,2
3M,2025-12-18,nieob. uspraw.,27
3M,2025-12-19,spóźnienie,1
3M,2025-12-19,obecność,107
3M,2026-01-07,obecność,58
3M,2026-01-08,obecność,98
3M,2026-01-08,nieobecność,78
3M,2026-01-09,obecność,82
3M,2026-01-09,nieobecność,52
3M,2026-01-12,obecność,92
3M,2026-01-13,obecność,126
3M,2026-01-14,obecność,53
3M,2026-01-15,nieobecność,115
3M,2026-01-16,nieobecność,73
3M,2026-02-02,obecność,58
3M,2026-02-02,nieob. uspraw.,77
3M,2026-02-03,nieob. uspraw.,64
3M,2026-02-04,obecność,83
3M,2026-02-04,nieob. uspraw.,19
3M,2026-02-05,nieob. uspraw.,71
3M,2026-02-06,nieob. uspraw.,40
3M,2026-02-09,obecność,76
3M,2026-02-10,obecność,115
3M,2026-02-10,nieob. uspraw.,45
3M,2026-02-11,obecność,86
3M,2026-02-12,nieob. uspraw.,18
3M,2026-02-13,obecność,58
3M,2026-02-16,obecność,88
3M,2026-02-17,obecność,112
3M,2026-02-17,nieob. uspraw.,40
3M,2026-02-18,obecność,96
3M,2026-02-19,obecność,111
3M,2026-02-19,nieob. uspraw.,5
3M,2026-02-20,obecność,88
3M,2026-02-23,obecność,51
3M,2026-02-24,obecność,47
3M,2026-02-25,obecność,46
3M,2026-02-26,obecność,139
3M,2026-02-26,nieobecność,3
3M,2026-02-27,nieobecność,33
3M,2026-02-27,obecność,65
3M,2026-03-02,nieob. uspraw.,20
3M,2026-03-03,obecność,130
3M,2026-03-03,nieob. uspraw.,27
3M,2026-03-04,obecność,86
3M,2026-03-05,nieob. uspraw.,26
3M,2026-03-06,obecność,39
3M,2026-03-09,nieob. uspraw.,21
3M,2026-03-10,nieob. uspraw.,34
3M,2026-03-11,nieob. uspraw.,15
3M,2026-03-12,nieob. uspraw.,10
3M,2026-03-13,nieob. uspraw.,5
3M,2026-03-16,obecność,87
3M,2026-03-17,nieob. uspraw.,27
3M,2026-03-18,nieob. uspraw.,12
3M,2026-03-19,obecność,65
3M,2026-03-20,nieobecność,71
3M,2026-03-23,nieob. uspraw.,21
3M,2026-03-24,nieob. uspraw.,26
3M,2026-03-25,obecność,53
3M,2026-03-26,obecność,126
3M,2026-03-27,nieob. uspraw.,5
3M,2026-03-30,obecność,81
3M,2026-03-31,nieob. uspraw.,72
3M,2026-04-01,obecność,69
3M,2026-04-08,obecność,93
3M,2026-04-09,nieob. uspraw.,42
3M,2026-04-10,obecność,89
3M,2026-04-13,obecność,95
3M,2026-04-14,nieob. uspraw.,38
3M,2026-04-15,obecność,57
3M,2026-04-16,nieob. uspraw.,39
3M,2026-04-17,obecność,44
3M,2026-04-20,nieob. uspraw.,37
3M,2026-04-21,nieob. uspraw.,50
3M,2026-04-22,obecność,93
3M,2026-04-23,nieob. uspraw.,50
3M,2026-04-24,nieob. uspraw.,25
3M,2026-04-27,nieob. uspraw.,27
3M,2026-04-28,nieob. uspraw.,25
3M,2026-04-29,obecność,85
3M,2026-04-30,nieob. uspraw.,48
3M,2026-05-06,obecność,53
3M,2026-05-07,nieob. uspraw.,36
3M,2026-05-08,obecność,93
3M,2026-05-11,obecność,105
3M,2026-05-11,nieobecność,15
3M,2026-05-12,nieob. uspraw.,56
3M,2026-05-13,obecność,103
3M,2026-05-13,nieob. uspraw.,21
3M,2026-05-14,nieob. uspraw.,36
3M,2026-05-15,nieob. uspraw.,24
3M,2026-05-18,obecność,82
3M,2026-05-18,nieob. uspraw.,25
3M,2026-05-19,obecność,124
3M,2026-05-19,nieob. uspraw.,19
3M,2026-05-20,obecność,93
3M,2026-05-20,spóźnienie,4
3M,2026-05-20,nieob. uspraw.,12
3M,2026-05-21,obecność,121
3M,2026-05-22,nieob. uspraw.,20
3M,2026-05-25,nieob. uspraw.,24
3M,2026-05-26,obecność,98
3M,2026-05-26,nieob. uspraw.,31
3M,2026-05-27,nieob. uspraw.,22
3M,2026-05-28,obecność,132
3M,2026-05-29,obecność,76
3M,2026-06-01,obecność,82
3M,2026-06-02,obecność,90
3M,2026-06-02,nieob. uspraw.,17
3M,2026-06-08,nieobecność,52
3M,2026-06-09,nieobecność,93
3M,2026-06-10,obecność,76
3M,2026-06-11,obecność,71
3M,2026-06-12,obecność,10
3M,2026-06-15,nieobecność,118
3M,2026-06-16,nieobecność,144
3M,2026-06-17,nieobecność,140
3M,2026-06-18,obecność,8
3M,2026-06-18,nieobecność,146
3M,2026-06-19,nieobecność,108
3M,2026-06-19,obecność,4
3M,2026-06-22,nieobecność,124
3M,2026-06-23,nieobecność,159
3M,2026-06-24,nieobecność,136
3M,2026-06-25,nieobecność,154
3M,2025-09-05,spóźnienie,1
3M,2025-09-11,nieob. uspraw.,31
3M,2025-09-12,nieob. uspraw.,24
3M,2025-09-15,nieob. uspraw.,27
3M,2025-09-29,obecność,104
3M,2025-09-30,obecność,116
3M,2025-10-03,obecność,44
3M,2025-10-16,nieob. uspr. p.s.,36
3M,2025-10-21,obecność,92
3M,2025-10-29,obecność,77
3M,2025-10-30,obecność,109
3M,2025-10-30,nieobecność,23
3M,2025-11-12,obecność,59
3M,2025-11-13,obecność,90
3M,2025-11-14,obecność,62
3M,2025-11-19,obecność,82
3M,2025-11-24,obecność,105
3M,2025-11-25,obecność,102
3M,2025-11-27,obecność,83
3M,2025-12-03,obecność,71
3M,2025-12-04,obecność,91
3M,2025-12-04,nieobecność,28
3M,2025-12-05,obecność,75
3M,2025-12-10,obecność,80
3M,2025-12-11,obecność,119
3M,2025-12-16,obecność,118
3M,2025-12-17,nieobecność,8
3M,2025-12-18,obecność,110
3M,2026-01-07,nieob. uspr. p.s.,4
3M,2026-01-12,nieobecność,22
3M,2026-01-14,nieobecność,24
3M,2026-01-14,nieob. uspr. p.s.,1
3M,2026-01-16,obecność,34
3M,2026-02-05,obecność,38
3M,2026-02-06,obecność,56
3M,2026-02-10,nieob. uspr. p.s.,1
3M,2026-02-12,obecność,100
3M,2026-02-16,nieob. uspraw.,44
3M,2026-02-24,nieob. uspraw.,88
3M,2026-03-09,obecność,72
3M,2026-03-10,obecność,119
3M,2026-03-11,obecność,106
3M,2026-03-11,nieob. uspr. p.s.,9
3M,2026-03-12,obecność,126
3M,2026-03-13,obecność,88
3M,2026-03-17,obecność,137
3M,2026-03-18,obecność,87
3M,2026-03-19,nieobecność,58
3M,2026-03-20,obecność,21
3M,2026-03-23,obecność,106
3M,2026-03-24,nieob. uspr. p.s.,1
3M,2026-03-24,obecność,122
3M,2026-03-27,obecność,80
3M,2026-03-31,obecność,93
3M,2026-03-31,nieobecność,17
3M,2026-04-09,obecność,104
3M,2026-04-14,obecność,105
3M,2026-04-14,nieobecność,18
3M,2026-04-16,obecność,74
3M,2026-04-20,obecność,96
3M,2026-04-21,obecność,117
3M,2026-04-21,nieobecność,17
3M,2026-04-23,nieobecność,20
3M,2026-04-24,obecność,77
3M,2026-04-28,obecność,125
3M,2026-04-30,obecność,80
3M,2026-05-07,obecność,72
3M,2026-05-13,nieobecność,10
3M,2026-05-14,obecność,97
3M,2026-05-14,nieobecność,28
3M,2026-05-15,obecność,58
3M,2026-05-18,nieobecność,37
3M,2026-05-21,nieob. uspraw.,19
3M,2026-05-25,obecność,72
3M,2026-05-27,nieobecność,43
3M,2026-05-27,obecność,76
3M,2026-06-08,obecność,64
3M,2026-06-09,obecność,66
3M,2026-06-10,nieobecność,59
3M,2025-09-04,nieobecność,17
3M,2025-09-05,nieobecność,13
3M,2025-09-08,nieobecność,27
3M,2025-09-09,nieobecność,30
3M,2025-09-10,nieobecność,25
3M,2025-09-11,nieobecność,29
3M,2025-09-12,nieobecność,19
3M,2025-09-15,nieobecność,35
3M,2025-09-17,nieobecność,26
3M,2025-09-19,nieobecność,21
3M,2025-09-22,nieobecność,17
3M,2025-09-23,nieobecność,10
3M,2025-09-24,nieobecność,13
3M,2025-09-25,nieobecność,18
3M,2025-09-29,spóźnienie,1
3M,2025-09-29,nieobecność,15
3M,2025-09-30,nieobecność,20
3M,2025-10-01,nieobecność,18
3M,2025-10-02,nieobecność,28
3M,2025-10-03,nieobecność,17
3M,2025-10-06,nieobecność,16
3M,2025-10-07,spóźnienie,3
3M,2025-10-07,nieobecność,28
3M,2025-10-09,nieobecność,20
3M,2025-10-10,nieobecność,19
3M,2025-10-13,nieobecność,30
3M,2025-10-14,obecność,64
3M,2025-10-15,nieobecność,15
3M,2025-10-20,nieobecność,29
3M,2025-10-22,nieobecność,18
3M,2025-10-23,nieobecność,11
3M,2025-10-24,nieobecność,14
3M,2025-10-27,nieobecność,11
3M,2025-10-28,nieobecność,22
3M,2025-11-03,nieobecność,24
3M,2025-11-05,nieobecność,28
3M,2025-11-07,nieobecność,27
3M,2025-11-12,nieobecność,29
3M,2025-11-13,nieobecność,20
3M,2025-11-14,nieobecność,12
3M,2025-11-14,spóźnienie,5
3M,2025-11-17,nieobecność,24
3M,2025-11-18,nieobecność,16
3M,2025-11-19,nieobecność,10
3M,2025-11-20,obecność,79
3M,2025-11-20,nieobecność,15
3M,2025-11-21,nieobecność,12
3M,2025-11-24,nieobecność,19
3M,2025-11-25,nieobecność,26
3M,2025-11-26,nieobecność,10
3M,2025-11-27,nieobecność,11
3M,2025-11-28,nieobecność,6
3M,2025-12-01,nieobecność,22
3M,2025-12-02,nieobecność,23
3M,2025-12-08,nieobecność,35
3M,2025-12-09,nieobecność,21
3M,2025-12-10,spóźnienie,4
3M,2025-12-12,spóźnienie,4
3M,2025-12-16,nieobecność,13
3M,2025-12-18,nieobecność,39
3M,2025-12-19,nieobecność,17
3M,2026-01-07,nieobecność,43
3M,2026-02-02,nieobecność,9
3M,2026-02-03,nieobecność,33
3M,2026-02-04,nieobecność,18
3M,2026-02-05,nieobecność,27
3M,2026-02-09,nieobecność,17
3M,2026-02-10,spóźnienie,3
3M,2026-02-10,nieobecność,3
3M,2026-02-11,nieobecność,13
3M,2026-02-12,nieobecność,10
3M,2026-02-13,nieobecność,9
3M,2026-02-16,nieobecność,9
3M,2026-02-17,nieobecność,16
3M,2026-02-18,nieobecność,10
3M,2026-02-19,nieobecność,20
3M,2026-02-20,nieobecność,9
3M,2026-02-23,nieobecność,17
3M,2026-02-24,nieobecność,33
3M,2026-02-25,nieobecność,11
3M,2026-03-02,obecność,118
3M,2026-03-02,spóźnienie,8
3M,2026-03-02,nieobecność,12
3M,2026-03-03,nieobecność,26
3M,2026-03-04,nieobecność,30
3M,2026-03-05,nieobecność,45
3M,2026-03-06,nieobecność,61
3M,2026-03-09,nieobecność,58
3M,2026-03-10,spóźnienie,5
3M,2026-03-10,nieobecność,26
3M,2026-03-11,nieobecność,6
3M,2026-03-12,nieobecność,12
3M,2026-03-13,nieobecność,23
3M,2026-03-16,nieobecność,46
3M,2026-03-16,spóźnienie,3
3M,2026-03-17,nieobecność,20
3M,2026-03-18,spóźnienie,7
3M,2026-03-18,nieobecność,30
3M,2026-03-23,nieobecność,28
3M,2026-03-24,nieobecność,35
3M,2026-03-25,spóźnienie,3
3M,2026-03-25,nieobecność,34
3M,2026-03-26,nieobecność,22
3M,2026-03-27,nieobecność,32
3M,2026-03-30,nieobecność,22
3M,2026-04-01,nieobecność,13
3M,2026-04-08,spóźnienie,3
3M,2026-04-08,nieobecność,17
3M,2026-04-10,nieobecność,12
3M,2026-04-13,spóźnienie,2
3M,2026-04-13,nieobecność,35
3M,2026-04-15,nieobecność,28
3M,2026-04-16,nieobecność,35
3M,2026-04-17,nieobecność,33
3M,2026-04-20,spóźnienie,15
3M,2026-04-22,nieobecność,16
3M,2026-04-24,nieobecność,15
3M,2026-04-27,nieobecność,42
3M,2026-04-28,nieobecność,34
3M,2026-04-29,nieobecność,22
3M,2026-04-30,nieobecność,12
3M,2026-05-06,nieobecność,46
3M,2026-05-07,nieobecność,32
3M,2026-05-08,nieobecność,9
3M,2026-05-12,obecność,77
3M,2026-05-13,spóźnienie,2
3M,2026-05-15,spóźnienie,3
3M,2026-05-19,nieobecność,18
3M,2026-05-20,nieobecność,48
3M,2026-05-21,nieobecność,23
3M,2026-05-22,nieobecność,64
3M,2026-05-25,nieobecność,42
3M,2026-05-26,nieobecność,32
3M,2026-05-27,spóźnienie,7
3M,2026-05-28,nieobecność,6
3M,2026-05-29,nieobecność,36
3M,2026-06-01,nieobecność,25
3M,2026-06-02,nieobecność,73
3M,2026-06-11,nieobecność,80
3M,2026-06-12,nieobecność,76
3M,2026-06-17,obecność,2
3M,2025-09-03,nieob. uspraw.,28
3M,2025-09-04,nieob. uspraw.,28
3M,2025-09-05,nieob. uspraw.,38
3M,2025-11-07,spóźnienie,7
3M,2025-11-17,nieob. uspraw.,21
3M,2025-11-21,nieob. uspraw.,20
3M,2025-12-01,nieob. uspraw.,23
3M,2025-12-08,obecność,82
3M,2026-01-12,nieob. uspraw.,16
3M,2026-01-15,obecność,24
3M,2026-01-15,nieob. uspraw.,15
3M,2026-02-09,spóźnienie,1
3M,2026-02-13,nieob. uspraw.,40
3M,2026-02-25,spóźnienie,5
3M,2026-03-30,nieob. uspraw.,49
3M,2026-04-01,nieob. uspraw.,54
3M,2026-04-22,nieob. uspraw.,27
3M,2026-04-23,obecność,78
3M,2026-05-08,nieob. uspraw.,20
3M,2026-05-11,nieob. uspraw.,22
3M,2025-09-02,nieob. uspraw.,14
3M,2025-09-19,nieob. uspraw.,43
3M,2025-09-22,nieob. uspraw.,63
3M,2025-09-23,nieob. uspraw.,34
3M,2025-09-26,nieob. uspraw.,40
3M,2025-10-01,nieob. uspraw.,41
3M,2025-10-02,nieob. uspraw.,18
3M,2025-10-07,nieob. uspraw.,20
3M,2025-10-13,nieob. uspraw.,23
3M,2025-11-03,nieob. uspraw.,30
3M,2025-12-12,nieobecność,20
3M,2026-02-09,nieob. uspraw.,51
3M,2026-02-23,nieob. uspraw.,76
3M,2026-03-05,obecność,77
3M,2026-04-20,nieobecność,9
3M,2026-04-27,obecność,90
3M,2026-06-16,obecność,6
3M,2025-09-08,nieob. uspraw.,56
3M,2025-09-10,nieob. uspraw.,40
3M,2025-09-17,spóźnienie,6
3M,2025-09-18,nieob. uspraw.,52
3M,2025-09-24,spóźnienie,1
3M,2025-10-29,nieobecność,18
3M,2025-11-17,spóźnienie,2
3M,2025-11-28,nieob. uspraw.,24
3M,2025-12-05,nieobecność,12
3M,2025-12-19,nieob. uspraw.,12
3M,2026-02-16,spóźnienie,3
3M,2026-03-04,spóźnienie,8
3M,2026-03-09,spóźnienie,6
3M,2026-03-13,spóźnienie,1
3M,2026-03-30,spóźnienie,7
3M,2026-04-15,spóźnienie,1
3M,2026-04-17,spóźnienie,1
3M,2026-05-08,spóźnienie,1
3M,2026-05-12,nieobecność,28
3M,2026-06-02,spóźnienie,2
3M,2025-09-03,nieobecność,26
3M,2025-09-24,nieob. uspraw.,36
3M,2025-10-24,nieob. uspraw.,29
3M,2025-11-04,nieob. uspraw.,25
3M,2026-01-09,spóźnienie,3
3M,2026-01-14,spóźnienie,2
3M,2026-02-03,obecność,71
3M,2026-05-06,spóźnienie,2
3M,2025-10-06,nieob. uspraw.,37
3M,2025-10-07,spóźn. uspr.,1
3M,2025-10-08,nieob. uspraw.,18
3M,2025-10-09,nieob. uspraw.,25
3M,2025-10-10,nieob. uspraw.,21
3M,2025-10-15,nieob. uspraw.,25
3M,2025-10-20,nieob. uspraw.,22
3M,2025-10-22,nieob. uspraw.,20
3M,2025-11-03,spóźn. uspr.,1
3M,2025-11-05,nieob. uspraw.,22
3M,2025-11-14,spóźn. uspr.,1
3M,2025-12-12,spóźn. uspr.,1
3M,2026-01-07,spóźn. uspr.,1
3M,2026-01-09,spóźn. uspr.,1
3M,2026-01-16,nieob. uspraw.,9
3M,2026-02-04,nieob. uspr. p.s.,4
3M,2026-02-10,spóźn. uspr.,1
3M,2026-02-16,spóźn. uspr.,1
3M,2026-02-25,nieob. uspraw.,39
3M,2026-03-02,spóźn. uspr.,1
3M,2026-03-04,spóźn. uspr.,1
3M,2026-03-06,nieob. uspraw.,17
3M,2026-03-16,nieob. uspraw.,23
3M,2026-03-19,nieob. uspraw.,25
3M,2026-03-20,nieob. uspraw.,25
3M,2026-03-25,spóźn. uspr.,1
3M,2026-03-25,nieob. uspraw.,22
3M,2026-04-08,nieob. uspraw.,23
3M,2026-04-10,nieob. uspraw.,15
3M,2026-04-13,spóźn. uspr.,2
3M,2026-04-13,nieob. uspraw.,25
3M,2026-04-15,nieob. uspraw.,27
3M,2026-04-17,nieob. uspraw.,16
3M,2026-04-20,spóźn. uspr.,2
3M,2026-05-06,nieob. uspraw.,16
3M,2026-06-08,nieob. uspraw.,18
3M,2025-10-15,spóźnienie,1
3M,2025-11-03,spóźnienie,4
3M,2025-11-03,nieob. uspr. p.s.,1
3M,2026-02-11,nieob. uspraw.,22
3M,2026-02-18,nieob. uspraw.,18
3M,2026-03-23,spóźnienie,4
3M,2026-03-31,spóźnienie,2
3M,2026-05-11,spóźnienie,2
3M,2026-05-15,nieobecność,9
3M,2026-06-08,spóźnienie,2
3M,2025-10-10,spóźnienie,1
3M,2025-10-14,spóźnienie,1
3M,2025-11-06,nieob. uspr. p.s.,1
3M,2025-11-18,spóźnienie,1
3M,2026-02-06,nieobecność,11
3M,2026-03-04,nieob. uspraw.,9
3M,2026-06-09,nieob. uspraw.,23
3M,2026-06-15,obecność,12
3M,2025-09-22,spóźnienie,1
3M,2025-10-23,nieob. uspraw.,30
3M,2026-01-07,spóźnienie,1
3M,2026-02-23,spóźnienie,1
3M,2026-03-03,nieob. uspr. p.s.,1
3M,2026-05-22,obecność,8
3M,2026-06-10,spóźnienie,1
3M,2025-12-11,nieob. uspraw.,3
3M,2025-12-12,nieob. uspraw.,5
3M,2026-01-14,nieob. uspraw.,8
3M,2026-02-27,nieob. uspraw.,15
3M,2026-06-01,nieob. uspraw.,5
3M,2026-06-10,nieob. uspraw.,12
3M,2026-06-11,nieob. uspraw.,10
3M,2026-06-12,nieob. uspraw.,8
3M,2026-06-22,nieob. uspraw.,12
3M,2026-06-23,nieob. uspraw.,15
3M,2026-06-23,obecność,8
3M,2026-06-24,nieob. uspraw.,12
3M,2025-11-07,nieob. uspraw.,9
3M,2025-12-10,nieob. uspr. p.s.,1
3M,2025-12-17,nieob. uspr. p.s.,1
3M,2026-02-11,nieob. uspr. p.s.,2
3M,2026-02-25,spóźn. uspr.,2
3M,2026-03-04,nieob. uspr. p.s.,2
3M,2026-04-29,nieob. uspraw.,10
3M,2025-10-14,nieobecność,14
3M,2025-10-27,nieob. uspraw.,14
3M,2025-11-21,praktyka zawodowa,1
3M,2026-01-13,nieobecność,28
3M,2025-11-18,nieob. uspr. p.s.,16
3M,2026-02-02,spóźnienie,1
3M,2026-02-27,spóźnienie,2
3M,2025-09-02,nieobecność,22
3M,2025-09-16,nieobecność,7
3M,2025-09-10,spóźnienie,1
3M,2025-09-24,nieob. uspr. p.s.,1
3M,2025-10-06,spóźnienie,1
3M,2025-10-20,spóźnienie,1
3M,2026-01-12,spóźnienie,2
3M,2026-04-10,spóźnienie,1
3M,2026-06-01,nieob. uspr. p.s.,1
3M,2025-12-15,nieob. uspraw.,1
3M,2026-04-09,nieobecność,2
3M,2025-11-19,spóźnienie,1
3M,2025-12-01,spóźnienie,1
3M,2025-09-29,spóźn. uspr.,1
3M,2025-11-26,spóźn. uspr.,1
3M,2025-12-02,spóźn. uspr.,1
3M,2025-12-11,spóźn. uspr.,1
3M,2025-12-19,spóźn. uspr.,1
3M,2026-01-07,nieob. uspraw.,5
3M,2026-02-11,spóźnienie,1
3M,2026-02-20,nieob. uspraw.,10
3M,2026-05-29,nieob. uspraw.,5
3M,2026-06-15,nieob. uspraw.,6
3M,2026-06-16,nieob. uspraw.,8
3M,2026-06-17,nieob. uspraw.,6
3M,2026-06-18,nieob. uspraw.,7
3M,2026-06-19,nieob. uspraw.,5
3M,2026-06-25,nieob. uspraw.,7
3M,2025-10-27,spóźnienie,1
3M,2025-12-11,spóźnienie,1
