Dziennik,Data,Wpis,Liczba
2TMR,2020-09-01,obecność,168
2TMR,2020-09-02,obecność,126
2TMR,2020-09-03,obecność,156
2TMR,2020-09-04,obecność,158
2TMR,2020-09-07,obecność,139
2TMR,2020-09-08,obecność,142
2TMR,2020-09-09,obecność,114
2TMR,2020-09-10,obecność,163
2TMR,2020-09-11,nieob. uspraw.,50
2TMR,2020-09-14,obecność,118
2TMR,2020-09-15,obecność,143
2TMR,2020-09-16,nieob. uspraw.,18
2TMR,2020-09-17,obecność,131
2TMR,2020-09-17,spóźnienie,2
2TMR,2020-09-17,nieobecność,14
2TMR,2020-09-18,obecność,121
2TMR,2020-09-21,obecność,120
2TMR,2020-09-22,obecność,111
2TMR,2020-09-23,obecność,116
2TMR,2020-09-24,obecność,127
2TMR,2020-09-25,obecność,134
2TMR,2020-09-28,obecność,93
2TMR,2020-09-29,obecność,154
2TMR,2020-09-30,obecność,113
2TMR,2020-10-05,obecność,115
2TMR,2020-10-06,obecność,139
2TMR,2020-10-06,nieob. uspr. p.s.,8
2TMR,2020-10-06,spóźnienie,2
2TMR,2020-10-07,obecność,100
2TMR,2020-10-08,obecność,120
2TMR,2020-10-09,nieob. uspraw.,45
2TMR,2020-10-12,obecność,127
2TMR,2020-10-13,obecność,168
2TMR,2020-10-15,obecność,53
2TMR,2020-10-15,nieobecność,106
2TMR,2020-10-16,obecność,152
2TMR,2020-10-19,obecność,132
2TMR,2020-10-20,obecność,149
2TMR,2020-10-20,nieob. uspr. p.s.,6
2TMR,2020-10-21,obecność,116
2TMR,2020-10-22,obecność,129
2TMR,2020-10-23,nieobecność,51
2TMR,2020-10-26,nieobecność,43
2TMR,2020-10-26,nauka zdalna,94
2TMR,2020-10-27,nauka zdalna,128
2TMR,2020-10-28,nauka zdalna,105
2TMR,2020-10-29,nauka zdalna,144
2TMR,2020-10-30,nauka zdalna,144
2TMR,2020-11-02,nauka zdalna,105
2TMR,2020-11-03,nauka zdalna,144
2TMR,2020-11-04,nauka zdalna,113
2TMR,2020-11-05,nauka zdalna,156
2TMR,2020-11-05,nieobecność,16
2TMR,2020-11-06,nauka zdalna,125
2TMR,2020-11-09,nauka zdalna,113
2TMR,2020-11-10,nauka zdalna,141
2TMR,2020-11-12,nieobecność,46
2TMR,2020-11-12,spóźnienie,1
2TMR,2020-11-12,nauka zdalna,126
2TMR,2020-11-13,nauka zdalna,129
2TMR,2020-11-13,nieobecność,35
2TMR,2020-11-16,nauka zdalna,116
2TMR,2020-11-17,nauka zdalna,129
2TMR,2020-11-18,nauka zdalna,113
2TMR,2020-11-19,nauka zdalna,164
2TMR,2020-11-20,nauka zdalna,136
2TMR,2020-11-23,nauka zdalna,111
2TMR,2020-11-24,nauka zdalna,133
2TMR,2020-11-25,nauka zdalna,96
2TMR,2020-11-26,nauka zdalna,168
2TMR,2020-11-27,spóźnienie,13
2TMR,2020-11-27,nauka zdalna,152
2TMR,2020-11-30,nauka zdalna,108
2TMR,2020-12-01,nauka zdalna,132
2TMR,2020-12-02,nauka zdalna,104
2TMR,2020-12-03,nauka zdalna,169
2TMR,2020-12-04,nauka zdalna,128
2TMR,2020-12-07,nauka zdalna,125
2TMR,2020-12-08,nauka zdalna,145
2TMR,2020-12-09,nauka zdalna,124
2TMR,2020-12-10,nauka zdalna,148
2TMR,2020-12-11,nauka zdalna,145
2TMR,2020-12-14,nauka zdalna,111
2TMR,2020-12-15,nauka zdalna,137
2TMR,2020-12-16,nieob. uspraw.,19
2TMR,2020-12-17,nauka zdalna,141
2TMR,2020-12-18,nauka zdalna,167
2TMR,2020-12-21,nauka zdalna,66
2TMR,2020-12-22,nauka zdalna,125
2TMR,2021-01-18,nieob. uspraw.,13
2TMR,2021-01-18,nauka zdalna,89
2TMR,2021-01-19,nauka zdalna,157
2TMR,2021-01-20,nieob. uspraw.,18
2TMR,2021-01-21,nauka zdalna,150
2TMR,2021-01-22,nauka zdalna,129
2TMR,2021-01-25,nauka zdalna,109
2TMR,2021-01-26,nauka zdalna,133
2TMR,2021-01-27,nauka zdalna,72
2TMR,2021-01-28,nauka zdalna,124
2TMR,2021-01-29,nauka zdalna,120
2TMR,2021-02-01,nauka zdalna,119
2TMR,2021-02-02,nauka zdalna,153
2TMR,2021-02-03,nauka zdalna,103
2TMR,2021-02-04,nauka zdalna,74
2TMR,2021-02-05,nauka zdalna,89
2TMR,2021-02-08,nauka zdalna,144
2TMR,2021-02-09,nauka zdalna,164
2TMR,2021-02-10,nauka zdalna,95
2TMR,2021-02-11,nauka zdalna,47
2TMR,2021-02-11,nieobecność,30
2TMR,2021-02-12,nauka zdalna,98
2TMR,2021-02-15,nauka zdalna,114
2TMR,2021-02-15,nieob. uspraw.,15
2TMR,2021-02-16,nauka zdalna,147
2TMR,2021-02-17,nauka zdalna,94
2TMR,2021-02-18,obecność,152
2TMR,2021-02-19,nauka zdalna,140
2TMR,2021-02-22,nauka zdalna,110
2TMR,2021-02-22,spóźnienie,7
2TMR,2021-02-23,nauka zdalna,160
2TMR,2021-02-24,nauka zdalna,102
2TMR,2021-02-25,obecność,120
2TMR,2021-02-26,nauka zdalna,93
2TMR,2021-03-01,nauka zdalna,108
2TMR,2021-03-02,nauka zdalna,139
2TMR,2021-03-03,nauka zdalna,131
2TMR,2021-03-04,obecność,104
2TMR,2021-03-05,nieob. uspraw.,4
2TMR,2021-03-05,nauka zdalna,116
2TMR,2021-03-08,nauka zdalna,114
2TMR,2021-03-08,obecność,41
2TMR,2021-03-09,nauka zdalna,107
2TMR,2021-03-10,nauka zdalna,129
2TMR,2021-03-11,nauka zdalna,80
2TMR,2021-03-12,nauka zdalna,83
2TMR,2021-03-15,nauka zdalna,120
2TMR,2021-03-15,spóźnienie,5
2TMR,2021-03-16,nauka zdalna,165
2TMR,2021-03-16,nieob. uspraw.,19
2TMR,2021-03-17,nieob. uspraw.,33
2TMR,2021-03-17,nauka zdalna,74
2TMR,2021-03-18,obecność,8
2TMR,2021-03-19,nauka zdalna,125
2TMR,2021-03-22,nauka zdalna,132
2TMR,2021-03-23,nauka zdalna,148
2TMR,2021-03-24,nauka zdalna,108
2TMR,2021-03-25,nauka zdalna,149
2TMR,2021-03-26,nauka zdalna,115
2TMR,2021-03-29,nauka zdalna,119
2TMR,2021-03-29,spóźnienie,10
2TMR,2021-03-30,nauka zdalna,166
2TMR,2021-03-31,nauka zdalna,86
2TMR,2021-04-07,nauka zdalna,100
2TMR,2021-04-08,nauka zdalna,160
2TMR,2021-04-09,nauka zdalna,121
2TMR,2021-04-12,nauka zdalna,124
2TMR,2021-04-13,nauka zdalna,148
2TMR,2021-04-14,nauka zdalna,121
2TMR,2021-04-15,spóźnienie,2
2TMR,2021-04-15,nauka zdalna,158
2TMR,2021-04-16,nauka zdalna,117
2TMR,2021-04-19,nauka zdalna,109
2TMR,2021-04-19,nieob. uspraw.,26
2TMR,2021-04-20,nauka zdalna,153
2TMR,2021-04-20,nieob. uspraw.,24
2TMR,2021-04-21,nauka zdalna,111
2TMR,2021-04-22,nauka zdalna,100
2TMR,2021-04-22,nieob. uspraw.,36
2TMR,2021-04-23,nauka zdalna,118
2TMR,2021-04-26,nauka zdalna,135
2TMR,2021-04-27,nauka zdalna,143
2TMR,2021-04-28,nauka zdalna,98
2TMR,2021-04-28,nieob. uspraw.,14
2TMR,2021-04-29,obecność,80
2TMR,2021-04-30,nauka zdalna,105
2TMR,2021-05-07,nauka zdalna,83
2TMR,2021-05-07,nieob. uspraw.,26
2TMR,2021-05-10,nauka zdalna,130
2TMR,2021-05-11,nieob. uspraw.,23
2TMR,2021-05-11,nauka zdalna,162
2TMR,2021-05-12,nauka zdalna,89
2TMR,2021-05-13,obecność,125
2TMR,2021-05-13,nieob. uspraw.,29
2TMR,2021-05-14,nauka zdalna,128
2TMR,2021-05-14,nieob. uspraw.,10
2TMR,2021-05-17,nauka zdalna,108
2TMR,2021-05-18,nauka zdalna,139
2TMR,2021-05-19,nauka zdalna,106
2TMR,2021-05-20,nauka zdalna,131
2TMR,2021-05-20,nieob. uspraw.,21
2TMR,2021-05-21,nauka zdalna,137
2TMR,2021-05-24,spóźnienie,6
2TMR,2021-05-24,obecność,127
2TMR,2021-05-25,obecność,141
2TMR,2021-05-25,nauka zdalna,21
2TMR,2021-05-26,nauka zdalna,18
2TMR,2021-05-26,obecność,90
2TMR,2021-05-27,obecność,102
2TMR,2021-05-27,spóźnienie,7
2TMR,2021-05-27,nieob. uspraw.,36
2TMR,2021-05-28,obecność,79
2TMR,2021-05-28,nieob. uspraw.,47
2TMR,2020-09-10,nieobecność,12
2TMR,2020-09-11,obecność,120
2TMR,2020-09-15,spóźnienie,4
2TMR,2020-09-16,obecność,112
2TMR,2020-09-18,nieobecność,4
2TMR,2020-10-01,obecność,123
2TMR,2020-10-01,nieobecność,28
2TMR,2020-10-02,obecność,101
2TMR,2020-10-05,nieobecność,16
2TMR,2020-10-07,nieob. uspr. p.s.,12
2TMR,2020-10-08,nieobecność,34
2TMR,2020-10-09,obecność,112
2TMR,2020-10-09,nieobecność,19
2TMR,2020-10-21,nieob. uspr. p.s.,10
2TMR,2020-10-22,nieobecność,36
2TMR,2020-10-23,obecność,117
2TMR,2020-10-27,nieobecność,42
2TMR,2020-11-04,nieobecność,15
2TMR,2020-11-06,nieobecność,35
2TMR,2020-11-09,nieobecność,26
2TMR,2020-11-10,nieobecność,11
2TMR,2020-11-20,nieobecność,27
2TMR,2020-11-23,nieobecność,26
2TMR,2020-11-30,nieobecność,27
2TMR,2020-12-01,nieobecność,28
2TMR,2020-12-07,nieob. uspraw.,9
2TMR,2020-12-14,spóźnienie,11
2TMR,2020-12-14,nieobecność,13
2TMR,2020-12-16,nauka zdalna,90
2TMR,2020-12-17,nieobecność,27
2TMR,2020-12-21,nieobecność,39
2TMR,2020-12-22,nieobecność,45
2TMR,2021-01-18,obecność,36
2TMR,2021-01-18,nieobecność,16
2TMR,2021-01-20,nauka zdalna,102
2TMR,2021-01-22,nieobecność,33
2TMR,2021-01-26,nieob. uspraw.,22
2TMR,2021-01-26,nieobecność,19
2TMR,2021-02-01,spóźnienie,5
2TMR,2021-02-05,nieobecność,34
2TMR,2021-02-09,nieob. uspraw.,13
2TMR,2021-02-11,obecność,90
2TMR,2021-02-12,nieobecność,20
2TMR,2021-02-15,nieobecność,22
2TMR,2021-02-16,nieob. uspraw.,24
2TMR,2021-02-17,nieob. uspraw.,11
2TMR,2021-02-22,nieob. uspraw.,21
2TMR,2021-02-26,nieob. uspraw.,40
2TMR,2021-03-04,nieob. uspraw.,48
2TMR,2021-03-09,nieob. uspraw.,50
2TMR,2021-03-09,nieobecność,19
2TMR,2021-03-12,nieob. uspraw.,9
2TMR,2021-03-18,nauka zdalna,153
2TMR,2021-03-22,nieobecność,12
2TMR,2021-03-25,nieobecność,25
2TMR,2021-03-25,spóźnienie,1
2TMR,2021-03-29,nieobecność,15
2TMR,2021-03-30,nieobecność,23
2TMR,2021-03-31,nieob. uspraw.,26
2TMR,2021-04-12,nieobecność,13
2TMR,2021-04-13,nieob. uspraw.,33
2TMR,2021-04-16,nieob. uspraw.,12
2TMR,2021-04-19,spóźnienie,5
2TMR,2021-04-28,nieobecność,20
2TMR,2021-04-29,nauka zdalna,56
2TMR,2021-04-30,nieob. uspraw.,30
2TMR,2021-05-07,nieobecność,45
2TMR,2021-05-10,nieobecność,9
2TMR,2021-05-14,nieobecność,16
2TMR,2021-05-17,nieobecność,15
2TMR,2021-05-20,nieobecność,24
2TMR,2021-05-21,nieobecność,24
2TMR,2021-05-27,nieobecność,31
2TMR,2021-05-28,nieobecność,50
2TMR,2020-09-03,nieobecność,11
2TMR,2020-09-11,nieobecność,6
2TMR,2020-09-14,nieobecność,4
2TMR,2020-09-18,nieob. uspraw.,51
2TMR,2020-09-23,nieob. uspraw.,13
2TMR,2020-09-24,nieob. uspraw.,35
2TMR,2020-09-25,nieob. uspraw.,32
2TMR,2020-09-28,nieob. uspraw.,18
2TMR,2020-10-19,nieobecność,13
2TMR,2020-10-29,nieobecność,14
2TMR,2020-10-30,nieobecność,23
2TMR,2020-11-02,nieobecność,33
2TMR,2020-11-03,nieobecność,25
2TMR,2020-11-05,spóźnienie,2
2TMR,2020-11-16,nieobecność,21
2TMR,2020-11-17,nieobecność,17
2TMR,2020-11-24,nieobecność,35
2TMR,2020-11-25,nieobecność,25
2TMR,2020-11-27,nieobecność,10
2TMR,2020-12-02,nieobecność,17
2TMR,2020-12-04,nieobecność,33
2TMR,2020-12-07,nieobecność,16
2TMR,2020-12-15,nieobecność,27
2TMR,2020-12-16,nieobecność,23
2TMR,2020-12-18,nieobecność,5
2TMR,2020-12-22,nieob. uspraw.,6
2TMR,2021-01-19,nieobecność,10
2TMR,2021-01-20,nieobecność,12
2TMR,2021-01-25,nieobecność,18
2TMR,2021-01-27,nieobecność,34
2TMR,2021-01-28,nieobecność,24
2TMR,2021-01-29,nieobecność,30
2TMR,2021-02-01,nieob. uspraw.,12
2TMR,2021-02-03,nieobecność,2
2TMR,2021-02-04,obecność,65
2TMR,2021-02-04,nieobecność,12
2TMR,2021-02-10,nieob. uspraw.,25
2TMR,2021-02-17,nieobecność,27
2TMR,2021-02-23,nieob. uspraw.,21
2TMR,2021-02-24,nieobecność,14
2TMR,2021-03-01,nieobecność,11
2TMR,2021-03-02,nieob. uspraw.,32
2TMR,2021-03-03,nieobecność,16
2TMR,2021-03-17,spóźnienie,4
2TMR,2021-03-19,nieob. uspraw.,20
2TMR,2021-03-22,nieob. uspraw.,10
2TMR,2021-03-23,nieob. uspraw.,24
2TMR,2021-03-23,spóźnienie,4
2TMR,2021-03-24,spóźnienie,5
2TMR,2021-03-29,nieob. uspraw.,8
2TMR,2021-03-30,nieob. uspraw.,8
2TMR,2021-04-07,nieob. uspraw.,26
2TMR,2021-04-12,nieob. uspraw.,17
2TMR,2021-04-14,nieob. uspraw.,4
2TMR,2021-04-15,nieob. uspraw.,5
2TMR,2021-04-21,nieob. uspraw.,14
2TMR,2021-04-23,nieob. uspraw.,13
2TMR,2021-04-27,nieob. uspraw.,26
2TMR,2021-05-10,nieob. uspraw.,15
2TMR,2021-05-12,nieob. uspraw.,22
2TMR,2021-05-17,spóźnienie,4
2TMR,2021-05-17,nieob. uspraw.,27
2TMR,2021-05-18,nieob. uspraw.,18
2TMR,2021-05-18,nieobecność,19
2TMR,2021-05-21,nieob. uspraw.,15
2TMR,2020-09-04,spóźnienie,2
2TMR,2020-09-07,nieobecność,5
2TMR,2020-09-08,nieobecność,16
2TMR,2020-09-09,nieobecność,11
2TMR,2020-09-15,nieobecność,7
2TMR,2020-09-16,nieobecność,2
2TMR,2020-09-22,nieobecność,8
2TMR,2020-09-23,nieobecność,2
2TMR,2020-09-24,nieobecność,14
2TMR,2020-09-25,nieobecność,10
2TMR,2020-09-28,nieobecność,15
2TMR,2020-09-29,nieobecność,4
2TMR,2020-09-30,nieobecność,4
2TMR,2020-10-02,nieobecność,24
2TMR,2020-10-06,nieobecność,8
2TMR,2020-10-07,nieobecność,7
2TMR,2020-10-12,nieobecność,22
2TMR,2020-10-13,nieobecność,4
2TMR,2020-10-16,nieobecność,16
2TMR,2020-10-20,nieobecność,18
2TMR,2020-10-28,nieobecność,20
2TMR,2020-11-18,nieobecność,11
2TMR,2020-11-23,spóźnienie,3
2TMR,2020-12-07,spóźnienie,4
2TMR,2020-12-08,nieob. uspraw.,18
2TMR,2020-12-09,nieobecność,5
2TMR,2020-12-10,nieob. uspraw.,8
2TMR,2020-12-11,nieobecność,21
2TMR,2021-01-21,nieob. uspraw.,16
2TMR,2021-01-22,spóźnienie,3
2TMR,2021-01-26,spóźnienie,2
2TMR,2021-01-27,nieob. uspraw.,26
2TMR,2021-01-28,nieob. uspraw.,28
2TMR,2021-01-29,nieob. uspraw.,26
2TMR,2021-02-01,nieobecność,18
2TMR,2021-02-02,nieobecność,13
2TMR,2021-02-03,nieob. uspraw.,27
2TMR,2021-02-04,nieob. uspraw.,25
2TMR,2021-02-08,nieobecność,10
2TMR,2021-02-09,nieobecność,21
2TMR,2021-02-10,nieobecność,12
2TMR,2021-02-12,nieob. uspraw.,8
2TMR,2021-02-16,nieobecność,24
2TMR,2021-02-22,nieobecność,16
2TMR,2021-02-23,nieobecność,17
2TMR,2021-02-24,nieob. uspraw.,16
2TMR,2021-02-25,nieob. uspraw.,40
2TMR,2021-02-26,nieobecność,21
2TMR,2021-03-01,nieob. uspraw.,12
2TMR,2021-03-08,nieob. uspraw.,11
2TMR,2021-03-10,nieob. uspraw.,17
2TMR,2021-03-12,nieobecność,16
2TMR,2021-03-15,nieob. uspraw.,21
2TMR,2021-03-23,nieobecność,22
2TMR,2021-03-24,nieobecność,11
2TMR,2021-03-26,nieobecność,21
2TMR,2021-03-31,nieobecność,20
2TMR,2021-04-08,nieobecność,8
2TMR,2021-04-09,nieobecność,17
2TMR,2021-04-13,nieobecność,15
2TMR,2021-04-15,nieobecność,10
2TMR,2021-04-16,nieobecność,24
2TMR,2021-04-21,nieobecność,7
2TMR,2021-04-22,nieobecność,38
2TMR,2021-04-27,nieobecność,29
2TMR,2021-05-11,nieobecność,13
2TMR,2021-05-12,nieobecność,19
2TMR,2020-09-29,nieob. uspr. p.s.,3
2TMR,2020-10-26,spóźnienie,3
2TMR,2020-11-16,nieob. uspraw.,16
2TMR,2020-11-19,nieobecność,12
2TMR,2020-11-30,spóźnienie,9
2TMR,2021-01-19,nieob. uspraw.,9
2TMR,2021-02-19,nieob. uspraw.,4
2TMR,2021-03-03,nieob. uspraw.,7
2TMR,2021-03-24,spóźn. uspr.,2
2TMR,2021-03-29,spóźn. uspr.,2
2TMR,2021-04-09,nieob. uspraw.,11
2TMR,2021-04-15,spóźn. uspr.,1
2TMR,2021-04-26,nieob. uspraw.,13
2TMR,2021-05-19,nieob. uspraw.,11
2TMR,2020-09-03,nieob. uspraw.,9
2TMR,2020-09-08,nieob. uspraw.,18
2TMR,2020-09-09,nieob. uspraw.,7
2TMR,2020-09-10,nieob. uspraw.,1
2TMR,2020-09-14,nieob. uspraw.,28
2TMR,2020-09-15,nieob. uspraw.,20
2TMR,2020-09-17,nieob. uspraw.,27
2TMR,2020-09-22,nieob. uspraw.,57
2TMR,2020-09-23,spóźnienie,1
2TMR,2020-09-30,nieob. uspraw.,9
2TMR,2020-10-06,nieob. uspraw.,17
2TMR,2020-10-08,nieob. uspraw.,19
2TMR,2020-10-19,nieob. uspraw.,9
2TMR,2020-10-21,nieob. uspraw.,6
2TMR,2020-10-22,nieob. uspraw.,11
2TMR,2020-10-26,nieob. uspraw.,14
2TMR,2020-10-27,nieob. uspraw.,6
2TMR,2020-10-29,nieob. uspraw.,18
2TMR,2020-11-03,nieob. uspraw.,7
2TMR,2020-11-04,nieob. uspraw.,4
2TMR,2020-11-06,nieob. uspraw.,16
2TMR,2020-11-09,nieob. uspraw.,14
2TMR,2020-11-10,nieob. uspraw.,2
2TMR,2020-11-12,nieob. uspraw.,3
2TMR,2020-11-23,nieob. uspraw.,14
2TMR,2020-11-24,nieob. uspraw.,8
2TMR,2020-11-25,nieob. uspraw.,10
2TMR,2020-12-01,nieob. uspraw.,15
2TMR,2020-12-01,spóźnienie,1
2TMR,2020-12-04,nieob. uspraw.,15
2TMR,2020-12-11,nieob. uspraw.,8
2TMR,2021-01-22,nieob. uspraw.,11
2TMR,2021-01-25,nieob. uspraw.,18
2TMR,2021-02-02,nieob. uspraw.,10
2TMR,2021-02-15,spóźnienie,3
2TMR,2021-02-18,nieobecność,16
2TMR,2021-02-19,nieobecność,10
2TMR,2021-03-02,nieobecność,5
2TMR,2021-03-04,nieobecność,16
2TMR,2021-03-05,nieobecność,12
2TMR,2021-03-10,nieobecność,8
2TMR,2021-03-15,nieobecność,6
2TMR,2021-03-16,nieobecność,14
2TMR,2021-03-17,nieobecność,21
2TMR,2021-04-07,nieobecność,6
2TMR,2021-04-19,nieobecność,13
2TMR,2021-04-20,nieobecność,18
2TMR,2021-04-23,nieobecność,23
2TMR,2021-05-19,nieobecność,14
2TMR,2021-05-25,nieobecność,5
2TMR,2021-05-26,nieobecność,6
2TMR,2020-09-21,nieob. uspraw.,33
2TMR,2020-10-12,nieob. uspr. p.s.,4
2TMR,2020-11-02,spóźnienie,3
2TMR,2020-11-13,nieob. uspraw.,12
2TMR,2020-11-20,nieob. uspraw.,13
2TMR,2020-12-21,spóźnienie,2
2TMR,2021-01-21,nieobecność,10
2TMR,2021-03-08,nieobecność,10
2TMR,2021-03-19,nieobecność,9
2TMR,2021-04-20,spóźnienie,3
2TMR,2021-04-26,nieobecność,5
2TMR,2021-05-13,nieobecność,14
2TMR,2020-11-18,spóźnienie,2
2TMR,2021-04-13,spóźnienie,1
2TMR,2021-04-14,nieobecność,7
2TMR,2021-04-30,nieobecność,19
2TMR,2021-05-24,nieobecność,4
2TMR,2020-09-01,nieob. uspraw.,8
2TMR,2020-09-02,nieob. uspraw.,6
2TMR,2020-09-04,nieob. uspraw.,8
2TMR,2020-09-21,nieob. uspr. p.s.,1
2TMR,2020-09-28,nieob. uspr. p.s.,4
2TMR,2020-10-01,nieob. uspraw.,17
2TMR,2020-10-05,nieob. uspraw.,23
2TMR,2020-10-08,nieob. uspr. p.s.,3
2TMR,2020-10-12,nieob. uspraw.,1
2TMR,2020-10-15,nieob. uspr. p.s.,3
2TMR,2020-10-16,nieob. uspraw.,8
2TMR,2020-10-28,nieob. uspraw.,7
2TMR,2020-10-30,nieob. uspraw.,8
2TMR,2020-11-02,nieob. uspraw.,13
2TMR,2020-11-05,nieob. uspraw.,2
2TMR,2020-11-18,nieob. uspraw.,6
2TMR,2020-11-27,nieob. uspraw.,1
2TMR,2020-11-30,spóźn. uspr.,1
2TMR,2020-12-03,nieobecność,7
2TMR,2020-12-14,spóźn. uspr.,1
2TMR,2020-12-14,nieob. uspraw.,18
2TMR,2020-12-15,nieob. uspraw.,12
2TMR,2020-12-17,nieob. uspraw.,8
2TMR,2020-12-18,nieob. uspraw.,2
2TMR,2021-02-05,nieob. uspraw.,18
2TMR,2021-03-04,nauka zdalna,8
2TMR,2021-03-15,spóźn. uspr.,2
2TMR,2021-03-25,spóźn. uspr.,1
2TMR,2021-03-26,nieob. uspraw.,18
2TMR,2021-04-08,nieob. uspraw.,8
2TMR,2021-04-22,spóźnienie,2
2TMR,2021-05-24,nieob. uspraw.,17
2TMR,2021-05-26,nieob. uspraw.,18
2TMR,2020-09-07,nieob. uspraw.,10
2TMR,2020-10-02,nieob. uspraw.,43
2TMR,2020-10-13,nieob. uspraw.,4
2TMR,2020-10-30,spóźnienie,1
2TMR,2020-12-02,nieob. uspraw.,11
2TMR,2020-12-08,nieobecność,13
2TMR,2021-01-25,spóźnienie,8
2TMR,2021-03-30,spóźnienie,1
2TMR,2021-04-19,spóźn. uspr.,1
2TMR,2020-11-26,nieobecność,8
2TMR,2020-12-11,spóźnienie,2
2TMR,2021-02-05,obecność,35
2TMR,2021-02-12,obecność,50
2TMR,2021-02-18,nieob. uspr. p.s.,8
2TMR,2021-05-19,spóźnienie,1
2TMR,2020-10-15,nieob. uspraw.,14
2TMR,2020-10-20,zwolniony,2
2TMR,2021-04-29,nieob. uspraw.,16
2TMR,2020-10-20,nieob. uspraw.,1
2TMR,2021-02-25,nieobecność,16
2TMR,2021-04-09,spóźnienie,5
2TMR,2020-09-17,zwolniony,2
2TMR,2020-12-10,nieobecność,20
2TMR,2021-03-18,nieobecność,12
2TMR,2021-04-29,nieobecność,24
2TMR,2020-09-29,nieob. uspraw.,8
2TMR,2020-10-06,zwolniony,2
2TMR,2020-10-07,nieob. uspraw.,12
2TMR,2020-11-09,spóźnienie,1
2TMR,2020-11-16,spóźnienie,1
2TMR,2020-12-18,spóźnienie,2
2TMR,2021-03-18,spóźnienie,2
2TMR,2020-09-14,nieob. uspr. p.s.,4
2TMR,2020-11-17,spóźnienie,2
2TMR,2020-11-30,nieob. uspraw.,9
2TMR,2021-02-11,nieob. uspraw.,9
2TMR,2021-03-01,spóźnienie,1
2TMR,2021-03-24,nieob. uspraw.,6
2TMR,2020-10-07,spóźnienie,1
2TMR,2020-11-25,spóźnienie,1
2TMR,2021-05-13,nauka zdalna,8
2TMR,2021-05-25,nieob. uspraw.,9
2TMR,2020-09-04,nieobecność,8
2TMR,2020-11-17,nieob. uspraw.,6
2TMR,2021-04-13,zwolniony,1
2TMR,2020-09-15,nieob. uspr. p.s.,2
2TMR,2021-01-25,spóźn. uspr.,1
2TMR,2021-03-18,spóźn. uspr.,1
2TMR,2020-10-23,nieob. uspraw.,8
2TMR,2020-12-09,nieob. uspraw.,3
2TMR,2020-12-21,nieob. uspraw.,3
2TMR,2021-02-16,nieob. uspr. p.s.,3
2TMR,2021-04-16,spóźnienie,1
2TMR,2021-04-26,spóźnienie,1
2TMR,2021-05-12,spóźnienie,2
2TR,2020-09-01,obecność,102
2TR,2020-09-02,obecność,126
2TR,2020-09-03,obecność,134
2TR,2020-09-04,obecność,96
2TR,2020-09-07,obecność,117
2TR,2020-09-07,nieob. uspr. p.s.,8
2TR,2020-09-08,obecność,102
2TR,2020-09-09,obecność,126
2TR,2020-09-10,obecność,124
2TR,2020-09-11,obecność,67
2TR,2020-09-14,obecność,85
2TR,2020-09-14,nieob. uspr. p.s.,6
2TR,2020-09-15,nieob. uspr. p.s.,12
2TR,2020-09-15,obecność,57
2TR,2020-09-15,nieob. uspraw.,55
2TR,2020-09-16,obecność,82
2TR,2020-09-17,obecność,97
2TR,2020-09-18,obecność,50
2TR,2020-09-21,nieob. uspraw.,21
2TR,2020-09-22,obecność,78
2TR,2020-09-23,obecność,102
2TR,2020-09-24,nieob. uspraw.,27
2TR,2020-09-25,obecność,74
2TR,2020-09-28,nieob. uspr. p.s.,6
2TR,2020-09-28,obecność,84
2TR,2020-09-29,obecność,93
2TR,2020-09-30,obecność,82
2TR,2020-10-05,obecność,82
2TR,2020-10-05,nieob. uspr. p.s.,2
2TR,2020-10-06,obecność,72
2TR,2020-10-07,obecność,104
2TR,2020-10-08,obecność,109
2TR,2020-10-09,obecność,78
2TR,2020-10-12,obecność,94
2TR,2020-10-12,nieob. uspr. p.s.,4
2TR,2020-10-13,nieob. uspr. p.s.,15
2TR,2020-10-13,obecność,60
2TR,2020-10-15,nauka zdalna,12
2TR,2020-10-15,obecność,65
2TR,2020-10-16,obecność,108
2TR,2020-10-19,obecność,119
2TR,2020-10-20,obecność,86
2TR,2020-10-21,obecność,106
2TR,2020-10-22,obecność,104
2TR,2020-10-23,obecność,44
2TR,2020-10-23,nieob. uspraw.,56
2TR,2020-10-26,nauka zdalna,102
2TR,2020-10-27,nauka zdalna,90
2TR,2020-10-28,nauka zdalna,97
2TR,2020-10-29,nauka zdalna,114
2TR,2020-10-29,nieob. uspraw.,22
2TR,2020-10-30,nauka zdalna,76
2TR,2020-11-02,nauka zdalna,105
2TR,2020-11-03,nauka zdalna,93
2TR,2020-11-04,nauka zdalna,94
2TR,2020-11-05,nauka zdalna,107
2TR,2020-11-06,nauka zdalna,78
2TR,2020-11-09,nauka zdalna,101
2TR,2020-11-10,nauka zdalna,74
2TR,2020-11-12,nauka zdalna,102
2TR,2020-11-13,nauka zdalna,75
2TR,2020-11-16,nauka zdalna,98
2TR,2020-11-17,nauka zdalna,91
2TR,2020-11-18,nauka zdalna,87
2TR,2020-11-19,nauka zdalna,120
2TR,2020-11-20,nauka zdalna,88
2TR,2020-11-23,nauka zdalna,90
2TR,2020-11-24,nauka zdalna,81
2TR,2020-11-25,nauka zdalna,116
2TR,2020-11-26,nauka zdalna,117
2TR,2020-11-27,nauka zdalna,70
2TR,2020-11-30,nauka zdalna,96
2TR,2020-12-01,nauka zdalna,87
2TR,2020-12-02,nauka zdalna,96
2TR,2020-12-03,nauka zdalna,122
2TR,2020-12-04,nauka zdalna,84
2TR,2020-12-07,nauka zdalna,105
2TR,2020-12-08,nauka zdalna,87
2TR,2020-12-08,nieob. uspraw.,16
2TR,2020-12-09,nauka zdalna,93
2TR,2020-12-10,nieob. uspraw.,36
2TR,2020-12-10,nauka zdalna,97
2TR,2020-12-11,nauka zdalna,76
2TR,2020-12-14,nauka zdalna,119
2TR,2020-12-15,nauka zdalna,88
2TR,2020-12-16,nauka zdalna,97
2TR,2020-12-17,nauka zdalna,114
2TR,2020-12-18,nauka zdalna,95
2TR,2020-12-21,nauka zdalna,98
2TR,2020-12-22,nauka zdalna,88
2TR,2021-01-18,nauka zdalna,102
2TR,2021-01-19,nauka zdalna,88
2TR,2021-01-20,nauka zdalna,102
2TR,2021-01-21,nauka zdalna,125
2TR,2021-01-22,nauka zdalna,82
2TR,2021-01-25,nieob. uspraw.,29
2TR,2021-01-26,nauka zdalna,83
2TR,2021-01-27,nieob. uspraw.,15
2TR,2021-01-28,nieob. uspraw.,12
2TR,2021-01-29,nieob. uspraw.,21
2TR,2021-02-01,nauka zdalna,28
2TR,2021-02-02,nauka zdalna,106
2TR,2021-02-03,nauka zdalna,117
2TR,2021-02-04,nieob. uspraw.,22
2TR,2021-02-04,nauka zdalna,88
2TR,2021-02-05,nauka zdalna,68
2TR,2021-02-08,nieob. uspraw.,28
2TR,2021-02-09,nauka zdalna,102
2TR,2021-02-10,nauka zdalna,106
2TR,2021-02-11,nieob. uspraw.,20
2TR,2021-02-12,nauka zdalna,66
2TR,2021-02-15,obecność,35
2TR,2021-02-16,nauka zdalna,108
2TR,2021-02-17,nauka zdalna,108
2TR,2021-02-18,nauka zdalna,67
2TR,2021-02-19,nauka zdalna,92
2TR,2021-02-22,nieob. uspraw.,26
2TR,2021-02-23,nauka zdalna,93
2TR,2021-02-23,spóźn. uspr.,2
2TR,2021-02-24,nauka zdalna,120
2TR,2021-02-25,nauka zdalna,98
2TR,2021-02-26,nauka zdalna,68
2TR,2021-03-01,nieob. uspraw.,30
2TR,2021-03-02,nauka zdalna,98
2TR,2021-03-03,nauka zdalna,91
2TR,2021-03-04,nauka zdalna,122
2TR,2021-03-05,nauka zdalna,84
2TR,2021-03-08,nauka zdalna,91
2TR,2021-03-09,nauka zdalna,92
2TR,2021-03-10,nauka zdalna,90
2TR,2021-03-11,nieob. uspraw.,19
2TR,2021-03-12,nauka zdalna,73
2TR,2021-03-15,nauka zdalna,55
2TR,2021-03-16,nieob. uspraw.,33
2TR,2021-03-17,nauka zdalna,106
2TR,2021-03-18,nieob. uspraw.,35
2TR,2021-03-19,nieob. uspraw.,32
2TR,2021-03-22,nauka zdalna,110
2TR,2021-03-23,nauka zdalna,79
2TR,2021-03-24,nauka zdalna,73
2TR,2021-03-25,nauka zdalna,76
2TR,2021-03-26,nauka zdalna,66
2TR,2021-03-29,nauka zdalna,93
2TR,2021-03-30,nauka zdalna,113
2TR,2021-03-31,nieob. uspraw.,27
2TR,2021-04-07,nauka zdalna,104
2TR,2021-04-08,nauka zdalna,101
2TR,2021-04-09,nauka zdalna,84
2TR,2021-04-12,nauka zdalna,103
2TR,2021-04-13,nauka zdalna,99
2TR,2021-04-14,nauka zdalna,114
2TR,2021-04-15,nieob. uspraw.,36
2TR,2021-04-15,nauka zdalna,78
2TR,2021-04-16,nauka zdalna,71
2TR,2021-04-19,nauka zdalna,89
2TR,2021-04-20,nieob. uspraw.,29
2TR,2021-04-21,nauka zdalna,91
2TR,2021-04-21,nieob. uspraw.,25
2TR,2021-04-22,nauka zdalna,68
2TR,2021-04-22,nieob. uspraw.,47
2TR,2021-04-23,nauka zdalna,37
2TR,2021-04-26,nauka zdalna,60
2TR,2021-04-27,nauka zdalna,91
2TR,2021-04-28,nauka zdalna,89
2TR,2021-04-29,nauka zdalna,75
2TR,2021-04-30,nauka zdalna,63
2TR,2021-05-07,nieob. uspraw.,30
2TR,2021-05-10,nieob. uspraw.,28
2TR,2021-05-11,nauka zdalna,102
2TR,2021-05-12,nauka zdalna,95
2TR,2021-05-13,nieob. uspraw.,23
2TR,2021-05-13,nauka zdalna,85
2TR,2021-05-14,nauka zdalna,72
2TR,2021-05-17,nauka zdalna,77
2TR,2021-05-18,nauka zdalna,80
2TR,2021-05-19,nauka zdalna,81
2TR,2021-05-20,nauka zdalna,97
2TR,2021-05-21,nauka zdalna,40
2TR,2021-05-21,obecność,24
2TR,2021-05-24,obecność,92
2TR,2021-05-25,obecność,79
2TR,2021-05-26,obecność,95
2TR,2021-05-27,obecność,83
2TR,2021-05-28,obecność,24
2TR,2020-09-03,nieob. uspraw.,8
2TR,2020-09-11,nieob. uspraw.,22
2TR,2020-09-15,nieobecność,2
2TR,2020-09-16,nieob. uspraw.,42
2TR,2020-09-17,nieob. uspraw.,45
2TR,2020-09-18,nieob. uspraw.,40
2TR,2020-09-21,obecność,101
2TR,2020-09-24,obecność,113
2TR,2020-09-24,nieobecność,4
2TR,2020-09-30,nieobecność,1
2TR,2020-10-01,nieob. uspraw.,51
2TR,2020-10-02,nieob. uspraw.,36
2TR,2020-10-05,nieob. uspraw.,42
2TR,2020-10-06,nieob. uspraw.,26
2TR,2020-10-07,nieob. uspraw.,18
2TR,2020-10-08,nieob. uspraw.,28
2TR,2020-10-09,nieob. uspraw.,30
2TR,2020-10-15,nieob. uspraw.,62
2TR,2020-10-19,nieob. uspraw.,7
2TR,2020-10-20,nieob. uspraw.,13
2TR,2020-10-21,nieob. uspraw.,17
2TR,2020-10-22,nieob. uspraw.,36
2TR,2020-10-28,nieobecność,8
2TR,2020-10-29,nieobecność,8
2TR,2020-10-30,nieobecność,10
2TR,2020-11-02,nieob. uspraw.,21
2TR,2020-11-03,nieob. uspraw.,15
2TR,2020-11-04,nieob. uspraw.,32
2TR,2020-11-05,nieob. uspraw.,36
2TR,2020-11-06,nieob. uspraw.,30
2TR,2020-11-09,nieob. uspraw.,25
2TR,2020-11-10,nieob. uspraw.,31
2TR,2020-11-12,nieob. uspraw.,41
2TR,2020-11-13,nieob. uspraw.,33
2TR,2020-11-17,spóźnienie,1
2TR,2020-11-18,nieob. uspraw.,19
2TR,2020-11-19,nieob. uspraw.,18
2TR,2020-11-24,nieobecność,15
2TR,2020-11-27,nieobecność,4
2TR,2020-12-01,nieobecność,3
2TR,2020-12-02,nieobecność,7
2TR,2020-12-03,spóźnienie,5
2TR,2020-12-03,nieobecność,5
2TR,2020-12-07,nieob. uspraw.,21
2TR,2020-12-09,nieobecność,5
2TR,2020-12-11,spóźnienie,4
2TR,2020-12-11,nieob. uspraw.,26
2TR,2020-12-15,nieob. uspraw.,15
2TR,2020-12-16,nieob. uspraw.,25
2TR,2020-12-17,spóźnienie,3
2TR,2020-12-17,nieob. uspraw.,22
2TR,2020-12-18,nieob. uspraw.,12
2TR,2020-12-21,nieob. uspraw.,28
2TR,2020-12-22,nieob. uspraw.,19
2TR,2021-01-18,nieob. uspraw.,24
2TR,2021-01-19,nieobecność,15
2TR,2021-01-20,nieobecność,19
2TR,2021-01-21,nieobecność,13
2TR,2021-01-22,nieobecność,18
2TR,2021-01-25,nieobecność,14
2TR,2021-01-26,nieobecność,6
2TR,2021-01-26,spóźnienie,1
2TR,2021-01-27,nieobecność,11
2TR,2021-01-28,nieobecność,18
2TR,2021-01-28,nauka zdalna,114
2TR,2021-01-29,nieobecność,7
2TR,2021-02-01,nieobecność,15
2TR,2021-02-02,nieobecność,10
2TR,2021-02-03,nieobecność,3
2TR,2021-02-04,nieobecność,14
2TR,2021-02-05,nieobecność,15
2TR,2021-02-08,nieobecność,7
2TR,2021-02-09,nieobecność,8
2TR,2021-02-10,nieobecność,5
2TR,2021-02-11,nieobecność,14
2TR,2021-02-12,nieobecność,8
2TR,2021-02-15,nieob. uspraw.,15
2TR,2021-02-16,nieob. uspraw.,12
2TR,2021-02-17,nieob. uspraw.,16
2TR,2021-02-18,nieob. uspraw.,50
2TR,2021-02-19,nieobecność,11
2TR,2021-02-23,nieob. uspraw.,21
2TR,2021-02-24,nieobecność,6
2TR,2021-02-25,nieob. uspraw.,17
2TR,2021-02-26,nieob. uspraw.,34
2TR,2021-03-01,nauka zdalna,94
2TR,2021-03-02,nieobecność,14
2TR,2021-03-03,nieobecność,17
2TR,2021-03-04,nieobecność,15
2TR,2021-03-05,nieobecność,11
2TR,2021-03-08,nieob. uspraw.,35
2TR,2021-03-09,nieob. uspraw.,34
2TR,2021-03-10,nieobecność,11
2TR,2021-03-11,nieobecność,12
2TR,2021-03-12,nieobecność,8
2TR,2021-03-15,spóźnienie,1
2TR,2021-03-17,nieobecność,16
2TR,2021-03-18,nieobecność,13
2TR,2021-03-18,spóźnienie,1
2TR,2021-03-18,nauka zdalna,77
2TR,2021-03-22,spóźnienie,1
2TR,2021-03-23,nieobecność,13
2TR,2021-03-24,nieobecność,9
2TR,2021-03-25,nieobecność,14
2TR,2021-03-26,nieobecność,12
2TR,2021-03-29,nieobecność,3
2TR,2021-03-29,spóźnienie,1
2TR,2021-03-30,nieobecność,7
2TR,2021-04-07,nieobecność,13
2TR,2021-04-08,nieobecność,15
2TR,2021-04-09,nieobecność,8
2TR,2021-04-13,nieobecność,10
2TR,2021-04-14,nieob. uspraw.,9
2TR,2021-04-16,nieobecność,10
2TR,2021-04-20,nieobecność,6
2TR,2021-04-20,nauka zdalna,91
2TR,2021-04-21,nieobecność,10
2TR,2021-04-22,nieobecność,7
2TR,2021-04-23,nieobecność,6
2TR,2021-04-27,nieobecność,13
2TR,2021-04-28,nieobecność,10
2TR,2021-04-29,nieob. uspraw.,46
2TR,2021-04-30,nieob. uspraw.,34
2TR,2021-05-07,nieobecność,14
2TR,2021-05-10,obecność,96
2TR,2021-05-11,nieobecność,18
2TR,2021-05-12,nieobecność,11
2TR,2021-05-13,nieobecność,16
2TR,2021-05-14,nieobecność,10
2TR,2021-05-17,nieobecność,7
2TR,2021-05-18,nieobecność,11
2TR,2021-05-19,nieobecność,17
2TR,2021-05-20,nieobecność,21
2TR,2021-05-21,nieobecność,12
2TR,2021-05-24,nieobecność,8
2TR,2021-05-25,nieobecność,6
2TR,2021-05-26,nieobecność,11
2TR,2021-05-27,nieobecność,7
2TR,2021-05-28,nieobecność,9
2TR,2020-09-04,nieob. uspraw.,6
2TR,2020-09-07,nieob. uspraw.,1
2TR,2020-09-14,nieob. uspraw.,35
2TR,2020-09-23,nieob. uspraw.,23
2TR,2020-09-25,nieob. uspraw.,31
2TR,2020-10-01,obecność,75
2TR,2020-10-12,nieob. uspraw.,28
2TR,2020-10-13,nieob. uspraw.,14
2TR,2020-10-22,nieobecność,4
2TR,2020-10-26,nieobecność,2
2TR,2020-11-05,nieobecność,1
2TR,2020-11-17,nieob. uspraw.,16
2TR,2020-11-18,nieobecność,1
2TR,2020-11-26,nieobecność,12
2TR,2020-11-27,nieob. uspraw.,34
2TR,2020-12-02,nieob. uspraw.,22
2TR,2020-12-08,nieobecność,5
2TR,2020-12-17,nieobecność,4
2TR,2021-01-25,nauka zdalna,83
2TR,2021-01-26,nieob. uspraw.,16
2TR,2021-01-27,nauka zdalna,100
2TR,2021-01-29,nauka zdalna,78
2TR,2021-02-01,nieob. uspr. p.s.,5
2TR,2021-02-05,nieob. uspraw.,19
2TR,2021-02-05,nieob. uspr. p.s.,6
2TR,2021-02-08,nauka zdalna,42
2TR,2021-02-09,nieob. uspraw.,15
2TR,2021-02-11,nauka zdalna,90
2TR,2021-02-12,nieob. uspraw.,34
2TR,2021-02-15,nauka zdalna,76
2TR,2021-02-22,nauka zdalna,93
2TR,2021-03-02,nieob. uspraw.,14
2TR,2021-03-04,nieob. uspraw.,7
2TR,2021-03-05,nieob. uspraw.,13
2TR,2021-03-11,nauka zdalna,113
2TR,2021-03-16,nauka zdalna,83
2TR,2021-03-17,nieob. uspraw.,4
2TR,2021-03-19,nauka zdalna,63
2TR,2021-03-23,nieob. uspraw.,34
2TR,2021-03-24,nieob. uspraw.,44
2TR,2021-03-30,nieob. uspraw.,6
2TR,2021-03-31,nauka zdalna,92
2TR,2021-04-08,nieob. uspraw.,9
2TR,2021-04-09,nieob. uspraw.,16
2TR,2021-04-13,nieob. uspraw.,17
2TR,2021-04-15,nieobecność,11
2TR,2021-04-16,nieob. uspraw.,27
2TR,2021-04-23,nieob. uspraw.,25
2TR,2021-04-28,nieob. uspraw.,23
2TR,2021-05-07,nauka zdalna,64
2TR,2021-05-11,nieob. uspraw.,6
2TR,2021-05-12,nieob. uspraw.,20
2TR,2021-05-14,nieob. uspraw.,26
2TR,2021-05-17,nieob. uspraw.,42
2TR,2021-05-18,nieob. uspraw.,17
2TR,2021-05-19,nieob. uspraw.,28
2TR,2021-05-20,nieob. uspraw.,26
2TR,2021-05-21,nieob. uspraw.,32
2TR,2021-05-24,nieob. uspraw.,17
2TR,2021-05-25,nieob. uspraw.,18
2TR,2021-05-26,nieob. uspraw.,20
2TR,2021-05-28,nieob. uspraw.,20
2TR,2020-09-21,zwolniony,2
2TR,2020-10-02,obecność,60
2TR,2020-11-18,spóźnienie,1
2TR,2020-11-19,nieobecność,6
2TR,2020-11-20,nieob. uspraw.,20
2TR,2020-11-24,nieob. uspraw.,12
2TR,2020-11-25,nieob. uspraw.,7
2TR,2020-11-26,nieob. uspraw.,15
2TR,2020-11-30,nieob. uspraw.,30
2TR,2020-12-01,nieob. uspraw.,18
2TR,2020-12-03,nieob. uspraw.,12
2TR,2020-12-04,nieob. uspraw.,18
2TR,2020-12-09,nieob. uspraw.,28
2TR,2020-12-15,nieobecność,5
2TR,2021-02-01,obecność,63
2TR,2021-02-22,obecność,7
2TR,2021-03-12,nieob. uspraw.,27
2TR,2021-03-25,nieob. uspraw.,36
2TR,2021-03-26,nieob. uspraw.,30
2TR,2021-04-26,nieobecność,2
2TR,2021-04-30,nieobecność,11
2TR,2021-05-10,nieobecność,2
2TR,2020-09-10,nieob. uspraw.,20
2TR,2020-09-22,nieob. uspraw.,30
2TR,2020-09-23,nieobecność,1
2TR,2020-09-25,nieobecność,3
2TR,2020-09-28,nieobecność,1
2TR,2020-10-15,nieobecność,5
2TR,2020-10-23,nieobecność,2
2TR,2020-10-26,spóźnienie,1
2TR,2020-10-30,nieob. uspraw.,22
2TR,2020-11-23,nieob. uspraw.,35
2TR,2020-12-10,nieobecność,10
2TR,2020-12-14,nieob. uspraw.,7
2TR,2021-02-02,nieob. uspraw.,10
2TR,2021-02-03,nieob. uspraw.,6
2TR,2021-02-04,spóźnienie,1
2TR,2021-02-10,nieob. uspraw.,15
2TR,2021-02-11,spóźnienie,2
2TR,2021-02-16,nieobecność,6
2TR,2021-02-18,spóźnienie,2
2TR,2021-03-10,nieob. uspraw.,6
2TR,2021-03-15,nieob. uspraw.,35
2TR,2021-03-29,nieob. uspraw.,29
2TR,2021-04-14,nieobecność,3
2TR,2021-04-19,nieob. uspraw.,36
2TR,2021-04-26,nieob. uspraw.,64
2TR,2021-04-27,nieob. uspraw.,20
2TR,2021-05-27,nieob. uspraw.,18
2TR,2020-10-27,nieobecność,3
2TR,2020-10-28,nieob. uspraw.,21
2TR,2020-12-04,nieobecność,5
2TR,2020-12-10,spóźnienie,1
2TR,2020-12-11,nieobecność,1
2TR,2021-01-26,nieob. uspr. p.s.,1
2TR,2021-02-08,obecność,49
2TR,2021-02-26,nieobecność,6
2TR,2021-04-12,spóźnienie,1
2TR,2020-09-29,nieob. uspr. p.s.,3
2TR,2020-09-30,nieob. uspraw.,25
2TR,2021-04-22,nieob. uspr. p.s.,3
2TR,2021-04-22,spóźnienie,1
2TR,2021-04-23,nieob. uspr. p.s.,4
2TR,2021-05-25,spóźnienie,4
2TR,2020-09-08,nieob. uspraw.,21
2TR,2020-09-28,nieob. uspraw.,35
2TR,2020-10-08,nieobecność,4
2TR,2020-12-02,spóźn. uspr.,1
2TR,2020-12-04,spóźnienie,1
2TR,2021-01-21,nieob. uspraw.,6
2TR,2021-04-08,spóźn. uspr.,1
2TR,2021-05-13,spóźn. uspr.,1
2TR,2021-05-25,spóźn. uspr.,1
2TR,2020-09-03,spóźnienie,2
2TR,2020-09-21,nieobecność,2
2TR,2020-11-10,nieobecność,1
2TR,2020-11-25,spóźnienie,1
2TR,2021-02-01,nieob. uspraw.,15
2TR,2021-02-25,nieobecność,11
2TR,2021-03-31,nieobecność,7
2TR,2021-04-07,nieob. uspraw.,9
2TR,2020-10-06,nieob. uspr. p.s.,10
2TR,2020-10-20,nieob. uspr. p.s.,7
2TR,2020-10-23,nieob. uspr. p.s.,6
2TR,2021-03-15,obecność,35
2TR,2021-05-24,nauka zdalna,9
2TR,2020-09-29,nieob. uspraw.,12
2TR,2020-11-10,spóźn. uspr.,1
2TR,2020-11-16,nieob. uspraw.,28
2TR,2021-02-19,nieob. uspraw.,5
2TR,2021-02-23,nieob. uspr. p.s.,6
2TR,2021-03-01,nieob. uspr. p.s.,2
2TR,2021-03-22,nieob. uspraw.,15
2TR,2020-09-08,nieob. uspr. p.s.,3
2TR,2020-10-13,nieobecność,1
2TR,2020-11-12,spóźnienie,1
2TR,2020-12-16,nieobecność,4
2TR,2021-01-22,nieob. uspraw.,8
2TR,2021-05-28,spóźnienie,1
2TR,2020-10-08,spóźn. uspr.,1
2TR,2020-10-26,nieob. uspraw.,21
2TR,2020-10-27,nieob. uspraw.,15
2TR,2020-12-17,spóźn. uspr.,1
2TR,2021-01-19,spóźn. uspr.,1
2TR,2021-01-20,nieob. uspraw.,5
2TR,2021-02-04,spóźn. uspr.,1
2TR,2021-04-12,nieob. uspraw.,21
2TR,2021-04-27,spóźnienie,2
2TR,2021-04-28,nieob. uspr. p.s.,4
2TR,2021-04-29,nieobecność,3
2TR,2020-09-01,nieob. uspraw.,6
2TR,2020-09-04,nieob. uspr. p.s.,6
2TR,2020-09-16,nieob. uspr. p.s.,2
2TR,2020-09-17,spóźnienie,2
2TR,2020-10-07,nieobecność,4
2TR,2020-10-08,nieob. uspr. p.s.,1
2TR,2020-10-20,nieobecność,2
2TR,2020-11-10,spóźnienie,1
2TR,2021-02-18,nieobecność,7
2TR,2021-03-16,nieobecność,9
2TR,2021-03-19,nieobecność,13
2TR,2020-10-01,nieobecność,2
2TR,2020-12-18,nieobecność,1
2TR,2021-02-23,nieobecność,3
2TR,2021-04-12,nieobecność,1
2TR,2021-04-19,nieobecność,1
2TR,2021-04-29,spóźnienie,2
2TR,2020-10-21,nieobecność,3
2TR,2020-11-23,nieobecność,1
2TR,2021-01-19,nieob. uspraw.,3
2TR,2021-02-09,spóźnienie,1
2TR,2021-02-17,nieobecność,2
2TR,2021-02-23,spóźnienie,1
2TR,2021-03-10,spóźnienie,1
2TR,2021-03-16,spóźnienie,1
2TR,2021-05-13,spóźnienie,1
2TR,2020-09-11,nieob. uspr. p.s.,1
2TR,2020-10-08,spóźnienie,1
2TR,2020-11-25,nieobecność,2
2TR,2021-01-19,spóźnienie,1
2TR,2020-12-11,spóźn. uspr.,1
2TR,2020-12-22,spóźnienie,1
2TR,2021-01-26,spóźn. uspr.,1
2TR,2021-01-29,nieob. uspr. p.s.,2
2TR,2021-04-15,zwolniony,1
2TŻ,2020-09-01,obecność,219
2TŻ,2020-09-02,obecność,154
2TŻ,2020-09-03,obecność,181
2TŻ,2020-09-04,obecność,176
2TŻ,2020-09-07,obecność,125
2TŻ,2020-09-08,obecność,173
2TŻ,2020-09-09,obecność,154
2TŻ,2020-09-10,obecność,160
2TŻ,2020-09-11,obecność,159
2TŻ,2020-09-14,obecność,106
2TŻ,2020-09-15,obecność,158
2TŻ,2020-09-16,obecność,138
2TŻ,2020-09-17,obecność,145
2TŻ,2020-09-17,nieobecność,3
2TŻ,2020-09-18,nieob. uspraw.,25
2TŻ,2020-09-21,obecność,113
2TŻ,2020-09-22,obecność,153
2TŻ,2020-09-23,obecność,146
2TŻ,2020-09-24,obecność,170
2TŻ,2020-09-25,obecność,156
2TŻ,2020-09-28,nieob. uspraw.,18
2TŻ,2020-09-29,nieob. uspraw.,41
2TŻ,2020-09-30,nieob. uspraw.,14
2TŻ,2020-10-01,nieob. uspraw.,14
2TŻ,2020-10-01,nieobecność,11
2TŻ,2020-10-02,nieob. uspraw.,28
2TŻ,2020-10-02,nieobecność,14
2TŻ,2020-10-05,obecność,112
2TŻ,2020-10-06,obecność,161
2TŻ,2020-10-07,obecność,105
2TŻ,2020-10-08,obecność,144
2TŻ,2020-10-09,obecność,154
2TŻ,2020-10-12,obecność,119
2TŻ,2020-10-13,obecność,166
2TŻ,2020-10-15,obecność,136
2TŻ,2020-10-15,nieobecność,13
2TŻ,2020-10-16,obecność,148
2TŻ,2020-10-19,obecność,107
2TŻ,2020-10-20,obecność,150
2TŻ,2020-10-21,obecność,126
2TŻ,2020-10-22,obecność,111
2TŻ,2020-10-23,nieobecność,16
2TŻ,2020-10-26,nauka zdalna,130
2TŻ,2020-10-27,nauka zdalna,164
2TŻ,2020-10-28,nieobecność,15
2TŻ,2020-10-29,nieobecność,13
2TŻ,2020-10-29,nauka zdalna,167
2TŻ,2020-10-30,nauka zdalna,122
2TŻ,2020-11-02,nauka zdalna,116
2TŻ,2020-11-03,nauka zdalna,143
2TŻ,2020-11-03,nieobecność,23
2TŻ,2020-11-04,nauka zdalna,137
2TŻ,2020-11-05,nauka zdalna,118
2TŻ,2020-11-06,nauka zdalna,158
2TŻ,2020-11-09,nieobecność,9
2TŻ,2020-11-09,nauka zdalna,124
2TŻ,2020-11-10,nauka zdalna,161
2TŻ,2020-11-12,nauka zdalna,127
2TŻ,2020-11-13,nieob. uspraw.,15
2TŻ,2020-11-16,nieob. uspraw.,3
2TŻ,2020-11-16,nauka zdalna,126
2TŻ,2020-11-17,nieobecność,13
2TŻ,2020-11-17,nauka zdalna,164
2TŻ,2020-11-18,nauka zdalna,134
2TŻ,2020-11-18,nieobecność,13
2TŻ,2020-11-19,nauka zdalna,131
2TŻ,2020-11-19,nieobecność,16
2TŻ,2020-11-20,nauka zdalna,159
2TŻ,2020-11-23,nieobecność,9
2TŻ,2020-11-23,nauka zdalna,122
2TŻ,2020-11-24,nauka zdalna,172
2TŻ,2020-11-24,nieobecność,10
2TŻ,2020-11-25,nieobecność,11
2TŻ,2020-11-25,nauka zdalna,139
2TŻ,2020-11-26,nauka zdalna,168
2TŻ,2020-11-27,nieobecność,18
2TŻ,2020-11-30,nauka zdalna,122
2TŻ,2020-12-01,nieobecność,13
2TŻ,2020-12-01,nauka zdalna,163
2TŻ,2020-12-02,nieobecność,14
2TŻ,2020-12-03,nieobecność,11
2TŻ,2020-12-03,nauka zdalna,156
2TŻ,2020-12-04,nieob. uspraw.,12
2TŻ,2020-12-07,nauka zdalna,122
2TŻ,2020-12-08,nieob. uspraw.,18
2TŻ,2020-12-09,nieob. uspraw.,32
2TŻ,2020-12-10,nieobecność,24
2TŻ,2020-12-11,nieobecność,32
2TŻ,2020-12-14,nauka zdalna,126
2TŻ,2020-12-15,nauka zdalna,146
2TŻ,2020-12-16,nieobecność,25
2TŻ,2020-12-17,nauka zdalna,106
2TŻ,2020-12-17,nieobecność,23
2TŻ,2020-12-18,nieobecność,24
2TŻ,2020-12-21,nieobecność,10
2TŻ,2020-12-21,nauka zdalna,70
2TŻ,2020-12-22,nieobecność,28
2TŻ,2021-01-18,nauka zdalna,115
2TŻ,2021-01-18,nieobecność,14
2TŻ,2021-01-19,nauka zdalna,163
2TŻ,2021-01-20,nauka zdalna,159
2TŻ,2021-01-21,nauka zdalna,133
2TŻ,2021-01-22,nieobecność,17
2TŻ,2021-01-25,nauka zdalna,117
2TŻ,2021-01-25,nieobecność,4
2TŻ,2021-01-26,nauka zdalna,160
2TŻ,2021-01-27,nauka zdalna,153
2TŻ,2021-01-28,nauka zdalna,135
2TŻ,2021-01-28,nieobecność,8
2TŻ,2021-01-29,nauka zdalna,143
2TŻ,2021-01-29,nieobecność,13
2TŻ,2021-02-01,nauka zdalna,137
2TŻ,2021-02-01,nieobecność,5
2TŻ,2021-02-02,nauka zdalna,145
2TŻ,2021-02-03,nauka zdalna,139
2TŻ,2021-02-04,nauka zdalna,161
2TŻ,2021-02-04,nieobecność,3
2TŻ,2021-02-04,nieob. uspraw.,9
2TŻ,2021-02-05,nieob. uspraw.,23
2TŻ,2021-02-08,nauka zdalna,135
2TŻ,2021-02-08,nieobecność,10
2TŻ,2021-02-09,nauka zdalna,133
2TŻ,2021-02-10,nieobecność,7
2TŻ,2021-02-11,nauka zdalna,160
2TŻ,2021-02-12,nauka zdalna,64
2TŻ,2021-02-15,nauka zdalna,135
2TŻ,2021-02-16,nauka zdalna,120
2TŻ,2021-02-16,obecność,15
2TŻ,2021-02-17,nauka zdalna,138
2TŻ,2021-02-18,nauka zdalna,156
2TŻ,2021-02-18,nieobecność,7
2TŻ,2021-02-19,nauka zdalna,120
2TŻ,2021-02-22,nauka zdalna,136
2TŻ,2021-02-23,nauka zdalna,135
2TŻ,2021-02-23,nieob. uspraw.,16
2TŻ,2021-02-24,nieobecność,10
2TŻ,2021-02-24,nieob. uspraw.,26
2TŻ,2021-02-25,nauka zdalna,144
2TŻ,2021-02-25,nieob. uspraw.,23
2TŻ,2021-02-26,nieob. uspraw.,24
2TŻ,2021-03-01,nauka zdalna,120
2TŻ,2021-03-02,nauka zdalna,153
2TŻ,2021-03-03,nauka zdalna,114
2TŻ,2021-03-04,nieobecność,6
2TŻ,2021-03-04,nauka zdalna,141
2TŻ,2021-03-05,nauka zdalna,89
2TŻ,2021-03-05,nieobecność,14
2TŻ,2021-03-08,nauka zdalna,111
2TŻ,2021-03-08,nieob. uspraw.,11
2TŻ,2021-03-09,nauka zdalna,116
2TŻ,2021-03-09,nieob. uspraw.,36
2TŻ,2021-03-10,nieob. uspraw.,22
2TŻ,2021-03-11,nieob. uspraw.,14
2TŻ,2021-03-11,nauka zdalna,160
2TŻ,2021-03-12,nauka zdalna,134
2TŻ,2021-03-15,nieob. uspraw.,18
2TŻ,2021-03-16,nauka zdalna,127
2TŻ,2021-03-17,nauka zdalna,101
2TŻ,2021-03-18,nieob. uspraw.,18
2TŻ,2021-03-18,nauka zdalna,152
2TŻ,2021-03-18,nieobecność,3
2TŻ,2021-03-19,nieob. uspraw.,25
2TŻ,2021-03-22,nauka zdalna,124
2TŻ,2021-03-22,nieob. uspraw.,26
2TŻ,2021-03-23,nauka zdalna,146
2TŻ,2021-03-24,nauka zdalna,131
2TŻ,2021-03-25,nauka zdalna,141
2TŻ,2021-03-25,nieob. uspraw.,24
2TŻ,2021-03-26,nauka zdalna,142
2TŻ,2021-03-29,nauka zdalna,143
2TŻ,2021-03-30,nauka zdalna,133
2TŻ,2021-03-30,nieob. uspraw.,5
2TŻ,2021-03-31,nauka zdalna,124
2TŻ,2021-03-31,nieob. uspraw.,17
2TŻ,2021-04-07,nieob. uspraw.,53
2TŻ,2021-04-08,nieob. uspraw.,44
2TŻ,2021-04-09,nieob. uspraw.,64
2TŻ,2021-04-12,nauka zdalna,127
2TŻ,2021-04-13,nauka zdalna,139
2TŻ,2021-04-13,nieob. uspraw.,7
2TŻ,2021-04-14,nauka zdalna,126
2TŻ,2021-04-14,nieobecność,7
2TŻ,2021-04-14,nieob. uspraw.,21
2TŻ,2021-04-15,nauka zdalna,143
2TŻ,2021-04-16,nieob. uspraw.,24
2TŻ,2021-04-19,nauka zdalna,135
2TŻ,2021-04-19,nieob. uspraw.,8
2TŻ,2021-04-20,nieob. uspraw.,28
2TŻ,2021-04-21,nieob. uspraw.,21
2TŻ,2021-04-22,nauka zdalna,130
2TŻ,2021-04-22,nieob. uspraw.,23
2TŻ,2021-04-23,nieob. uspraw.,26
2TŻ,2021-04-23,nauka zdalna,141
2TŻ,2021-04-26,nauka zdalna,122
2TŻ,2021-04-27,nauka zdalna,137
2TŻ,2021-04-27,nieobecność,4
2TŻ,2021-04-28,nieob. uspraw.,20
2TŻ,2021-04-29,nauka zdalna,145
2TŻ,2021-04-30,nieob. uspraw.,33
2TŻ,2021-05-07,obecność,65
2TŻ,2021-05-10,nieob. uspraw.,23
2TŻ,2021-05-11,nieob. uspraw.,45
2TŻ,2021-05-12,nauka zdalna,121
2TŻ,2021-05-12,nieobecność,16
2TŻ,2021-05-13,nieob. uspraw.,20
2TŻ,2021-05-13,nauka zdalna,122
2TŻ,2021-05-13,nieobecność,11
2TŻ,2021-05-14,nieob. uspraw.,64
2TŻ,2021-05-17,nauka zdalna,130
2TŻ,2021-05-18,nieob. uspraw.,26
2TŻ,2021-05-19,nieob. uspraw.,38
2TŻ,2021-05-20,nieob. uspraw.,42
2TŻ,2021-05-21,nieob. uspraw.,40
2TŻ,2021-05-24,obecność,114
2TŻ,2021-05-24,nauka zdalna,1
2TŻ,2021-05-25,obecność,157
2TŻ,2021-05-26,obecność,126
2TŻ,2021-05-27,obecność,91
2TŻ,2021-05-28,obecność,97
2TŻ,2020-09-02,nieobecność,7
2TŻ,2020-09-03,nieobecność,2
2TŻ,2020-09-04,nieobecność,8
2TŻ,2020-09-07,nieobecność,14
2TŻ,2020-09-10,spóźnienie,1
2TŻ,2020-09-11,nieob. uspr. p.s.,8
2TŻ,2020-09-11,zwolniony,5
2TŻ,2020-09-14,nieobecność,6
2TŻ,2020-09-15,nieobecność,8
2TŻ,2020-09-16,nieobecność,2
2TŻ,2020-09-18,obecność,140
2TŻ,2020-09-21,nieobecność,7
2TŻ,2020-09-22,nieobecność,11
2TŻ,2020-09-23,nieobecność,7
2TŻ,2020-09-24,spóźnienie,3
2TŻ,2020-09-25,spóźnienie,2
2TŻ,2020-09-25,nieobecność,2
2TŻ,2020-09-28,obecność,106
2TŻ,2020-09-28,spóźnienie,1
2TŻ,2020-09-29,nieobecność,17
2TŻ,2020-09-30,nieobecność,14
2TŻ,2020-10-01,obecność,150
2TŻ,2020-10-02,obecność,133
2TŻ,2020-10-02,spóźnienie,1
2TŻ,2020-10-05,nieobecność,13
2TŻ,2020-10-06,nieobecność,3
2TŻ,2020-10-06,nieob. uspr. p.s.,2
2TŻ,2020-10-07,nieobecność,5
2TŻ,2020-10-08,nieobecność,8
2TŻ,2020-10-12,nieobecność,7
2TŻ,2020-10-13,nieobecność,9
2TŻ,2020-10-16,nieobecność,20
2TŻ,2020-10-19,nieobecność,7
2TŻ,2020-10-20,nieobecność,8
2TŻ,2020-10-21,nieobecność,9
2TŻ,2020-10-22,nieobecność,7
2TŻ,2020-10-26,nieobecność,7
2TŻ,2020-10-27,nieobecność,13
2TŻ,2020-10-30,nieobecność,27
2TŻ,2020-11-02,nieobecność,10
2TŻ,2020-11-04,nieobecność,13
2TŻ,2020-11-05,nieobecność,10
2TŻ,2020-11-06,nieobecność,20
2TŻ,2020-11-10,nieobecność,10
2TŻ,2020-11-12,nieobecność,11
2TŻ,2020-11-13,nieobecność,8
2TŻ,2020-11-16,nieobecność,6
2TŻ,2020-11-20,nieobecność,11
2TŻ,2020-11-26,nieobecność,10
2TŻ,2020-11-30,nieobecność,14
2TŻ,2020-12-04,nieobecność,16
2TŻ,2020-12-07,nieobecność,11
2TŻ,2020-12-08,nieobecność,13
2TŻ,2020-12-09,nieobecność,10
2TŻ,2020-12-14,nieobecność,7
2TŻ,2020-12-15,nieobecność,10
2TŻ,2021-01-19,nieobecność,10
2TŻ,2021-01-20,nieobecność,10
2TŻ,2021-01-21,nieobecność,6
2TŻ,2020-09-18,nieob. uspr. p.s.,11
2TŻ,2020-09-22,nieob. uspraw.,17
2TŻ,2020-09-25,nieob. uspraw.,24
2TŻ,2020-09-29,obecność,118
2TŻ,2020-09-30,obecność,126
2TŻ,2020-10-23,obecność,96
2TŻ,2020-10-28,nauka zdalna,132
2TŻ,2020-11-03,nieob. uspraw.,18
2TŻ,2020-11-05,nieob. uspraw.,9
2TŻ,2020-11-12,nieob. uspraw.,21
2TŻ,2020-11-13,nauka zdalna,156
2TŻ,2020-11-18,nieob. uspraw.,14
2TŻ,2020-11-19,nieob. uspraw.,14
2TŻ,2020-11-24,nieob. uspraw.,2
2TŻ,2020-11-27,nieob. uspraw.,11
2TŻ,2020-12-01,nieob. uspraw.,4
2TŻ,2020-12-02,nauka zdalna,142
2TŻ,2020-12-04,nauka zdalna,156
2TŻ,2020-12-08,nauka zdalna,148
2TŻ,2020-12-10,nauka zdalna,156
2TŻ,2020-12-11,nieob. uspraw.,19
2TŻ,2020-12-16,nauka zdalna,149
2TŻ,2020-12-18,nauka zdalna,133
2TŻ,2020-12-21,nieob. uspraw.,10
2TŻ,2020-12-22,nieob. uspraw.,19
2TŻ,2021-01-20,nieob. uspraw.,15
2TŻ,2021-01-22,nauka zdalna,141
2TŻ,2021-01-22,nieob. uspraw.,24
2TŻ,2021-01-25,nieob. uspraw.,10
2TŻ,2021-01-29,nieob. uspraw.,13
2TŻ,2021-02-01,nieob. uspraw.,11
2TŻ,2021-02-09,nieob. uspraw.,15
2TŻ,2021-02-10,nieob. uspraw.,19
2TŻ,2021-02-12,nieob. uspraw.,8
2TŻ,2021-02-15,nieob. uspraw.,11
2TŻ,2021-02-17,nieob. uspraw.,13
2TŻ,2021-02-19,nieob. uspraw.,20
2TŻ,2021-02-24,nauka zdalna,118
2TŻ,2021-02-26,nauka zdalna,83
2TŻ,2021-03-01,nieob. uspraw.,4
2TŻ,2021-03-02,nieob. uspraw.,10
2TŻ,2021-03-03,nieob. uspraw.,16
2TŻ,2021-03-15,nauka zdalna,128
2TŻ,2021-03-19,nauka zdalna,63
2TŻ,2021-03-23,nieob. uspraw.,7
2TŻ,2021-03-29,nieob. uspraw.,7
2TŻ,2021-03-30,nieobecność,15
2TŻ,2021-03-31,nieobecność,13
2TŻ,2021-04-07,nieobecność,10
2TŻ,2021-04-08,nieobecność,13
2TŻ,2021-04-09,nauka zdalna,111
2TŻ,2021-04-12,nieobecność,16
2TŻ,2021-04-16,nieobecność,16
2TŻ,2021-04-19,nieobecność,10
2TŻ,2021-04-20,nauka zdalna,120
2TŻ,2021-04-20,nieobecność,6
2TŻ,2021-04-21,nauka zdalna,121
2TŻ,2021-04-26,nieobecność,19
2TŻ,2021-04-28,nauka zdalna,122
2TŻ,2021-04-29,nieobecność,10
2TŻ,2021-04-30,nieobecność,26
2TŻ,2021-05-12,nieob. uspraw.,17
2TŻ,2021-05-14,nieobecność,32
2TŻ,2021-05-17,nieobecność,10
2TŻ,2021-05-18,nauka zdalna,138
2TŻ,2021-05-19,nieobecność,18
2TŻ,2021-05-19,nauka zdalna,98
2TŻ,2021-05-20,nauka zdalna,101
2TŻ,2021-05-20,nieobecność,11
2TŻ,2021-05-21,nauka zdalna,120
2TŻ,2021-05-24,nieobecność,16
2TŻ,2021-05-26,nieobecność,21
2TŻ,2021-05-27,nieobecność,42
2TŻ,2021-05-28,nieobecność,59
2TŻ,2020-09-07,nieob. uspraw.,21
2TŻ,2020-09-14,nieob. uspraw.,24
2TŻ,2020-09-15,nieob. uspraw.,18
2TŻ,2020-09-16,nieob. uspraw.,21
2TŻ,2020-09-17,nieob. uspraw.,13
2TŻ,2020-10-12,nieob. uspraw.,12
2TŻ,2020-10-13,nieob. uspraw.,9
2TŻ,2020-10-15,nieob. uspraw.,34
2TŻ,2020-10-19,nieob. uspraw.,24
2TŻ,2020-10-27,nieob. uspraw.,6
2TŻ,2020-10-29,nieob. uspraw.,3
2TŻ,2020-10-30,nieob. uspraw.,35
2TŻ,2020-11-02,nieob. uspraw.,12
2TŻ,2020-11-04,nieob. uspraw.,9
2TŻ,2020-11-10,nieob. uspraw.,11
2TŻ,2020-11-13,spóźn. uspr.,2
2TŻ,2020-11-20,nieob. uspraw.,14
2TŻ,2020-11-23,nieob. uspraw.,4
2TŻ,2020-11-27,nauka zdalna,154
2TŻ,2020-12-01,spóźnienie,2
2TŻ,2020-12-09,nauka zdalna,119
2TŻ,2020-12-22,nauka zdalna,90
2TŻ,2021-01-18,nieob. uspraw.,8
2TŻ,2021-01-19,nieob. uspraw.,11
2TŻ,2021-01-21,nieob. uspraw.,20
2TŻ,2021-01-25,spóźn. uspr.,1
2TŻ,2021-01-26,nieob. uspraw.,8
2TŻ,2021-01-27,nieob. uspraw.,17
2TŻ,2021-02-05,nauka zdalna,109
2TŻ,2021-02-10,nauka zdalna,128
2TŻ,2021-02-11,nieob. uspraw.,11
2TŻ,2021-02-12,nieobecność,8
2TŻ,2021-02-18,nieob. uspraw.,12
2TŻ,2021-02-19,nieobecność,9
2TŻ,2021-02-22,nieob. uspraw.,17
2TŻ,2021-03-04,nieob. uspraw.,21
2TŻ,2021-03-10,nauka zdalna,128
2TŻ,2021-03-12,nieob. uspraw.,19
2TŻ,2021-03-24,nieob. uspraw.,22
2TŻ,2021-03-25,nieobecność,7
2TŻ,2021-03-26,nieobecność,6
2TŻ,2021-03-26,spóźnienie,5
2TŻ,2021-04-15,nieob. uspraw.,25
2TŻ,2021-04-21,nieobecność,10
2TŻ,2021-04-22,nieobecność,15
2TŻ,2021-04-23,nieobecność,9
2TŻ,2021-04-30,nauka zdalna,105
2TŻ,2021-05-07,nieobecność,16
2TŻ,2021-05-10,nauka zdalna,116
2TŻ,2021-05-11,nieobecność,7
2TŻ,2021-05-11,nauka zdalna,123
2TŻ,2021-05-14,nauka zdalna,80
2TŻ,2021-05-18,spóźn. uspr.,1
2TŻ,2020-09-08,nieob. uspraw.,10
2TŻ,2020-10-06,nieob. uspraw.,16
2TŻ,2020-10-09,nieob. uspr. p.s.,6
2TŻ,2020-10-16,nieob. uspraw.,16
2TŻ,2020-10-28,nieob. uspraw.,14
2TŻ,2020-11-13,spóźnienie,3
2TŻ,2020-11-25,nieob. uspraw.,11
2TŻ,2020-11-26,nieob. uspraw.,5
2TŻ,2020-12-02,nieob. uspraw.,5
2TŻ,2020-12-07,spóźn. uspr.,1
2TŻ,2020-12-08,spóźn. uspr.,2
2TŻ,2020-12-10,nieob. uspraw.,3
2TŻ,2020-12-11,nauka zdalna,131
2TŻ,2020-12-15,nieob. uspraw.,4
2TŻ,2020-12-16,nieob. uspraw.,9
2TŻ,2020-12-17,nieob. uspraw.,7
2TŻ,2020-12-18,nieob. uspraw.,26
2TŻ,2021-01-28,nieob. uspraw.,8
2TŻ,2021-02-02,nieob. uspraw.,7
2TŻ,2021-02-03,nieob. uspraw.,11
2TŻ,2021-02-16,nieob. uspraw.,15
2TŻ,2021-03-16,nieob. uspraw.,18
2TŻ,2021-03-17,nieob. uspraw.,9
2TŻ,2021-03-26,spóźn. uspr.,1
2TŻ,2021-04-07,nauka zdalna,91
2TŻ,2021-04-08,nauka zdalna,118
2TŻ,2021-04-12,nieob. uspraw.,10
2TŻ,2021-04-16,nauka zdalna,129
2TŻ,2021-04-29,nieob. uspraw.,20
2TŻ,2021-05-07,nieob. uspraw.,38
2TŻ,2021-05-17,nieob. uspraw.,14
2TŻ,2021-05-18,nieobecność,9
2TŻ,2020-11-23,spóźnienie,1
2TŻ,2020-12-03,nieob. uspraw.,16
2TŻ,2020-12-07,nieob. uspraw.,4
2TŻ,2020-12-11,spóźnienie,1
2TŻ,2020-12-22,spóźnienie,1
2TŻ,2021-02-22,spóźnienie,1
2TŻ,2021-03-05,nieob. uspraw.,19
2TŻ,2021-03-09,spóźnienie,1
2TŻ,2021-03-18,spóźnienie,2
2TŻ,2021-04-22,spóźn. uspr.,3
2TŻ,2021-04-28,spóźn. uspr.,1
2TŻ,2021-05-25,spóźnienie,2
2TŻ,2021-05-27,nieob. uspraw.,21
2TŻ,2021-05-28,nieob. uspraw.,20
2TŻ,2020-10-20,nieob. uspraw.,26
2TŻ,2020-10-21,nieob. uspraw.,26
2TŻ,2020-10-22,nieob. uspraw.,42
2TŻ,2020-10-23,nieob. uspraw.,66
2TŻ,2020-10-26,nieob. uspraw.,1
2TŻ,2020-12-14,nieob. uspraw.,5
2TŻ,2021-01-27,nieobecność,4
2TŻ,2021-02-03,nieobecność,4
2TŻ,2021-02-05,obecność,38
2TŻ,2021-02-16,nieobecność,4
2TŻ,2021-03-03,nieobecność,8
2TŻ,2021-04-13,nieobecność,8
2TŻ,2021-04-22,spóźnienie,4
2TŻ,2020-09-22,nieob. uspr. p.s.,3
2TŻ,2021-01-28,spóźnienie,1
2TŻ,2021-02-05,nieobecność,6
2TŻ,2021-02-08,nieob. uspraw.,8
2TŻ,2021-03-16,nieobecność,9
2TŻ,2021-03-26,nieob. uspraw.,22
2TŻ,2021-04-26,nieob. uspraw.,11
2TŻ,2020-09-01,nieobecność,10
2TŻ,2020-09-03,zwolniony,1
2TŻ,2020-09-07,zwolniony,1
2TŻ,2020-09-14,zwolniony,1
2TŻ,2020-09-24,zwolniony,1
2TŻ,2020-10-01,zwolniony,1
2TŻ,2020-10-15,zwolniony,1
2TŻ,2020-10-22,zwolniony,1
2TŻ,2020-10-29,zwolniony,1
2TŻ,2020-11-05,zwolniony,1
2TŻ,2020-11-09,nieob. uspraw.,4
2TŻ,2020-11-17,nieob. uspraw.,5
2TŻ,2020-11-26,zwolniony,1
2TŻ,2020-11-30,nieob. uspraw.,2
2TŻ,2020-12-03,zwolniony,1
2TŻ,2020-12-08,spóźnienie,3
2TŻ,2020-12-10,zwolniony,1
2TŻ,2020-12-11,nieob. uspr. p.s.,1
2TŻ,2020-12-17,zwolniony,1
2TŻ,2020-12-18,nieob. uspr. p.s.,1
2TŻ,2021-01-21,zwolniony,1
2TŻ,2021-01-22,nieob. uspr. p.s.,2
2TŻ,2021-01-26,spóźnienie,2
2TŻ,2021-01-27,spóźnienie,2
2TŻ,2021-01-28,zwolniony,1
2TŻ,2021-01-29,nieob. uspr. p.s.,7
2TŻ,2021-02-04,zwolniony,1
2TŻ,2021-02-08,spóźnienie,1
2TŻ,2021-02-11,zwolniony,1
2TŻ,2021-02-12,obecność,5
2TŻ,2021-02-12,nieob. uspr. p.s.,3
2TŻ,2021-02-17,nieobecność,3
2TŻ,2021-02-18,zwolniony,1
2TŻ,2021-02-19,nieob. uspr. p.s.,3
2TŻ,2021-02-23,spóźnienie,1
2TŻ,2021-02-25,spóźnienie,5
2TŻ,2021-02-25,zwolniony,1
2TŻ,2021-02-26,obecność,61
2TŻ,2021-03-01,obecność,3
2TŻ,2021-03-01,zwolniony,1
2TŻ,2021-03-02,obecność,5
2TŻ,2021-03-03,obecność,7
2TŻ,2021-03-04,obecność,8
2TŻ,2021-03-05,obecność,54
2TŻ,2021-03-08,obecność,5
2TŻ,2021-03-08,zwolniony,1
2TŻ,2021-03-18,zwolniony,1
2TŻ,2021-03-25,zwolniony,1
2TŻ,2021-04-08,zwolniony,1
2TŻ,2021-04-09,spóźn. uspr.,1
2TŻ,2021-04-15,spóźnienie,1
2TŻ,2021-04-15,zwolniony,1
2TŻ,2021-04-16,spóźnienie,1
2TŻ,2021-04-16,nieob. uspr. p.s.,6
2TŻ,2021-04-22,zwolniony,1
2TŻ,2021-04-27,nieob. uspraw.,13
2TŻ,2021-04-29,zwolniony,1
2TŻ,2021-04-30,nieob. uspr. p.s.,4
2TŻ,2021-05-11,zwolniony,1
2TŻ,2021-05-18,zwolniony,1
2TŻ,2021-05-25,zwolniony,1
2TŻ,2020-09-28,nieob. uspr. p.s.,3
2TŻ,2020-09-29,nieob. uspr. p.s.,1
2TŻ,2020-12-21,spóźnienie,1
2TŻ,2021-01-26,nieobecność,5
2TŻ,2021-02-09,spóźn. uspr.,2
2TŻ,2021-02-19,obecność,24
2TŻ,2021-03-03,nieob. uspr. p.s.,9
2TŻ,2021-03-22,nieobecność,4
2TŻ,2021-04-30,obecność,8
2TŻ,2020-09-28,nieobecność,7
2TŻ,2020-10-05,nieob. uspraw.,12
2TŻ,2020-10-07,nieob. uspraw.,5
2TŻ,2020-10-08,nieob. uspraw.,8
2TŻ,2020-10-09,nieob. uspraw.,17
2TŻ,2020-10-23,nieob. uspr. p.s.,6
2TŻ,2020-11-27,spóźnienie,1
2TŻ,2021-05-24,nieob. uspraw.,21
2TŻ,2020-11-12,spóźn. uspr.,2
2TŻ,2020-11-23,zwolniony,2
2TŻ,2021-03-11,spóźnienie,1
2TŻ,2021-05-07,spóźn. uspr.,1
2TŻ,2021-05-24,spóźn. uspr.,1
2TŻ,2020-09-11,nieob. uspraw.,12
2TŻ,2020-09-21,nieob. uspraw.,18
2TŻ,2020-11-16,spóźn. uspr.,1
2TŻ,2020-12-17,spóźnienie,1
2TŻ,2021-02-04,spóźn. uspr.,2
2TŻ,2021-03-24,zwolniony,1
2TŻ,2021-05-07,nauka zdalna,56
2TŻ,2021-05-10,spóźn. uspr.,1
2TŻ,2021-05-25,nieob. uspraw.,8
2TŻ,2021-05-26,nieob. uspraw.,7
2TŻ,2020-09-23,nieob. uspr. p.s.,1
2TŻ,2020-10-08,nieob. uspr. p.s.,1
2TŻ,2020-11-09,spóźnienie,1
2TŻ,2021-02-09,nieobecność,4
2TŻ,2021-02-25,nieobecność,2
2TŻ,2021-03-01,nieobecność,4
2TŻ,2021-03-02,zwolniony,2
2TŻ,2021-03-29,nieobecność,2
2TŻ,2021-05-21,nieobecność,16
2TŻ,2021-04-28,nieobecność,11
2TŻ,2020-12-15,spóźnienie,1
2TŻ,2021-02-15,nieobecność,8
2TŻ,2021-03-12,obecność,16
2TŻ,2021-04-26,spóźnienie,1
2TŻ,2021-05-10,nieobecność,14
2TŻ,2020-09-09,nieob. uspraw.,7
2TŻ,2020-09-23,nieob. uspraw.,7
2TŻ,2020-09-24,nieob. uspraw.,9
2TŻ,2020-11-04,spóźn. uspr.,2
2TŻ,2020-12-16,spóźn. uspr.,1
2TŻ,2020-10-01,nieob. uspr. p.s.,1
2TŻ,2020-11-06,nieob. uspraw.,6
2TŻ,2021-02-25,spóźn. uspr.,1
2TŻ,2021-04-21,spóźn. uspr.,1
2TŻ,2021-04-26,nieob. uspr. p.s.,1
2TŻ,2021-05-24,spóźnienie,1
2TŻ,2020-09-18,nieobecność,8
2TŻ,2020-11-10,spóźnienie,1
2TŻ,2020-11-16,spóźnienie,2
2TŻ,2020-11-17,spóźnienie,2
2TŻ,2021-02-02,nieobecność,1
2TŻ,2021-02-11,nieobecność,4
2TŻ,2021-02-23,nieobecność,2
2TŻ,2021-02-26,nieobecność,8
2TŻ,2021-03-02,nieobecność,6
2TŻ,2021-03-08,nieobecność,2
2TŻ,2021-03-09,nieobecność,1
2TŻ,2021-03-10,nieobecność,4
2TŻ,2021-03-11,nieobecność,1
2TŻ,2021-03-12,nieobecność,7
2TŻ,2021-03-15,nieobecność,7
2TŻ,2021-03-23,nieobecność,1
2TŻ,2021-04-15,nieobecność,6
2TŻ,2021-04-19,spóźnienie,1
2TŻ,2021-05-13,spóźnienie,1
2TŻ,2021-05-18,spóźnienie,1
2TŻ,2020-09-24,nieobecność,1
2TŻ,2020-12-01,spóźn. uspr.,2
2TŻ,2021-03-15,spóźnienie,1
2TŻ,2020-09-08,spóźn. uspr.,1
2TŻ,2020-09-14,spóźn. uspr.,1
2TŻ,2020-10-05,spóźnienie,1
2TŻ,2020-10-06,spóźnienie,2
2TŻ,2020-10-09,nieobecność,7
2TŻ,2020-10-27,spóźnienie,1
2TŻ,2020-12-21,spóźn. uspr.,1
2TŻ,2021-01-18,spóźn. uspr.,1
2TŻ,2021-01-21,spóźn. uspr.,1
2TŻ,2021-01-28,spóźn. uspr.,1
2TŻ,2021-02-01,spóźn. uspr.,1
2TŻ,2021-03-08,spóźn. uspr.,2
2TŻ,2021-03-25,nieob. uspr. p.s.,3
2TŻ,2021-03-30,spóźnienie,1
2TŻ,2021-05-25,nieobecność,8
2TŻ,2020-11-10,spóźn. uspr.,1
2TŻ,2021-01-26,spóźn. uspr.,1
2TŻ,2021-02-02,spóźn. uspr.,1
2TŻ,2021-04-12,spóźnienie,1
2TŻ,2021-03-29,spóźnienie,2
2TŻ,2021-04-21,spóźnienie,1
3TRM,2020-09-01,obecność,182
3TRM,2020-09-02,nieob. uspr. p.s.,16
3TRM,2020-09-03,obecność,174
3TRM,2020-09-03,nieob. uspr. p.s.,12
3TRM,2020-09-04,obecność,156
3TRM,2020-09-07,obecność,208
3TRM,2020-09-08,obecność,208
3TRM,2020-09-09,obecność,208
3TRM,2020-09-10,obecność,208
3TRM,2020-09-11,obecność,208
3TRM,2020-09-14,obecność,208
3TRM,2020-09-15,obecność,208
3TRM,2020-09-16,obecność,208
3TRM,2020-09-17,obecność,208
3TRM,2020-09-18,obecność,208
3TRM,2020-09-21,obecność,89
3TRM,2020-09-22,obecność,94
3TRM,2020-09-22,nieob. uspr. p.s.,10
3TRM,2020-09-23,obecność,158
3TRM,2020-09-24,nieob. uspr. p.s.,6
3TRM,2020-09-24,nieobecność,12
3TRM,2020-09-24,obecność,134
3TRM,2020-09-25,obecność,89
3TRM,2020-09-28,obecność,123
3TRM,2020-09-28,nieobecność,9
3TRM,2020-09-29,obecność,132
3TRM,2020-09-30,spóźnienie,3
3TRM,2020-09-30,nieobecność,42
3TRM,2020-09-30,obecność,113
3TRM,2020-10-01,obecność,93
3TRM,2020-10-01,nieobecność,38
3TRM,2020-10-02,obecność,84
3TRM,2020-10-05,obecność,121
3TRM,2020-10-05,spóźnienie,9
3TRM,2020-10-06,nieob. uspraw.,20
3TRM,2020-10-07,obecność,140
3TRM,2020-10-08,obecność,165
3TRM,2020-10-09,obecność,114
3TRM,2020-10-12,obecność,112
3TRM,2020-10-13,obecność,137
3TRM,2020-10-15,obecność,117
3TRM,2020-10-15,nieobecność,45
3TRM,2020-10-16,obecność,96
3TRM,2020-10-19,nauka zdalna,123
3TRM,2020-10-19,nieobecność,31
3TRM,2020-10-20,nauka zdalna,124
3TRM,2020-10-20,nieobecność,75
3TRM,2020-10-21,nauka zdalna,181
3TRM,2020-10-22,nauka zdalna,118
3TRM,2020-10-22,nieobecność,57
3TRM,2020-10-23,nauka zdalna,54
3TRM,2020-10-23,nieobecność,20
3TRM,2020-10-26,nauka zdalna,125
3TRM,2020-10-27,nauka zdalna,178
3TRM,2020-10-27,nieobecność,21
3TRM,2020-10-28,nauka zdalna,169
3TRM,2020-10-29,nieobecność,52
3TRM,2020-10-29,nauka zdalna,130
3TRM,2020-10-30,nieobecność,49
3TRM,2020-10-30,spóźnienie,1
3TRM,2020-10-30,nauka zdalna,100
3TRM,2020-11-02,nieobecność,37
3TRM,2020-11-02,nauka zdalna,118
3TRM,2020-11-03,nieobecność,47
3TRM,2020-11-03,nauka zdalna,145
3TRM,2020-11-04,nauka zdalna,191
3TRM,2020-11-05,nieobecność,45
3TRM,2020-11-06,nauka zdalna,114
3TRM,2020-11-06,nieobecność,39
3TRM,2020-11-09,nieobecność,25
3TRM,2020-11-09,nauka zdalna,114
3TRM,2020-11-10,nauka zdalna,147
3TRM,2020-11-10,nieobecność,28
3TRM,2020-11-12,nieobecność,45
3TRM,2020-11-12,nauka zdalna,132
3TRM,2020-11-13,nieobecność,24
3TRM,2020-11-13,nauka zdalna,126
3TRM,2020-11-16,nauka zdalna,129
3TRM,2020-11-16,nieobecność,15
3TRM,2020-11-17,nauka zdalna,139
3TRM,2020-11-17,nieobecność,28
3TRM,2020-11-18,nieobecność,12
3TRM,2020-11-19,nauka zdalna,145
3TRM,2020-11-19,nieobecność,30
3TRM,2020-11-20,nieobecność,26
3TRM,2020-11-23,nieobecność,33
3TRM,2020-11-23,nauka zdalna,112
3TRM,2020-11-23,nieob. uspraw.,10
3TRM,2020-11-24,nieobecność,21
3TRM,2020-11-24,nauka zdalna,177
3TRM,2020-11-24,spóźnienie,1
3TRM,2020-11-25,nieobecność,21
3TRM,2020-11-26,nieob. uspraw.,19
3TRM,2020-11-27,nauka zdalna,144
3TRM,2020-11-30,nauka zdalna,126
3TRM,2020-11-30,nieobecność,9
3TRM,2020-12-01,nauka zdalna,187
3TRM,2020-12-01,spóźnienie,1
3TRM,2020-12-01,nieobecność,11
3TRM,2020-12-02,nauka zdalna,176
3TRM,2020-12-03,nauka zdalna,141
3TRM,2020-12-03,spóźnienie,1
3TRM,2020-12-04,nauka zdalna,131
3TRM,2020-12-07,nauka zdalna,141
3TRM,2020-12-07,nieobecność,7
3TRM,2020-12-08,nieob. uspraw.,14
3TRM,2020-12-09,nauka zdalna,181
3TRM,2020-12-10,nauka zdalna,133
3TRM,2020-12-11,nauka zdalna,139
3TRM,2020-12-14,nauka zdalna,113
3TRM,2020-12-14,nieobecność,25
3TRM,2020-12-15,nauka zdalna,143
3TRM,2020-12-15,nieobecność,52
3TRM,2020-12-16,nieobecność,23
3TRM,2020-12-17,nauka zdalna,127
3TRM,2020-12-18,nauka zdalna,144
3TRM,2020-12-18,nieobecność,29
3TRM,2020-12-21,nieobecność,31
3TRM,2020-12-22,nieobecność,44
3TRM,2020-12-22,nauka zdalna,163
3TRM,2021-01-18,nauka zdalna,124
3TRM,2021-01-19,nauka zdalna,122
3TRM,2021-01-20,nauka zdalna,194
3TRM,2021-01-21,nieobecność,22
3TRM,2021-01-21,nauka zdalna,123
3TRM,2021-01-22,nauka zdalna,156
3TRM,2021-01-22,nieobecność,12
3TRM,2021-01-25,nauka zdalna,117
3TRM,2021-01-26,nauka zdalna,154
3TRM,2021-01-27,nauka zdalna,168
3TRM,2021-01-28,nieobecność,24
3TRM,2021-01-28,nauka zdalna,131
3TRM,2021-01-29,nauka zdalna,148
3TRM,2021-01-29,nieobecność,25
3TRM,2021-02-01,nieobecność,26
3TRM,2021-02-01,nauka zdalna,138
3TRM,2021-02-02,nieobecność,20
3TRM,2021-02-02,nauka zdalna,156
3TRM,2021-02-03,nauka zdalna,40
3TRM,2021-02-03,obecność,132
3TRM,2021-02-04,nieobecność,26
3TRM,2021-02-04,nauka zdalna,123
3TRM,2021-02-04,spóźnienie,4
3TRM,2021-02-05,nieob. uspraw.,7
3TRM,2021-02-08,nauka zdalna,154
3TRM,2021-02-09,nauka zdalna,155
3TRM,2021-02-10,nauka zdalna,35
3TRM,2021-02-10,obecność,123
3TRM,2021-02-11,nauka zdalna,131
3TRM,2021-02-12,nauka zdalna,148
3TRM,2021-02-15,nauka zdalna,152
3TRM,2021-02-15,nieobecność,12
3TRM,2021-02-16,nauka zdalna,174
3TRM,2021-02-17,nauka zdalna,25
3TRM,2021-02-17,obecność,140
3TRM,2021-02-18,nauka zdalna,135
3TRM,2021-02-19,nieobecność,20
3TRM,2021-02-19,nauka zdalna,116
3TRM,2021-02-22,nauka zdalna,123
3TRM,2021-02-22,nieobecność,21
3TRM,2021-02-23,nauka zdalna,155
3TRM,2021-02-24,nauka zdalna,28
3TRM,2021-02-24,obecność,134
3TRM,2021-02-25,nauka zdalna,131
3TRM,2021-02-26,nauka zdalna,143
3TRM,2021-02-26,nieobecność,12
3TRM,2021-03-01,nieobecność,8
3TRM,2021-03-01,nauka zdalna,94
3TRM,2021-03-02,nauka zdalna,113
3TRM,2021-03-03,nauka zdalna,119
3TRM,2021-03-04,nauka zdalna,99
3TRM,2021-03-04,nieobecność,22
3TRM,2021-03-05,nauka zdalna,100
3TRM,2021-03-05,nieobecność,37
3TRM,2021-03-08,nauka zdalna,92
3TRM,2021-03-08,nieobecność,10
3TRM,2021-03-09,nieobecność,6
3TRM,2021-03-09,nauka zdalna,93
3TRM,2021-03-10,nauka zdalna,88
3TRM,2021-03-11,nauka zdalna,115
3TRM,2021-03-11,nieobecność,11
3TRM,2021-03-12,nieobecność,12
3TRM,2021-03-12,nauka zdalna,68
3TRM,2021-03-15,nauka zdalna,133
3TRM,2021-03-15,nieobecność,14
3TRM,2021-03-16,nauka zdalna,149
3TRM,2021-03-16,nieobecność,42
3TRM,2021-03-17,nauka zdalna,29
3TRM,2021-03-17,obecność,139
3TRM,2021-03-18,nauka zdalna,147
3TRM,2021-03-19,nauka zdalna,160
3TRM,2021-03-19,nieobecność,11
3TRM,2021-03-22,nauka zdalna,145
3TRM,2021-03-23,nauka zdalna,164
3TRM,2021-03-23,nieob. uspraw.,21
3TRM,2021-03-24,nauka zdalna,193
3TRM,2021-03-25,nauka zdalna,132
3TRM,2021-03-26,nauka zdalna,160
3TRM,2021-03-29,nieobecność,21
3TRM,2021-03-30,nauka zdalna,163
3TRM,2021-03-30,nieobecność,29
3TRM,2021-03-31,nieobecność,21
3TRM,2021-03-31,nauka zdalna,179
3TRM,2021-04-07,nieobecność,25
3TRM,2021-04-07,nauka zdalna,175
3TRM,2021-04-08,nauka zdalna,127
3TRM,2021-04-09,nauka zdalna,140
3TRM,2021-04-09,nieobecność,27
3TRM,2021-04-12,nauka zdalna,154
3TRM,2021-04-13,nauka zdalna,180
3TRM,2021-04-13,nieobecność,10
3TRM,2021-04-14,nauka zdalna,177
3TRM,2021-04-15,nauka zdalna,159
3TRM,2021-04-15,nieobecność,6
3TRM,2021-04-16,nauka zdalna,141
3TRM,2021-04-16,nieobecność,19
3TRM,2021-04-19,nauka zdalna,114
3TRM,2021-04-20,nauka zdalna,155
3TRM,2021-04-21,nieobecność,21
3TRM,2021-04-21,nauka zdalna,81
3TRM,2021-04-22,nauka zdalna,133
3TRM,2021-04-23,nauka zdalna,142
3TRM,2021-04-26,nauka zdalna,119
3TRM,2021-04-26,nieobecność,33
3TRM,2021-04-27,nauka zdalna,157
3TRM,2021-04-27,nieobecność,32
3TRM,2021-04-28,nieobecność,45
3TRM,2021-04-29,nauka zdalna,120
3TRM,2021-04-29,nieobecność,22
3TRM,2021-04-30,nauka zdalna,146
3TRM,2021-04-30,nieobecność,13
3TRM,2021-05-07,nauka zdalna,147
3TRM,2021-05-07,nieobecność,19
3TRM,2021-05-10,nauka zdalna,109
3TRM,2021-05-10,nieobecność,25
3TRM,2021-05-11,nauka zdalna,161
3TRM,2021-05-11,nieobecność,13
3TRM,2021-05-12,nieobecność,37
3TRM,2021-05-13,nauka zdalna,154
3TRM,2021-05-14,nieob. uspraw.,7
3TRM,2021-05-17,obecność,137
3TRM,2021-05-17,nauka zdalna,15
3TRM,2021-05-18,obecność,130
3TRM,2021-05-18,nauka zdalna,20
3TRM,2021-05-19,obecność,173
3TRM,2021-05-20,nieob. uspraw.,33
3TRM,2021-05-21,obecność,85
3TRM,2021-05-24,nieob. uspraw.,14
3TRM,2021-05-25,nieob. uspraw.,22
3TRM,2021-05-26,nieob. uspraw.,40
3TRM,2021-05-27,nieob. uspraw.,40
3TRM,2021-05-28,nieob. uspraw.,22
3TRM,2021-05-31,nieob. uspraw.,44
3TRM,2021-05-31,nieobecność,20
3TRM,2021-06-01,nieob. uspraw.,49
3TRM,2021-06-01,obecność,57
3TRM,2021-06-01,nieobecność,27
3TRM,2021-06-02,obecność,64
3TRM,2021-06-07,nieob. uspraw.,83
3TRM,2021-06-08,nieob. uspraw.,60
3TRM,2021-06-09,nieob. uspraw.,112
3TRM,2021-06-10,nieob. uspraw.,106
3TRM,2021-06-10,nieobecność,61
3TRM,2021-06-11,nieob. uspraw.,78
3TRM,2021-06-14,nieobecność,79
3TRM,2021-06-14,obecność,26
3TRM,2021-06-15,nieobecność,50
3TRM,2021-06-16,nieobecność,69
3TRM,2021-06-17,nieobecność,79
3TRM,2021-06-18,nieobecność,65
3TRM,2021-06-21,obecność,139
3TRM,2021-06-23,nieobecność,194
3TRM,2021-06-24,nieobecność,195
3TRM,2021-06-25,obecność,182
3TRM,2020-09-02,obecność,183
3TRM,2020-09-03,nieob. uspraw.,8
3TRM,2020-09-21,nieob. uspraw.,39
3TRM,2020-09-22,nieob. uspraw.,43
3TRM,2020-09-23,nieob. uspraw.,48
3TRM,2020-09-24,nieob. uspraw.,30
3TRM,2020-09-25,nieob. uspraw.,66
3TRM,2020-10-02,nieobecność,30
3TRM,2020-10-06,obecność,169
3TRM,2020-10-07,nieobecność,34
3TRM,2020-10-09,nieobecność,8
3TRM,2020-10-12,nieobecność,21
3TRM,2020-10-16,nieobecność,48
3TRM,2020-10-26,nieobecność,7
3TRM,2020-11-09,nieob. uspraw.,3
3TRM,2020-11-12,nieob. uspraw.,1
3TRM,2020-11-17,spóźnienie,1
3TRM,2020-11-18,nauka zdalna,123
3TRM,2020-11-20,nauka zdalna,128
3TRM,2020-11-20,nieob. uspraw.,2
3TRM,2020-11-25,nauka zdalna,187
3TRM,2020-12-08,nauka zdalna,162
3TRM,2020-12-16,nauka zdalna,177
3TRM,2021-01-25,nieob. uspraw.,12
3TRM,2021-02-01,nieob. uspraw.,16
3TRM,2021-02-05,nauka zdalna,146
3TRM,2021-02-10,nieob. uspraw.,23
3TRM,2021-02-11,nieob. uspraw.,10
3TRM,2021-02-19,nieob. uspraw.,28
3TRM,2021-02-22,nieob. uspraw.,20
3TRM,2021-02-25,nieob. uspraw.,21
3TRM,2021-03-02,nieob. uspraw.,5
3TRM,2021-03-04,nieob. uspraw.,14
3TRM,2021-03-22,nieobecność,14
3TRM,2021-03-25,nieob. uspraw.,11
3TRM,2021-03-29,nauka zdalna,137
3TRM,2021-04-13,spóźnienie,2
3TRM,2021-04-19,nieobecność,12
3TRM,2021-04-23,nieobecność,16
3TRM,2021-04-28,nauka zdalna,35
3TRM,2021-04-28,obecność,96
3TRM,2021-05-10,nieob. uspraw.,12
3TRM,2021-05-12,nauka zdalna,35
3TRM,2021-05-12,obecność,82
3TRM,2021-05-13,nieobecność,27
3TRM,2021-05-14,nauka zdalna,139
3TRM,2021-05-20,obecność,133
3TRM,2021-05-20,nieobecność,33
3TRM,2021-05-21,nieob. uspraw.,45
3TRM,2021-05-24,nauka zdalna,137
3TRM,2021-05-25,nauka zdalna,132
3TRM,2021-05-25,nieobecność,25
3TRM,2021-05-26,nauka zdalna,121
3TRM,2021-05-27,nauka zdalna,144
3TRM,2021-05-27,nieobecność,15
3TRM,2021-05-28,nauka zdalna,99
3TRM,2021-06-02,nieob. uspraw.,104
3TRM,2021-06-07,obecność,45
3TRM,2021-06-08,obecność,47
3TRM,2021-06-08,nieobecność,31
3TRM,2021-06-15,obecność,22
3TRM,2021-06-16,nieob. uspraw.,128
3TRM,2021-06-17,nieob. uspraw.,119
3TRM,2021-06-18,nieob. uspraw.,90
3TRM,2020-09-21,spóźnienie,2
3TRM,2020-09-29,nieob. uspraw.,15
3TRM,2020-10-06,nieobecność,9
3TRM,2020-10-28,nieobecność,31
3TRM,2020-11-04,nieobecność,17
3TRM,2020-11-05,nauka zdalna,133
3TRM,2020-11-05,spóźnienie,4
3TRM,2020-11-26,nauka zdalna,144
3TRM,2020-12-03,nieobecność,25
3TRM,2020-12-08,nieobecność,22
3TRM,2020-12-10,nieobecność,27
3TRM,2020-12-11,nieobecność,13
3TRM,2020-12-17,nieobecność,21
3TRM,2020-12-21,nauka zdalna,88
3TRM,2021-01-18,nieobecność,20
3TRM,2021-01-19,nieobecność,32
3TRM,2021-01-20,nieobecność,14
3TRM,2021-01-25,nieobecność,26
3TRM,2021-01-26,nieobecność,30
3TRM,2021-01-26,spóźnienie,2
3TRM,2021-01-27,nieob. uspraw.,14
3TRM,2021-01-28,spóźnienie,1
3TRM,2021-02-03,nieobecność,14
3TRM,2021-02-05,nieobecność,19
3TRM,2021-02-08,nieobecność,27
3TRM,2021-02-09,nieobecność,25
3TRM,2021-02-10,nieobecność,27
3TRM,2021-02-12,nieobecność,10
3TRM,2021-02-16,nieobecność,15
3TRM,2021-02-16,spóźnienie,3
3TRM,2021-02-17,nieobecność,20
3TRM,2021-02-18,nieob. uspraw.,16
3TRM,2021-02-23,spóźnienie,1
3TRM,2021-02-24,nieobecność,31
3TRM,2021-02-25,nieobecność,13
3TRM,2021-03-09,nieob. uspraw.,19
3TRM,2021-03-18,nieobecność,16
3TRM,2021-03-23,nieobecność,12
3TRM,2021-03-23,spóźnienie,2
3TRM,2021-03-24,nieobecność,7
3TRM,2021-03-25,nieobecność,22
3TRM,2021-03-26,nieobecność,13
3TRM,2021-04-08,nieobecność,23
3TRM,2021-04-09,nieob. uspraw.,6
3TRM,2021-04-12,nieobecność,7
3TRM,2021-04-13,nieob. uspraw.,7
3TRM,2021-04-19,nieob. uspraw.,38
3TRM,2021-04-22,nieobecność,5
3TRM,2021-04-27,spóźnienie,2
3TRM,2021-05-13,spóźnienie,3
3TRM,2021-05-14,nieobecność,27
3TRM,2021-05-24,nieobecność,21
3TRM,2021-05-31,obecność,80
3TRM,2021-06-01,spóźnienie,5
3TRM,2020-09-22,nieobecność,16
3TRM,2020-10-08,nieobecność,6
3TRM,2020-10-09,nieob. uspraw.,34
3TRM,2020-10-13,nieobecność,19
3TRM,2020-10-26,obecność,18
3TRM,2020-11-03,obecność,7
3TRM,2020-11-09,obecność,13
3TRM,2020-11-26,nieobecność,19
3TRM,2021-02-11,nieobecność,21
3TRM,2021-02-23,nieobecność,33
3TRM,2021-02-26,nieob. uspraw.,18
3TRM,2021-04-16,nieob. uspraw.,13
3TRM,2021-04-20,nieobecność,19
3TRM,2021-04-21,nieob. uspraw.,46
3TRM,2021-05-28,nieobecność,19
3TRM,2021-06-07,nieobecność,23
3TRM,2021-06-09,nieobecność,42
3TRM,2021-06-09,obecność,30
3TRM,2021-06-11,nieobecność,55
3TRM,2021-06-21,nieobecność,51
3TRM,2020-10-05,nieobecność,23
3TRM,2020-10-21,nieobecność,27
3TRM,2020-10-23,obecność,1
3TRM,2020-11-12,spóźnienie,4
3TRM,2021-02-18,nieobecność,13
3TRM,2021-02-19,obecność,9
3TRM,2021-03-02,nieobecność,1
3TRM,2021-04-22,nieob. uspraw.,26
3TRM,2021-05-12,nieob. uspraw.,54
3TRM,2021-05-13,nieob. uspraw.,15
3TRM,2021-05-21,nieobecność,17
3TRM,2021-06-14,nieob. uspraw.,85
3TRM,2021-06-15,nieob. uspraw.,84
3TRM,2020-09-21,nieobecność,25
3TRM,2020-10-12,nieob. uspraw.,18
3TRM,2020-10-28,nieob. uspraw.,8
3TRM,2020-11-16,nieob. uspraw.,2
3TRM,2020-11-17,nieob. uspraw.,14
3TRM,2020-11-27,nieobecność,12
3TRM,2020-11-30,nieob. uspraw.,20
3TRM,2020-12-04,nieobecność,23
3TRM,2020-12-08,spóźnienie,1
3TRM,2021-02-09,spóźnienie,2
3TRM,2021-03-15,nieob. uspraw.,17
3TRM,2021-04-12,spóźnienie,3
3TRM,2021-04-20,nieob. uspraw.,24
3TRM,2021-04-29,spóźnienie,4
3TRM,2021-05-11,nieob. uspraw.,7
3TRM,2021-06-07,spóźnienie,4
3TRM,2021-06-10,obecność,11
3TRM,2020-09-29,nieobecność,23
3TRM,2020-12-02,nieobecność,9
3TRM,2020-12-07,nieob. uspraw.,7
3TRM,2020-12-09,nieobecność,27
3TRM,2020-12-17,nieob. uspraw.,8
3TRM,2021-01-27,nieobecność,25
3TRM,2021-03-03,nieobecność,3
3TRM,2021-04-14,nieobecność,7
3TRM,2021-05-25,spóźnienie,3
3TRM,2020-09-03,spóźnienie,4
3TRM,2020-10-02,nieob. uspraw.,24
3TRM,2020-10-12,spóźnienie,3
3TRM,2020-11-19,nieob. uspraw.,7
3TRM,2020-12-03,nieob. uspraw.,15
3TRM,2020-12-10,nieob. uspraw.,21
3TRM,2020-12-14,nieob. uspraw.,17
3TRM,2020-12-22,spóźnienie,1
3TRM,2021-02-18,spóźnienie,1
3TRM,2021-03-17,nieobecność,32
3TRM,2021-03-18,spóźnienie,2
3TRM,2021-03-29,nieob. uspraw.,5
3TRM,2021-03-30,nieob. uspraw.,7
3TRM,2021-03-31,nieob. uspraw.,8
3TRM,2021-04-07,nieob. uspraw.,8
3TRM,2021-04-08,nieob. uspraw.,15
3TRM,2021-04-14,nieob. uspraw.,24
3TRM,2021-04-21,obecność,60
3TRM,2021-05-19,nieob. uspraw.,26
3TRM,2021-06-02,nieobecność,16
3TRM,2021-02-04,nieob. uspraw.,12
3TRM,2021-02-23,nieob. uspraw.,10
3TRM,2021-03-16,spóźnienie,1
3TRM,2021-04-26,nieob. uspr. p.s.,5
3TRM,2021-04-28,nieob. uspraw.,32
3TRM,2021-04-30,nieob. uspraw.,14
3TRM,2021-05-18,nieob. uspraw.,28
3TRM,2021-05-26,nieobecność,16
3TRM,2020-10-16,nieob. uspraw.,12
3TRM,2020-10-19,spóźnienie,1
3TRM,2020-10-22,nieob. uspraw.,7
3TRM,2020-12-02,spóźnienie,1
3TRM,2021-01-18,nieob. uspraw.,11
3TRM,2021-01-19,nieob. uspraw.,20
3TRM,2021-01-21,nieob. uspraw.,11
3TRM,2021-01-22,nieob. uspraw.,5
3TRM,2021-02-17,nieob. uspraw.,23
3TRM,2021-03-16,nieob. uspraw.,7
3TRM,2021-03-19,spóźnienie,2
3TRM,2021-03-22,nieob. uspraw.,5
3TRM,2021-03-24,nieob. uspraw.,8
3TRM,2021-04-22,spóźnienie,1
3TRM,2021-05-11,spóźnienie,1
3TRM,2021-05-18,spóźnienie,2
3TRM,2021-05-26,spóźnienie,1
3TRM,2020-10-05,nieob. uspr. p.s.,2
3TRM,2020-10-08,nieob. uspr. p.s.,4
3TRM,2020-10-12,nieob. uspr. p.s.,1
3TRM,2020-10-15,nieob. uspr. p.s.,6
3TRM,2020-10-26,nieob. uspraw.,5
3TRM,2020-12-02,nieob. uspraw.,22
3TRM,2020-12-16,nieob. uspraw.,8
3TRM,2021-02-24,nieob. uspraw.,15
3TRM,2021-03-03,nieob. uspraw.,14
3TRM,2021-03-11,nieob. uspraw.,10
3TRM,2020-09-28,nieob. uspr. p.s.,12
3TRM,2020-09-30,nieob. uspr. p.s.,6
3TRM,2020-10-01,nieob. uspraw.,28
3TRM,2020-11-18,nieob. uspraw.,2
3TRM,2020-12-15,nieob. uspraw.,13
3TRM,2021-02-16,nieob. uspraw.,7
3TRM,2021-04-29,nieob. uspraw.,19
3TRM,2021-01-26,nieob. uspraw.,22
3TRM,2021-02-02,spóźnienie,1
3TRM,2021-03-29,spóźnienie,1
3TRM,2021-04-20,spóźnienie,1
3TRM,2021-04-23,nieob. uspr. p.s.,6
3TRM,2021-06-24,obecność,4
3TRM,2020-10-07,nieob. uspraw.,32
3TRM,2020-10-30,nieob. uspraw.,6
3TRM,2021-03-12,nieob. uspraw.,5
3TRM,2021-04-23,nieob. uspraw.,9
3TRM,2021-06-16,obecność,11
3TRM,2021-06-23,obecność,14
3TRM,2020-09-02,nieobecność,8
3TRM,2021-02-03,nieob. uspraw.,22
3TRM,2021-02-12,nieob. uspraw.,14
3TRM,2021-03-10,obecność,30
3TRM,2021-04-27,nieob. uspraw.,8
3TRM,2021-05-17,nieob. uspraw.,21
3TRM,2021-05-26,obecność,30
3TRM,2021-03-10,nieob. uspraw.,18
3TRM,2020-09-25,nieob. uspr. p.s.,1
3TRM,2020-10-13,nieob. uspr. p.s.,4
3TRM,2020-09-02,spóźnienie,1
3TRM,2020-09-23,nieob. uspr. p.s.,2
3TRM,2021-02-12,spóźnienie,1
3TRM,2021-05-18,nieobecność,2
3TRM,2021-05-28,zwolniony,1
3TRM,2020-09-03,nieobecność,1
3TRM,2020-10-08,nieob. uspraw.,7
3TRM,2020-10-13,nieob. uspraw.,13
3TRM,2020-10-23,nieob. uspraw.,3
3TRM,2020-11-06,nieob. uspraw.,3
3TRM,2020-12-04,spóźnienie,2
3TRM,2020-12-21,zwolniony,2
3TRM,2021-01-27,spóźnienie,1
3TRM,2021-02-11,spóźnienie,3
3TRM,2020-10-15,nieob. uspraw.,14
3TRM,2020-12-11,nieob. uspraw.,4
3TRM,2021-05-19,spóźnienie,1
3TRM,2020-09-22,spóźnienie,2
3TRM,2020-09-28,nieob. uspraw.,4
3TRM,2020-09-30,nieob. uspraw.,6
3TRM,2020-10-06,spóźnienie,1
3TRM,2020-10-07,nieob. uspr. p.s.,1
3TRM,2020-10-07,spóźnienie,1
3TRM,2021-02-01,spóźnienie,1
3TRM,2021-02-05,spóźnienie,1
3TRM,2021-06-17,obecność,1
3TRM,2020-11-13,nieob. uspraw.,6
3TRM,2021-04-26,nieob. uspraw.,7
3TRM,2021-05-07,nieob. uspraw.,7
3TRM,2020-11-10,nieob. uspraw.,7
3TRM,2021-03-04,spóźnienie,1
3TRM,2021-05-19,nieobecność,8
3TRM,2021-06-11,obecność,5
3TRM,2021-06-18,obecność,1
3TRM,2020-09-29,nieob. uspr. p.s.,1
3TRM,2021-03-09,spóźnienie,1
3TRM,2021-03-17,nieob. uspraw.,8
3TRM,2021-05-10,spóźnienie,1
3TRM,2021-05-24,spóźnienie,1
3TRM,2020-10-01,nieob. uspr. p.s.,2
3TRM,2020-12-10,spóźnienie,1
3TRM,2021-02-02,nieob. uspraw.,5
3TŻ,2020-09-01,obecność,140
3TŻ,2020-09-02,obecność,152
3TŻ,2020-09-03,obecność,126
3TŻ,2020-09-04,obecność,110
3TŻ,2020-09-21,nieob. uspraw.,28
3TŻ,2020-09-22,obecność,136
3TŻ,2020-09-23,obecność,112
3TŻ,2020-09-24,nieob. uspraw.,7
3TŻ,2020-09-25,obecność,92
3TŻ,2020-09-28,obecność,79
3TŻ,2020-09-29,nieob. uspraw.,16
3TŻ,2020-09-30,obecność,87
3TŻ,2020-10-05,nieob. uspraw.,25
3TŻ,2020-10-06,nieob. uspraw.,20
3TŻ,2020-10-07,obecność,119
3TŻ,2020-10-08,obecność,116
3TŻ,2020-10-08,nieob. uspraw.,22
3TŻ,2020-10-09,obecność,110
3TŻ,2020-10-12,obecność,121
3TŻ,2020-10-12,nieob. uspr. p.s.,4
3TŻ,2020-10-13,obecność,139
3TŻ,2020-10-15,nieob. uspraw.,28
3TŻ,2020-10-16,obecność,80
3TŻ,2020-10-19,nauka zdalna,115
3TŻ,2020-10-20,nauka zdalna,123
3TŻ,2020-10-20,nieob. uspraw.,25
3TŻ,2020-10-21,nauka zdalna,136
3TŻ,2020-10-22,nauka zdalna,86
3TŻ,2020-10-22,nieobecność,4
3TŻ,2020-10-23,nauka zdalna,80
3TŻ,2020-10-23,nieobecność,4
3TŻ,2020-10-26,nauka zdalna,110
3TŻ,2020-10-27,nauka zdalna,139
3TŻ,2020-10-28,nieob. uspraw.,16
3TŻ,2020-10-29,nieob. uspraw.,15
3TŻ,2020-10-30,nieob. uspr. p.s.,4
3TŻ,2020-10-30,nauka zdalna,112
3TŻ,2020-11-02,nauka zdalna,131
3TŻ,2020-11-03,nauka zdalna,126
3TŻ,2020-11-04,nauka zdalna,144
3TŻ,2020-11-05,nauka zdalna,110
3TŻ,2020-11-06,nauka zdalna,88
3TŻ,2020-11-09,nauka zdalna,124
3TŻ,2020-11-10,nauka zdalna,118
3TŻ,2020-11-12,nieob. uspraw.,32
3TŻ,2020-11-13,nauka zdalna,72
3TŻ,2020-11-13,nieobecność,8
3TŻ,2020-11-16,nieob. uspraw.,31
3TŻ,2020-11-17,nieob. uspraw.,32
3TŻ,2020-11-18,nieob. uspraw.,33
3TŻ,2020-11-19,nauka zdalna,113
3TŻ,2020-11-20,nauka zdalna,109
3TŻ,2020-11-23,nieob. uspraw.,14
3TŻ,2020-11-24,nauka zdalna,134
3TŻ,2020-11-25,nieob. uspraw.,29
3TŻ,2020-11-26,nieob. uspraw.,12
3TŻ,2020-11-27,nauka zdalna,110
3TŻ,2020-11-27,nieob. uspraw.,9
3TŻ,2020-11-30,nauka zdalna,112
3TŻ,2020-12-01,nauka zdalna,148
3TŻ,2020-12-02,nauka zdalna,140
3TŻ,2020-12-03,nauka zdalna,113
3TŻ,2020-12-04,nauka zdalna,106
3TŻ,2020-12-07,nauka zdalna,108
3TŻ,2020-12-08,nieob. uspraw.,48
3TŻ,2020-12-08,nauka zdalna,112
3TŻ,2020-12-09,nauka zdalna,135
3TŻ,2020-12-10,spóźnienie,3
3TŻ,2020-12-10,nauka zdalna,118
3TŻ,2020-12-11,nauka zdalna,105
3TŻ,2020-12-14,nauka zdalna,122
3TŻ,2020-12-15,nauka zdalna,74
3TŻ,2020-12-16,nauka zdalna,139
3TŻ,2020-12-16,nieob. uspraw.,21
3TŻ,2020-12-17,nauka zdalna,123
3TŻ,2020-12-18,nauka zdalna,128
3TŻ,2020-12-21,nieob. uspraw.,20
3TŻ,2020-12-22,nauka zdalna,112
3TŻ,2021-01-18,nieob. uspraw.,23
3TŻ,2021-01-19,nauka zdalna,108
3TŻ,2021-01-20,nauka zdalna,151
3TŻ,2021-01-21,nauka zdalna,132
3TŻ,2021-01-22,nauka zdalna,141
3TŻ,2021-01-25,nauka zdalna,125
3TŻ,2021-01-25,nieob. uspraw.,15
3TŻ,2021-01-26,nauka zdalna,115
3TŻ,2021-01-27,nauka zdalna,113
3TŻ,2021-01-28,nauka zdalna,137
3TŻ,2021-01-29,nauka zdalna,135
3TŻ,2021-02-01,nauka zdalna,106
3TŻ,2021-02-01,nieob. uspraw.,14
3TŻ,2021-02-02,nauka zdalna,114
3TŻ,2021-02-03,nieob. uspraw.,28
3TŻ,2021-02-04,nauka zdalna,132
3TŻ,2021-02-05,nauka zdalna,107
3TŻ,2021-02-08,nauka zdalna,128
3TŻ,2021-02-09,nauka zdalna,115
3TŻ,2021-02-10,obecność,129
3TŻ,2021-02-11,nieob. uspraw.,13
3TŻ,2021-02-11,nauka zdalna,123
3TŻ,2021-02-12,nauka zdalna,146
3TŻ,2021-02-12,nieob. uspraw.,12
3TŻ,2021-02-15,nauka zdalna,113
3TŻ,2021-02-16,nauka zdalna,119
3TŻ,2021-02-17,obecność,116
3TŻ,2021-02-17,nieob. uspraw.,26
3TŻ,2021-02-18,nauka zdalna,136
3TŻ,2021-02-19,nauka zdalna,147
3TŻ,2021-02-22,nauka zdalna,120
3TŻ,2021-02-22,nieob. uspraw.,20
3TŻ,2021-02-23,nauka zdalna,101
3TŻ,2021-02-24,nauka zdalna,20
3TŻ,2021-02-24,nieob. uspraw.,59
3TŻ,2021-02-24,obecność,81
3TŻ,2021-02-25,nauka zdalna,108
3TŻ,2021-02-26,nieob. uspraw.,13
3TŻ,2021-02-26,nauka zdalna,139
3TŻ,2021-03-01,nauka zdalna,136
3TŻ,2021-03-02,nauka zdalna,105
3TŻ,2021-03-03,obecność,144
3TŻ,2021-03-04,nauka zdalna,108
3TŻ,2021-03-05,nauka zdalna,104
3TŻ,2021-03-05,nieobecność,16
3TŻ,2021-03-08,nauka zdalna,101
3TŻ,2021-03-09,nauka zdalna,96
3TŻ,2021-03-09,nieobecność,13
3TŻ,2021-03-10,nauka zdalna,23
3TŻ,2021-03-10,obecność,95
3TŻ,2021-03-10,nieob. uspraw.,17
3TŻ,2021-03-11,nauka zdalna,114
3TŻ,2021-03-12,nauka zdalna,142
3TŻ,2021-03-15,nauka zdalna,114
3TŻ,2021-03-16,nauka zdalna,112
3TŻ,2021-03-17,obecność,102
3TŻ,2021-03-17,nieob. uspraw.,38
3TŻ,2021-03-18,nieob. uspraw.,27
3TŻ,2021-03-18,nauka zdalna,111
3TŻ,2021-03-19,nauka zdalna,144
3TŻ,2021-03-22,nauka zdalna,128
3TŻ,2021-03-23,nauka zdalna,120
3TŻ,2021-03-24,nauka zdalna,143
3TŻ,2021-03-25,spóźnienie,4
3TŻ,2021-03-25,nauka zdalna,119
3TŻ,2021-03-25,nieobecność,9
3TŻ,2021-03-26,nieob. uspraw.,12
3TŻ,2021-03-29,nauka zdalna,129
3TŻ,2021-03-30,nauka zdalna,97
3TŻ,2021-03-31,nieobecność,63
3TŻ,2021-04-07,nieobecność,24
3TŻ,2021-04-08,nieobecność,16
3TŻ,2021-04-08,nauka zdalna,120
3TŻ,2021-04-09,spóźnienie,1
3TŻ,2021-04-09,nauka zdalna,134
3TŻ,2021-04-09,nieobecność,25
3TŻ,2021-04-12,nauka zdalna,123
3TŻ,2021-04-12,spóźnienie,5
3TŻ,2021-04-12,nieobecność,6
3TŻ,2021-04-13,nauka zdalna,111
3TŻ,2021-04-14,nieobecność,8
3TŻ,2021-04-14,nauka zdalna,127
3TŻ,2021-04-15,nauka zdalna,114
3TŻ,2021-04-15,spóźnienie,4
3TŻ,2021-04-15,nieobecność,7
3TŻ,2021-04-16,spóźnienie,4
3TŻ,2021-04-16,nauka zdalna,139
3TŻ,2021-04-19,nauka zdalna,120
3TŻ,2021-04-20,nauka zdalna,101
3TŻ,2021-04-21,nieob. uspraw.,65
3TŻ,2021-04-22,spóźnienie,5
3TŻ,2021-04-22,nauka zdalna,119
3TŻ,2021-04-23,nauka zdalna,127
3TŻ,2021-04-23,nieobecność,26
3TŻ,2021-04-26,nauka zdalna,116
3TŻ,2021-04-26,nieobecność,7
3TŻ,2021-04-27,nieob. uspraw.,32
3TŻ,2021-04-28,obecność,138
3TŻ,2021-04-29,nauka zdalna,118
3TŻ,2021-04-29,nieobecność,3
3TŻ,2021-04-30,nauka zdalna,142
3TŻ,2021-05-07,nieob. uspraw.,27
3TŻ,2021-05-07,nauka zdalna,132
3TŻ,2021-05-10,nauka zdalna,115
3TŻ,2021-05-10,nieob. uspraw.,25
3TŻ,2021-05-11,nauka zdalna,105
3TŻ,2021-05-11,nieob. uspraw.,35
3TŻ,2021-05-12,obecność,116
3TŻ,2021-05-13,nieob. uspraw.,10
3TŻ,2021-05-13,nauka zdalna,107
3TŻ,2021-05-14,nauka zdalna,141
3TŻ,2021-05-17,obecność,135
3TŻ,2021-05-17,nieob. uspraw.,2
3TŻ,2021-05-18,obecność,124
3TŻ,2021-05-19,obecność,142
3TŻ,2021-05-20,obecność,94
3TŻ,2021-05-21,nieob. uspraw.,42
3TŻ,2021-05-24,nauka zdalna,117
3TŻ,2021-05-24,nieob. uspraw.,22
3TŻ,2021-05-25,nauka zdalna,81
3TŻ,2021-05-26,nauka zdalna,148
3TŻ,2021-05-27,spóźnienie,3
3TŻ,2021-05-27,nauka zdalna,102
3TŻ,2021-05-28,nauka zdalna,91
3TŻ,2021-05-31,obecność,75
3TŻ,2021-05-31,nieob. uspraw.,18
3TŻ,2021-06-01,obecność,78
3TŻ,2021-06-01,nieob. uspraw.,20
3TŻ,2021-06-02,obecność,56
3TŻ,2021-06-07,obecność,92
3TŻ,2021-06-07,nieob. uspr. p.s.,3
3TŻ,2021-06-08,obecność,84
3TŻ,2021-06-09,obecność,98
3TŻ,2021-06-09,nieob. uspraw.,14
3TŻ,2021-06-10,obecność,80
3TŻ,2021-06-11,obecność,52
3TŻ,2021-06-11,spóźnienie,3
3TŻ,2021-06-14,obecność,61
3TŻ,2021-06-14,nieob. uspraw.,79
3TŻ,2021-06-15,nieob. uspraw.,94
3TŻ,2021-06-16,nieob. uspraw.,79
3TŻ,2021-06-17,nieob. uspraw.,150
3TŻ,2021-06-18,obecność,120
3TŻ,2021-06-21,obecność,101
3TŻ,2021-06-21,nieob. uspraw.,19
3TŻ,2021-06-23,obecność,160
3TŻ,2021-06-24,obecność,160
3TŻ,2021-06-25,obecność,120
3TŻ,2020-09-21,obecność,112
3TŻ,2020-09-22,nieob. uspraw.,24
3TŻ,2020-09-24,obecność,131
3TŻ,2020-09-29,obecność,119
3TŻ,2020-10-05,obecność,115
3TŻ,2020-10-06,obecność,136
3TŻ,2020-10-12,nieob. uspraw.,15
3TŻ,2020-10-15,obecność,109
3TŻ,2020-10-28,nauka zdalna,142
3TŻ,2020-10-29,nauka zdalna,112
3TŻ,2020-11-02,nieob. uspr. p.s.,4
3TŻ,2020-11-06,nieob. uspraw.,12
3TŻ,2020-11-12,nauka zdalna,103
3TŻ,2020-11-12,nieobecność,3
3TŻ,2020-11-16,nauka zdalna,109
3TŻ,2020-11-17,nauka zdalna,127
3TŻ,2020-11-18,nauka zdalna,127
3TŻ,2020-11-23,nauka zdalna,126
3TŻ,2020-11-25,nieobecność,1
3TŻ,2020-11-25,nauka zdalna,130
3TŻ,2020-11-26,nauka zdalna,126
3TŻ,2020-11-30,nieob. uspraw.,28
3TŻ,2020-12-11,nieob. uspraw.,15
3TŻ,2020-12-15,nieob. uspraw.,26
3TŻ,2020-12-21,nauka zdalna,78
3TŻ,2021-01-18,nauka zdalna,116
3TŻ,2021-01-22,nieob. uspraw.,19
3TŻ,2021-02-03,nauka zdalna,31
3TŻ,2021-02-03,obecność,100
3TŻ,2021-02-25,nieob. uspraw.,29
3TŻ,2021-03-26,nauka zdalna,141
3TŻ,2021-03-31,nauka zdalna,96
3TŻ,2021-04-07,nauka zdalna,135
3TŻ,2021-04-19,nieob. uspraw.,8
3TŻ,2021-04-21,nauka zdalna,45
3TŻ,2021-04-27,nauka zdalna,87
3TŻ,2021-05-21,obecność,115
3TŻ,2021-06-16,obecność,77
3TŻ,2021-06-16,nieobecność,4
3TŻ,2020-09-23,nieob. uspr. p.s.,11
3TŻ,2020-09-24,zwolniony,2
3TŻ,2020-10-01,obecność,81
3TŻ,2020-10-02,obecność,65
3TŻ,2020-10-08,zwolniony,1
3TŻ,2020-10-22,zwolniony,5
3TŻ,2020-10-29,zwolniony,5
3TŻ,2020-11-05,zwolniony,2
3TŻ,2020-11-12,zwolniony,2
3TŻ,2020-11-19,zwolniony,2
3TŻ,2020-11-26,zwolniony,2
3TŻ,2020-12-03,zwolniony,2
3TŻ,2020-12-10,zwolniony,2
3TŻ,2021-01-21,zwolniony,2
3TŻ,2021-01-28,zwolniony,2
3TŻ,2021-02-04,zwolniony,2
3TŻ,2021-02-11,zwolniony,1
3TŻ,2021-02-18,zwolniony,2
3TŻ,2021-02-25,zwolniony,2
3TŻ,2021-03-02,nieob. uspraw.,12
3TŻ,2021-03-03,nauka zdalna,8
3TŻ,2021-03-04,zwolniony,1
3TŻ,2021-03-11,zwolniony,2
3TŻ,2021-03-15,nieob. uspraw.,5
3TŻ,2021-03-18,zwolniony,2
3TŻ,2021-03-25,zwolniony,2
3TŻ,2021-04-08,zwolniony,2
3TŻ,2021-04-13,nieobecność,3
3TŻ,2021-04-15,zwolniony,2
3TŻ,2021-04-22,nieobecność,4
3TŻ,2021-04-22,zwolniony,2
3TŻ,2021-04-23,nieob. uspr. p.s.,7
3TŻ,2021-04-29,zwolniony,2
3TŻ,2021-05-13,zwolniony,2
3TŻ,2021-05-20,zwolniony,4
3TŻ,2021-05-27,zwolniony,2
3TŻ,2021-05-28,nieob. uspraw.,29
3TŻ,2021-06-17,obecność,8
3TŻ,2020-09-25,nieob. uspraw.,28
3TŻ,2020-09-30,nieob. uspraw.,38
3TŻ,2020-10-07,nieob. uspr. p.s.,17
3TŻ,2020-10-16,nieob. uspraw.,15
3TŻ,2020-10-23,nieob. uspr. p.s.,1
3TŻ,2020-11-03,nieob. uspraw.,30
3TŻ,2020-11-10,nieob. uspraw.,22
3TŻ,2020-12-04,nieob. uspraw.,14
3TŻ,2020-12-10,nieob. uspraw.,17
3TŻ,2021-02-23,nieob. uspraw.,18
3TŻ,2021-02-26,nieobecność,8
3TŻ,2021-05-20,nieobecność,7
3TŻ,2021-06-02,nieob. uspraw.,56
3TŻ,2020-09-23,nieob. uspraw.,37
3TŻ,2020-09-28,nieob. uspr. p.s.,14
3TŻ,2020-09-30,nieob. uspr. p.s.,11
3TŻ,2020-10-07,nieob. uspraw.,24
3TŻ,2020-10-20,nieob. uspr. p.s.,10
3TŻ,2020-10-22,nieob. uspraw.,20
3TŻ,2020-10-26,nieob. uspraw.,27
3TŻ,2020-10-27,nieob. uspraw.,16
3TŻ,2020-10-28,zwolniony,2
3TŻ,2020-11-02,nieobecność,3
3TŻ,2020-11-09,nieob. uspraw.,16
3TŻ,2020-11-19,nieob. uspraw.,25
3TŻ,2020-11-24,nieob. uspraw.,26
3TŻ,2020-12-03,spóźnienie,3
3TŻ,2020-12-07,nieob. uspraw.,31
3TŻ,2020-12-14,nieob. uspraw.,18
3TŻ,2020-12-22,nieob. uspraw.,8
3TŻ,2021-01-20,nieob. uspraw.,9
3TŻ,2021-01-26,nieob. uspraw.,5
3TŻ,2021-01-27,nieob. uspraw.,46
3TŻ,2021-01-29,nieobecność,9
3TŻ,2021-02-02,nieob. uspraw.,5
3TŻ,2021-02-15,nieob. uspraw.,7
3TŻ,2021-02-19,nieob. uspraw.,3
3TŻ,2021-03-12,nieobecność,18
3TŻ,2021-03-22,nieobecność,5
3TŻ,2021-04-14,nieob. uspraw.,24
3TŻ,2021-04-15,nieob. uspraw.,13
3TŻ,2021-04-16,nieob. uspraw.,8
3TŻ,2021-04-20,nieob. uspraw.,18
3TŻ,2021-04-22,nieob. uspraw.,10
3TŻ,2021-04-26,nieob. uspraw.,17
3TŻ,2021-04-28,nieob. uspraw.,16
3TŻ,2021-04-29,nieob. uspraw.,17
3TŻ,2021-04-30,nieob. uspraw.,16
3TŻ,2021-05-12,nieob. uspraw.,44
3TŻ,2021-05-14,nieob. uspraw.,19
3TŻ,2021-05-18,nieob. uspraw.,16
3TŻ,2021-05-19,nieobecność,2
3TŻ,2021-05-20,nieob. uspraw.,15
3TŻ,2021-05-25,nieob. uspraw.,19
3TŻ,2021-05-31,spóźnienie,4
3TŻ,2021-06-15,obecność,42
3TŻ,2021-06-15,nieobecność,2
3TŻ,2020-10-01,nieob. uspr. p.s.,2
3TŻ,2020-10-02,nieob. uspraw.,12
3TŻ,2020-10-09,nieob. uspraw.,10
3TŻ,2020-10-13,nieob. uspraw.,19
3TŻ,2020-10-19,nieob. uspraw.,21
3TŻ,2020-10-23,nieob. uspraw.,14
3TŻ,2020-10-27,nieob. uspr. p.s.,5
3TŻ,2020-10-29,nieob. uspr. p.s.,8
3TŻ,2020-11-20,nieob. uspraw.,11
3TŻ,2020-12-01,nieob. uspraw.,12
3TŻ,2020-12-02,nieob. uspraw.,20
3TŻ,2020-12-09,nieob. uspraw.,25
3TŻ,2020-12-17,nieob. uspraw.,17
3TŻ,2020-12-18,nieob. uspraw.,32
3TŻ,2021-02-05,nieob. uspraw.,13
3TŻ,2021-02-08,nieob. uspraw.,10
3TŻ,2021-02-11,spóźnienie,1
3TŻ,2021-02-11,nieobecność,2
3TŻ,2021-02-18,nieobecność,2
3TŻ,2021-02-23,nieobecność,1
3TŻ,2021-03-01,nieobecność,4
3TŻ,2021-03-02,nieobecność,3
3TŻ,2021-03-04,nieobecność,10
3TŻ,2021-03-08,nieobecność,4
3TŻ,2021-03-10,nieobecność,25
3TŻ,2021-03-24,nieobecność,8
3TŻ,2021-04-12,nieob. uspraw.,6
3TŻ,2021-04-13,nieob. uspraw.,6
3TŻ,2021-04-16,nieobecność,9
3TŻ,2021-04-30,nieobecność,2
3TŻ,2021-05-26,nieob. uspraw.,12
3TŻ,2021-05-27,nieob. uspraw.,13
3TŻ,2021-06-08,nieob. uspraw.,14
3TŻ,2021-06-10,nieob. uspraw.,32
3TŻ,2021-06-11,nieob. uspraw.,15
3TŻ,2020-09-29,nieob. uspr. p.s.,3
3TŻ,2020-10-01,nieob. uspraw.,7
3TŻ,2020-10-06,spóźnienie,2
3TŻ,2020-12-03,nieob. uspraw.,22
3TŻ,2021-01-19,nieob. uspraw.,11
3TŻ,2021-02-10,nauka zdalna,8
3TŻ,2021-02-17,nauka zdalna,16
3TŻ,2021-03-08,nieob. uspraw.,15
3TŻ,2021-03-09,nieob. uspraw.,11
3TŻ,2021-03-11,nieobecność,4
3TŻ,2021-04-08,spóźnienie,2
3TŻ,2021-04-19,nieobecność,12
3TŻ,2020-11-27,nieobecność,1
3TŻ,2020-09-28,nieob. uspraw.,21
3TŻ,2020-10-22,nieob. uspr. p.s.,5
3TŻ,2020-09-02,nieob. uspraw.,8
3TŻ,2020-09-03,nieob. uspraw.,14
3TŻ,2020-09-04,nieob. uspraw.,8
3TŻ,2021-01-28,spóźnienie,1
3TŻ,2021-02-10,nieob. uspraw.,23
3TŻ,2021-02-19,nieobecność,8
3TŻ,2021-03-03,nieob. uspraw.,8
3TŻ,2021-03-04,nieob. uspraw.,21
3TŻ,2021-03-22,nieob. uspraw.,7
3TŻ,2021-03-30,nieobecność,23
3TŻ,2021-05-24,nieobecność,1
3TŻ,2021-06-07,nieobecność,3
3TŻ,2021-06-15,spóźnienie,2
3TŻ,2021-04-21,obecność,48
3TŻ,2020-10-06,nieob. uspr. p.s.,2
3TŻ,2020-10-08,nieob. uspr. p.s.,1
3TŻ,2020-10-15,nieob. uspr. p.s.,3
3TŻ,2020-11-05,nieob. uspraw.,8
3TŻ,2020-12-07,spóźnienie,1
3TŻ,2021-01-21,nieob. uspraw.,6
3TŻ,2021-01-29,nieob. uspraw.,12
3TŻ,2021-02-03,spóźnienie,1
3TŻ,2021-02-08,nieobecność,2
3TŻ,2021-02-12,nieobecność,2
3TŻ,2021-02-17,spóźnienie,2
3TŻ,2021-03-26,nieobecność,7
3TŻ,2021-03-29,nieobecność,11
3TŻ,2021-04-14,spóźnienie,1
3TŻ,2021-04-21,spóźnienie,2
3TŻ,2021-04-28,nieobecność,6
3TŻ,2021-05-13,spóźnienie,1
3TŻ,2021-05-21,nieob. uspr. p.s.,2
3TŻ,2020-10-19,nieobecność,4
3TŻ,2020-10-21,nieob. uspraw.,24
3TŻ,2020-11-04,nieob. uspraw.,16
3TŻ,2021-02-04,nieob. uspraw.,6
3TŻ,2021-02-19,zwolniony,2
3TŻ,2021-03-16,nieob. uspraw.,6
3TŻ,2021-03-25,nieob. uspraw.,6
3TŻ,2021-05-07,nieobecność,1
3TŻ,2021-05-19,nieob. uspraw.,16
3TŻ,2021-06-17,nieobecność,2
3TŻ,2020-10-26,nieob. uspr. p.s.,3
3TŻ,2020-11-02,nieob. uspraw.,2
3TŻ,2021-02-09,nieob. uspraw.,3
3TŻ,2021-02-16,nieobecność,1
3TŻ,2021-03-19,nieob. uspraw.,16
3TŻ,2021-05-17,nieobecność,2
3TŻ,2021-05-21,nieobecność,1
3TŻ,2020-11-03,nieob. uspr. p.s.,4
3TŻ,2020-11-17,spóźnienie,1
3TŻ,2020-12-21,nieobecność,2
3TŻ,2021-01-18,nieobecność,1
3TŻ,2021-01-19,nieobecność,1
3TŻ,2021-01-27,nieobecność,1
3TŻ,2021-03-31,spóźnienie,1
3TŻ,2020-09-29,spóźnienie,1
3TŻ,2020-10-01,spóźnienie,1
3TŻ,2020-10-02,nieob. uspr. p.s.,1
3TŻ,2020-10-13,zwolniony,2
3TŻ,2020-10-20,zwolniony,2
3TŻ,2020-10-23,zwolniony,1
3TŻ,2020-10-30,zwolniony,4
3TŻ,2021-02-02,nieobecność,1
3TŻ,2021-02-09,nieobecność,2
3TŻ,2021-02-25,nieobecność,1
3TŻ,2021-03-15,nieobecność,1
3TŻ,2021-03-16,nieobecność,2
3TŻ,2021-03-24,spóźnienie,1
3TŻ,2021-04-07,spóźnienie,1
3TŻ,2021-04-20,nieobecność,1
3TŻ,2021-04-27,nieobecność,1
3TŻ,2021-05-17,spóźnienie,1
3TŻ,2021-05-31,nieobecność,1
3TŻ,2020-10-16,nieobecność,5
3TŻ,2020-09-04,nieobecność,2
3TŻ,2021-01-29,zwolniony,4
3TŻ,2021-03-24,nieob. uspraw.,8
4TRM,2020-09-01,nieobecność,16
4TRM,2020-09-02,nieobecność,29
4TRM,2020-09-03,obecność,115
4TRM,2020-09-04,obecność,147
4TRM,2020-09-07,nieob. uspraw.,30
4TRM,2020-09-08,nieob. uspraw.,44
4TRM,2020-09-09,nieob. uspraw.,49
4TRM,2020-09-10,nieob. uspraw.,43
4TRM,2020-09-11,nieob. uspraw.,64
4TRM,2020-09-14,nieob. uspraw.,58
4TRM,2020-09-15,nieob. uspraw.,46
4TRM,2020-09-16,nieob. uspraw.,54
4TRM,2020-09-17,nieob. uspraw.,34
4TRM,2020-09-18,nieob. uspraw.,19
4TRM,2020-09-21,obecność,61
4TRM,2020-09-22,obecność,41
4TRM,2020-09-22,spóźnienie,4
4TRM,2020-09-23,obecność,88
4TRM,2020-09-23,spóźnienie,8
4TRM,2020-09-24,obecność,81
4TRM,2020-09-24,nieobecność,23
4TRM,2020-09-24,spóźnienie,5
4TRM,2020-09-25,nieobecność,29
4TRM,2020-09-28,nieob. uspraw.,17
4TRM,2020-09-29,obecność,57
4TRM,2020-09-29,spóźnienie,2
4TRM,2020-09-30,obecność,96
4TRM,2020-10-01,obecność,83
4TRM,2020-10-02,nieob. uspraw.,52
4TRM,2020-10-05,spóźnienie,2
4TRM,2020-10-05,obecność,95
4TRM,2020-10-06,nieob. uspraw.,12
4TRM,2020-10-07,obecność,110
4TRM,2020-10-07,spóźnienie,11
4TRM,2020-10-07,nieobecność,37
4TRM,2020-10-08,obecność,56
4TRM,2020-10-08,spóźnienie,5
4TRM,2020-10-09,nieobecność,30
4TRM,2020-10-12,obecność,108
4TRM,2020-10-13,obecność,118
4TRM,2020-10-15,obecność,90
4TRM,2020-10-16,obecność,158
4TRM,2020-10-19,obecność,93
4TRM,2020-10-20,obecność,88
4TRM,2020-10-20,spóźnienie,10
4TRM,2020-10-21,nieobecność,18
4TRM,2020-10-22,obecność,73
4TRM,2020-10-23,obecność,142
4TRM,2020-10-26,nieobecność,18
4TRM,2020-10-27,nauka zdalna,96
4TRM,2020-10-27,nieobecność,18
4TRM,2020-10-28,nauka zdalna,148
4TRM,2020-10-28,nieobecność,22
4TRM,2020-10-29,nauka zdalna,97
4TRM,2020-10-29,nieobecność,21
4TRM,2020-10-30,nauka zdalna,139
4TRM,2020-11-02,nauka zdalna,90
4TRM,2020-11-02,nieobecność,21
4TRM,2020-11-03,nauka zdalna,113
4TRM,2020-11-04,nauka zdalna,154
4TRM,2020-11-04,nieobecność,27
4TRM,2020-11-05,nauka zdalna,118
4TRM,2020-11-06,nieobecność,8
4TRM,2020-11-06,nauka zdalna,160
4TRM,2020-11-09,nauka zdalna,111
4TRM,2020-11-10,nauka zdalna,79
4TRM,2020-11-12,nieobecność,24
4TRM,2020-11-12,nauka zdalna,78
4TRM,2020-11-13,nauka zdalna,129
4TRM,2020-11-16,nauka zdalna,94
4TRM,2020-11-16,nieobecność,18
4TRM,2020-11-17,nieobecność,16
4TRM,2020-11-18,nieobecność,24
4TRM,2020-11-18,nauka zdalna,156
4TRM,2020-11-19,nieobecność,22
4TRM,2020-11-19,nauka zdalna,83
4TRM,2020-11-20,obecność,84
4TRM,2020-11-23,nauka zdalna,101
4TRM,2020-11-24,nieobecność,13
4TRM,2020-11-24,nauka zdalna,108
4TRM,2020-11-25,nieobecność,21
4TRM,2020-11-25,nauka zdalna,152
4TRM,2020-11-25,spóźnienie,5
4TRM,2020-11-26,nauka zdalna,96
4TRM,2020-11-26,nieobecność,24
4TRM,2020-11-27,nauka zdalna,149
4TRM,2020-11-30,nieobecność,14
4TRM,2020-11-30,nauka zdalna,89
4TRM,2020-12-01,nauka zdalna,102
4TRM,2020-12-01,nieobecność,18
4TRM,2020-12-02,nieobecność,38
4TRM,2020-12-02,nauka zdalna,110
4TRM,2020-12-03,nieobecność,33
4TRM,2020-12-03,nauka zdalna,88
4TRM,2020-12-04,nauka zdalna,129
4TRM,2020-12-07,nauka zdalna,87
4TRM,2020-12-08,nauka zdalna,101
4TRM,2020-12-08,nieobecność,23
4TRM,2020-12-09,nauka zdalna,103
4TRM,2020-12-10,nauka zdalna,95
4TRM,2020-12-11,nauka zdalna,153
4TRM,2020-12-14,nauka zdalna,133
4TRM,2020-12-15,nieobecność,37
4TRM,2020-12-15,nauka zdalna,85
4TRM,2020-12-16,nieobecność,55
4TRM,2020-12-16,nauka zdalna,86
4TRM,2020-12-17,nauka zdalna,129
4TRM,2020-12-17,nieobecność,49
4TRM,2020-12-18,nauka zdalna,100
4TRM,2020-12-18,nieobecność,49
4TRM,2020-12-21,nauka zdalna,123
4TRM,2020-12-21,nieobecność,47
4TRM,2020-12-22,nauka zdalna,82
4TRM,2021-01-18,nieobecność,38
4TRM,2021-01-18,nauka zdalna,126
4TRM,2021-01-18,spóźnienie,3
4TRM,2021-01-19,nauka zdalna,108
4TRM,2021-01-19,nieobecność,21
4TRM,2021-01-20,nieobecność,43
4TRM,2021-01-20,nauka zdalna,88
4TRM,2021-01-21,nauka zdalna,130
4TRM,2021-01-21,nieobecność,49
4TRM,2021-01-22,nauka zdalna,109
4TRM,2021-01-22,nieobecność,39
4TRM,2021-01-25,nieobecność,21
4TRM,2021-01-25,nauka zdalna,151
4TRM,2021-01-25,spóźnienie,4
4TRM,2021-01-26,nauka zdalna,111
4TRM,2021-01-26,spóźnienie,6
4TRM,2021-01-27,nieobecność,24
4TRM,2021-01-27,nauka zdalna,116
4TRM,2021-01-28,nauka zdalna,132
4TRM,2021-01-29,nauka zdalna,132
4TRM,2021-02-01,nauka zdalna,150
4TRM,2021-02-02,nieobecność,9
4TRM,2021-02-02,nauka zdalna,119
4TRM,2021-02-03,nieobecność,12
4TRM,2021-02-03,nauka zdalna,109
4TRM,2021-02-04,nieobecność,27
4TRM,2021-02-04,nauka zdalna,153
4TRM,2021-02-05,nauka zdalna,129
4TRM,2021-02-08,nieobecność,11
4TRM,2021-02-08,nauka zdalna,157
4TRM,2021-02-09,nauka zdalna,127
4TRM,2021-02-10,nauka zdalna,128
4TRM,2021-02-11,spóźnienie,6
4TRM,2021-02-11,nauka zdalna,148
4TRM,2021-02-12,nauka zdalna,112
4TRM,2021-02-12,nieobecność,22
4TRM,2021-02-15,nieobecność,8
4TRM,2021-02-15,nauka zdalna,158
4TRM,2021-02-16,nieobecność,14
4TRM,2021-02-16,spóźnienie,4
4TRM,2021-02-16,nauka zdalna,118
4TRM,2021-02-17,nauka zdalna,98
4TRM,2021-02-17,nieobecność,13
4TRM,2021-02-18,nauka zdalna,127
4TRM,2021-02-18,nieobecność,32
4TRM,2021-02-19,nieobecność,32
4TRM,2021-02-19,nauka zdalna,109
4TRM,2021-02-22,nieobecność,26
4TRM,2021-02-22,nauka zdalna,127
4TRM,2021-02-22,spóźnienie,5
4TRM,2021-02-23,obecność,19
4TRM,2021-02-23,nieobecność,27
4TRM,2021-02-24,nauka zdalna,54
4TRM,2021-02-24,nieobecność,16
4TRM,2021-02-25,nieobecność,28
4TRM,2021-02-26,nauka zdalna,129
4TRM,2021-03-01,nieobecność,17
4TRM,2021-03-01,nauka zdalna,147
4TRM,2021-03-02,nauka zdalna,125
4TRM,2021-03-02,spóźnienie,2
4TRM,2021-03-03,obecność,138
4TRM,2021-03-04,obecność,184
4TRM,2021-03-05,obecność,161
4TRM,2021-03-08,nauka zdalna,88
4TRM,2021-03-09,nieobecność,16
4TRM,2021-03-10,spóźnienie,2
4TRM,2021-03-10,nauka zdalna,93
4TRM,2021-03-10,nieobecność,20
4TRM,2021-03-11,nieobecność,26
4TRM,2021-03-11,nauka zdalna,116
4TRM,2021-03-12,nauka zdalna,111
4TRM,2021-03-12,nieobecność,22
4TRM,2021-03-15,nauka zdalna,88
4TRM,2021-03-16,nauka zdalna,102
4TRM,2021-03-16,nieobecność,16
4TRM,2021-03-17,nauka zdalna,84
4TRM,2021-03-17,nieobecność,25
4TRM,2021-03-18,spóźnienie,3
4TRM,2021-03-18,nieobecność,29
4TRM,2021-03-18,nauka zdalna,138
4TRM,2021-03-19,nauka zdalna,107
4TRM,2021-03-19,nieobecność,32
4TRM,2021-03-22,nauka zdalna,136
4TRM,2021-03-22,nieobecność,27
4TRM,2021-03-23,nauka zdalna,110
4TRM,2021-03-23,spóźnienie,1
4TRM,2021-03-24,nieobecność,22
4TRM,2021-03-24,nauka zdalna,86
4TRM,2021-03-25,nauka zdalna,137
4TRM,2021-03-25,nieobecność,19
4TRM,2021-03-26,nieobecność,35
4TRM,2021-03-26,nauka zdalna,108
4TRM,2021-03-29,nauka zdalna,147
4TRM,2021-03-29,nieobecność,19
4TRM,2021-03-30,nieobecność,16
4TRM,2021-03-31,nieobecność,9
4TRM,2021-03-31,nauka zdalna,40
4TRM,2021-04-07,nieobecność,33
4TRM,2021-04-08,nieobecność,40
4TRM,2021-04-09,nieobecność,48
4TRM,2021-04-12,nauka zdalna,174
4TRM,2021-04-12,nieobecność,15
4TRM,2021-04-13,nauka zdalna,101
4TRM,2021-04-13,nieobecność,36
4TRM,2021-04-14,nauka zdalna,79
4TRM,2021-04-14,nieobecność,43
4TRM,2021-04-15,nauka zdalna,105
4TRM,2021-04-15,nieobecność,64
4TRM,2021-04-16,nauka zdalna,128
4TRM,2021-04-16,nieobecność,34
4TRM,2021-04-19,nauka zdalna,148
4TRM,2021-04-19,nieobecność,33
4TRM,2021-04-20,nieobecność,45
4TRM,2021-04-21,nieobecność,81
4TRM,2021-04-22,nieobecność,118
4TRM,2021-04-23,nauka zdalna,57
4TRM,2021-04-23,nieobecność,108
4TRM,2021-04-26,nieobecność,131
4TRM,2021-04-27,nieobecność,91
4TRM,2021-04-28,nieobecność,117
4TRM,2021-04-29,nieobecność,132
4TRM,2021-04-29,nauka zdalna,59
4TRM,2021-04-30,nauka zdalna,133
4TRM,2021-04-30,nieobecność,46
4TRM,2020-09-01,obecność,152
4TRM,2020-09-04,nieobecność,7
4TRM,2020-09-07,obecność,60
4TRM,2020-09-09,obecność,56
4TRM,2020-09-10,obecność,39
4TRM,2020-09-11,nieobecność,6
4TRM,2020-09-14,obecność,30
4TRM,2020-09-14,nieobecność,2
4TRM,2020-09-15,nieobecność,2
4TRM,2020-09-16,obecność,51
4TRM,2020-09-17,obecność,44
4TRM,2020-09-18,obecność,79
4TRM,2020-09-21,nieob. uspraw.,37
4TRM,2020-09-22,nieob. uspraw.,70
4TRM,2020-09-23,nieob. uspraw.,60
4TRM,2020-09-24,nieob. uspraw.,24
4TRM,2020-09-25,nieob. uspraw.,41
4TRM,2020-09-30,nieob. uspraw.,40
4TRM,2020-10-01,nieob. uspraw.,15
4TRM,2020-10-05,nieob. uspraw.,12
4TRM,2020-10-06,spóźnienie,4
4TRM,2020-10-06,obecność,98
4TRM,2020-10-08,nieobecność,24
4TRM,2020-10-15,nieobecność,21
4TRM,2020-10-19,spóźnienie,2
4TRM,2020-10-21,obecność,133
4TRM,2020-10-22,nieobecność,18
4TRM,2020-10-23,spóźnienie,2
4TRM,2020-10-26,nauka zdalna,89
4TRM,2020-10-28,spóźnienie,2
4TRM,2020-11-04,spóźnienie,4
4TRM,2020-11-05,nieobecność,13
4TRM,2020-11-10,nieobecność,16
4TRM,2020-11-17,nauka zdalna,75
4TRM,2020-11-18,spóźnienie,3
4TRM,2020-11-23,nieobecność,8
4TRM,2020-12-04,nieobecność,38
4TRM,2020-12-09,nieobecność,66
4TRM,2020-12-10,nieobecność,36
4TRM,2020-12-14,nieobecność,41
4TRM,2020-12-16,spóźnienie,2
4TRM,2021-01-20,spóźnienie,3
4TRM,2021-01-22,spóźnienie,3
4TRM,2021-01-27,spóźnienie,3
4TRM,2021-01-28,nieobecność,36
4TRM,2021-01-29,nieobecność,23
4TRM,2021-02-02,spóźnienie,4
4TRM,2021-02-09,nieobecność,12
4TRM,2021-02-09,spóźnienie,3
4TRM,2021-02-10,nieobecność,2
4TRM,2021-02-11,nieobecność,26
4TRM,2021-02-12,zwolniony,7
4TRM,2021-02-23,spóźnienie,1
4TRM,2021-02-23,nauka zdalna,90
4TRM,2021-02-24,spóźnienie,14
4TRM,2021-02-25,nauka zdalna,138
4TRM,2021-03-01,spóźnienie,1
4TRM,2021-03-09,nauka zdalna,111
4TRM,2021-03-15,nieobecność,15
4TRM,2021-03-30,nauka zdalna,119
4TRM,2021-03-31,spóźnienie,4
4TRM,2021-04-07,nauka zdalna,88
4TRM,2021-04-08,nauka zdalna,136
4TRM,2021-04-20,spóźnienie,2
4TRM,2021-04-22,spóźnienie,1
4TRM,2021-04-22,nauka zdalna,58
4TRM,2020-09-02,obecność,147
4TRM,2020-09-07,nieob. uspr. p.s.,53
4TRM,2020-09-08,nieob. uspr. p.s.,51
4TRM,2020-09-09,nieob. uspr. p.s.,63
4TRM,2020-09-10,nieob. uspr. p.s.,48
4TRM,2020-09-11,nieob. uspr. p.s.,57
4TRM,2020-09-14,nieob. uspr. p.s.,53
4TRM,2020-09-15,nieob. uspr. p.s.,51
4TRM,2020-09-16,nieob. uspr. p.s.,63
4TRM,2020-09-17,nieob. uspr. p.s.,49
4TRM,2020-09-18,nieob. uspr. p.s.,57
4TRM,2020-09-25,obecność,96
4TRM,2020-09-28,obecność,63
4TRM,2020-09-29,nieobecność,20
4TRM,2020-09-29,nieob. uspraw.,26
4TRM,2020-10-02,obecność,32
4TRM,2020-10-07,nieob. uspraw.,34
4TRM,2020-10-08,nieob. uspraw.,47
4TRM,2020-10-09,obecność,105
4TRM,2020-10-09,spóźn. uspr.,1
4TRM,2020-10-12,nieob. uspraw.,2
4TRM,2020-10-15,spóźn. uspr.,1
4TRM,2020-10-16,nieob. uspraw.,1
4TRM,2020-10-19,nieob. uspraw.,12
4TRM,2020-10-20,nieob. uspraw.,26
4TRM,2020-10-21,spóźn. uspr.,1
4TRM,2020-10-22,spóźn. uspr.,1
4TRM,2020-10-22,nieob. uspraw.,38
4TRM,2020-10-23,nieob. uspraw.,7
4TRM,2020-10-26,spóźn. uspr.,2
4TRM,2020-10-26,nieob. uspraw.,6
4TRM,2020-10-27,nieob. uspraw.,14
4TRM,2020-10-28,nieob. uspraw.,20
4TRM,2020-10-29,nieob. uspraw.,12
4TRM,2020-10-30,nieob. uspraw.,17
4TRM,2020-11-02,nieob. uspraw.,4
4TRM,2020-11-03,nieob. uspraw.,11
4TRM,2020-11-04,nieob. uspraw.,7
4TRM,2020-11-05,nieob. uspraw.,2
4TRM,2020-11-09,nieob. uspraw.,4
4TRM,2020-11-10,nieob. uspraw.,10
4TRM,2020-11-12,nieob. uspraw.,7
4TRM,2020-11-13,obecność,5
4TRM,2020-11-16,nieob. uspraw.,2
4TRM,2020-11-17,nieob. uspraw.,8
4TRM,2020-11-18,nieob. uspraw.,9
4TRM,2020-11-19,nieob. uspraw.,4
4TRM,2020-11-20,nauka zdalna,59
4TRM,2020-11-20,nieob. uspraw.,9
4TRM,2020-11-23,nieob. uspraw.,8
4TRM,2020-11-24,nieob. uspraw.,8
4TRM,2020-11-25,nieob. uspraw.,14
4TRM,2020-11-26,nieob. uspraw.,9
4TRM,2020-11-30,nieob. uspraw.,11
4TRM,2020-12-01,nieob. uspraw.,8
4TRM,2020-12-02,nieob. uspraw.,43
4TRM,2020-12-03,spóźn. uspr.,1
4TRM,2020-12-03,nieob. uspraw.,11
4TRM,2020-12-07,nieobecność,22
4TRM,2020-12-11,nieobecność,15
4TRM,2020-12-21,spóźnienie,7
4TRM,2020-12-22,nieobecność,43
4TRM,2021-01-18,nieob. uspraw.,12
4TRM,2021-01-20,nieob. uspraw.,9
4TRM,2021-01-21,nieob. uspraw.,2
4TRM,2021-01-22,nieob. uspraw.,6
4TRM,2021-01-25,spóźn. uspr.,1
4TRM,2021-01-26,nieob. uspraw.,4
4TRM,2021-01-29,nieob. uspraw.,2
4TRM,2021-02-02,nieob. uspraw.,10
4TRM,2021-02-09,nieob. uspraw.,1
4TRM,2021-02-11,nieob. uspraw.,11
4TRM,2021-02-12,nieob. uspraw.,14
4TRM,2021-02-16,nieob. uspraw.,7
4TRM,2021-02-17,nieob. uspraw.,5
4TRM,2021-02-18,nieob. uspraw.,30
4TRM,2021-02-19,nieob. uspraw.,14
4TRM,2021-02-22,nieob. uspraw.,9
4TRM,2021-02-23,nieob. uspraw.,6
4TRM,2021-02-24,nieob. uspraw.,13
4TRM,2021-02-24,spóźn. uspr.,4
4TRM,2021-02-25,nieob. uspraw.,26
4TRM,2021-02-26,nieob. uspraw.,15
4TRM,2021-03-01,nieob. uspraw.,26
4TRM,2021-03-01,spóźn. uspr.,1
4TRM,2021-03-02,nieob. uspraw.,16
4TRM,2021-03-08,nieob. uspraw.,1
4TRM,2021-03-09,nieob. uspraw.,17
4TRM,2021-03-10,nieob. uspraw.,20
4TRM,2021-03-11,nieob. uspraw.,24
4TRM,2021-03-16,nieob. uspraw.,25
4TRM,2021-03-17,nieob. uspraw.,24
4TRM,2021-03-19,nieob. uspraw.,40
4TRM,2021-03-23,nieob. uspraw.,18
4TRM,2021-03-25,nieob. uspraw.,36
4TRM,2021-03-26,nieob. uspraw.,33
4TRM,2021-03-29,nieob. uspraw.,2
4TRM,2021-04-07,nieob. uspraw.,11
4TRM,2021-04-08,nieob. uspraw.,11
4TRM,2021-04-09,nauka zdalna,104
4TRM,2021-04-09,nieob. uspraw.,23
4TRM,2021-04-12,nieob. uspraw.,3
4TRM,2021-04-13,spóźnienie,1
4TRM,2021-04-14,nieob. uspraw.,9
4TRM,2021-04-15,nieob. uspraw.,23
4TRM,2021-04-16,nieob. uspraw.,16
4TRM,2021-04-19,nieob. uspraw.,11
4TRM,2021-04-20,nauka zdalna,88
4TRM,2021-04-27,nauka zdalna,53
4TRM,2020-09-08,obecność,47
4TRM,2020-09-11,obecność,28
4TRM,2020-09-15,obecność,42
4TRM,2020-10-01,nieob. uspr. p.s.,2
4TRM,2020-10-27,spóźn. uspr.,1
4TRM,2020-11-17,obecność,30
4TRM,2020-11-26,spóźn. uspr.,1
4TRM,2020-11-30,spóźnienie,4
4TRM,2020-12-08,nieob. uspraw.,3
4TRM,2020-12-09,nieob. uspraw.,17
4TRM,2020-12-14,nieob. uspraw.,1
4TRM,2021-01-20,spóźn. uspr.,1
4TRM,2021-01-28,nieob. uspraw.,8
4TRM,2021-02-02,spóźn. uspr.,2
4TRM,2021-02-04,nieob. uspraw.,11
4TRM,2021-02-09,spóźn. uspr.,1
4TRM,2021-02-22,spóźn. uspr.,1
4TRM,2021-02-24,obecność,18
4TRM,2021-03-10,obecność,8
4TRM,2021-03-11,nieob. uspr. p.s.,1
4TRM,2021-03-11,obecność,1
4TRM,2021-03-12,nieob. uspraw.,33
4TRM,2021-03-15,nieob. uspraw.,15
4TRM,2021-03-15,spóźn. uspr.,1
4TRM,2021-03-22,nieob. uspraw.,29
4TRM,2021-03-24,nieob. uspraw.,25
4TRM,2021-03-31,nieob. uspraw.,7
4TRM,2021-04-08,spóźn. uspr.,1
4TRM,2020-09-29,nieob. uspr. p.s.,1
4TRM,2020-10-02,nieobecność,57
4TRM,2020-10-12,spóźnienie,2
4TRM,2020-12-09,spóźnienie,6
4TRM,2020-12-14,spóźnienie,4
4TRM,2020-12-21,nieob. uspraw.,2
4TRM,2021-01-27,nieob. uspraw.,1
4TRM,2021-02-05,nieobecność,20
4TRM,2021-03-12,obecność,2
4TRM,2021-03-15,spóźnienie,1
4TRM,2021-04-21,nauka zdalna,47
4TRM,2020-09-01,nieob. uspraw.,24
4TRM,2020-09-02,nieob. uspraw.,16
4TRM,2020-09-03,nieob. uspraw.,18
4TRM,2020-09-04,nieob. uspraw.,14
4TRM,2020-09-17,spóźnienie,4
4TRM,2020-09-21,spóźnienie,4
4TRM,2020-09-22,nieobecność,11
4TRM,2020-09-23,nieobecność,36
4TRM,2020-09-30,nieobecność,16
4TRM,2020-10-01,nieobecność,12
4TRM,2020-10-05,nieobecność,7
4TRM,2020-10-06,nieobecność,13
4TRM,2020-10-19,nieobecność,11
4TRM,2020-10-21,spóźnienie,12
4TRM,2020-10-22,spóźnienie,3
4TRM,2020-11-13,nieobecność,21
4TRM,2020-12-15,spóźnienie,7
4TRM,2021-02-01,nieobecność,18
4TRM,2020-09-21,nieobecność,15
4TRM,2020-09-28,spóźnienie,6
4TRM,2020-11-02,spóźnienie,3
4TRM,2020-11-23,spóźnienie,1
4TRM,2021-03-23,nieobecność,15
4TRM,2021-04-26,nauka zdalna,53
4TRM,2020-09-28,nieob. uspr. p.s.,9
4TRM,2020-10-13,nieobecność,11
4TRM,2020-12-07,spóźnienie,7
4TRM,2021-02-24,nieob. uspr. p.s.,14
4TRM,2021-03-08,spóźnienie,2
4TRM,2021-04-07,spóźnienie,1
4TRM,2021-04-08,spóźnienie,4
4TRM,2021-04-28,spóźnienie,2
4TRM,2021-04-28,nauka zdalna,11
4TRM,2021-04-28,nieob. uspraw.,3
4TRM,2020-09-10,spóźnienie,1
4TRM,2020-10-09,nieob. uspraw.,30
4TRM,2020-10-12,nieobecność,6
4TRM,2020-10-15,spóźnienie,2
4TRM,2020-10-16,nieobecność,3
4TRM,2020-10-20,nieobecność,5
4TRM,2020-10-21,nieob. uspraw.,28
4TRM,2020-10-23,nieobecność,17
4TRM,2020-10-26,spóźnienie,3
4TRM,2020-11-03,nieobecność,5
4TRM,2020-11-26,spóźnienie,3
4TRM,2020-12-10,spóźnienie,1
4TRM,2021-01-25,nieob. uspraw.,2
4TRM,2021-02-26,nieobecność,11
4TRM,2021-04-09,spóźnienie,4
4TRM,2020-09-21,nieob. uspr. p.s.,1
4TRM,2020-09-22,spóźn. uspr.,3
4TRM,2020-10-05,nieob. uspr. p.s.,2
4TRM,2020-10-08,spóźn. uspr.,1
4TRM,2020-10-15,nieob. uspr. p.s.,14
4TRM,2020-10-16,nieob. uspr. p.s.,6
4TRM,2020-10-29,spóźnienie,3
4TRM,2020-11-09,nieobecność,2
4TRM,2020-11-16,spóźnienie,4
4TRM,2020-12-02,spóźnienie,1
4TRM,2020-12-18,spóźnienie,2
4TRM,2021-02-03,nieob. uspraw.,12
4TRM,2021-02-04,spóźn. uspr.,1
4TRM,2021-02-05,nieob. uspraw.,6
4TRM,2021-02-10,nieob. uspraw.,3
4TRM,2021-02-15,nieob. uspraw.,2
4TRM,2021-02-16,spóźn. uspr.,1
4TRM,2021-02-23,spóźn. uspr.,1
4TRM,2021-03-10,spóźn. uspr.,1
4TRM,2021-03-18,nieob. uspraw.,22
4TRM,2021-03-26,spóźn. uspr.,1
4TRM,2021-03-30,spóźn. uspr.,1
4TRM,2021-03-31,spóźn. uspr.,1
4TRM,2021-04-20,nieob. uspraw.,9
4TRM,2020-11-13,nieob. uspraw.,13
4TRM,2020-11-27,nieob. uspraw.,3
4TRM,2021-01-19,nieob. uspraw.,1
4TRM,2021-01-26,nieobecność,10
4TRM,2021-03-30,spóźnienie,1
4TRM,2020-12-22,nieob. uspraw.,6
4TRM,2021-02-17,obecność,6
4TRM,2021-02-17,nieob. uspr. p.s.,9
4TRM,2021-04-13,nieob. uspraw.,6
4TRM,2021-04-22,nieob. uspraw.,15
4TRM,2021-04-23,nieob. uspraw.,14
4TRM,2021-01-28,nieob. uspr. p.s.,5
4TRM,2020-10-15,nieob. uspraw.,5
4TRM,2020-11-20,nieobecność,16
4TRM,2021-03-03,nauka zdalna,6
4TRM,2021-03-04,nauka zdalna,8
4TRM,2021-03-05,nauka zdalna,7
4TRM,2021-03-08,nieobecność,5
4TRM,2020-10-09,spóźnienie,2
4TRM,2020-12-04,nieob. uspraw.,1
4TRM,2020-12-07,nieob. uspraw.,2
4TRM,2020-12-10,nieob. uspraw.,1
4TRM,2021-04-16,spóźnienie,1
4TRM,2020-10-06,nieob. uspr. p.s.,2
4TRM,2021-02-17,spóźnienie,2
4TRM,2021-03-30,nieob. uspraw.,7
4TRM,2021-02-18,spóźnienie,3
4TRM,2021-03-16,spóźnienie,1
4TRM,2021-03-26,nieob. uspr. p.s.,1
4TRM,2021-04-14,spóźnienie,2
4TRM,2021-04-26,nieob. uspraw.,8
4TRM,2020-09-25,spóźnienie,2
4TRM,2020-11-27,nieobecność,16
4TRM,2020-12-18,nieob. uspraw.,6
4TRM,2021-03-02,nieobecność,1
4TRM,2021-04-29,spóźnienie,1
4TRM,2021-03-26,spóźnienie,1
4TRM,2020-10-30,nieobecność,12
4TRM,2020-11-09,spóźnienie,1
4TRM,2020-12-08,nieob. uspr. p.s.,2
4TRM,2020-12-15,nieob. uspraw.,2
4TRM,2020-12-16,nieob. uspraw.,1
4TRM,2020-12-17,nieob. uspraw.,3
4TRM,2021-01-19,spóźnienie,1
4TRM,2021-04-21,nieob. uspraw.,5
4TRM,2021-02-11,zwolniony,1
4TRM,2020-09-15,spóźnienie,1
4TRM,2020-12-01,spóźnienie,1
4TŻ,2020-09-01,obecność,200
4TŻ,2020-09-02,obecność,117
4TŻ,2020-09-03,obecność,143
4TŻ,2020-09-04,obecność,128
4TŻ,2020-09-07,obecność,119
4TŻ,2020-09-08,nieob. uspr. p.s.,57
4TŻ,2020-09-09,obecność,106
4TŻ,2020-09-10,obecność,102
4TŻ,2020-09-11,nieob. uspraw.,27
4TŻ,2020-09-14,nieob. uspraw.,15
4TŻ,2020-09-15,nieob. uspraw.,9
4TŻ,2020-09-15,obecność,91
4TŻ,2020-09-16,obecność,86
4TŻ,2020-09-17,obecność,113
4TŻ,2020-09-18,nieob. uspraw.,70
4TŻ,2020-09-21,obecność,130
4TŻ,2020-09-22,obecność,139
4TŻ,2020-09-23,obecność,101
4TŻ,2020-09-24,obecność,133
4TŻ,2020-09-25,obecność,134
4TŻ,2020-09-28,nauka zdalna,1
4TŻ,2020-09-28,nieob. uspr. p.s.,37
4TŻ,2020-09-30,nieob. uspr. p.s.,6
4TŻ,2020-10-01,nieob. uspraw.,72
4TŻ,2020-10-02,obecność,101
4TŻ,2020-10-05,obecność,144
4TŻ,2020-10-05,nieob. uspraw.,27
4TŻ,2020-10-06,obecność,139
4TŻ,2020-10-07,nieob. uspraw.,30
4TŻ,2020-10-07,obecność,98
4TŻ,2020-10-08,obecność,106
4TŻ,2020-10-09,obecność,109
4TŻ,2020-10-12,obecność,166
4TŻ,2020-10-13,obecność,169
4TŻ,2020-10-15,nieob. uspraw.,47
4TŻ,2020-10-15,obecność,91
4TŻ,2020-10-16,obecność,83
4TŻ,2020-10-19,obecność,159
4TŻ,2020-10-20,obecność,172
4TŻ,2020-10-21,obecność,81
4TŻ,2020-10-21,nieob. uspraw.,21
4TŻ,2020-10-22,obecność,124
4TŻ,2020-10-23,nieob. uspraw.,36
4TŻ,2020-10-26,nauka zdalna,120
4TŻ,2020-10-27,nauka zdalna,152
4TŻ,2020-10-28,nauka zdalna,85
4TŻ,2020-10-28,nieob. uspraw.,25
4TŻ,2020-10-29,nauka zdalna,131
4TŻ,2020-10-30,nieob. uspraw.,42
4TŻ,2020-10-30,nauka zdalna,91
4TŻ,2020-11-02,nauka zdalna,143
4TŻ,2020-11-03,nauka zdalna,178
4TŻ,2020-11-04,nauka zdalna,112
4TŻ,2020-11-05,nauka zdalna,119
4TŻ,2020-11-06,nauka zdalna,62
4TŻ,2020-11-09,nauka zdalna,156
4TŻ,2020-11-10,nauka zdalna,100
4TŻ,2020-11-12,nieob. uspraw.,17
4TŻ,2020-11-12,nauka zdalna,120
4TŻ,2020-11-13,nauka zdalna,122
4TŻ,2020-11-16,nauka zdalna,152
4TŻ,2020-11-17,nauka zdalna,188
4TŻ,2020-11-18,nauka zdalna,102
4TŻ,2020-11-18,nieob. uspraw.,22
4TŻ,2020-11-19,nieob. uspraw.,19
4TŻ,2020-11-19,nauka zdalna,134
4TŻ,2020-11-20,nauka zdalna,141
4TŻ,2020-11-23,nauka zdalna,167
4TŻ,2020-11-24,nauka zdalna,135
4TŻ,2020-11-25,nauka zdalna,108
4TŻ,2020-11-26,nauka zdalna,111
4TŻ,2020-11-27,nauka zdalna,149
4TŻ,2020-11-30,nauka zdalna,125
4TŻ,2020-11-30,nieob. uspraw.,29
4TŻ,2020-12-01,nauka zdalna,145
4TŻ,2020-12-02,nieob. uspraw.,42
4TŻ,2020-12-03,nieob. uspraw.,32
4TŻ,2020-12-03,nauka zdalna,110
4TŻ,2020-12-04,nauka zdalna,106
4TŻ,2020-12-07,nauka zdalna,112
4TŻ,2020-12-08,nauka zdalna,125
4TŻ,2020-12-09,nauka zdalna,102
4TŻ,2020-12-09,nieob. uspraw.,37
4TŻ,2020-12-10,nieob. uspraw.,37
4TŻ,2020-12-11,nauka zdalna,115
4TŻ,2020-12-14,nauka zdalna,156
4TŻ,2020-12-15,nieob. uspraw.,44
4TŻ,2020-12-15,nauka zdalna,80
4TŻ,2020-12-16,nauka zdalna,123
4TŻ,2020-12-17,nieob. uspraw.,19
4TŻ,2020-12-17,nauka zdalna,100
4TŻ,2020-12-18,nauka zdalna,131
4TŻ,2020-12-21,nauka zdalna,128
4TŻ,2020-12-22,nauka zdalna,77
4TŻ,2021-01-18,nauka zdalna,117
4TŻ,2021-01-19,nauka zdalna,104
4TŻ,2021-01-20,nauka zdalna,150
4TŻ,2021-01-21,nieob. uspraw.,32
4TŻ,2021-01-21,nauka zdalna,139
4TŻ,2021-01-22,nauka zdalna,123
4TŻ,2021-01-25,nauka zdalna,117
4TŻ,2021-01-26,nauka zdalna,113
4TŻ,2021-01-27,nauka zdalna,147
4TŻ,2021-01-28,nauka zdalna,140
4TŻ,2021-01-28,nieob. uspraw.,29
4TŻ,2021-01-29,nauka zdalna,139
4TŻ,2021-02-01,nauka zdalna,118
4TŻ,2021-02-02,nauka zdalna,119
4TŻ,2021-02-03,nauka zdalna,150
4TŻ,2021-02-04,nauka zdalna,144
4TŻ,2021-02-05,nauka zdalna,157
4TŻ,2021-02-08,nieob. uspraw.,29
4TŻ,2021-02-09,nauka zdalna,112
4TŻ,2021-02-10,nauka zdalna,151
4TŻ,2021-02-11,nauka zdalna,130
4TŻ,2021-02-12,nauka zdalna,126
4TŻ,2021-02-15,nauka zdalna,123
4TŻ,2021-02-16,nauka zdalna,118
4TŻ,2021-02-16,obecność,2
4TŻ,2021-02-17,nieob. uspraw.,27
4TŻ,2021-02-17,nauka zdalna,147
4TŻ,2021-02-17,obecność,2
4TŻ,2021-02-18,nauka zdalna,151
4TŻ,2021-02-18,obecność,10
4TŻ,2021-02-19,nauka zdalna,129
4TŻ,2021-02-19,nieob. uspraw.,24
4TŻ,2021-02-19,zwolniony,3
4TŻ,2021-02-22,nauka zdalna,117
4TŻ,2021-02-23,nauka zdalna,99
4TŻ,2021-02-23,obecność,10
4TŻ,2021-02-24,nauka zdalna,115
4TŻ,2021-02-24,nieob. uspr. p.s.,28
4TŻ,2021-02-24,obecność,14
4TŻ,2021-02-25,nauka zdalna,140
4TŻ,2021-02-25,obecność,8
4TŻ,2021-02-26,nauka zdalna,145
4TŻ,2021-03-01,nauka zdalna,106
4TŻ,2021-03-02,nauka zdalna,106
4TŻ,2021-03-03,obecność,185
4TŻ,2021-03-04,obecność,165
4TŻ,2021-03-05,obecność,168
4TŻ,2021-03-08,nauka zdalna,88
4TŻ,2021-03-09,nauka zdalna,102
4TŻ,2021-03-10,nauka zdalna,147
4TŻ,2021-03-10,obecność,5
4TŻ,2021-03-11,nauka zdalna,64
4TŻ,2021-03-12,nauka zdalna,98
4TŻ,2021-03-15,nauka zdalna,74
4TŻ,2021-03-16,nauka zdalna,134
4TŻ,2021-03-17,nieob. uspraw.,20
4TŻ,2021-03-17,nauka zdalna,175
4TŻ,2021-03-18,nauka zdalna,163
4TŻ,2021-03-19,nauka zdalna,149
4TŻ,2021-03-22,nauka zdalna,119
4TŻ,2021-03-23,nieob. uspraw.,35
4TŻ,2021-03-24,nauka zdalna,159
4TŻ,2021-03-25,nauka zdalna,156
4TŻ,2021-03-26,nauka zdalna,141
4TŻ,2021-03-29,nauka zdalna,101
4TŻ,2021-03-30,nauka zdalna,111
4TŻ,2021-03-31,nauka zdalna,85
4TŻ,2021-03-31,nieob. uspr. p.s.,19
4TŻ,2021-04-07,nauka zdalna,145
4TŻ,2021-04-08,nieob. uspraw.,25
4TŻ,2021-04-08,nauka zdalna,157
4TŻ,2021-04-09,nauka zdalna,146
4TŻ,2021-04-12,nauka zdalna,104
4TŻ,2021-04-13,nauka zdalna,98
4TŻ,2021-04-14,nauka zdalna,144
4TŻ,2021-04-15,nieob. uspraw.,22
4TŻ,2021-04-15,nauka zdalna,164
4TŻ,2021-04-16,nauka zdalna,145
4TŻ,2021-04-19,nauka zdalna,102
4TŻ,2021-04-20,nauka zdalna,103
4TŻ,2021-04-21,nieob. uspraw.,30
4TŻ,2021-04-21,nauka zdalna,102
4TŻ,2021-04-22,nieob. uspraw.,37
4TŻ,2021-04-23,spóźn. uspr.,2
4TŻ,2021-04-23,nauka zdalna,113
4TŻ,2021-04-26,nauka zdalna,94
4TŻ,2021-04-27,nieob. uspraw.,110
4TŻ,2021-04-28,nieob. uspraw.,37
4TŻ,2021-04-29,nauka zdalna,65
4TŻ,2021-04-29,nieob. uspraw.,13
4TŻ,2021-04-30,nauka zdalna,167
4TŻ,2021-04-30,nieobecność,8
4TŻ,2020-09-07,nieob. uspr. p.s.,53
4TŻ,2020-09-08,obecność,98
4TŻ,2020-09-09,nieob. uspr. p.s.,39
4TŻ,2020-09-10,nieob. uspr. p.s.,44
4TŻ,2020-09-11,nieob. uspr. p.s.,35
4TŻ,2020-09-14,nieob. uspr. p.s.,53
4TŻ,2020-09-15,nieob. uspr. p.s.,45
4TŻ,2020-09-16,nieob. uspr. p.s.,49
4TŻ,2020-09-17,nieob. uspr. p.s.,49
4TŻ,2020-09-18,nieob. uspr. p.s.,35
4TŻ,2020-09-21,nieob. uspraw.,47
4TŻ,2020-09-22,nieob. uspraw.,45
4TŻ,2020-09-23,nieob. uspraw.,37
4TŻ,2020-09-28,obecność,107
4TŻ,2020-09-29,obecność,141
4TŻ,2020-09-30,nieobecność,17
4TŻ,2020-10-01,nieobecność,31
4TŻ,2020-10-05,nieob. uspr. p.s.,2
4TŻ,2020-10-07,nieobecność,21
4TŻ,2020-10-08,nieob. uspr. p.s.,2
4TŻ,2020-10-08,nieobecność,8
4TŻ,2020-10-12,nieobecność,14
4TŻ,2020-10-15,nieobecność,14
4TŻ,2020-10-15,nieob. uspr. p.s.,10
4TŻ,2020-10-21,nieobecność,17
4TŻ,2020-10-22,nieobecność,11
4TŻ,2020-10-22,spóźnienie,2
4TŻ,2020-10-23,nieobecność,18
4TŻ,2020-10-27,nieobecność,20
4TŻ,2020-10-28,nieobecność,15
4TŻ,2020-11-04,nieobecność,6
4TŻ,2020-11-05,nieobecność,12
4TŻ,2020-11-06,nieobecność,7
4TŻ,2020-11-10,nieobecność,10
4TŻ,2020-11-12,nieobecność,22
4TŻ,2020-11-12,spóźnienie,3
4TŻ,2020-11-13,nieobecność,12
4TŻ,2020-11-16,nieobecność,16
4TŻ,2020-11-17,nieobecność,5
4TŻ,2020-11-18,spóźnienie,3
4TŻ,2020-11-18,nieobecność,10
4TŻ,2020-11-19,nieobecność,7
4TŻ,2020-11-20,nieobecność,5
4TŻ,2020-11-23,nieob. uspraw.,9
4TŻ,2020-11-24,nieob. uspraw.,48
4TŻ,2020-11-25,nieob. uspraw.,8
4TŻ,2020-11-26,nieob. uspraw.,42
4TŻ,2020-11-30,spóźnienie,1
4TŻ,2020-12-01,nieob. uspraw.,42
4TŻ,2020-12-02,nauka zdalna,76
4TŻ,2020-12-02,spóźnienie,3
4TŻ,2020-12-03,spóźnienie,2
4TŻ,2020-12-07,nieob. uspraw.,43
4TŻ,2020-12-08,nieob. uspraw.,49
4TŻ,2020-12-09,spóźnienie,1
4TŻ,2020-12-10,nauka zdalna,112
4TŻ,2020-12-11,nieob. uspraw.,17
4TŻ,2020-12-16,spóźnienie,4
4TŻ,2020-12-16,nieob. uspraw.,55
4TŻ,2020-12-18,nieob. uspraw.,25
4TŻ,2020-12-22,nieob. uspraw.,70
4TŻ,2021-01-19,nieob. uspraw.,44
4TŻ,2021-01-22,nieob. uspraw.,35
4TŻ,2021-01-25,nieob. uspraw.,30
4TŻ,2021-01-26,nieob. uspraw.,34
4TŻ,2021-01-29,nieob. uspraw.,21
4TŻ,2021-02-01,nieob. uspraw.,16
4TŻ,2021-02-04,nieob. uspraw.,12
4TŻ,2021-02-04,spóźnienie,1
4TŻ,2021-02-05,nieob. uspraw.,18
4TŻ,2021-02-08,nauka zdalna,100
4TŻ,2021-02-09,nieob. uspraw.,32
4TŻ,2021-02-10,nieob. uspraw.,46
4TŻ,2021-02-11,nieob. uspraw.,29
4TŻ,2021-02-12,nieob. uspraw.,49
4TŻ,2021-02-15,nieob. uspraw.,9
4TŻ,2021-02-16,nieob. uspraw.,21
4TŻ,2021-02-19,spóźnienie,1
4TŻ,2021-02-24,nieob. uspraw.,25
4TŻ,2021-02-26,nieob. uspraw.,27
4TŻ,2021-03-01,nieob. uspraw.,29
4TŻ,2021-03-01,spóźnienie,1
4TŻ,2021-03-02,nieob. uspraw.,38
4TŻ,2021-03-08,nieob. uspraw.,23
4TŻ,2021-03-09,nieob. uspraw.,42
4TŻ,2021-03-10,nieob. uspraw.,42
4TŻ,2021-03-12,obecność,6
4TŻ,2021-03-23,nauka zdalna,108
4TŻ,2021-03-30,spóźn. uspr.,2
4TŻ,2021-03-31,nieob. uspraw.,36
4TŻ,2021-04-07,nieob. uspraw.,36
4TŻ,2021-04-12,nieob. uspraw.,26
4TŻ,2021-04-13,nieob. uspraw.,42
4TŻ,2021-04-22,nieobecność,62
4TŻ,2021-04-22,nauka zdalna,88
4TŻ,2021-04-23,spóźnienie,2
4TŻ,2021-04-26,nieobecność,37
4TŻ,2021-04-27,nauka zdalna,41
4TŻ,2021-04-28,nauka zdalna,40
4TŻ,2021-04-28,spóźnienie,2
4TŻ,2021-04-28,nieobecność,121
4TŻ,2020-09-02,spóźn. uspr.,2
4TŻ,2020-09-04,nieob. uspraw.,6
4TŻ,2020-09-07,nieob. uspraw.,2
4TŻ,2020-09-07,spóźn. uspr.,2
4TŻ,2020-09-08,nieob. uspraw.,16
4TŻ,2020-09-10,nieob. uspraw.,15
4TŻ,2020-09-14,obecność,103
4TŻ,2020-09-16,spóźn. uspr.,1
4TŻ,2020-09-16,nieob. uspraw.,24
4TŻ,2020-09-17,nieob. uspraw.,3
4TŻ,2020-09-17,spóźn. uspr.,2
4TŻ,2020-09-24,nieob. uspraw.,19
4TŻ,2020-09-25,nieob. uspraw.,8
4TŻ,2020-09-28,nieob. uspraw.,24
4TŻ,2020-09-29,nieob. uspraw.,8
4TŻ,2020-09-30,obecność,73
4TŻ,2020-10-01,obecność,59
4TŻ,2020-10-02,nieob. uspraw.,26
4TŻ,2020-10-06,nieob. uspraw.,41
4TŻ,2020-10-08,nieob. uspraw.,32
4TŻ,2020-10-09,nieob. uspraw.,26
4TŻ,2020-10-12,nieob. uspraw.,7
4TŻ,2020-10-13,nieob. uspraw.,7
4TŻ,2020-10-20,nieob. uspraw.,14
4TŻ,2020-10-21,spóźn. uspr.,3
4TŻ,2020-10-22,nieob. uspraw.,24
4TŻ,2020-10-26,nieob. uspraw.,29
4TŻ,2020-10-29,nieob. uspraw.,17
4TŻ,2020-11-02,nieob. uspraw.,22
4TŻ,2020-11-03,nieob. uspraw.,19
4TŻ,2020-11-05,nieob. uspraw.,31
4TŻ,2020-11-06,nieob. uspraw.,5
4TŻ,2020-11-10,nieob. uspraw.,30
4TŻ,2020-11-13,nieob. uspraw.,16
4TŻ,2020-11-16,nieob. uspraw.,7
4TŻ,2020-11-27,nieob. uspraw.,1
4TŻ,2020-12-04,nieob. uspraw.,32
4TŻ,2020-12-14,nieob. uspraw.,11
4TŻ,2020-12-21,nieob. uspraw.,40
4TŻ,2021-01-18,nieob. uspraw.,32
4TŻ,2021-01-20,nieob. uspraw.,34
4TŻ,2021-01-27,nieob. uspraw.,31
4TŻ,2021-02-02,nieob. uspraw.,29
4TŻ,2021-02-03,nieob. uspraw.,41
4TŻ,2021-02-04,spóźn. uspr.,1
4TŻ,2021-02-18,nieob. uspraw.,17
4TŻ,2021-02-22,nieob. uspraw.,15
4TŻ,2021-02-25,nieob. uspraw.,35
4TŻ,2021-03-11,nieob. uspraw.,44
4TŻ,2021-03-12,nieob. uspraw.,41
4TŻ,2021-03-15,nieob. uspraw.,8
4TŻ,2021-03-18,nieob. uspraw.,17
4TŻ,2021-03-19,nieob. uspraw.,24
4TŻ,2021-03-24,nieob. uspraw.,40
4TŻ,2021-03-25,nieob. uspraw.,28
4TŻ,2021-03-26,nieob. uspraw.,28
4TŻ,2021-03-29,nieob. uspraw.,28
4TŻ,2021-03-30,nieob. uspraw.,37
4TŻ,2021-04-07,spóźn. uspr.,2
4TŻ,2021-04-09,nieob. uspraw.,16
4TŻ,2021-04-13,spóźn. uspr.,1
4TŻ,2021-04-14,nieob. uspraw.,47
4TŻ,2021-04-16,nieob. uspraw.,23
4TŻ,2021-04-19,nieob. uspraw.,17
4TŻ,2021-04-19,nieobecność,17
4TŻ,2021-04-20,nieobecność,26
4TŻ,2021-04-21,nieobecność,67
4TŻ,2021-04-23,nieobecność,46
4TŻ,2021-04-29,nieobecność,108
4TŻ,2020-09-25,nieobecność,8
4TŻ,2020-10-05,spóźnienie,4
4TŻ,2020-10-16,nieob. uspraw.,25
4TŻ,2020-11-04,nieob. uspraw.,5
4TŻ,2020-11-09,spóźn. uspr.,1
4TŻ,2020-11-17,nieob. uspraw.,7
4TŻ,2020-11-18,spóźn. uspr.,1
4TŻ,2020-11-25,spóźn. uspr.,1
4TŻ,2020-11-30,spóźn. uspr.,2
4TŻ,2020-12-02,spóźn. uspr.,1
4TŻ,2020-12-11,nieobecność,18
4TŻ,2020-12-14,spóźn. uspr.,2
4TŻ,2021-01-27,spóźnienie,2
4TŻ,2021-02-10,spóźnienie,1
4TŻ,2021-02-23,nieob. uspraw.,32
4TŻ,2021-03-22,nieob. uspraw.,14
4TŻ,2021-03-26,nieobecność,6
4TŻ,2021-04-20,nieob. uspraw.,22
4TŻ,2021-04-29,spóźn. uspr.,1
4TŻ,2020-10-27,nieob. uspraw.,27
4TŻ,2020-11-09,nieob. uspraw.,14
4TŻ,2020-11-20,nieob. uspraw.,4
4TŻ,2020-12-03,spóźn. uspr.,1
4TŻ,2021-03-03,nieob. uspraw.,15
4TŻ,2021-03-04,nieob. uspraw.,10
4TŻ,2021-03-31,spóźn. uspr.,1
4TŻ,2020-09-03,spóźnienie,1
4TŻ,2020-09-11,obecność,51
4TŻ,2020-09-22,spóźnienie,2
4TŻ,2020-09-24,spóźnienie,1
4TŻ,2021-04-07,spóźnienie,3
4TŻ,2021-04-12,nieobecność,7
4TŻ,2020-09-09,spóźn. uspr.,1
4TŻ,2020-09-10,spóźn. uspr.,1
4TŻ,2020-09-14,spóźn. uspr.,2
4TŻ,2020-09-21,spóźn. uspr.,2
4TŻ,2020-10-05,spóźn. uspr.,1
4TŻ,2020-10-23,obecność,21
4TŻ,2021-01-20,spóźn. uspr.,2
4TŻ,2021-02-19,spóźn. uspr.,1
4TŻ,2021-03-29,spóźn. uspr.,1
4TŻ,2021-04-15,spóźn. uspr.,1
4TŻ,2021-04-26,nieob. uspraw.,6
4TŻ,2020-10-02,nieobecność,22
4TŻ,2020-12-03,nieobecność,17
4TŻ,2020-12-10,nieobecność,13
4TŻ,2020-12-21,spóźn. uspr.,1
4TŻ,2021-04-23,nieob. uspraw.,12
4TŻ,2021-02-24,spóźn. uspr.,1
4TŻ,2020-09-09,nieob. uspraw.,1
4TŻ,2020-09-14,spóźnienie,3
4TŻ,2020-09-15,spóźnienie,1
4TŻ,2020-09-15,nieobecność,16
4TŻ,2020-09-16,spóźnienie,1
4TŻ,2020-09-17,spóźnienie,1
4TŻ,2020-09-30,nieob. uspraw.,9
4TŻ,2020-10-19,nieob. uspraw.,8
4TŻ,2021-03-01,spóźn. uspr.,1
4TŻ,2021-03-16,nieob. uspraw.,10
4TŻ,2021-03-19,spóźnienie,1
4TŻ,2020-11-04,spóźn. uspr.,1
4TŻ,2021-04-14,spóźn. uspr.,1
4TŻ,2021-04-21,spóźn. uspr.,1
4TŻ,2020-10-13,nieobecność,23
4TŻ,2020-10-19,spóźnienie,2
4TŻ,2020-10-30,nieobecność,17
4TŻ,2020-11-04,spóźnienie,1
4TŻ,2020-11-09,nieobecność,17
4TŻ,2020-11-10,nieob. uspr. p.s.,60
4TŻ,2020-11-23,nieobecność,12
4TŻ,2020-12-01,nieobecność,13
4TŻ,2020-12-07,spóźnienie,4
4TŻ,2020-12-07,nieobecność,29
4TŻ,2020-12-08,nieobecność,26
4TŻ,2020-12-09,nieobecność,9
4TŻ,2020-12-17,nieobecność,6
4TŻ,2020-12-22,nieobecność,3
4TŻ,2021-01-21,nieobecność,4
4TŻ,2021-02-03,nieobecność,9
4TŻ,2021-02-09,nieobecność,7
4TŻ,2021-02-15,nieobecność,5
4TŻ,2021-02-24,nieobecność,15
4TŻ,2021-03-05,nieob. uspraw.,7
4TŻ,2021-03-10,nieobecność,6
4TŻ,2021-03-15,nieobecność,4
4TŻ,2021-03-16,nieobecność,7
4TŻ,2021-03-18,nieobecność,7
4TŻ,2021-03-22,nieobecność,4
4TŻ,2021-03-29,nieobecność,4
4TŻ,2021-03-31,nieobecność,8
4TŻ,2021-04-14,spóźnienie,1
4TŻ,2020-10-16,nieobecność,17
4TŻ,2020-09-07,nieobecność,10
4TŻ,2020-09-07,spóźnienie,2
4TŻ,2020-09-11,nieobecność,12
4TŻ,2020-09-14,nieobecność,12
4TŻ,2020-09-16,nieobecność,14
4TŻ,2020-09-18,nieobecność,20
4TŻ,2020-09-23,nieobecność,12
4TŻ,2020-09-24,nieobecność,9
4TŻ,2020-10-09,nieobecność,14
4TŻ,2020-10-20,nieobecność,12
4TŻ,2020-10-26,nieobecność,39
4TŻ,2020-10-29,nieobecność,14
4TŻ,2020-11-02,nieobecność,23
4TŻ,2020-11-19,zwolniony,2
4TŻ,2020-11-25,spóźnienie,3
4TŻ,2020-11-30,nieobecność,31
4TŻ,2020-12-02,nieobecność,3
4TŻ,2021-02-19,nieobecność,17
4TŻ,2021-02-23,nieobecność,10
4TŻ,2021-02-25,nieobecność,4
4TŻ,2021-02-26,nieobecność,1
4TŻ,2021-03-02,nieobecność,7
4TŻ,2021-03-12,nieobecność,5
4TŻ,2021-03-17,nieobecność,4
4TŻ,2021-03-30,nieobecność,1
4TŻ,2021-04-07,nieobecność,14
4TŻ,2021-04-09,nieobecność,13
4TŻ,2021-04-13,nieobecność,10
4TŻ,2021-04-14,nieobecność,7
4TŻ,2020-09-02,nieobecność,5
4TŻ,2020-09-03,nieobecność,6
4TŻ,2020-09-04,nieobecność,16
4TŻ,2020-09-08,nieobecność,16
4TŻ,2020-09-09,nieobecność,3
4TŻ,2020-09-10,nieobecność,13
4TŻ,2020-09-28,spóźnienie,3
4TŻ,2020-09-28,nieobecność,16
4TŻ,2020-10-06,nieobecność,18
4TŻ,2020-10-13,spóźnienie,1
4TŻ,2020-10-19,nieobecność,19
4TŻ,2020-11-03,nieobecność,3
4TŻ,2020-11-06,spóźnienie,1
4TŻ,2020-11-26,nieobecność,8
4TŻ,2020-12-04,nieobecność,12
4TŻ,2020-12-14,nieobecność,6
4TŻ,2020-12-18,nieobecność,6
4TŻ,2020-12-21,nieobecność,6
4TŻ,2021-01-18,nieobecność,1
4TŻ,2021-01-19,nieobecność,2
4TŻ,2021-01-26,nieobecność,3
4TŻ,2021-01-27,nieobecność,8
4TŻ,2021-01-28,nieobecność,6
4TŻ,2021-02-01,nieobecność,3
4TŻ,2021-02-08,nieobecność,8
4TŻ,2021-02-11,nieobecność,3
4TŻ,2021-02-17,nieobecność,10
4TŻ,2021-02-18,nieobecność,9
4TŻ,2021-02-22,nieobecność,5
4TŻ,2021-02-24,spóźnienie,2
4TŻ,2021-03-23,nieobecność,8
4TŻ,2021-03-29,spóźnienie,3
4TŻ,2021-04-08,nieobecność,5
4TŻ,2021-04-16,nieobecność,7
4TŻ,2021-02-17,nieob. uspr. p.s.,14
4TŻ,2020-09-03,nieob. uspraw.,12
4TŻ,2020-10-27,spóźnienie,1
4TŻ,2020-10-09,spóźn. uspr.,1
4TŻ,2020-10-12,spóźn. uspr.,1
4TŻ,2020-10-20,spóźn. uspr.,1
4TŻ,2020-10-22,spóźn. uspr.,1
4TŻ,2021-02-26,spóźn. uspr.,2
4TŻ,2020-09-02,spóźnienie,1
4TŻ,2020-09-22,nieobecność,13
4TŻ,2020-09-30,spóźnienie,1
4TŻ,2020-10-02,spóźnienie,1
4TŻ,2020-10-06,spóźnienie,2
4TŻ,2020-10-07,spóźnienie,1
4TŻ,2020-10-08,spóźnienie,2
4TŻ,2020-10-21,spóźnienie,3
4TŻ,2020-11-24,nieobecność,17
4TŻ,2020-12-16,nieobecność,6
4TŻ,2021-01-22,nieobecność,4
4TŻ,2021-02-10,nieobecność,2
4TŻ,2021-02-16,nieobecność,10
4TŻ,2021-03-08,spóźnienie,1
4TŻ,2021-03-15,spóźnienie,1
4TŻ,2021-03-17,spóźnienie,1
4TŻ,2021-03-25,nieobecność,3
4TŻ,2021-03-31,spóźnienie,1
4TŻ,2020-09-22,nieob. uspr. p.s.,1
4TŻ,2020-10-20,spóźnienie,1
4TŻ,2020-09-17,nieobecność,7
4TŻ,2020-09-21,nieobecność,8
4TŻ,2020-09-29,nieobecność,11
4TŻ,2020-10-05,nieobecność,10
4TŻ,2020-11-25,nieobecność,5
4TŻ,2021-01-25,nieobecność,3
4TŻ,2021-02-02,nieobecność,3
4TŻ,2021-02-04,nieobecność,4
4TŻ,2021-03-09,nieobecność,7
4TŻ,2021-03-19,nieobecność,1
4TŻ,2021-03-24,nieobecność,1
4TŻ,2021-04-19,spóźnienie,1
4TŻ,2020-09-21,spóźnienie,1
4TŻ,2020-11-26,spóźnienie,1
4TŻ,2021-01-20,nieobecność,2
4TŻ,2021-01-29,nieobecność,2
4TŻ,2021-03-11,nieobecność,4
4TŻ,2020-12-09,zwolniony,1
4TŻ,2020-12-15,nieobecność,2
1TM5,2020-09-01,obecność,168
1TM5,2020-09-02,obecność,139
1TM5,2020-09-02,nieob. uspraw.,8
1TM5,2020-09-03,obecność,127
1TM5,2020-09-04,obecność,152
1TM5,2020-09-07,obecność,25
1TM5,2020-09-08,obecność,144
1TM5,2020-09-09,obecność,139
1TM5,2020-09-10,obecność,120
1TM5,2020-09-11,obecność,140
1TM5,2020-09-15,obecność,159
1TM5,2020-09-16,obecność,117
1TM5,2020-09-17,obecność,124
1TM5,2020-09-18,obecność,127
1TM5,2020-09-22,obecność,137
1TM5,2020-09-23,obecność,109
1TM5,2020-09-24,obecność,131
1TM5,2020-09-25,obecność,126
1TM5,2020-09-29,obecność,153
1TM5,2020-09-30,obecność,114
1TM5,2020-10-01,obecność,114
1TM5,2020-10-02,obecność,32
1TM5,2020-10-06,obecność,162
1TM5,2020-10-07,obecność,121
1TM5,2020-10-08,obecność,137
1TM5,2020-10-09,obecność,133
1TM5,2020-10-13,obecność,148
1TM5,2020-10-15,obecność,87
1TM5,2020-10-16,obecność,125
1TM5,2020-10-20,obecność,16
1TM5,2020-10-20,nieobecność,13
1TM5,2020-10-20,nauka zdalna,118
1TM5,2020-10-21,nauka zdalna,122
1TM5,2020-10-22,nauka zdalna,99
1TM5,2020-10-23,nauka zdalna,49
1TM5,2020-10-23,nieobecność,9
1TM5,2020-10-27,nauka zdalna,132
1TM5,2020-10-28,nauka zdalna,109
1TM5,2020-10-28,nieobecność,5
1TM5,2020-10-29,nauka zdalna,100
1TM5,2020-10-30,nauka zdalna,109
1TM5,2020-11-03,nauka zdalna,143
1TM5,2020-11-03,zwolniony,1
1TM5,2020-11-04,nauka zdalna,131
1TM5,2020-11-05,nauka zdalna,126
1TM5,2020-11-06,nauka zdalna,118
1TM5,2020-11-06,nieobecność,1
1TM5,2020-11-10,nieobecność,1
1TM5,2020-11-10,zwolniony,1
1TM5,2020-11-10,nauka zdalna,154
1TM5,2020-11-12,nauka zdalna,89
1TM5,2020-11-13,nauka zdalna,106
1TM5,2020-11-17,nauka zdalna,145
1TM5,2020-11-17,zwolniony,1
1TM5,2020-11-18,nauka zdalna,129
1TM5,2020-11-18,zwolniony,1
1TM5,2020-11-19,nauka zdalna,87
1TM5,2020-11-20,nauka zdalna,126
1TM5,2020-11-24,nauka zdalna,152
1TM5,2020-11-25,nauka zdalna,131
1TM5,2020-11-26,nauka zdalna,130
1TM5,2020-11-27,nauka zdalna,119
1TM5,2020-12-01,nauka zdalna,149
1TM5,2020-12-01,nieobecność,7
1TM5,2020-12-02,nauka zdalna,115
1TM5,2020-12-03,nauka zdalna,132
1TM5,2020-12-04,nauka zdalna,134
1TM5,2020-12-08,nauka zdalna,154
1TM5,2020-12-09,nauka zdalna,110
1TM5,2020-12-10,nauka zdalna,126
1TM5,2020-12-11,nauka zdalna,122
1TM5,2020-12-15,nauka zdalna,119
1TM5,2020-12-15,zwolniony,1
1TM5,2020-12-15,spóźnienie,2
1TM5,2020-12-16,nauka zdalna,117
1TM5,2020-12-16,nieobecność,7
1TM5,2020-12-16,zwolniony,1
1TM5,2020-12-17,nauka zdalna,118
1TM5,2020-12-18,nauka zdalna,136
1TM5,2020-12-22,nauka zdalna,142
1TM5,2021-01-19,nauka zdalna,161
1TM5,2021-01-20,spóźnienie,2
1TM5,2021-01-20,nauka zdalna,110
1TM5,2021-01-21,nauka zdalna,136
1TM5,2021-01-22,nauka zdalna,134
1TM5,2021-01-26,nauka zdalna,148
1TM5,2021-01-27,nauka zdalna,118
1TM5,2021-01-28,nauka zdalna,141
1TM5,2021-01-29,nauka zdalna,140
1TM5,2021-02-02,nauka zdalna,158
1TM5,2021-02-03,nauka zdalna,118
1TM5,2021-02-04,nauka zdalna,139
1TM5,2021-02-05,nauka zdalna,130
1TM5,2021-02-09,obecność,20
1TM5,2021-02-09,nauka zdalna,116
1TM5,2021-02-10,nauka zdalna,112
1TM5,2021-02-11,nauka zdalna,136
1TM5,2021-02-12,nauka zdalna,134
1TM5,2021-02-16,nauka zdalna,155
1TM5,2021-02-17,nauka zdalna,113
1TM5,2021-02-18,nauka zdalna,126
1TM5,2021-02-19,nauka zdalna,141
1TM5,2021-02-23,nauka zdalna,157
1TM5,2021-02-24,nauka zdalna,102
1TM5,2021-02-25,nauka zdalna,111
1TM5,2021-02-25,nieobecność,18
1TM5,2021-02-26,nauka zdalna,114
1TM5,2021-02-26,obecność,18
1TM5,2021-03-02,zwolniony,1
1TM5,2021-03-02,nauka zdalna,134
1TM5,2021-03-03,nauka zdalna,127
1TM5,2021-03-03,zwolniony,1
1TM5,2021-03-04,nauka zdalna,112
1TM5,2021-03-05,nauka zdalna,122
1TM5,2021-03-09,nieobecność,3
1TM5,2021-03-09,nauka zdalna,109
1TM5,2021-03-10,nauka zdalna,113
1TM5,2021-03-10,zwolniony,1
1TM5,2021-03-11,nauka zdalna,148
1TM5,2021-03-12,nauka zdalna,136
1TM5,2021-03-16,nauka zdalna,141
1TM5,2021-03-17,nauka zdalna,116
1TM5,2021-03-18,nauka zdalna,127
1TM5,2021-03-19,nauka zdalna,129
1TM5,2021-03-19,nieobecność,10
1TM5,2021-03-23,nauka zdalna,149
1TM5,2021-03-24,nauka zdalna,103
1TM5,2021-03-25,nauka zdalna,107
1TM5,2021-03-26,nauka zdalna,113
1TM5,2021-03-26,nieobecność,9
1TM5,2021-03-30,nauka zdalna,158
1TM5,2021-03-31,nauka zdalna,97
1TM5,2021-04-07,nauka zdalna,97
1TM5,2021-04-07,nieob. uspraw.,13
1TM5,2021-04-08,nauka zdalna,128
1TM5,2021-04-09,nauka zdalna,134
1TM5,2021-04-13,nauka zdalna,145
1TM5,2021-04-14,nauka zdalna,110
1TM5,2021-04-15,nauka zdalna,130
1TM5,2021-04-16,nieob. uspraw.,15
1TM5,2021-04-20,nauka zdalna,139
1TM5,2021-04-21,nauka zdalna,107
1TM5,2021-04-22,nauka zdalna,127
1TM5,2021-04-23,nauka zdalna,131
1TM5,2021-04-23,nieob. uspraw.,13
1TM5,2021-04-27,nauka zdalna,143
1TM5,2021-04-28,nauka zdalna,110
1TM5,2021-04-29,nauka zdalna,134
1TM5,2021-04-30,nauka zdalna,132
1TM5,2021-05-07,nauka zdalna,124
1TM5,2021-05-07,nieob. uspraw.,12
1TM5,2021-05-11,zwolniony,2
1TM5,2021-05-11,nauka zdalna,128
1TM5,2021-05-12,nauka zdalna,118
1TM5,2021-05-12,zwolniony,1
1TM5,2021-05-13,nauka zdalna,118
1TM5,2021-05-14,nauka zdalna,144
1TM5,2021-05-18,obecność,123
1TM5,2021-05-18,zwolniony,1
1TM5,2021-05-18,nauka zdalna,18
1TM5,2021-05-19,obecność,102
1TM5,2021-05-19,nauka zdalna,1
1TM5,2021-05-19,zwolniony,1
1TM5,2021-05-20,obecność,95
1TM5,2021-05-20,nauka zdalna,19
1TM5,2021-05-21,obecność,134
1TM5,2021-05-25,,21
1TM5,2021-05-25,zwolniony,1
1TM5,2021-05-25,nauka zdalna,107
1TM5,2021-05-26,nauka zdalna,135
1TM5,2021-05-26,zwolniony,1
1TM5,2021-05-27,nauka zdalna,108
1TM5,2021-05-28,nauka zdalna,101
1TM5,2021-06-01,obecność,124
1TM5,2021-06-01,zwolniony,1
1TM5,2021-06-02,obecność,59
1TM5,2021-06-02,zwolniony,1
1TM5,2021-06-08,zwolniony,1
1TM5,2021-06-08,obecność,96
1TM5,2021-06-09,obecność,82
1TM5,2021-06-09,zwolniony,1
1TM5,2021-06-10,nieob. uspraw.,38
1TM5,2021-06-11,obecność,100
1TM5,2021-06-15,zwolniony,1
1TM5,2021-06-15,obecność,102
1TM5,2021-06-16,obecność,72
1TM5,2021-06-16,zwolniony,1
1TM5,2021-06-17,nieob. uspraw.,74
1TM5,2021-06-18,nieob. uspraw.,90
1TM5,2021-06-18,obecność,15
1TM5,2021-06-23,nieobecność,37
1TM5,2021-06-23,obecność,97
1TM5,2021-06-24,nieobecność,114
1TM5,2021-06-25,nieobecność,21
1TM5,2020-09-10,nieobecność,8
1TM5,2020-09-14,obecność,7
1TM5,2020-09-17,spóźnienie,1
1TM5,2020-09-18,spóźnienie,2
1TM5,2020-09-18,nieob. uspraw.,11
1TM5,2020-09-21,obecność,7
1TM5,2020-09-22,spóźnienie,2
1TM5,2020-09-28,obecność,7
1TM5,2020-10-05,obecność,7
1TM5,2020-10-07,nieob. uspraw.,17
1TM5,2020-10-08,spóźnienie,3
1TM5,2020-10-08,nieob. uspraw.,4
1TM5,2020-10-12,obecność,7
1TM5,2020-10-19,nieobecność,7
1TM5,2020-10-21,nieobecność,10
1TM5,2020-10-22,nieobecność,25
1TM5,2020-10-26,nieob. uspraw.,7
1TM5,2020-10-27,nieob. uspraw.,30
1TM5,2020-10-28,nieob. uspraw.,24
1TM5,2020-10-29,nieob. uspraw.,40
1TM5,2020-10-30,nieob. uspraw.,33
1TM5,2020-11-02,nauka zdalna,7
1TM5,2020-11-03,nieob. uspraw.,22
1TM5,2020-11-04,nieob. uspraw.,12
1TM5,2020-11-05,nieob. uspraw.,22
1TM5,2020-11-06,nieob. uspraw.,28
1TM5,2020-11-09,nauka zdalna,7
1TM5,2020-11-12,nieob. uspraw.,17
1TM5,2020-11-13,nieob. uspraw.,41
1TM5,2020-11-16,nieob. uspraw.,7
1TM5,2020-11-17,spóźnienie,1
1TM5,2020-11-17,nieob. uspraw.,18
1TM5,2020-11-18,nieob. uspraw.,17
1TM5,2020-11-19,nieob. uspraw.,17
1TM5,2020-11-20,nieob. uspraw.,19
1TM5,2020-11-23,nauka zdalna,7
1TM5,2020-11-26,nieobecność,3
1TM5,2020-11-27,nieobecność,3
1TM5,2020-11-30,nieobecność,1
1TM5,2020-11-30,nauka zdalna,6
1TM5,2020-12-03,nieobecność,8
1TM5,2020-12-04,nieobecność,6
1TM5,2020-12-07,nieobecność,7
1TM5,2020-12-08,nieobecność,5
1TM5,2020-12-09,nieobecność,3
1TM5,2020-12-10,nieobecność,15
1TM5,2020-12-11,nieobecność,10
1TM5,2020-12-14,nauka zdalna,7
1TM5,2020-12-15,nieobecność,3
1TM5,2020-12-17,nieobecność,24
1TM5,2020-12-18,nieobecność,8
1TM5,2020-12-21,nieobecność,7
1TM5,2020-12-22,nieobecność,14
1TM5,2021-01-18,nauka zdalna,7
1TM5,2021-01-19,nieobecność,1
1TM5,2021-01-20,nieobecność,1
1TM5,2021-01-21,nieobecność,7
1TM5,2021-01-22,nieobecność,10
1TM5,2021-01-25,nauka zdalna,7
1TM5,2021-01-27,nieobecność,3
1TM5,2021-01-29,nieobecność,3
1TM5,2021-02-01,obecność,7
1TM5,2021-02-03,nieobecność,1
1TM5,2021-02-04,nieobecność,4
1TM5,2021-02-05,nieobecność,3
1TM5,2021-02-08,nieobecność,7
1TM5,2021-02-09,nieobecność,4
1TM5,2021-02-10,nieobecność,3
1TM5,2021-02-12,nieobecność,12
1TM5,2021-02-15,obecność,7
1TM5,2021-02-17,nieobecność,2
1TM5,2021-02-17,spóźnienie,1
1TM5,2021-02-18,nieobecność,5
1TM5,2021-02-19,nieobecność,1
1TM5,2021-02-22,obecność,7
1TM5,2021-02-24,nieobecność,9
1TM5,2021-02-26,nieobecność,4
1TM5,2021-03-01,obecność,7
1TM5,2021-03-02,nieobecność,2
1TM5,2021-03-03,nieobecność,3
1TM5,2021-03-04,nieobecność,7
1TM5,2021-03-08,obecność,7
1TM5,2021-03-09,spóźnienie,1
1TM5,2021-03-10,nieobecność,1
1TM5,2021-03-12,nieobecność,1
1TM5,2021-03-15,obecność,7
1TM5,2021-03-16,nieobecność,5
1TM5,2021-03-17,nieobecność,2
1TM5,2021-03-18,nieobecność,7
1TM5,2021-03-22,obecność,7
1TM5,2021-03-23,nieobecność,6
1TM5,2021-03-24,nieobecność,6
1TM5,2021-03-25,nieobecność,7
1TM5,2021-03-29,nauka zdalna,7
1TM5,2021-03-30,nieobecność,1
1TM5,2021-03-31,nieobecność,3
1TM5,2021-04-07,nieobecność,9
1TM5,2021-04-08,nieobecność,4
1TM5,2021-04-09,nieobecność,7
1TM5,2021-04-12,nieobecność,7
1TM5,2021-04-13,nieobecność,5
1TM5,2021-04-14,nieobecność,1
1TM5,2021-04-15,nieobecność,4
1TM5,2021-04-15,spóźnienie,1
1TM5,2021-04-16,nauka zdalna,126
1TM5,2021-04-16,nieobecność,6
1TM5,2021-04-19,nieobecność,7
1TM5,2021-04-20,nieobecność,6
1TM5,2021-04-21,spóźnienie,2
1TM5,2021-04-21,nieobecność,7
1TM5,2021-04-22,nieobecność,12
1TM5,2021-04-23,nieobecność,3
1TM5,2021-04-26,obecność,7
1TM5,2021-04-27,nieobecność,10
1TM5,2021-04-28,nieobecność,6
1TM5,2021-04-29,nieobecność,4
1TM5,2021-04-30,nieobecność,7
1TM5,2021-05-07,nieobecność,11
1TM5,2021-05-10,obecność,7
1TM5,2021-05-11,spóźnienie,2
1TM5,2021-05-11,nieobecność,12
1TM5,2021-05-12,nieobecność,11
1TM5,2021-05-13,nieobecność,4
1TM5,2021-05-14,nieobecność,1
1TM5,2021-05-17,nieobecność,7
1TM5,2021-05-18,nieobecność,8
1TM5,2021-05-19,nieobecność,7
1TM5,2021-05-20,nieobecność,7
1TM5,2021-05-21,nieobecność,7
1TM5,2021-05-24,nieob. uspraw.,7
1TM5,2021-05-25,nieob. uspraw.,14
1TM5,2021-05-27,nieob. uspraw.,17
1TM5,2021-05-28,nieob. uspraw.,45
1TM5,2021-05-31,obecność,7
1TM5,2021-06-01,nieob. uspraw.,41
1TM5,2021-06-07,obecność,7
1TM5,2021-06-08,spóźnienie,1
1TM5,2021-06-10,obecność,42
1TM5,2021-06-10,nieobecność,5
1TM5,2021-06-14,obecność,7
1TM5,2021-06-16,nieob. uspr. p.s.,12
1TM5,2021-06-17,obecność,7
1TM5,2021-06-21,obecność,7
1TM5,2021-06-24,obecność,2
1TM5,2021-06-25,obecność,126
1TM5,2020-09-10,nieob. uspraw.,20
1TM5,2020-09-17,nieobecność,7
1TM5,2020-09-23,nieob. uspraw.,28
1TM5,2020-10-02,nieob. uspraw.,40
1TM5,2020-10-14,obecność,17
1TM5,2020-10-20,nieob. uspraw.,17
1TM5,2020-10-21,nieob. uspraw.,11
1TM5,2020-10-22,spóźn. uspr.,1
1TM5,2020-10-22,nieob. uspraw.,23
1TM5,2020-10-23,nieob. uspraw.,26
1TM5,2020-11-17,nieobecność,1
1TM5,2020-12-18,nieob. uspr. p.s.,3
1TM5,2021-01-27,spóźnienie,1
1TM5,2021-02-02,nieob. uspraw.,6
1TM5,2021-02-10,spóźn. uspr.,1
1TM5,2021-02-19,nieob. uspraw.,5
1TM5,2021-02-24,nieob. uspraw.,11
1TM5,2021-02-25,nieob. uspraw.,17
1TM5,2021-02-25,spóźn. uspr.,2
1TM5,2021-02-26,nieob. uspraw.,11
1TM5,2021-03-02,nieob. uspraw.,10
1TM5,2021-03-03,nieob. uspraw.,15
1TM5,2021-03-04,nieob. uspraw.,29
1TM5,2021-03-05,nieob. uspraw.,4
1TM5,2021-03-09,nieob. uspraw.,12
1TM5,2021-03-10,nieob. uspraw.,11
1TM5,2021-03-31,nieob. uspraw.,22
1TM5,2021-04-07,spóźn. uspr.,1
1TM5,2021-04-09,nieob. uspraw.,6
1TM5,2021-04-14,nieob. uspraw.,11
1TM5,2021-04-20,nieob. uspraw.,12
1TM5,2021-04-21,nieob. uspraw.,6
1TM5,2021-04-27,nieob. uspraw.,11
1TM5,2021-04-28,spóźn. uspr.,1
1TM5,2021-04-30,nieob. uspraw.,8
1TM5,2021-05-12,spóźn. uspr.,1
1TM5,2021-05-14,nieob. uspraw.,2
1TM5,2021-05-19,nieob. uspraw.,33
1TM5,2021-06-02,nieob. uspraw.,44
1TM5,2021-06-16,spóźnienie,6
1TM5,2021-06-16,nieob. uspraw.,47
1TM5,2021-06-23,nieob. uspraw.,13
1TM5,2021-06-24,nieob. uspraw.,11
1TM5,2020-09-08,nieob. uspraw.,24
1TM5,2020-10-30,spóźn. uspr.,1
1TM5,2020-11-10,nieob. uspraw.,12
1TM5,2020-12-02,nieobecność,6
1TM5,2021-03-12,nieob. uspraw.,10
1TM5,2021-03-17,nieob. uspraw.,4
1TM5,2021-03-24,nieob. uspraw.,11
1TM5,2021-04-08,nieob. uspraw.,14
1TM5,2021-04-15,nieob. uspraw.,13
1TM5,2021-04-20,spóźn. uspr.,5
1TM5,2021-05-18,nieob. uspraw.,18
1TM5,2021-06-18,nieobecność,42
1TM5,2020-09-22,nieob. uspr. p.s.,1
1TM5,2020-11-03,nieobecność,2
1TM5,2020-11-19,nieobecność,2
1TM5,2020-11-20,nieobecność,1
1TM5,2020-12-03,spóźnienie,1
1TM5,2020-12-03,nieob. uspraw.,7
1TM5,2021-02-10,nieob. uspraw.,5
1TM5,2021-02-17,nieob. uspraw.,6
1TM5,2021-02-18,nieob. uspraw.,17
1TM5,2021-03-16,nieob. uspraw.,18
1TM5,2021-03-18,nieob. uspraw.,14
1TM5,2021-03-19,nieob. uspraw.,8
1TM5,2021-03-23,nieob. uspraw.,9
1TM5,2021-03-25,nieob. uspraw.,32
1TM5,2021-03-26,nieob. uspraw.,25
1TM5,2021-04-08,spóźnienie,2
1TM5,2021-05-12,spóźnienie,2
1TM5,2021-05-25,nieobecność,3
1TM5,2021-06-08,nieob. uspraw.,27
1TM5,2021-06-15,nieobecność,14
1TM5,2020-10-16,spóźnienie,1
1TM5,2020-10-28,spóźn. uspr.,4
1TM5,2020-11-04,spóźn. uspr.,3
1TM5,2021-01-20,spóźn. uspr.,1
1TM5,2021-02-03,nieob. uspraw.,3
1TM5,2021-05-19,spóźnienie,3
1TM5,2021-05-21,spóźnienie,2
1TM5,2021-06-09,spóźn. uspr.,2
1TM5,2021-06-11,nieob. uspraw.,20
1TM5,2021-05-21,nieob. uspr. p.s.,3
1TM5,2020-09-11,nieob. uspraw.,7
1TM5,2020-09-16,nieob. uspraw.,29
1TM5,2020-09-17,nieob. uspraw.,16
1TM5,2020-09-22,nieob. uspraw.,24
1TM5,2020-10-02,nieobecność,12
1TM5,2020-10-07,spóźnienie,2
1TM5,2020-10-09,nieobecność,7
1TM5,2020-10-15,nieobecność,18
1TM5,2020-10-16,nieobecność,14
1TM5,2020-10-27,nieobecność,1
1TM5,2020-10-28,spóźnienie,1
1TM5,2020-10-29,nieobecność,7
1TM5,2020-10-30,nieobecność,4
1TM5,2020-11-24,nieob. uspraw.,12
1TM5,2020-11-25,nieob. uspraw.,11
1TM5,2020-11-26,nieob. uspraw.,10
1TM5,2020-11-27,nieob. uspraw.,23
1TM5,2020-12-09,nieob. uspraw.,9
1TM5,2021-01-28,nieob. uspraw.,4
1TM5,2021-02-04,nieob. uspraw.,5
1TM5,2021-05-28,zwolniony,1
1TM5,2021-06-15,nieob. uspraw.,29
1TM5,2021-06-16,spóźn. uspr.,1
1TM5,2021-06-17,nieobecność,25
1TM5,2020-10-07,nieob. uspr. p.s.,2
1TM5,2020-10-08,nieob. uspr. p.s.,4
1TM5,2020-10-15,nieob. uspr. p.s.,4
1TM5,2020-11-26,spóźnienie,3
1TM5,2021-01-20,nieob. uspraw.,8
1TM5,2021-01-26,nieob. uspraw.,12
1TM5,2021-02-16,nieob. uspraw.,8
1TM5,2021-03-25,spóźnienie,1
1TM5,2021-06-09,nieob. uspraw.,18
1TM5,2020-09-24,nieob. uspraw.,15
1TM5,2020-09-25,nieob. uspraw.,21
1TM5,2020-09-29,nieob. uspraw.,11
1TM5,2020-10-01,nieob. uspraw.,7
1TM5,2020-10-06,nieob. uspraw.,1
1TM5,2020-11-17,spóźn. uspr.,2
1TM5,2020-12-01,spóźnienie,1
1TM5,2020-12-22,nieob. uspraw.,7
1TM5,2021-01-21,nieob. uspraw.,5
1TM5,2021-01-29,nieob. uspraw.,4
1TM5,2021-02-05,nieob. uspraw.,14
1TM5,2021-02-09,nieob. uspraw.,23
1TM5,2021-03-03,spóźnienie,1
1TM5,2021-04-07,spóźnienie,2
1TM5,2021-04-13,spóźnienie,1
1TM5,2021-04-13,nieob. uspraw.,12
1TM5,2021-05-11,nieob. uspraw.,24
1TM5,2021-05-26,spóźnienie,1
1TM5,2021-06-01,nieobecność,2
1TM5,2020-10-27,spóźn. uspr.,1
1TM5,2020-12-08,nieob. uspraw.,5
1TM5,2020-12-10,nieob. uspraw.,7
1TM5,2020-12-11,nieob. uspraw.,15
1TM5,2020-12-15,nieob. uspraw.,1
1TM5,2021-01-22,nieob. uspraw.,3
1TM5,2021-05-25,spóźnienie,1
1TM5,2021-06-08,spóźn. uspr.,1
1TM5,2020-10-15,nieob. uspraw.,18
1TM5,2020-11-26,spóźn. uspr.,2
1TM5,2020-11-27,spóźnienie,2
1TM5,2020-12-22,spóźnienie,1
1TM5,2021-01-19,nieob. uspraw.,2
1TM5,2021-01-26,spóźn. uspr.,1
1TM5,2021-02-09,spóźn. uspr.,1
1TM5,2021-02-11,nieob. uspraw.,8
1TM5,2021-03-09,spóźn. uspr.,1
1TM5,2021-03-24,spóźn. uspr.,1
1TM5,2021-03-25,spóźn. uspr.,1
1TM5,2021-03-30,nieob. uspraw.,5
1TM5,2021-05-12,nieob. uspraw.,14
1TM5,2021-05-21,nieob. uspraw.,1
1TM5,2021-05-26,nieob. uspraw.,10
1TM5,2021-05-27,spóźn. uspr.,1
1TM5,2021-06-02,nieobecność,1
1TM5,2021-06-16,nieobecność,8
1TM5,2020-09-30,nieob. uspraw.,8
1TM5,2020-12-16,nieob. uspraw.,1
1TM5,2021-02-23,nieob. uspraw.,4
1TM5,2021-04-22,nieob. uspraw.,9
1TM5,2021-04-28,nieob. uspraw.,4
1TM5,2021-04-29,nieob. uspraw.,10
1TM5,2021-05-13,nieob. uspraw.,4
1TM5,2020-09-09,nieob. uspraw.,8
1TM5,2020-09-15,nieob. uspraw.,9
1TM5,2020-10-29,spóźnienie,1
1TM5,2020-11-04,spóźnienie,1
1TM5,2020-12-17,nieob. uspraw.,6
1TM5,2021-03-24,spóźnienie,1
1TM5,2021-06-09,spóźnienie,2
1TM5,2020-09-24,nieob. uspr. p.s.,2
1TM5,2020-09-23,nieobecność,6
1TM5,2020-10-01,nieobecność,6
1TM5,2020-10-06,nieobecność,1
1TM5,2020-10-07,nieobecność,1
1TM5,2020-10-13,nieobecność,1
1TM5,2020-11-20,spóźnienie,1
1TM5,2020-11-25,spóźnienie,1
1TM5,2021-04-20,spóźnienie,2
1TM5,2021-05-20,nieob. uspraw.,6
1TM5,2021-06-11,nieobecność,6
1TM5,2020-10-13,nieob. uspraw.,15
1TM5,2020-10-16,nieob. uspraw.,7
1TM5,2020-12-01,nieob. uspraw.,7
1TM5,2021-01-26,nieobecność,3
1TM5,2021-01-28,nieobecność,3
1TM5,2021-02-11,spóźn. uspr.,1
1TM5,2021-02-16,spóźnienie,1
1TM5,2021-02-23,nieobecność,3
1TM5,2020-09-04,nieob. uspraw.,16
1TM5,2020-09-18,nieobecność,7
1TM5,2020-10-09,nieob. uspraw.,7
1TM5,2020-12-02,nieob. uspraw.,1
1TM5,2021-02-10,spóźnienie,1
1TM5,2021-02-12,nieob. uspraw.,1
1TM5,2021-05-13,spóźnienie,1
1TM5,2021-05-27,spóźnienie,1
1TM5,2020-09-07,nieob. uspraw.,2
1TM5,2021-02-11,nieobecność,3
1TM5,2021-04-13,spóźn. uspr.,1
1TM5,2021-06-15,spóźn. uspr.,1
1TM5,2020-12-04,nieob. uspraw.,7
1TM5,2021-04-28,spóźnienie,1
1TW5,2020-09-02,obecność,98
1TW5,2020-09-03,obecność,98
1TW5,2020-09-04,obecność,112
1TW5,2020-09-07,obecność,78
1TW5,2020-09-08,obecność,91
1TW5,2020-09-09,obecność,104
1TW5,2020-09-10,obecność,84
1TW5,2020-09-11,obecność,58
1TW5,2020-09-11,zwolniony,2
1TW5,2020-09-14,obecność,66
1TW5,2020-09-14,spóźnienie,4
1TW5,2020-09-15,nieob. uspraw.,7
1TW5,2020-09-16,nieob. uspraw.,7
1TW5,2020-09-17,nieob. uspraw.,7
1TW5,2020-09-18,nieob. uspraw.,13
1TW5,2020-09-18,nieobecność,3
1TW5,2020-09-21,obecność,98
1TW5,2020-09-22,obecność,90
1TW5,2020-09-23,obecność,108
1TW5,2020-09-24,obecność,98
1TW5,2020-09-25,obecność,112
1TW5,2020-09-28,obecność,97
1TW5,2020-09-29,obecność,94
1TW5,2020-09-30,obecność,103
1TW5,2020-10-01,obecność,75
1TW5,2020-10-02,obecność,112
1TW5,2020-10-05,obecność,78
1TW5,2020-10-06,obecność,98
1TW5,2020-10-07,nieob. uspr. p.s.,4
1TW5,2020-10-07,obecność,89
1TW5,2020-10-08,obecność,96
1TW5,2020-10-08,nieob. uspr. p.s.,2
1TW5,2020-10-09,obecność,96
1TW5,2020-10-12,obecność,98
1TW5,2020-10-13,obecność,98
1TW5,2020-10-15,obecność,91
1TW5,2020-10-16,obecność,112
1TW5,2020-10-19,nauka zdalna,83
1TW5,2020-10-20,nauka zdalna,81
1TW5,2020-10-21,nauka zdalna,93
1TW5,2020-10-22,nauka zdalna,94
1TW5,2020-10-22,nieobecność,1
1TW5,2020-10-23,nauka zdalna,96
1TW5,2020-10-26,nauka zdalna,85
1TW5,2020-10-26,nieobecność,9
1TW5,2020-10-27,nauka zdalna,89
1TW5,2020-10-28,nauka zdalna,107
1TW5,2020-10-29,nauka zdalna,94
1TW5,2020-10-30,nauka zdalna,112
1TW5,2020-11-02,nauka zdalna,90
1TW5,2020-11-03,nauka zdalna,92
1TW5,2020-11-04,nauka zdalna,106
1TW5,2020-11-04,zwolniony,4
1TW5,2020-11-05,nauka zdalna,93
1TW5,2020-11-06,nauka zdalna,90
1TW5,2020-11-09,nauka zdalna,80
1TW5,2020-11-09,nieobecność,10
1TW5,2020-11-10,nauka zdalna,78
1TW5,2020-11-12,nauka zdalna,82
1TW5,2020-11-13,nauka zdalna,96
1TW5,2020-11-16,nauka zdalna,82
1TW5,2020-11-17,nauka zdalna,75
1TW5,2020-11-18,nauka zdalna,102
1TW5,2020-11-18,zwolniony,4
1TW5,2020-11-19,nauka zdalna,77
1TW5,2020-11-20,nauka zdalna,104
1TW5,2020-11-23,nauka zdalna,90
1TW5,2020-11-24,nauka zdalna,87
1TW5,2020-11-25,nauka zdalna,102
1TW5,2020-11-25,zwolniony,4
1TW5,2020-11-26,nauka zdalna,80
1TW5,2020-11-27,nauka zdalna,88
1TW5,2020-11-30,nauka zdalna,74
1TW5,2020-12-01,nauka zdalna,92
1TW5,2020-12-02,nauka zdalna,104
1TW5,2020-12-02,zwolniony,4
1TW5,2020-12-03,spóźnienie,2
1TW5,2020-12-03,nauka zdalna,71
1TW5,2020-12-04,nauka zdalna,112
1TW5,2020-12-07,nauka zdalna,95
1TW5,2020-12-08,nauka zdalna,80
1TW5,2020-12-09,nauka zdalna,109
1TW5,2020-12-10,nauka zdalna,72
1TW5,2020-12-11,nauka zdalna,104
1TW5,2020-12-14,nauka zdalna,76
1TW5,2020-12-15,nauka zdalna,59
1TW5,2020-12-16,nauka zdalna,95
1TW5,2020-12-16,zwolniony,4
1TW5,2020-12-17,nauka zdalna,80
1TW5,2020-12-18,nauka zdalna,112
1TW5,2020-12-21,nauka zdalna,81
1TW5,2020-12-22,nauka zdalna,74
1TW5,2021-01-18,nauka zdalna,97
1TW5,2021-01-19,nauka zdalna,77
1TW5,2021-01-20,nauka zdalna,93
1TW5,2021-01-20,zwolniony,4
1TW5,2021-01-21,nauka zdalna,96
1TW5,2021-01-22,nauka zdalna,97
1TW5,2021-01-25,nauka zdalna,96
1TW5,2021-01-26,nauka zdalna,77
1TW5,2021-01-27,nauka zdalna,104
1TW5,2021-01-27,zwolniony,4
1TW5,2021-01-28,nauka zdalna,86
1TW5,2021-01-28,spóźn. uspr.,1
1TW5,2021-01-29,nauka zdalna,96
1TW5,2021-02-01,nauka zdalna,87
1TW5,2021-02-02,nauka zdalna,88
1TW5,2021-02-03,nauka zdalna,83
1TW5,2021-02-03,zwolniony,2
1TW5,2021-02-04,nauka zdalna,93
1TW5,2021-02-05,nauka zdalna,72
1TW5,2021-02-08,nauka zdalna,87
1TW5,2021-02-10,nauka zdalna,88
1TW5,2021-02-10,zwolniony,2
1TW5,2021-02-11,nauka zdalna,94
1TW5,2021-02-12,nauka zdalna,74
1TW5,2021-02-15,nauka zdalna,81
1TW5,2021-02-16,obecność,96
1TW5,2021-02-17,nauka zdalna,79
1TW5,2021-02-17,zwolniony,2
1TW5,2021-02-18,nauka zdalna,103
1TW5,2021-02-19,nauka zdalna,68
1TW5,2021-02-22,nauka zdalna,87
1TW5,2021-02-23,obecność,80
1TW5,2021-02-24,nauka zdalna,85
1TW5,2021-02-24,nieob. uspraw.,4
1TW5,2021-02-24,zwolniony,2
1TW5,2021-02-25,nauka zdalna,94
1TW5,2021-02-26,nauka zdalna,71
1TW5,2021-03-01,nauka zdalna,83
1TW5,2021-03-02,obecność,94
1TW5,2021-03-03,nauka zdalna,71
1TW5,2021-03-03,zwolniony,1
1TW5,2021-03-04,nauka zdalna,90
1TW5,2021-03-04,zwolniony,1
1TW5,2021-03-05,nauka zdalna,79
1TW5,2021-03-08,nauka zdalna,82
1TW5,2021-03-09,obecność,80
1TW5,2021-03-10,nauka zdalna,53
1TW5,2021-03-10,zwolniony,1
1TW5,2021-03-11,nauka zdalna,65
1TW5,2021-03-11,zwolniony,1
1TW5,2021-03-12,nauka zdalna,80
1TW5,2021-03-15,nauka zdalna,84
1TW5,2021-03-16,obecność,88
1TW5,2021-03-17,nauka zdalna,86
1TW5,2021-03-17,zwolniony,2
1TW5,2021-03-18,nauka zdalna,103
1TW5,2021-03-19,nauka zdalna,77
1TW5,2021-03-22,nauka zdalna,78
1TW5,2021-03-23,obecność,80
1TW5,2021-03-24,nauka zdalna,75
1TW5,2021-03-24,zwolniony,2
1TW5,2021-03-24,nieob. uspraw.,14
1TW5,2021-03-25,nauka zdalna,90
1TW5,2021-03-26,nauka zdalna,70
1TW5,2021-03-29,nauka zdalna,87
1TW5,2021-03-30,nauka zdalna,96
1TW5,2021-03-31,nauka zdalna,89
1TW5,2021-03-31,zwolniony,2
1TW5,2021-04-07,nauka zdalna,88
1TW5,2021-04-07,zwolniony,2
1TW5,2021-04-08,nauka zdalna,98
1TW5,2021-04-09,nauka zdalna,76
1TW5,2021-04-12,nauka zdalna,84
1TW5,2021-04-13,nauka zdalna,104
1TW5,2021-04-14,nauka zdalna,89
1TW5,2021-04-14,zwolniony,2
1TW5,2021-04-15,nauka zdalna,98
1TW5,2021-04-16,nauka zdalna,71
1TW5,2021-04-19,nauka zdalna,76
1TW5,2021-04-20,nauka zdalna,88
1TW5,2021-04-21,nauka zdalna,88
1TW5,2021-04-21,zwolniony,2
1TW5,2021-04-22,nauka zdalna,102
1TW5,2021-04-23,nauka zdalna,66
1TW5,2021-04-26,nauka zdalna,85
1TW5,2021-04-27,obecność,88
1TW5,2021-04-28,nauka zdalna,84
1TW5,2021-04-28,zwolniony,2
1TW5,2021-04-29,nauka zdalna,92
1TW5,2021-04-30,nauka zdalna,69
1TW5,2021-05-07,nauka zdalna,72
1TW5,2021-05-10,nauka zdalna,75
1TW5,2021-05-11,obecność,103
1TW5,2021-05-12,nauka zdalna,96
1TW5,2021-05-12,zwolniony,1
1TW5,2021-05-13,nauka zdalna,98
1TW5,2021-05-13,zwolniony,1
1TW5,2021-05-14,nauka zdalna,75
1TW5,2021-05-17,obecność,78
1TW5,2021-05-19,nauka zdalna,10
1TW5,2021-05-19,obecność,88
1TW5,2021-05-19,zwolniony,2
1TW5,2021-05-20,nauka zdalna,12
1TW5,2021-05-20,obecność,72
1TW5,2021-05-21,obecność,66
1TW5,2021-05-24,nauka zdalna,89
1TW5,2021-05-25,nauka zdalna,103
1TW5,2021-05-26,nauka zdalna,91
1TW5,2021-05-26,zwolniony,2
1TW5,2021-05-27,nauka zdalna,83
1TW5,2021-05-27,spóźnienie,2
1TW5,2021-05-28,nauka zdalna,64
1TW5,2021-05-31,obecność,70
1TW5,2021-06-01,obecność,94
1TW5,2021-06-02,obecność,57
1TW5,2021-06-02,zwolniony,2
1TW5,2021-06-07,obecność,66
1TW5,2021-06-08,obecność,104
1TW5,2021-06-09,obecność,61
1TW5,2021-06-10,obecność,71
1TW5,2021-06-11,obecność,59
1TW5,2021-06-14,obecność,69
1TW5,2021-06-15,obecność,88
1TW5,2021-06-16,obecność,56
1TW5,2021-06-17,obecność,25
1TW5,2021-06-18,obecność,30
1TW5,2021-06-21,obecność,78
1TW5,2021-06-21,nieobecność,26
1TW5,2021-06-23,obecność,104
1TW5,2021-06-24,nieobecność,75
1TW5,2021-06-24,obecność,3
1TW5,2020-09-15,obecność,91
1TW5,2020-09-16,obecność,103
1TW5,2020-09-17,obecność,91
1TW5,2020-09-18,obecność,95
1TW5,2020-10-09,nieob. uspraw.,16
1TW5,2020-10-22,nieob. uspraw.,2
1TW5,2020-11-03,spóźnienie,1
1TW5,2020-11-05,spóźn. uspr.,1
1TW5,2020-11-10,nieob. uspraw.,4
1TW5,2020-11-30,nieobecność,7
1TW5,2021-01-28,spóźnienie,1
1TW5,2021-02-02,nieob. uspraw.,16
1TW5,2021-02-05,nieob. uspraw.,6
1TW5,2021-02-15,nieob. uspraw.,10
1TW5,2021-02-22,nieob. uspraw.,4
1TW5,2021-03-01,nieob. uspr. p.s.,7
1TW5,2021-03-02,nieob. uspr. p.s.,2
1TW5,2021-03-08,nieob. uspraw.,9
1TW5,2021-03-25,nieob. uspraw.,3
1TW5,2021-03-30,nieob. uspraw.,8
1TW5,2021-04-08,spóźnienie,1
1TW5,2021-04-09,nieob. uspraw.,2
1TW5,2021-04-23,nieob. uspr. p.s.,6
1TW5,2021-04-26,nieob. uspraw.,6
1TW5,2021-05-13,nieob. uspraw.,5
1TW5,2021-05-14,nieob. uspraw.,3
1TW5,2021-05-31,nieob. uspr. p.s.,2
1TW5,2020-09-29,nieobecność,4
1TW5,2020-10-19,nieobecność,6
1TW5,2020-10-20,nieobecność,6
1TW5,2020-10-21,nieobecność,5
1TW5,2020-10-29,nieobecność,1
1TW5,2020-10-29,spóźnienie,1
1TW5,2020-11-03,nieobecność,1
1TW5,2020-11-10,nieobecność,2
1TW5,2020-11-23,nieobecność,2
1TW5,2020-12-08,nieob. uspraw.,7
1TW5,2020-12-22,nieob. uspraw.,10
1TW5,2021-01-18,nieob. uspraw.,1
1TW5,2021-02-01,nieob. uspraw.,3
1TW5,2021-02-17,nieob. uspraw.,10
1TW5,2021-03-04,nieob. uspraw.,13
1TW5,2021-03-09,nieob. uspraw.,24
1TW5,2021-03-17,nieob. uspraw.,3
1TW5,2021-03-23,nieob. uspraw.,24
1TW5,2021-03-26,nieobecność,8
1TW5,2021-04-19,nieob. uspraw.,15
1TW5,2021-04-27,nieob. uspraw.,16
1TW5,2021-05-17,nieob. uspraw.,8
1TW5,2021-05-19,nieob. uspraw.,3
1TW5,2021-05-31,nieob. uspraw.,6
1TW5,2021-06-01,nieob. uspraw.,8
1TW5,2021-06-02,nieob. uspraw.,5
1TW5,2021-06-11,nieob. uspraw.,6
1TW5,2021-06-14,nieob. uspraw.,34
1TW5,2021-06-15,nieob. uspraw.,16
1TW5,2021-06-16,nieob. uspraw.,48
1TW5,2021-06-17,nieobecność,40
1TW5,2021-06-18,nieobecność,48
1TW5,2020-09-30,zwolniony,2
1TW5,2020-11-02,nieobecność,1
1TW5,2020-11-19,nieobecność,1
1TW5,2020-12-01,nieobecność,5
1TW5,2020-12-08,nieobecność,6
1TW5,2020-12-09,nieobecność,1
1TW5,2020-12-14,nieobecność,9
1TW5,2020-12-17,nieobecność,7
1TW5,2020-12-21,nieobecność,1
1TW5,2021-01-20,nieobecność,13
1TW5,2021-01-21,nieobecność,2
1TW5,2021-01-22,nieobecność,8
1TW5,2021-01-28,nieobecność,7
1TW5,2021-02-03,nieobecność,6
1TW5,2021-02-04,nieobecność,9
1TW5,2021-02-08,nieob. uspraw.,3
1TW5,2021-02-11,spóźnienie,1
1TW5,2021-02-11,nieob. uspraw.,9
1TW5,2021-02-12,nieob. uspraw.,4
1TW5,2021-02-18,nieob. uspraw.,1
1TW5,2021-02-19,nieob. uspraw.,10
1TW5,2021-02-26,nieob. uspraw.,7
1TW5,2021-03-02,nieob. uspraw.,8
1TW5,2021-03-05,nieob. uspraw.,12
1TW5,2021-03-10,nieob. uspraw.,11
1TW5,2021-03-11,nieob. uspraw.,25
1TW5,2021-03-12,nieob. uspraw.,11
1TW5,2021-03-18,nieob. uspraw.,1
1TW5,2021-03-25,nieobecność,10
1TW5,2021-04-12,nieob. uspraw.,7
1TW5,2021-04-15,nieobecność,2
1TW5,2021-04-22,nieob. uspraw.,2
1TW5,2021-04-29,nieob. uspraw.,12
1TW5,2021-04-30,nieob. uspraw.,9
1TW5,2021-05-07,nieob. uspraw.,6
1TW5,2021-05-12,nieob. uspraw.,6
1TW5,2021-05-26,spóźnienie,1
1TW5,2021-05-28,nieob. uspraw.,1
1TW5,2020-09-22,nieob. uspraw.,8
1TW5,2020-11-06,nieob. uspraw.,22
1TW5,2020-11-09,nieob. uspraw.,8
1TW5,2020-11-13,nieob. uspraw.,16
1TW5,2020-11-16,nieob. uspraw.,2
1TW5,2020-11-17,nieob. uspraw.,7
1TW5,2020-11-17,spóźnienie,2
1TW5,2020-11-20,nieob. uspraw.,8
1TW5,2020-11-23,nieob. uspraw.,6
1TW5,2020-11-27,nieob. uspraw.,24
1TW5,2020-12-08,nieob. uspr. p.s.,5
1TW5,2020-12-10,nieob. uspraw.,7
1TW5,2020-12-11,nieob. uspraw.,8
1TW5,2020-12-14,nieob. uspraw.,13
1TW5,2020-12-15,nieob. uspraw.,5
1TW5,2020-12-16,nieob. uspraw.,12
1TW5,2020-12-17,nieob. uspraw.,11
1TW5,2021-01-19,spóźnienie,1
1TW5,2021-01-25,nieob. uspraw.,2
1TW5,2021-03-22,nieob. uspraw.,13
1TW5,2021-03-25,spóźnienie,1
1TW5,2021-03-29,nieob. uspraw.,4
1TW5,2021-04-08,nieob. uspraw.,5
1TW5,2021-04-15,nieob. uspraw.,3
1TW5,2021-04-21,nieob. uspraw.,1
1TW5,2021-05-12,spóźnienie,1
1TW5,2021-05-17,spóźnienie,5
1TW5,2021-05-26,nieob. uspraw.,10
1TW5,2021-06-01,spóźnienie,2
1TW5,2021-06-09,nieob. uspraw.,4
1TW5,2021-06-14,spóźnienie,1
1TW5,2020-09-30,nieob. uspraw.,3
1TW5,2020-10-01,nieob. uspraw.,8
1TW5,2020-10-21,nieob. uspraw.,14
1TW5,2021-04-20,nieob. uspraw.,16
1TW5,2021-05-21,nieob. uspraw.,12
1TW5,2021-05-27,nieob. uspraw.,5
1TW5,2020-11-24,nieob. uspraw.,11
1TW5,2021-03-16,nieob. uspraw.,16
1TW5,2020-10-19,nieob. uspraw.,9
1TW5,2020-10-20,nieob. uspraw.,11
1TW5,2020-10-22,spóźnienie,1
1TW5,2020-10-23,nieob. uspraw.,8
1TW5,2020-10-26,nieob. uspraw.,4
1TW5,2020-11-02,nieob. uspraw.,7
1TW5,2021-02-25,spóźnienie,1
1TW5,2020-09-11,nieob. uspraw.,10
1TW5,2020-09-28,nieob. uspraw.,1
1TW5,2020-10-07,nieob. uspraw.,1
1TW5,2020-10-15,nieob. uspraw.,7
1TW5,2020-10-27,nieob. uspraw.,2
1TW5,2020-10-29,nieob. uspraw.,2
1TW5,2020-11-03,nieob. uspraw.,4
1TW5,2020-11-04,spóźn. uspr.,1
1TW5,2020-11-05,nieob. uspraw.,4
1TW5,2020-11-12,nieob. uspraw.,2
1TW5,2020-11-18,nieob. uspraw.,5
1TW5,2020-11-19,nieob. uspraw.,6
1TW5,2020-11-25,nieob. uspraw.,6
1TW5,2020-11-26,nieob. uspraw.,3
1TW5,2020-11-30,nieob. uspraw.,3
1TW5,2020-12-01,nieob. uspraw.,1
1TW5,2020-12-02,nieob. uspraw.,4
1TW5,2020-12-03,nieob. uspraw.,5
1TW5,2020-12-07,nieob. uspraw.,3
1TW5,2020-12-09,nieob. uspraw.,2
1TW5,2020-12-15,spóźn. uspr.,1
1TW5,2020-12-16,spóźn. uspr.,1
1TW5,2020-12-21,nieob. uspraw.,2
1TW5,2021-01-20,nieob. uspraw.,2
1TW5,2021-01-22,nieob. uspraw.,7
1TW5,2021-01-26,nieob. uspraw.,2
1TW5,2021-01-27,spóźn. uspr.,1
1TW5,2021-01-28,nieob. uspraw.,3
1TW5,2021-02-04,nieob. uspraw.,2
1TW5,2021-02-10,nieob. uspraw.,1
1TW5,2021-02-23,nieob. uspraw.,24
1TW5,2021-02-25,nieob. uspraw.,9
1TW5,2021-03-01,nieob. uspraw.,1
1TW5,2021-03-19,nieob. uspraw.,1
1TW5,2021-04-07,nieob. uspraw.,1
1TW5,2021-04-15,spóźn. uspr.,1
1TW5,2021-04-16,nieob. uspraw.,7
1TW5,2021-05-10,nieob. uspraw.,3
1TW5,2021-05-11,spóźn. uspr.,1
1TW5,2021-05-19,spóźn. uspr.,1
1TW5,2021-05-20,nieob. uspraw.,7
1TW5,2021-06-07,nieob. uspraw.,12
1TW5,2021-06-10,nieob. uspraw.,6
1TW5,2020-10-01,nieobecność,1
1TW5,2020-10-28,nieob. uspraw.,5
1TW5,2020-12-10,nieobecność,5
1TW5,2021-05-25,nieob. uspraw.,1
1TW5,2021-06-02,spóźnienie,1
1TW5,2020-09-10,nieob. uspraw.,14
1TW5,2021-02-08,spóźnienie,1
1TW5,2021-05-24,nieob. uspraw.,2
1TW5,2020-09-18,zwolniony,1
1TW5,2020-11-26,spóźn. uspr.,1
1TW5,2021-01-26,nieobecność,5
1TW5,2020-09-07,nieob. uspraw.,6
1TW5,2020-09-08,nieob. uspraw.,7
1TW5,2020-09-09,nieob. uspraw.,8
1TW5,2020-10-05,nieobecność,6
1TW5,2020-10-23,nieobecność,8
1TW5,2020-10-27,nieobecność,7
1TW5,2020-11-04,spóźnienie,1
1TW5,2020-11-18,nieobecność,1
1TW5,2020-12-03,nieobecność,6
1TW5,2020-12-15,nieobecność,5
1TW5,2021-01-19,nieobecność,6
1TW5,2021-01-27,nieobecność,3
1TW5,2021-01-29,nieobecność,8
1TW5,2021-02-01,nieobecność,1
1TW5,2021-02-16,nieob. uspraw.,8
1TW5,2021-03-03,nieob. uspraw.,6
1TW5,2021-03-15,nieob. uspraw.,7
1TW5,2021-04-23,nieob. uspraw.,6
1TW5,2021-04-28,nieob. uspraw.,5
1TW5,2021-05-27,zwolniony,1
1TW5,2021-06-10,spóźnienie,1
1TŻ5,2020-09-01,obecność,112
1TŻ5,2020-09-02,obecność,98
1TŻ5,2020-09-03,obecność,111
1TŻ5,2020-09-04,obecność,84
1TŻ5,2020-09-07,obecność,95
1TŻ5,2020-09-08,obecność,109
1TŻ5,2020-09-09,obecność,98
1TŻ5,2020-09-10,obecność,87
1TŻ5,2020-09-11,obecność,71
1TŻ5,2020-09-14,obecność,84
1TŻ5,2020-09-15,obecność,112
1TŻ5,2020-09-16,obecność,95
1TŻ5,2020-09-17,obecność,104
1TŻ5,2020-09-18,obecność,89
1TŻ5,2020-09-21,obecność,106
1TŻ5,2020-09-22,obecność,84
1TŻ5,2020-09-23,obecność,76
1TŻ5,2020-09-24,obecność,88
1TŻ5,2020-09-25,obecność,66
1TŻ5,2020-09-28,obecność,95
1TŻ5,2020-09-29,obecność,120
1TŻ5,2020-09-30,obecność,82
1TŻ5,2020-09-30,nieob. uspraw.,7
1TŻ5,2020-10-01,nieob. uspraw.,25
1TŻ5,2020-10-02,nieob. uspraw.,12
1TŻ5,2020-10-05,obecność,81
1TŻ5,2020-10-05,nauka zdalna,12
1TŻ5,2020-10-06,obecność,91
1TŻ5,2020-10-07,obecność,81
1TŻ5,2020-10-08,obecność,94
1TŻ5,2020-10-09,obecność,78
1TŻ5,2020-10-12,obecność,109
1TŻ5,2020-10-13,obecność,108
1TŻ5,2020-10-13,spóźnienie,3
1TŻ5,2020-10-14,obecność,15
1TŻ5,2020-10-15,obecność,78
1TŻ5,2020-10-16,obecność,78
1TŻ5,2020-10-19,nauka zdalna,96
1TŻ5,2020-10-20,nieob. uspraw.,9
1TŻ5,2020-10-20,nauka zdalna,95
1TŻ5,2020-10-21,nauka zdalna,88
1TŻ5,2020-10-22,nieob. uspraw.,9
1TŻ5,2020-10-22,nauka zdalna,103
1TŻ5,2020-10-23,nieob. uspraw.,9
1TŻ5,2020-10-23,nauka zdalna,51
1TŻ5,2020-10-26,nauka zdalna,97
1TŻ5,2020-10-26,nieobecność,18
1TŻ5,2020-10-27,nauka zdalna,112
1TŻ5,2020-10-28,spóźnienie,3
1TŻ5,2020-10-28,nieobecność,25
1TŻ5,2020-10-29,nieobecność,5
1TŻ5,2020-10-29,nauka zdalna,109
1TŻ5,2020-10-30,nauka zdalna,61
1TŻ5,2020-11-02,nauka zdalna,98
1TŻ5,2020-11-03,nauka zdalna,107
1TŻ5,2020-11-03,nieobecność,7
1TŻ5,2020-11-04,nauka zdalna,79
1TŻ5,2020-11-05,nieobecność,14
1TŻ5,2020-11-05,nauka zdalna,100
1TŻ5,2020-11-06,nauka zdalna,78
1TŻ5,2020-11-09,nauka zdalna,106
1TŻ5,2020-11-10,nauka zdalna,111
1TŻ5,2020-11-12,nauka zdalna,115
1TŻ5,2020-11-12,nieobecność,1
1TŻ5,2020-11-13,nieobecność,10
1TŻ5,2020-11-13,nauka zdalna,50
1TŻ5,2020-11-16,nauka zdalna,94
1TŻ5,2020-11-17,nauka zdalna,105
1TŻ5,2020-11-18,nauka zdalna,81
1TŻ5,2020-11-18,nieobecność,6
1TŻ5,2020-11-19,nauka zdalna,116
1TŻ5,2020-11-20,nauka zdalna,69
1TŻ5,2020-11-20,nieobecność,10
1TŻ5,2020-11-23,nauka zdalna,112
1TŻ5,2020-11-24,nauka zdalna,120
1TŻ5,2020-11-25,nauka zdalna,94
1TŻ5,2020-11-25,nieobecność,6
1TŻ5,2020-11-26,nauka zdalna,113
1TŻ5,2020-11-27,nieobecność,4
1TŻ5,2020-11-27,nauka zdalna,83
1TŻ5,2020-11-30,nieobecność,9
1TŻ5,2020-11-30,nauka zdalna,109
1TŻ5,2020-12-01,nauka zdalna,99
1TŻ5,2020-12-01,nieobecność,21
1TŻ5,2020-12-02,nauka zdalna,87
1TŻ5,2020-12-03,nauka zdalna,110
1TŻ5,2020-12-03,nieobecność,7
1TŻ5,2020-12-04,nauka zdalna,79
1TŻ5,2020-12-07,nauka zdalna,102
1TŻ5,2020-12-07,nieobecność,12
1TŻ5,2020-12-08,nauka zdalna,113
1TŻ5,2020-12-09,nauka zdalna,69
1TŻ5,2020-12-09,nieobecność,11
1TŻ5,2020-12-10,nieobecność,7
1TŻ5,2020-12-10,spóźnienie,2
1TŻ5,2020-12-10,nauka zdalna,107
1TŻ5,2020-12-11,nauka zdalna,61
1TŻ5,2020-12-11,nieobecność,16
1TŻ5,2020-12-14,nauka zdalna,80
1TŻ5,2020-12-15,nauka zdalna,111
1TŻ5,2020-12-16,nauka zdalna,101
1TŻ5,2020-12-17,nauka zdalna,102
1TŻ5,2020-12-17,nieobecność,16
1TŻ5,2020-12-18,nieobecność,12
1TŻ5,2020-12-18,nauka zdalna,77
1TŻ5,2020-12-21,nauka zdalna,78
1TŻ5,2020-12-21,nieobecność,9
1TŻ5,2020-12-22,nauka zdalna,111
1TŻ5,2021-01-18,nauka zdalna,73
1TŻ5,2021-01-19,nauka zdalna,107
1TŻ5,2021-01-20,nauka zdalna,107
1TŻ5,2021-01-21,nauka zdalna,112
1TŻ5,2021-01-22,nauka zdalna,78
1TŻ5,2021-01-22,nieob. uspraw.,1
1TŻ5,2021-01-25,nauka zdalna,74
1TŻ5,2021-01-26,nauka zdalna,112
1TŻ5,2021-01-27,nauka zdalna,82
1TŻ5,2021-01-27,nieob. uspraw.,10
1TŻ5,2021-01-28,nauka zdalna,100
1TŻ5,2021-01-29,nauka zdalna,67
1TŻ5,2021-01-29,nieob. uspraw.,2
1TŻ5,2021-02-01,nauka zdalna,73
1TŻ5,2021-02-02,nieob. uspraw.,10
1TŻ5,2021-02-02,nauka zdalna,21
1TŻ5,2021-02-03,nauka zdalna,94
1TŻ5,2021-02-04,nauka zdalna,96
1TŻ5,2021-02-04,nieob. uspraw.,3
1TŻ5,2021-02-05,nauka zdalna,46
1TŻ5,2021-02-08,nauka zdalna,71
1TŻ5,2021-02-08,nieob. uspraw.,2
1TŻ5,2021-02-09,nauka zdalna,48
1TŻ5,2021-02-10,nauka zdalna,92
1TŻ5,2021-02-10,nieob. uspraw.,4
1TŻ5,2021-02-11,nauka zdalna,92
1TŻ5,2021-02-12,nauka zdalna,72
1TŻ5,2021-02-12,nieobecność,16
1TŻ5,2021-02-15,nieobecność,16
1TŻ5,2021-02-15,nauka zdalna,65
1TŻ5,2021-02-16,nauka zdalna,48
1TŻ5,2021-02-17,nauka zdalna,98
1TŻ5,2021-02-18,nauka zdalna,89
1TŻ5,2021-02-18,nieobecność,21
1TŻ5,2021-02-19,nauka zdalna,66
1TŻ5,2021-02-19,nieobecność,16
1TŻ5,2021-02-22,nauka zdalna,60
1TŻ5,2021-02-22,nieobecność,16
1TŻ5,2021-02-23,nauka zdalna,24
1TŻ5,2021-02-24,nauka zdalna,77
1TŻ5,2021-02-24,nieobecność,25
1TŻ5,2021-02-25,nauka zdalna,101
1TŻ5,2021-02-26,nauka zdalna,80
1TŻ5,2021-03-01,nauka zdalna,92
1TŻ5,2021-03-01,nieobecność,13
1TŻ5,2021-03-02,obecność,72
1TŻ5,2021-03-03,nauka zdalna,77
1TŻ5,2021-03-04,nauka zdalna,95
1TŻ5,2021-03-04,nieobecność,17
1TŻ5,2021-03-05,nauka zdalna,81
1TŻ5,2021-03-05,nieobecność,8
1TŻ5,2021-03-08,nauka zdalna,67
1TŻ5,2021-03-09,obecność,88
1TŻ5,2021-03-10,spóźnienie,1
1TŻ5,2021-03-10,nauka zdalna,86
1TŻ5,2021-03-10,nieobecność,11
1TŻ5,2021-03-11,nieobecność,12
1TŻ5,2021-03-11,nauka zdalna,93
1TŻ5,2021-03-12,nauka zdalna,82
1TŻ5,2021-03-15,nieobecność,6
1TŻ5,2021-03-15,nauka zdalna,60
1TŻ5,2021-03-16,nauka zdalna,63
1TŻ5,2021-03-17,nauka zdalna,100
1TŻ5,2021-03-17,spóźnienie,1
1TŻ5,2021-03-17,nieobecność,9
1TŻ5,2021-03-18,nauka zdalna,103
1TŻ5,2021-03-19,nieobecność,11
1TŻ5,2021-03-19,nauka zdalna,71
1TŻ5,2021-03-22,nauka zdalna,69
1TŻ5,2021-03-22,spóźnienie,2
1TŻ5,2021-03-23,nauka zdalna,103
1TŻ5,2021-03-24,nauka zdalna,95
1TŻ5,2021-03-25,nauka zdalna,102
1TŻ5,2021-03-26,nieobecność,8
1TŻ5,2021-03-26,nauka zdalna,82
1TŻ5,2021-03-29,nauka zdalna,79
1TŻ5,2021-03-30,nauka zdalna,110
1TŻ5,2021-03-31,spóźnienie,1
1TŻ5,2021-03-31,nieobecność,10
1TŻ5,2021-03-31,nauka zdalna,104
1TŻ5,2021-04-07,nauka zdalna,107
1TŻ5,2021-04-07,nieobecność,7
1TŻ5,2021-04-08,nauka zdalna,108
1TŻ5,2021-04-09,nauka zdalna,77
1TŻ5,2021-04-12,nauka zdalna,73
1TŻ5,2021-04-12,nieobecność,10
1TŻ5,2021-04-13,nauka zdalna,112
1TŻ5,2021-04-14,nauka zdalna,106
1TŻ5,2021-04-15,nauka zdalna,100
1TŻ5,2021-04-16,nauka zdalna,81
1TŻ5,2021-04-19,nauka zdalna,79
1TŻ5,2021-04-19,nieobecność,1
1TŻ5,2021-04-20,nieobecność,1
1TŻ5,2021-04-20,nauka zdalna,109
1TŻ5,2021-04-21,nauka zdalna,98
1TŻ5,2021-04-21,nieobecność,3
1TŻ5,2021-04-22,nauka zdalna,103
1TŻ5,2021-04-22,nieobecność,3
1TŻ5,2021-04-23,nieobecność,4
1TŻ5,2021-04-23,nauka zdalna,75
1TŻ5,2021-04-26,nauka zdalna,79
1TŻ5,2021-04-27,obecność,55
1TŻ5,2021-04-28,spóźnienie,1
1TŻ5,2021-04-28,nauka zdalna,99
1TŻ5,2021-04-29,nauka zdalna,101
1TŻ5,2021-04-29,nieobecność,3
1TŻ5,2021-04-29,spóźnienie,1
1TŻ5,2021-04-30,nauka zdalna,79
1TŻ5,2021-05-07,nieobecność,2
1TŻ5,2021-05-07,nauka zdalna,72
1TŻ5,2021-05-10,nieobecność,2
1TŻ5,2021-05-10,nauka zdalna,79
1TŻ5,2021-05-11,nauka zdalna,48
1TŻ5,2021-05-11,obecność,59
1TŻ5,2021-05-12,nauka zdalna,101
1TŻ5,2021-05-13,nauka zdalna,105
1TŻ5,2021-05-13,nieobecność,5
1TŻ5,2021-05-14,nauka zdalna,79
1TŻ5,2021-05-17,obecność,83
1TŻ5,2021-05-18,obecność,92
1TŻ5,2021-05-18,spóźnienie,2
1TŻ5,2021-05-19,obecność,108
1TŻ5,2021-05-20,obecność,104
1TŻ5,2021-05-21,obecność,84
1TŻ5,2021-05-24,spóźnienie,2
1TŻ5,2021-05-24,nauka zdalna,72
1TŻ5,2021-05-24,nieobecność,8
1TŻ5,2021-05-25,spóźnienie,4
1TŻ5,2021-05-25,nauka zdalna,107
1TŻ5,2021-05-26,nauka zdalna,96
1TŻ5,2021-05-26,nieobecność,7
1TŻ5,2021-05-27,nauka zdalna,108
1TŻ5,2021-05-27,nieobecność,3
1TŻ5,2021-05-28,nauka zdalna,67
1TŻ5,2021-05-28,nieobecność,5
1TŻ5,2021-05-31,obecność,98
1TŻ5,2021-06-01,obecność,85
1TŻ5,2021-06-02,nieob. uspraw.,35
1TŻ5,2021-06-07,nieobecność,7
1TŻ5,2021-06-08,nieobecność,8
1TŻ5,2021-06-09,obecność,74
1TŻ5,2021-06-10,obecność,29
1TŻ5,2021-06-11,nieobecność,8
1TŻ5,2021-06-14,obecność,77
1TŻ5,2021-06-15,obecność,101
1TŻ5,2021-06-16,nieobecność,42
1TŻ5,2021-06-17,nieobecność,50
1TŻ5,2021-06-18,nieobecność,48
1TŻ5,2021-06-21,nieobecność,66
1TŻ5,2021-06-23,obecność,98
1TŻ5,2021-06-24,nieobecność,76
1TŻ5,2021-06-25,obecność,84
1TŻ5,2020-10-01,obecność,65
1TŻ5,2020-10-02,obecność,66
1TŻ5,2020-10-28,nauka zdalna,37
1TŻ5,2021-02-02,obecność,72
1TŻ5,2021-02-09,obecność,48
1TŻ5,2021-02-16,obecność,56
1TŻ5,2021-02-23,obecność,86
1TŻ5,2021-03-09,nauka zdalna,32
1TŻ5,2021-04-27,nauka zdalna,48
1TŻ5,2021-06-02,obecność,57
1TŻ5,2021-06-07,obecność,91
1TŻ5,2021-06-08,obecność,90
1TŻ5,2021-06-11,obecność,29
1TŻ5,2021-06-16,obecność,11
1TŻ5,2021-06-17,nieob. uspraw.,45
1TŻ5,2021-06-18,nieob. uspraw.,30
1TŻ5,2021-06-18,obecność,6
1TŻ5,2021-06-21,nieob. uspraw.,27
1TŻ5,2021-06-24,nieob. uspraw.,36
1TŻ5,2020-09-11,nieob. uspraw.,11
1TŻ5,2020-09-14,nieob. uspraw.,15
1TŻ5,2020-09-16,nieob. uspraw.,10
1TŻ5,2020-09-17,nieob. uspraw.,16
1TŻ5,2020-09-21,nieob. uspraw.,14
1TŻ5,2020-09-23,nieob. uspraw.,22
1TŻ5,2020-09-24,nieob. uspraw.,24
1TŻ5,2020-09-25,nieob. uspraw.,18
1TŻ5,2020-09-28,nieob. uspraw.,17
1TŻ5,2020-10-02,nieobecność,12
1TŻ5,2020-10-05,nieobecność,16
1TŻ5,2020-10-07,nieobecność,8
1TŻ5,2020-10-08,nieobecność,8
1TŻ5,2020-10-09,nieobecność,8
1TŻ5,2020-10-13,nieobecność,5
1TŻ5,2020-10-15,nieobecność,16
1TŻ5,2020-10-16,nieobecność,12
1TŻ5,2020-10-19,nieobecność,11
1TŻ5,2020-10-21,nieobecność,10
1TŻ5,2020-10-23,nieobecność,15
1TŻ5,2020-10-26,nieob. uspraw.,5
1TŻ5,2020-10-28,nieob. uspraw.,38
1TŻ5,2020-10-30,nieob. uspraw.,19
1TŻ5,2020-11-02,nieob. uspraw.,12
1TŻ5,2020-11-13,nieob. uspraw.,15
1TŻ5,2020-11-18,nieob. uspraw.,2
1TŻ5,2020-11-20,nieob. uspraw.,11
1TŻ5,2020-11-25,nieob. uspraw.,3
1TŻ5,2020-11-26,nieob. uspraw.,3
1TŻ5,2020-11-26,spóźn. uspr.,1
1TŻ5,2020-11-27,nieob. uspraw.,3
1TŻ5,2020-12-04,nieobecność,11
1TŻ5,2020-12-14,nieobecność,6
1TŻ5,2020-12-15,nieobecność,9
1TŻ5,2020-12-16,nieobecność,14
1TŻ5,2021-01-18,nieobecność,13
1TŻ5,2021-01-19,nieobecność,13
1TŻ5,2021-01-20,nieobecność,9
1TŻ5,2021-01-21,nieobecność,8
1TŻ5,2021-01-22,nieobecność,11
1TŻ5,2021-01-25,nieobecność,16
1TŻ5,2021-01-26,nieobecność,8
1TŻ5,2021-01-27,nieobecność,24
1TŻ5,2021-01-28,nieobecność,16
1TŻ5,2021-01-29,nieobecność,21
1TŻ5,2021-02-01,nieobecność,17
1TŻ5,2021-02-03,nieobecność,22
1TŻ5,2021-02-04,nieobecność,21
1TŻ5,2021-02-05,nieobecność,11
1TŻ5,2021-02-08,nieobecność,17
1TŻ5,2021-02-09,nieobecność,24
1TŻ5,2021-02-10,nieobecność,21
1TŻ5,2021-02-11,nieobecność,26
1TŻ5,2021-02-17,nieobecność,13
1TŻ5,2021-02-23,nieobecność,10
1TŻ5,2021-02-25,nieobecność,15
1TŻ5,2021-02-26,nieobecność,10
1TŻ5,2021-03-02,nieobecność,8
1TŻ5,2021-03-03,nieobecność,12
1TŻ5,2021-03-08,nieobecność,12
1TŻ5,2021-03-12,nieobecność,8
1TŻ5,2021-03-16,nieobecność,8
1TŻ5,2021-03-18,nieobecność,7
1TŻ5,2021-03-22,nieobecność,6
1TŻ5,2021-03-23,nieobecność,8
1TŻ5,2021-03-24,nieobecność,8
1TŻ5,2021-03-25,nieobecność,9
1TŻ5,2021-03-29,nieobecność,8
1TŻ5,2021-03-30,nieobecność,8
1TŻ5,2021-04-08,nieobecność,9
1TŻ5,2021-04-09,nieobecność,7
1TŻ5,2020-10-05,nieob. uspraw.,10
1TŻ5,2020-10-06,nieob. uspraw.,25
1TŻ5,2020-10-07,nieob. uspr. p.s.,2
1TŻ5,2020-10-08,nieob. uspraw.,18
1TŻ5,2020-10-12,nieob. uspr. p.s.,1
1TŻ5,2020-10-12,nieob. uspraw.,2
1TŻ5,2020-10-13,spóźn. uspr.,3
1TŻ5,2020-10-15,nieob. uspraw.,24
1TŻ5,2020-10-15,nieob. uspr. p.s.,2
1TŻ5,2020-11-12,nieob. uspraw.,4
1TŻ5,2020-11-16,spóźn. uspr.,1
1TŻ5,2020-11-16,nieob. uspraw.,8
1TŻ5,2021-01-18,nieob. uspraw.,4
1TŻ5,2021-02-03,nieob. uspraw.,2
1TŻ5,2021-02-05,nieob. uspraw.,3
1TŻ5,2021-02-11,nieob. uspraw.,2
1TŻ5,2021-02-12,nieob. uspraw.,2
1TŻ5,2021-02-15,nieob. uspraw.,9
1TŻ5,2021-02-19,nieob. uspraw.,8
1TŻ5,2021-02-24,nieob. uspraw.,15
1TŻ5,2021-03-02,nauka zdalna,32
1TŻ5,2021-03-04,nieob. uspraw.,6
1TŻ5,2021-03-15,nieob. uspraw.,9
1TŻ5,2021-03-22,nieob. uspraw.,12
1TŻ5,2021-03-24,nieob. uspraw.,15
1TŻ5,2021-04-12,nieob. uspraw.,7
1TŻ5,2021-04-23,nieob. uspraw.,5
1TŻ5,2021-05-12,nieobecność,4
1TŻ5,2021-05-26,nieob. uspraw.,9
1TŻ5,2021-05-28,nieob. uspraw.,12
1TŻ5,2021-06-11,nieob. uspraw.,19
1TŻ5,2021-06-16,nieob. uspraw.,45
1TŻ5,2020-09-07,nieob. uspraw.,2
1TŻ5,2020-09-22,nieob. uspraw.,32
1TŻ5,2020-10-09,nieob. uspraw.,4
1TŻ5,2020-10-19,nieob. uspraw.,13
1TŻ5,2020-10-21,nieob. uspraw.,6
1TŻ5,2020-11-04,nieob. uspraw.,9
1TŻ5,2020-11-05,nieob. uspraw.,5
1TŻ5,2020-11-06,nieob. uspraw.,3
1TŻ5,2020-11-09,nieob. uspraw.,4
1TŻ5,2020-11-10,nieob. uspraw.,9
1TŻ5,2020-11-17,nieob. uspraw.,15
1TŻ5,2020-11-19,spóźnienie,1
1TŻ5,2020-11-30,nieob. uspraw.,1
1TŻ5,2020-12-09,spóźnienie,4
1TŻ5,2020-12-09,nieob. uspraw.,5
1TŻ5,2020-12-10,nieob. uspraw.,4
1TŻ5,2020-12-11,nieob. uspraw.,9
1TŻ5,2020-12-22,nieob. uspraw.,8
1TŻ5,2021-02-22,nieob. uspraw.,14
1TŻ5,2021-02-25,nieob. uspraw.,3
1TŻ5,2021-03-03,nieob. uspraw.,4
1TŻ5,2021-03-08,nieob. uspraw.,8
1TŻ5,2021-03-10,nieob. uspraw.,3
1TŻ5,2021-03-16,nieob. uspraw.,9
1TŻ5,2021-03-19,nieob. uspraw.,8
1TŻ5,2021-03-25,nieob. uspraw.,9
1TŻ5,2021-04-07,spóźnienie,1
1TŻ5,2021-04-09,nieob. uspraw.,6
1TŻ5,2021-04-14,nieob. uspraw.,6
1TŻ5,2021-04-15,nieob. uspraw.,10
1TŻ5,2021-04-19,nieob. uspraw.,4
1TŻ5,2021-04-21,nieob. uspraw.,11
1TŻ5,2021-04-27,nieob. uspraw.,1
1TŻ5,2021-04-28,nieob. uspraw.,9
1TŻ5,2021-04-29,nieob. uspraw.,6
1TŻ5,2021-04-30,nieob. uspraw.,4
1TŻ5,2021-05-07,nieob. uspraw.,10
1TŻ5,2021-05-10,nieob. uspraw.,3
1TŻ5,2021-05-11,nieob. uspraw.,5
1TŻ5,2021-05-12,nieob. uspraw.,6
1TŻ5,2021-05-14,nieob. uspraw.,4
1TŻ5,2021-05-19,spóźnienie,3
1TŻ5,2021-05-20,spóźnienie,4
1TŻ5,2021-05-25,spóźn. uspr.,1
1TŻ5,2021-06-01,nieobecność,2
1TŻ5,2021-06-02,spóźnienie,5
1TŻ5,2021-06-08,spóźnienie,2
1TŻ5,2021-06-09,spóźnienie,2
1TŻ5,2021-06-10,nieobecność,8
1TŻ5,2021-06-14,nieobecność,14
1TŻ5,2021-06-15,nieobecność,8
1TŻ5,2020-09-10,nieob. uspraw.,16
1TŻ5,2020-09-15,nieob. uspraw.,8
1TŻ5,2020-09-18,nieob. uspraw.,16
1TŻ5,2020-10-07,nieob. uspraw.,14
1TŻ5,2020-10-27,nieob. uspraw.,8
1TŻ5,2020-12-14,nieob. uspraw.,4
1TŻ5,2021-01-27,spóźn. uspr.,2
1TŻ5,2021-05-19,spóźn. uspr.,1
1TŻ5,2021-06-01,nieob. uspraw.,25
1TŻ5,2021-06-10,nieob. uspraw.,17
1TŻ5,2020-09-10,nieobecność,16
1TŻ5,2020-09-11,nieobecność,21
1TŻ5,2020-09-14,nieobecność,6
1TŻ5,2020-10-06,spóźnienie,1
1TŻ5,2020-10-06,nieobecność,1
1TŻ5,2020-10-30,nieobecność,10
1TŻ5,2020-11-02,nieobecność,9
1TŻ5,2020-11-04,nieobecność,16
1TŻ5,2020-11-06,nieobecność,9
1TŻ5,2020-11-23,nieobecność,5
1TŻ5,2020-11-26,nieobecność,3
1TŻ5,2020-12-11,spóźnienie,3
1TŻ5,2020-12-22,nieobecność,1
1TŻ5,2021-02-02,nieobecność,17
1TŻ5,2021-02-10,spóźnienie,1
1TŻ5,2021-03-02,nieob. uspraw.,8
1TŻ5,2021-03-17,nieob. uspraw.,8
1TŻ5,2021-03-18,spóźn. uspr.,2
1TŻ5,2021-04-16,nieobecność,3
1TŻ5,2021-04-27,nieobecność,7
1TŻ5,2021-05-17,nieob. uspr. p.s.,1
1TŻ5,2021-05-18,nieobecność,9
1TŻ5,2020-10-05,spóźn. uspr.,1
1TŻ5,2020-10-06,spóźn. uspr.,2
1TŻ5,2020-11-05,spóźn. uspr.,1
1TŻ5,2020-12-07,nieob. uspraw.,2
1TŻ5,2020-12-11,spóźn. uspr.,1
1TŻ5,2020-12-21,nieob. uspraw.,2
1TŻ5,2021-01-28,nieob. uspraw.,4
1TŻ5,2021-03-16,obecność,38
1TŻ5,2021-03-16,spóźn. uspr.,2
1TŻ5,2021-03-22,spóźn. uspr.,1
1TŻ5,2021-05-20,spóźn. uspr.,1
1TŻ5,2021-05-24,nieob. uspraw.,2
1TŻ5,2021-05-27,nieob. uspraw.,1
1TŻ5,2021-06-02,spóźn. uspr.,1
1TŻ5,2021-06-08,spóźn. uspr.,2
1TŻ5,2021-06-08,nieob. uspraw.,10
1TŻ5,2021-06-09,nieob. uspraw.,5
1TŻ5,2021-06-09,spóźn. uspr.,3
1TŻ5,2021-06-14,nieob. uspraw.,7
1TŻ5,2021-06-15,nieob. uspraw.,2
1TŻ5,2021-03-03,nieob. uspr. p.s.,10
1TŻ5,2021-06-21,obecność,5
1TŻ5,2020-09-07,nieobecność,7
1TŻ5,2020-09-08,nieobecność,8
1TŻ5,2020-09-09,nieobecność,7
1TŻ5,2020-10-20,nieobecność,14
1TŻ5,2020-11-09,nieobecność,9
1TŻ5,2020-12-08,nieobecność,7
1TŻ5,2021-02-16,nieobecność,8
1TŻ5,2021-03-08,spóźnienie,2
1TŻ5,2021-03-18,nieob. uspraw.,8
1TŻ5,2021-03-23,nieob. uspraw.,9
1TŻ5,2021-04-07,nieob. uspraw.,3
1TŻ5,2021-04-26,nieobecność,2
1TŻ5,2021-04-28,nieobecność,3
1TŻ5,2020-10-21,spóźn. uspr.,1
1TŻ5,2020-10-28,spóźn. uspr.,2
1TŻ5,2020-12-07,spóźnienie,3
1TŻ5,2020-12-17,spóźnienie,1
1TŻ5,2020-12-21,spóźnienie,1
1TŻ5,2021-02-18,spóźn. uspr.,1
1TŻ5,2021-03-04,spóźn. uspr.,2
1TŻ5,2021-03-05,nieob. uspraw.,1
1TŻ5,2021-03-08,spóźn. uspr.,1
1TŻ5,2021-03-10,spóźn. uspr.,2
1TŻ5,2021-03-29,spóźn. uspr.,1
1TŻ5,2021-03-29,nieob. uspraw.,2
1TŻ5,2021-03-30,nieob. uspraw.,2
1TŻ5,2021-03-31,spóźn. uspr.,2
1TŻ5,2021-04-08,nieob. uspraw.,3
1TŻ5,2021-04-22,spóźn. uspr.,1
1TŻ5,2021-05-13,spóźn. uspr.,2
1TŻ5,2021-05-14,spóźn. uspr.,1
1TŻ5,2021-05-20,nieob. uspraw.,3
1TŻ5,2020-09-22,nieobecność,4
1TŻ5,2020-09-23,nieobecność,7
1TŻ5,2020-09-24,nieobecność,8
1TŻ5,2020-09-25,nieobecność,6
1TŻ5,2020-09-28,nieobecność,8
1TŻ5,2020-10-12,nieobecność,8
1TŻ5,2020-10-20,obecność,2
1TŻ5,2020-10-22,nieobecność,8
1TŻ5,2020-11-16,nieobecność,1
1TŻ5,2020-12-03,spóźnienie,1
1TŻ5,2021-02-16,nieob. uspraw.,8
1TŻ5,2021-02-17,nieob. uspraw.,7
1TŻ5,2021-02-18,nieob. uspraw.,9
1TŻ5,2021-06-09,nieobecność,14
1TŻ5,2021-06-10,spóźnienie,1
1TŻ5,2021-05-18,nieob. uspraw.,9
1TŻ5,2021-06-17,obecność,3
1TŻ5,2020-10-29,spóźn. uspr.,1
1TŻ5,2020-11-03,nieob. uspraw.,6
1TŻ5,2020-11-23,nieob. uspraw.,2
1TŻ5,2020-11-25,spóźn. uspr.,1
1TŻ5,2020-12-02,spóźn. uspr.,1
1TŻ5,2020-12-03,nieob. uspraw.,2
1TŻ5,2020-12-16,spóźn. uspr.,1
1TŻ5,2020-12-16,nieob. uspraw.,1
1TŻ5,2020-12-17,nieob. uspraw.,1
1TŻ5,2020-12-18,nieob. uspraw.,1
1TŻ5,2021-01-20,nieob. uspraw.,2
1TŻ5,2021-03-31,nieob. uspraw.,1
1TŻ5,2021-04-20,nieob. uspraw.,1
1TŻ5,2021-04-22,nieob. uspraw.,5
1TŻ5,2021-04-26,nieob. uspraw.,3
1TŻ5,2021-04-29,spóźn. uspr.,1
1TŻ5,2021-06-15,spóźnienie,1
1TŻ5,2020-09-03,nieobecność,1
1TŻ5,2020-09-08,nieob. uspraw.,3
1TŻ5,2020-09-10,zwolniony,1
1TŻ5,2020-09-11,spóźn. uspr.,2
1TŻ5,2020-09-30,spóźnienie,1
1TŻ5,2020-10-13,nieob. uspraw.,1
1TŻ5,2020-10-29,nieob. uspraw.,5
1TŻ5,2020-11-19,nieobecność,3
1TŻ5,2020-12-02,nieobecność,1
1TŻ5,2020-12-16,spóźnienie,1
1TŻ5,2021-02-24,spóźnienie,1
1TŻ5,2021-02-25,spóźnienie,1
1TŻ5,2021-04-15,nieobecność,2
1TŻ5,2021-04-20,spóźnienie,1
1TŻ5,2021-04-27,spóźnienie,1
1TŻ5,2021-04-30,nieobecność,1
1TŻ5,2021-05-12,spóźnienie,1
1TŻ5,2021-06-10,spóźn. uspr.,1
2RŻ5,2020-09-01,obecność,189
2RŻ5,2020-09-02,nieob. uspraw.,20
2RŻ5,2020-09-03,obecność,92
2RŻ5,2020-09-04,nieob. uspraw.,20
2RŻ5,2020-09-07,obecność,190
2RŻ5,2020-09-08,nieob. uspraw.,42
2RŻ5,2020-09-09,obecność,219
2RŻ5,2020-09-10,obecność,71
2RŻ5,2020-09-11,nieob. uspraw.,56
2RŻ5,2020-09-14,obecność,156
2RŻ5,2020-09-15,nieob. uspraw.,58
2RŻ5,2020-09-16,nieob. uspraw.,29
2RŻ5,2020-09-17,obecność,76
2RŻ5,2020-09-18,nieob. uspraw.,52
2RŻ5,2020-09-21,nieob. uspraw.,64
2RŻ5,2020-09-22,nieob. uspraw.,59
2RŻ5,2020-09-23,nieob. uspraw.,41
2RŻ5,2020-09-24,nieob. uspraw.,13
2RŻ5,2020-09-25,nieob. uspraw.,28
2RŻ5,2020-09-28,obecność,176
2RŻ5,2020-09-29,obecność,120
2RŻ5,2020-09-30,obecność,132
2RŻ5,2020-09-30,nieobecność,5
2RŻ5,2020-10-01,obecność,56
2RŻ5,2020-10-02,obecność,160
2RŻ5,2020-10-05,obecność,201
2RŻ5,2020-10-05,nieob. uspraw.,31
2RŻ5,2020-10-06,nieobecność,16
2RŻ5,2020-10-07,obecność,137
2RŻ5,2020-10-08,obecność,64
2RŻ5,2020-10-09,obecność,175
2RŻ5,2020-10-12,nieobecność,16
2RŻ5,2020-10-13,obecność,191
2RŻ5,2020-10-15,obecność,66
2RŻ5,2020-10-16,nieobecność,10
2RŻ5,2020-10-19,obecność,199
2RŻ5,2020-10-20,obecność,173
2RŻ5,2020-10-21,nieobecność,27
2RŻ5,2020-10-22,obecność,60
2RŻ5,2020-10-23,obecność,148
2RŻ5,2020-10-23,nieobecność,14
2RŻ5,2020-10-26,nieob. uspraw.,35
2RŻ5,2020-10-27,nieob. uspraw.,20
2RŻ5,2020-10-28,nauka zdalna,177
2RŻ5,2020-10-28,nieobecność,18
2RŻ5,2020-10-29,nieobecność,11
2RŻ5,2020-10-30,nieobecność,25
2RŻ5,2020-11-02,nieobecność,23
2RŻ5,2020-11-02,nauka zdalna,198
2RŻ5,2020-11-03,nieobecność,26
2RŻ5,2020-11-03,nauka zdalna,169
2RŻ5,2020-11-04,nieobecność,26
2RŻ5,2020-11-04,nauka zdalna,193
2RŻ5,2020-11-05,nauka zdalna,57
2RŻ5,2020-11-05,nieobecność,10
2RŻ5,2020-11-06,nauka zdalna,177
2RŻ5,2020-11-09,nieobecność,12
2RŻ5,2020-11-09,nauka zdalna,202
2RŻ5,2020-11-10,nieobecność,22
2RŻ5,2020-11-12,nieobecność,8
2RŻ5,2020-11-12,nauka zdalna,49
2RŻ5,2020-11-13,nauka zdalna,198
2RŻ5,2020-11-16,nauka zdalna,208
2RŻ5,2020-11-17,nauka zdalna,162
2RŻ5,2020-11-18,spóźnienie,1
2RŻ5,2020-11-18,nauka zdalna,164
2RŻ5,2020-11-19,nauka zdalna,63
2RŻ5,2020-11-20,nauka zdalna,192
2RŻ5,2020-11-20,nieobecność,6
2RŻ5,2020-11-23,nauka zdalna,209
2RŻ5,2020-11-24,spóźnienie,2
2RŻ5,2020-11-24,nauka zdalna,184
2RŻ5,2020-11-25,nauka zdalna,182
2RŻ5,2020-11-26,nauka zdalna,59
2RŻ5,2020-11-27,nieobecność,13
2RŻ5,2020-11-30,nauka zdalna,215
2RŻ5,2020-12-01,nieobecność,8
2RŻ5,2020-12-01,nauka zdalna,203
2RŻ5,2020-12-02,nauka zdalna,201
2RŻ5,2020-12-03,nauka zdalna,65
2RŻ5,2020-12-04,nauka zdalna,178
2RŻ5,2020-12-07,nauka zdalna,201
2RŻ5,2020-12-08,nauka zdalna,180
2RŻ5,2020-12-09,nieobecność,21
2RŻ5,2020-12-09,nauka zdalna,177
2RŻ5,2020-12-10,nieobecność,6
2RŻ5,2020-12-10,nauka zdalna,64
2RŻ5,2020-12-11,nauka zdalna,191
2RŻ5,2020-12-11,nieobecność,7
2RŻ5,2020-12-14,nauka zdalna,195
2RŻ5,2020-12-15,nauka zdalna,111
2RŻ5,2020-12-16,nauka zdalna,210
2RŻ5,2020-12-17,nauka zdalna,76
2RŻ5,2020-12-18,nieobecność,32
2RŻ5,2020-12-21,nauka zdalna,155
2RŻ5,2020-12-21,nieobecność,49
2RŻ5,2020-12-22,nauka zdalna,136
2RŻ5,2021-01-18,nauka zdalna,210
2RŻ5,2021-01-19,nauka zdalna,133
2RŻ5,2021-01-19,nieobecność,9
2RŻ5,2021-01-20,nauka zdalna,198
2RŻ5,2021-01-21,nauka zdalna,81
2RŻ5,2021-01-22,nauka zdalna,205
2RŻ5,2021-01-25,nieobecność,38
2RŻ5,2021-01-25,nauka zdalna,167
2RŻ5,2021-01-26,nauka zdalna,124
2RŻ5,2021-01-27,nauka zdalna,215
2RŻ5,2021-01-28,nieobecność,22
2RŻ5,2021-01-29,nauka zdalna,216
2RŻ5,2021-01-29,zwolniony,1
2RŻ5,2021-02-01,nauka zdalna,141
2RŻ5,2021-02-01,nieobecność,26
2RŻ5,2021-02-02,nauka zdalna,185
2RŻ5,2021-02-03,nieob. uspraw.,16
2RŻ5,2021-02-04,nieob. uspraw.,14
2RŻ5,2021-02-05,nauka zdalna,221
2RŻ5,2021-02-08,nieob. uspraw.,26
2RŻ5,2021-02-09,nauka zdalna,184
2RŻ5,2021-02-10,nauka zdalna,206
2RŻ5,2021-02-11,nieob. uspraw.,11
2RŻ5,2021-02-12,nauka zdalna,193
2RŻ5,2021-02-12,nieobecność,27
2RŻ5,2021-02-15,nieob. uspraw.,31
2RŻ5,2021-02-16,nauka zdalna,182
2RŻ5,2021-02-17,nieobecność,30
2RŻ5,2021-02-17,nauka zdalna,190
2RŻ5,2021-02-18,nieob. uspraw.,9
2RŻ5,2021-02-19,nauka zdalna,208
2RŻ5,2021-02-22,nieob. uspraw.,36
2RŻ5,2021-02-23,nieob. uspraw.,36
2RŻ5,2021-02-24,nauka zdalna,183
2RŻ5,2021-02-25,nieobecność,12
2RŻ5,2021-02-25,nauka zdalna,31
2RŻ5,2021-02-26,nieob. uspraw.,17
2RŻ5,2021-03-15,nauka zdalna,136
2RŻ5,2021-03-15,nieobecność,24
2RŻ5,2021-03-16,nauka zdalna,169
2RŻ5,2021-03-17,nauka zdalna,156
2RŻ5,2021-03-19,nauka zdalna,169
2RŻ5,2021-03-22,nauka zdalna,192
2RŻ5,2021-03-23,nauka zdalna,177
2RŻ5,2021-03-24,nieobecność,17
2RŻ5,2021-03-24,nauka zdalna,211
2RŻ5,2021-03-25,nauka zdalna,60
2RŻ5,2021-03-26,nauka zdalna,185
2RŻ5,2021-03-29,nauka zdalna,157
2RŻ5,2021-03-30,nauka zdalna,152
2RŻ5,2021-03-31,nieob. uspraw.,48
2RŻ5,2021-04-07,nieob. uspraw.,39
2RŻ5,2021-04-08,nieob. uspraw.,14
2RŻ5,2021-04-09,nauka zdalna,209
2RŻ5,2021-04-12,nieob. uspraw.,37
2RŻ5,2021-04-13,nauka zdalna,179
2RŻ5,2021-04-13,nieobecność,9
2RŻ5,2021-04-14,nieob. uspraw.,37
2RŻ5,2021-04-14,nauka zdalna,163
2RŻ5,2021-04-15,nieob. uspraw.,13
2RŻ5,2021-04-15,nauka zdalna,45
2RŻ5,2021-04-16,nauka zdalna,221
2RŻ5,2021-04-16,nieobecność,7
2RŻ5,2021-04-19,nieob. uspraw.,42
2RŻ5,2021-04-20,nieob. uspraw.,31
2RŻ5,2021-04-21,nieob. uspraw.,38
2RŻ5,2021-04-22,nieob. uspraw.,15
2RŻ5,2021-04-23,nieob. uspraw.,21
2RŻ5,2021-04-26,nieob. uspraw.,25
2RŻ5,2021-04-27,nieobecność,10
2RŻ5,2021-04-27,nauka zdalna,177
2RŻ5,2021-04-27,nieob. uspraw.,16
2RŻ5,2021-04-28,nieob. uspraw.,35
2RŻ5,2021-04-29,nieob. uspraw.,18
2RŻ5,2021-04-30,nieob. uspraw.,41
2RŻ5,2021-05-07,nieob. uspraw.,41
2RŻ5,2021-05-10,nieob. uspraw.,106
2RŻ5,2021-05-11,nieob. uspraw.,19
2RŻ5,2021-05-11,nauka zdalna,162
2RŻ5,2021-05-12,nauka zdalna,198
2RŻ5,2021-05-12,nieobecność,23
2RŻ5,2021-05-13,nauka zdalna,65
2RŻ5,2021-05-13,nieob. uspraw.,11
2RŻ5,2021-05-14,nauka zdalna,162
2RŻ5,2021-05-14,nieobecność,9
2RŻ5,2021-05-17,nieob. uspraw.,50
2RŻ5,2021-05-17,nauka zdalna,179
2RŻ5,2021-05-18,nieob. uspraw.,47
2RŻ5,2021-05-19,nieob. uspraw.,58
2RŻ5,2021-05-20,nieob. uspraw.,33
2RŻ5,2021-05-21,nieob. uspraw.,48
2RŻ5,2021-05-21,nauka zdalna,155
2RŻ5,2021-05-24,nieob. uspraw.,36
2RŻ5,2021-05-25,nieob. uspraw.,21
2RŻ5,2021-05-26,nieob. uspraw.,53
2RŻ5,2021-05-27,nieob. uspraw.,16
2RŻ5,2021-05-28,nieob. uspraw.,59
2RŻ5,2021-05-31,nieob. uspraw.,85
2RŻ5,2021-06-01,nieob. uspraw.,43
2RŻ5,2021-06-02,nieob. uspraw.,106
2RŻ5,2021-06-07,nieob. uspraw.,128
2RŻ5,2021-06-08,nieob. uspraw.,60
2RŻ5,2021-06-09,nieob. uspraw.,66
2RŻ5,2021-06-10,nieob. uspraw.,31
2RŻ5,2021-06-11,nieob. uspraw.,65
2RŻ5,2021-06-14,nieob. uspraw.,107
2RŻ5,2021-06-15,nieob. uspraw.,99
2RŻ5,2021-06-16,nieob. uspraw.,76
2RŻ5,2021-06-17,nieob. uspraw.,51
2RŻ5,2021-06-18,nieob. uspraw.,84
2RŻ5,2021-06-21,nieob. uspraw.,224
2RŻ5,2021-06-23,nieob. uspraw.,196
2RŻ5,2021-06-24,obecność,11
2RŻ5,2021-06-25,obecność,203
2RŻ5,2020-09-02,obecność,206
2RŻ5,2020-09-04,obecność,220
2RŻ5,2020-09-08,obecność,125
2RŻ5,2020-09-11,obecność,182
2RŻ5,2020-09-15,obecność,104
2RŻ5,2020-09-16,obecność,205
2RŻ5,2020-09-18,obecność,184
2RŻ5,2020-09-21,obecność,160
2RŻ5,2020-09-22,obecność,144
2RŻ5,2020-09-23,obecność,175
2RŻ5,2020-09-24,obecność,57
2RŻ5,2020-09-25,obecność,167
2RŻ5,2020-10-06,obecność,167
2RŻ5,2020-10-12,obecność,188
2RŻ5,2020-10-15,nieob. uspraw.,8
2RŻ5,2020-10-16,obecność,124
2RŻ5,2020-10-21,obecność,182
2RŻ5,2020-10-26,nauka zdalna,193
2RŻ5,2020-10-27,nauka zdalna,186
2RŻ5,2020-10-29,nauka zdalna,56
2RŻ5,2020-10-30,nauka zdalna,155
2RŻ5,2020-11-10,nauka zdalna,176
2RŻ5,2020-11-27,nauka zdalna,187
2RŻ5,2020-12-02,nieobecność,14
2RŻ5,2020-12-04,nieobecność,15
2RŻ5,2020-12-14,nieobecność,21
2RŻ5,2020-12-18,nauka zdalna,166
2RŻ5,2021-01-18,nieobecność,13
2RŻ5,2021-01-28,nauka zdalna,66
2RŻ5,2021-02-03,nauka zdalna,209
2RŻ5,2021-02-04,obecność,26
2RŻ5,2021-02-08,nauka zdalna,162
2RŻ5,2021-02-11,obecność,25
2RŻ5,2021-02-15,nauka zdalna,129
2RŻ5,2021-02-18,obecność,22
2RŻ5,2021-02-22,nauka zdalna,167
2RŻ5,2021-02-23,nauka zdalna,145
2RŻ5,2021-02-23,nieobecność,29
2RŻ5,2021-02-24,nieob. uspraw.,28
2RŻ5,2021-02-25,obecność,22
2RŻ5,2021-02-26,nauka zdalna,205
2RŻ5,2021-03-31,nauka zdalna,166
2RŻ5,2021-04-07,nauka zdalna,187
2RŻ5,2021-04-08,nauka zdalna,50
2RŻ5,2021-04-12,nauka zdalna,169
2RŻ5,2021-04-19,nauka zdalna,160
2RŻ5,2021-04-20,nauka zdalna,166
2RŻ5,2021-04-21,nauka zdalna,190
2RŻ5,2021-04-22,nauka zdalna,45
2RŻ5,2021-04-22,nieob. uspr. p.s.,1
2RŻ5,2021-04-23,nauka zdalna,197
2RŻ5,2021-04-26,nauka zdalna,175
2RŻ5,2021-04-28,spóźnienie,3
2RŻ5,2021-04-28,nauka zdalna,166
2RŻ5,2021-04-29,nauka zdalna,40
2RŻ5,2021-04-30,nauka zdalna,174
2RŻ5,2021-05-07,nauka zdalna,160
2RŻ5,2021-05-10,nauka zdalna,128
2RŻ5,2021-05-13,obecność,16
2RŻ5,2021-05-18,nauka zdalna,139
2RŻ5,2021-05-19,nauka zdalna,180
2RŻ5,2021-05-20,nauka zdalna,62
2RŻ5,2021-05-24,obecność,203
2RŻ5,2021-05-25,obecność,168
2RŻ5,2021-05-26,obecność,186
2RŻ5,2021-05-27,obecność,79
2RŻ5,2021-05-28,obecność,156
2RŻ5,2021-06-14,obecność,82
2RŻ5,2021-06-15,obecność,62
2RŻ5,2021-06-16,obecność,84
2RŻ5,2021-06-17,obecność,29
2RŻ5,2021-06-21,obecność,16
2RŻ5,2021-06-24,nieob. uspraw.,84
2RŻ5,2020-10-05,nieob. uspr. p.s.,8
2RŻ5,2020-10-07,nieob. uspr. p.s.,10
2RŻ5,2020-10-12,nieob. uspr. p.s.,15
2RŻ5,2020-10-19,nieob. uspraw.,31
2RŻ5,2020-10-20,nieob. uspraw.,32
2RŻ5,2020-10-21,nieob. uspraw.,19
2RŻ5,2020-10-22,nieob. uspraw.,12
2RŻ5,2020-10-23,nieob. uspraw.,45
2RŻ5,2020-09-01,nieob. uspraw.,21
2RŻ5,2020-09-09,nieob. uspraw.,19
2RŻ5,2020-09-25,nieob. uspr. p.s.,6
2RŻ5,2020-09-25,spóźnienie,2
2RŻ5,2020-09-28,nieob. uspraw.,9
2RŻ5,2020-09-29,nieob. uspr. p.s.,6
2RŻ5,2020-09-29,nieob. uspraw.,28
2RŻ5,2020-09-30,nieob. uspraw.,38
2RŻ5,2020-10-01,nieob. uspraw.,14
2RŻ5,2020-10-02,nieobecność,6
2RŻ5,2020-10-02,nieob. uspr. p.s.,16
2RŻ5,2020-10-06,nieob. uspraw.,31
2RŻ5,2020-10-07,nieob. uspraw.,35
2RŻ5,2020-10-08,nieob. uspraw.,10
2RŻ5,2020-10-09,nieob. uspraw.,28
2RŻ5,2020-10-20,nieob. uspr. p.s.,6
2RŻ5,2020-11-03,nieob. uspraw.,26
2RŻ5,2020-11-09,nieob. uspraw.,26
2RŻ5,2020-11-16,nieob. uspraw.,14
2RŻ5,2020-11-24,nieob. uspraw.,21
2RŻ5,2020-11-26,nieob. uspraw.,10
2RŻ5,2020-12-03,nieob. uspraw.,2
2RŻ5,2020-12-04,nieob. uspraw.,11
2RŻ5,2020-12-04,nieob. uspr. p.s.,6
2RŻ5,2020-12-18,nieob. uspraw.,35
2RŻ5,2020-12-21,nieob. uspraw.,9
2RŻ5,2021-01-19,nieob. uspraw.,19
2RŻ5,2021-01-22,nieob. uspraw.,26
2RŻ5,2021-01-29,nieob. uspraw.,16
2RŻ5,2021-02-04,nauka zdalna,19
2RŻ5,2021-02-05,nieob. uspraw.,12
2RŻ5,2021-02-11,nauka zdalna,26
2RŻ5,2021-02-12,nieob. uspraw.,20
2RŻ5,2021-02-15,nieobecność,23
2RŻ5,2021-02-18,nauka zdalna,28
2RŻ5,2021-03-16,nieob. uspraw.,30
2RŻ5,2021-03-18,nauka zdalna,18
2RŻ5,2021-03-19,nieob. uspraw.,53
2RŻ5,2021-03-24,nieob. uspraw.,8
2RŻ5,2021-03-26,nieob. uspraw.,33
2RŻ5,2021-03-29,nieob. uspraw.,46
2RŻ5,2021-03-30,nieob. uspraw.,30
2RŻ5,2021-04-13,nieob. uspraw.,19
2RŻ5,2021-05-14,nieob. uspraw.,39
2RŻ5,2021-05-31,obecność,78
2RŻ5,2021-06-01,obecność,72
2RŻ5,2021-06-02,obecność,54
2RŻ5,2021-06-08,obecność,66
2RŻ5,2021-06-11,obecność,47
2RŻ5,2021-06-18,obecność,126
2RŻ5,2020-09-07,nieob. uspraw.,10
2RŻ5,2020-09-10,nieob. uspraw.,12
2RŻ5,2020-09-16,nieobecność,5
2RŻ5,2020-09-21,nieobecność,9
2RŻ5,2020-09-22,nieobecność,9
2RŻ5,2020-09-23,nieobecność,12
2RŻ5,2020-09-29,nieobecność,7
2RŻ5,2020-10-07,nieobecność,9
2RŻ5,2020-10-08,nieobecność,2
2RŻ5,2020-10-13,nieobecność,8
2RŻ5,2020-10-19,nieobecność,9
2RŻ5,2020-11-10,spóźnienie,2
2RŻ5,2020-11-16,nieobecność,17
2RŻ5,2020-11-17,nieobecność,21
2RŻ5,2020-11-24,nieobecność,13
2RŻ5,2020-12-07,nieob. uspr. p.s.,4
2RŻ5,2020-12-08,nieob. uspr. p.s.,5
2RŻ5,2020-12-22,nieobecność,18
2RŻ5,2021-01-20,nieobecność,13
2RŻ5,2021-01-26,nieobecność,22
2RŻ5,2021-02-02,nieobecność,16
2RŻ5,2021-02-04,nieobecność,6
2RŻ5,2021-02-08,nieobecność,33
2RŻ5,2021-02-16,nieobecność,16
2RŻ5,2021-02-22,nieobecność,16
2RŻ5,2021-02-26,spóźnienie,2
2RŻ5,2021-03-17,spóźnienie,1
2RŻ5,2021-03-19,nieobecność,17
2RŻ5,2021-03-22,nieobecność,14
2RŻ5,2021-03-26,nieobecność,21
2RŻ5,2021-03-29,nieobecność,15
2RŻ5,2021-03-30,nieobecność,24
2RŻ5,2021-04-12,nieobecność,8
2RŻ5,2021-04-13,spóźnienie,2
2RŻ5,2021-04-14,nieobecność,38
2RŻ5,2021-04-19,nieobecność,19
2RŻ5,2021-04-20,nieobecność,11
2RŻ5,2021-04-23,nieobecność,11
2RŻ5,2021-04-27,spóźnienie,3
2RŻ5,2021-04-30,nieobecność,25
2RŻ5,2021-05-10,nieobecność,3
2RŻ5,2021-05-17,nieobecność,3
2RŻ5,2021-05-21,nieobecność,5
2RŻ5,2021-05-28,nieobecność,9
2RŻ5,2021-06-01,nieobecność,19
2RŻ5,2021-06-02,nieobecność,15
2RŻ5,2021-06-07,nieobecność,7
2RŻ5,2021-06-09,nieobecność,30
2RŻ5,2021-06-09,obecność,79
2RŻ5,2021-06-11,nieobecność,13
2RŻ5,2021-06-14,nieobecność,51
2RŻ5,2021-06-15,nieobecność,60
2RŻ5,2021-06-16,nieobecność,49
2RŻ5,2020-09-03,nieob. uspraw.,3
2RŻ5,2020-09-14,nieob. uspraw.,34
2RŻ5,2020-09-22,zwolniony,3
2RŻ5,2020-10-12,nieob. uspraw.,18
2RŻ5,2020-10-13,nieob. uspraw.,17
2RŻ5,2020-11-02,nieob. uspraw.,19
2RŻ5,2020-11-04,nieob. uspraw.,9
2RŻ5,2020-11-05,nieob. uspraw.,9
2RŻ5,2020-11-06,nieob. uspraw.,20
2RŻ5,2020-11-10,nieob. uspraw.,10
2RŻ5,2020-11-13,nieob. uspraw.,11
2RŻ5,2020-11-17,nieob. uspraw.,27
2RŻ5,2020-11-18,nieob. uspraw.,12
2RŻ5,2020-11-23,nieob. uspraw.,17
2RŻ5,2020-11-25,nieob. uspraw.,28
2RŻ5,2020-11-30,nieob. uspraw.,5
2RŻ5,2020-11-30,spóźn. uspr.,3
2RŻ5,2020-12-02,nieob. uspraw.,14
2RŻ5,2020-12-08,nieob. uspraw.,21
2RŻ5,2020-12-09,nieob. uspraw.,31
2RŻ5,2020-12-11,nieob. uspraw.,12
2RŻ5,2020-12-14,nieob. uspraw.,20
2RŻ5,2020-12-15,nieob. uspraw.,21
2RŻ5,2020-12-17,nieob. uspraw.,15
2RŻ5,2021-01-21,nieobecność,6
2RŻ5,2021-01-22,nieobecność,9
2RŻ5,2021-01-27,nieob. uspraw.,14
2RŻ5,2021-01-29,nieobecność,7
2RŻ5,2021-02-03,nieobecność,15
2RŻ5,2021-02-05,nieobecność,5
2RŻ5,2021-02-09,nieobecność,11
2RŻ5,2021-02-18,nieobecność,6
2RŻ5,2021-02-26,nieobecność,16
2RŻ5,2021-03-15,nieob. uspraw.,23
2RŻ5,2021-03-17,nieobecność,18
2RŻ5,2021-03-23,nieobecność,11
2RŻ5,2021-03-25,nieob. uspraw.,3
2RŻ5,2021-03-29,spóźnienie,1
2RŻ5,2021-04-07,spóźnienie,3
2RŻ5,2021-04-07,nieobecność,11
2RŻ5,2021-04-09,nieobecność,6
2RŻ5,2021-04-21,nieobecność,10
2RŻ5,2021-04-26,nieobecność,16
2RŻ5,2021-04-28,nieobecność,28
2RŻ5,2021-06-10,obecność,22
2RŻ5,2021-06-16,spóźn. uspr.,1
2RŻ5,2020-11-20,nieob. uspraw.,12
2RŻ5,2020-11-25,spóźnienie,2
2RŻ5,2020-11-25,nieobecność,17
2RŻ5,2020-12-08,nieobecność,13
2RŻ5,2021-02-24,spóźnienie,1
2RŻ5,2021-03-23,nieob. uspraw.,22
2RŻ5,2021-03-29,spóźn. uspr.,2
2RŻ5,2021-04-12,spóźn. uspr.,5
2RŻ5,2021-04-16,nieob. uspraw.,11
2RŻ5,2021-04-27,spóźn. uspr.,1
2RŻ5,2021-05-07,zwolniony,2
2RŻ5,2021-05-28,spóźn. uspr.,1
2RŻ5,2021-06-23,obecność,14
2RŻ5,2020-11-13,nieobecność,1
2RŻ5,2020-11-23,nieobecność,14
2RŻ5,2020-11-26,nieobecność,6
2RŻ5,2020-11-30,nieobecność,16
2RŻ5,2020-12-03,spóźnienie,4
2RŻ5,2020-12-07,nieobecność,13
2RŻ5,2020-12-08,spóźnienie,2
2RŻ5,2020-12-17,nieobecność,4
2RŻ5,2021-01-25,nieob. uspraw.,27
2RŻ5,2021-01-25,nieob. uspr. p.s.,6
2RŻ5,2021-01-26,nieob. uspraw.,9
2RŻ5,2021-01-26,nieob. uspr. p.s.,4
2RŻ5,2021-01-27,spóźn. uspr.,3
2RŻ5,2021-02-01,nieob. uspr. p.s.,7
2RŻ5,2021-02-01,nieob. uspraw.,9
2RŻ5,2021-02-05,nieob. uspr. p.s.,2
2RŻ5,2021-02-19,nieobecność,15
2RŻ5,2021-02-22,spóźnienie,2
2RŻ5,2021-03-16,nieobecność,11
2RŻ5,2021-03-31,nieobecność,25
2RŻ5,2021-04-15,nieobecność,7
2RŻ5,2021-05-11,spóźnienie,4
2RŻ5,2021-05-18,nieobecność,3
2RŻ5,2021-05-21,spóźnienie,2
2RŻ5,2021-05-31,nieobecność,12
2RŻ5,2021-06-07,obecność,40
2RŻ5,2020-09-22,spóźnienie,2
2RŻ5,2020-09-28,nieob. uspr. p.s.,18
2RŻ5,2020-09-30,nieob. uspr. p.s.,10
2RŻ5,2020-10-02,nieob. uspraw.,14
2RŻ5,2020-10-06,spóźnienie,2
2RŻ5,2020-10-12,spóźnienie,2
2RŻ5,2020-10-28,nieob. uspraw.,34
2RŻ5,2020-11-27,spóźn. uspr.,2
2RŻ5,2020-12-01,nieob. uspraw.,10
2RŻ5,2020-12-07,nieob. uspraw.,17
2RŻ5,2020-12-10,nieob. uspraw.,6
2RŻ5,2020-12-16,nieob. uspraw.,20
2RŻ5,2020-12-22,nieob. uspraw.,6
2RŻ5,2021-01-28,nieob. uspraw.,7
2RŻ5,2021-02-09,nieob. uspraw.,12
2RŻ5,2021-02-10,nieob. uspraw.,12
2RŻ5,2021-02-16,nieob. uspraw.,12
2RŻ5,2021-02-17,nieob. uspraw.,19
2RŻ5,2021-02-19,nieob. uspraw.,17
2RŻ5,2021-03-17,nieob. uspraw.,27
2RŻ5,2021-04-09,nieob. uspraw.,23
2RŻ5,2021-04-14,spóźn. uspr.,1
2RŻ5,2021-04-20,spóźn. uspr.,1
2RŻ5,2021-04-28,spóźn. uspr.,2
2RŻ5,2021-05-12,nieob. uspraw.,19
2RŻ5,2020-09-09,nieobecność,2
2RŻ5,2020-09-15,nieobecność,10
2RŻ5,2020-09-18,spóźnienie,1
2RŻ5,2020-09-18,nieobecność,3
2RŻ5,2020-09-24,nieobecność,6
2RŻ5,2020-10-15,nieobecność,2
2RŻ5,2020-10-20,nieobecność,10
2RŻ5,2020-10-23,spóźnienie,1
2RŻ5,2020-10-26,nieobecność,12
2RŻ5,2020-10-27,nieobecność,13
2RŻ5,2020-12-15,nieobecność,10
2RŻ5,2020-12-16,nieobecność,10
2RŻ5,2020-12-18,spóźnienie,1
2RŻ5,2021-02-10,nieobecność,22
2RŻ5,2021-04-12,spóźnienie,2
2RŻ5,2021-04-21,spóźnienie,2
2RŻ5,2021-04-29,nieobecność,7
2RŻ5,2021-05-11,nieobecność,1
2RŻ5,2021-05-19,nieobecność,2
2RŻ5,2021-05-25,spóźnienie,2
2RŻ5,2021-05-28,spóźnienie,4
2RŻ5,2021-06-08,nieobecność,7
2RŻ5,2020-11-04,nieob. uspr. p.s.,1
2RŻ5,2020-09-16,spóźnienie,1
2RŻ5,2020-09-23,nieob. uspr. p.s.,1
2RŻ5,2020-09-28,nieobecność,10
2RŻ5,2020-10-19,nieob. uspr. p.s.,1
2RŻ5,2020-10-23,nieob. uspr. p.s.,2
2RŻ5,2020-11-12,nieob. uspraw.,8
2RŻ5,2020-11-19,nieob. uspraw.,2
2RŻ5,2021-01-21,nieob. uspraw.,8
2RŻ5,2021-03-22,nieob. uspraw.,15
2RŻ5,2021-03-31,spóźn. uspr.,1
2RŻ5,2020-09-11,spóźnienie,2
2RŻ5,2020-09-21,nieob. uspr. p.s.,7
2RŻ5,2020-09-22,nieob. uspr. p.s.,2
2RŻ5,2020-10-06,nieob. uspr. p.s.,4
2RŻ5,2020-10-13,spóźn. uspr.,1
2RŻ5,2020-11-06,nieobecność,13
2RŻ5,2020-11-27,nieob. uspraw.,6
2RŻ5,2020-12-07,spóźn. uspr.,3
2RŻ5,2020-12-21,spóźn. uspr.,1
2RŻ5,2021-04-09,spóźn. uspr.,1
2RŻ5,2021-05-07,nieobecność,2
2RŻ5,2021-06-17,nieobecność,15
2RŻ5,2020-10-29,nieob. uspraw.,9
2RŻ5,2020-10-30,nieob. uspraw.,29
2RŻ5,2020-11-18,nieobecność,14
2RŻ5,2020-11-27,spóźnienie,2
2RŻ5,2020-12-03,nieobecność,5
2RŻ5,2021-01-18,nieob. uspraw.,17
2RŻ5,2021-01-20,nieob. uspraw.,29
2RŻ5,2021-01-27,nieobecność,7
2RŻ5,2021-02-24,nieobecność,27
2RŻ5,2021-03-18,nieobecność,2
2RŻ5,2021-05-07,nieob. uspr. p.s.,5
2RŻ5,2021-05-10,nieob. uspr. p.s.,3
2RŻ5,2021-05-17,nieob. uspr. p.s.,8
2RŻ5,2020-10-16,nieob. uspraw.,15
2RŻ5,2020-11-16,spóźn. uspr.,1
2RŻ5,2021-02-02,nieob. uspraw.,6
2RŻ5,2021-02-17,spóźn. uspr.,1
2RŻ5,2021-03-18,nieob. uspraw.,2
2RŻ5,2021-03-30,spóźn. uspr.,2
2RŻ5,2020-09-17,nieob. uspraw.,8
2RŻ5,2020-10-27,spóźn. uspr.,1
2RŻ5,2021-03-24,spóźnienie,3
2RŻ5,2021-04-20,spóźnienie,1
2RŻ5,2021-04-26,spóźnienie,2
2RŻ5,2021-05-13,nieobecność,3
2RŻ5,2020-09-14,nieobecność,12
2RŻ5,2020-09-25,nieobecność,7
2RŻ5,2020-10-09,nieobecność,7
2RŻ5,2020-10-22,nieobecność,2
2RŻ5,2021-01-25,spóźnienie,1
2RŻ5,2021-01-26,spóźnienie,2
2RŻ5,2021-02-11,nieobecność,3
2RŻ5,2021-03-26,spóźnienie,1
2RŻ5,2021-04-09,spóźnienie,1
2RŻ5,2021-04-22,nieobecność,4
2RŻ5,2020-09-08,nieobecność,5
2RŻ5,2021-03-24,spóźn. uspr.,1
2RŻ5,2021-04-14,spóźnienie,1
2RŻ5,2020-09-10,spóźnienie,1
2RŻ5,2020-09-28,spóźnienie,2
2RŻ5,2020-12-07,spóźnienie,2
2RŻ5,2020-12-14,spóźnienie,1
2RŻ5,2020-12-21,spóźnienie,2
2RŻ5,2021-02-09,spóźnienie,3
2RŻ5,2021-04-08,nieobecność,1
2RŻ5,2021-04-16,spóźnienie,1
2RŻ5,2021-04-26,nieob. uspr. p.s.,3
2RŻ5,2021-04-27,nieob. uspr. p.s.,3
2RŻ5,2021-04-28,nieob. uspr. p.s.,6
2RŻ5,2021-05-11,nieob. uspr. p.s.,4
2RŻ5,2021-05-26,spóźnienie,1
2RŻ5,2021-06-08,spóźnienie,1
2RŻ5,2020-09-22,spóźn. uspr.,2
2RŻ5,2020-11-30,spóźnienie,1
2RŻ5,2020-12-22,spóźnienie,1
2RŻ5,2021-05-18,spóźnienie,1
2RŻ5,2020-10-27,nieob. uspr. p.s.,1
2RŻ5,2020-09-07,zwolniony,2
2RŻ5,2020-10-01,nieobecność,2
2RŻ5,2021-01-27,spóźnienie,1
2RŻ5,2021-03-25,nieobecność,2
2RŻ5,2021-03-30,spóźnienie,2
2RŻ5,2021-06-25,nieob. uspraw.,7
2RŻ5,2021-01-25,spóźn. uspr.,1
2RŻ5,2021-02-02,nieob. uspr. p.s.,3
2RŻ5,2021-05-11,spóźn. uspr.,1
2RŻ5,2021-05-18,spóźn. uspr.,1
2RŻ5,2020-10-13,nieob. uspr. p.s.,4
2RŻ5,2020-11-26,spóźnienie,1
2RŻ5,2020-12-14,nieob. uspr. p.s.,3
2RŻ5,2020-12-18,nieob. uspr. p.s.,6
2RŻ5,2021-02-24,zwolniony,1
2RŻ5,2020-10-16,nieob. uspr. p.s.,1
2RŻ5,2020-10-21,nieob. uspr. p.s.,1
2RŻ5,2020-10-22,nieob. uspr. p.s.,2
2RŻ5,2020-10-30,spóźnienie,1
2RŻ5,2020-11-24,spóźn. uspr.,1
2RŻ5,2020-12-21,nieob. uspr. p.s.,5
2RŻ5,2021-03-19,spóźn. uspr.,1
2RŻ5,2021-04-13,spóźn. uspr.,1
2RŻ5,2021-05-24,spóźnienie,1
2RŻ5,2020-10-06,spóźn. uspr.,1
2RŻ5,2020-10-12,spóźn. uspr.,1
2TM5,2020-09-01,obecność,154
2TM5,2020-09-02,obecność,176
2TM5,2020-09-03,obecność,151
2TM5,2020-09-04,obecność,176
2TM5,2020-09-07,obecność,147
2TM5,2020-09-08,obecność,60
2TM5,2020-09-09,obecność,154
2TM5,2020-09-10,obecność,139
2TM5,2020-09-11,obecność,137
2TM5,2020-09-14,nieob. uspraw.,35
2TM5,2020-09-15,nieob. uspraw.,12
2TM5,2020-09-16,nieob. uspraw.,35
2TM5,2020-09-17,nieob. uspraw.,49
2TM5,2020-09-18,nieob. uspraw.,40
2TM5,2020-09-21,obecność,137
2TM5,2020-09-22,obecność,34
2TM5,2020-09-22,nieob. uspr. p.s.,2
2TM5,2020-09-23,obecność,122
2TM5,2020-09-24,obecność,142
2TM5,2020-09-25,nieob. uspr. p.s.,7
2TM5,2020-09-25,spóźnienie,1
2TM5,2020-09-25,obecność,118
2TM5,2020-09-28,nieob. uspr. p.s.,5
2TM5,2020-09-28,obecność,127
2TM5,2020-09-29,obecność,37
2TM5,2020-09-30,obecność,166
2TM5,2020-10-02,nieob. uspr. p.s.,4
2TM5,2020-10-05,obecność,77
2TM5,2020-10-05,nieob. uspr. p.s.,4
2TM5,2020-10-06,obecność,40
2TM5,2020-10-06,nieob. uspr. p.s.,2
2TM5,2020-10-07,obecność,119
2TM5,2020-10-08,obecność,120
2TM5,2020-10-09,obecność,71
2TM5,2020-10-12,obecność,136
2TM5,2020-10-13,obecność,40
2TM5,2020-10-15,obecność,154
2TM5,2020-10-16,obecność,126
2TM5,2020-10-19,obecność,139
2TM5,2020-10-20,obecność,37
2TM5,2020-10-21,obecność,155
2TM5,2020-10-22,obecność,141
2TM5,2020-10-22,nieob. uspraw.,26
2TM5,2020-10-23,nieob. uspraw.,49
2TM5,2020-10-26,nauka zdalna,152
2TM5,2020-10-27,nauka zdalna,38
2TM5,2020-10-28,nauka zdalna,175
2TM5,2020-10-29,nauka zdalna,171
2TM5,2020-10-30,nauka zdalna,148
2TM5,2020-11-02,nauka zdalna,142
2TM5,2020-11-03,nauka zdalna,41
2TM5,2020-11-04,nauka zdalna,167
2TM5,2020-11-05,nauka zdalna,162
2TM5,2020-11-06,nauka zdalna,133
2TM5,2020-11-09,nauka zdalna,137
2TM5,2020-11-10,nauka zdalna,34
2TM5,2020-11-12,nauka zdalna,174
2TM5,2020-11-13,nauka zdalna,104
2TM5,2020-11-16,nauka zdalna,152
2TM5,2020-11-17,nauka zdalna,41
2TM5,2020-11-18,nauka zdalna,167
2TM5,2020-11-19,nauka zdalna,166
2TM5,2020-11-20,nauka zdalna,108
2TM5,2020-11-23,nauka zdalna,152
2TM5,2020-11-24,nauka zdalna,41
2TM5,2020-11-25,nauka zdalna,159
2TM5,2020-11-26,nauka zdalna,160
2TM5,2020-11-27,nauka zdalna,145
2TM5,2020-11-27,spóźnienie,3
2TM5,2020-11-30,nauka zdalna,83
2TM5,2020-12-01,nauka zdalna,39
2TM5,2020-12-02,nauka zdalna,173
2TM5,2020-12-03,nauka zdalna,172
2TM5,2020-12-03,spóźnienie,2
2TM5,2020-12-04,nauka zdalna,143
2TM5,2020-12-07,nauka zdalna,138
2TM5,2020-12-08,nauka zdalna,38
2TM5,2020-12-09,nauka zdalna,160
2TM5,2020-12-10,nauka zdalna,172
2TM5,2020-12-11,nauka zdalna,137
2TM5,2020-12-14,nauka zdalna,144
2TM5,2020-12-15,nauka zdalna,35
2TM5,2020-12-16,nauka zdalna,161
2TM5,2020-12-17,nauka zdalna,173
2TM5,2020-12-18,nauka zdalna,125
2TM5,2020-12-21,nauka zdalna,144
2TM5,2020-12-22,nauka zdalna,36
2TM5,2021-01-18,nauka zdalna,153
2TM5,2021-01-19,nauka zdalna,44
2TM5,2021-01-20,nauka zdalna,164
2TM5,2021-01-21,nauka zdalna,176
2TM5,2021-01-22,nauka zdalna,140
2TM5,2021-01-25,nauka zdalna,140
2TM5,2021-01-26,nauka zdalna,33
2TM5,2021-01-26,nieobecność,2
2TM5,2021-01-27,nauka zdalna,159
2TM5,2021-01-28,nauka zdalna,168
2TM5,2021-01-29,nauka zdalna,135
2TM5,2021-02-01,nauka zdalna,151
2TM5,2021-02-02,nauka zdalna,62
2TM5,2021-02-03,nauka zdalna,144
2TM5,2021-02-04,nauka zdalna,173
2TM5,2021-02-05,nauka zdalna,137
2TM5,2021-02-08,nauka zdalna,129
2TM5,2021-02-09,nauka zdalna,62
2TM5,2021-02-10,nauka zdalna,150
2TM5,2021-02-11,nauka zdalna,166
2TM5,2021-02-12,nauka zdalna,142
2TM5,2021-02-15,nauka zdalna,123
2TM5,2021-02-16,nauka zdalna,56
2TM5,2021-02-16,nieobecność,6
2TM5,2021-02-17,nauka zdalna,130
2TM5,2021-02-18,nauka zdalna,141
2TM5,2021-02-19,nauka zdalna,115
2TM5,2021-02-19,nieobecność,2
2TM5,2021-02-22,nauka zdalna,152
2TM5,2021-02-23,nauka zdalna,60
2TM5,2021-02-24,nauka zdalna,138
2TM5,2021-02-25,nauka zdalna,157
2TM5,2021-02-26,nauka zdalna,137
2TM5,2021-03-15,nauka zdalna,148
2TM5,2021-03-16,nauka zdalna,49
2TM5,2021-03-17,nauka zdalna,140
2TM5,2021-03-18,nauka zdalna,165
2TM5,2021-03-19,nauka zdalna,122
2TM5,2021-03-22,nauka zdalna,146
2TM5,2021-03-23,nauka zdalna,62
2TM5,2021-03-24,nauka zdalna,146
2TM5,2021-03-25,nauka zdalna,166
2TM5,2021-03-26,nauka zdalna,142
2TM5,2021-03-29,nauka zdalna,145
2TM5,2021-03-30,nauka zdalna,60
2TM5,2021-03-30,nieobecność,2
2TM5,2021-03-31,nauka zdalna,138
2TM5,2021-04-07,nauka zdalna,131
2TM5,2021-04-08,nauka zdalna,149
2TM5,2021-04-09,nauka zdalna,130
2TM5,2021-04-12,nauka zdalna,126
2TM5,2021-04-13,nauka zdalna,54
2TM5,2021-04-14,nauka zdalna,135
2TM5,2021-04-15,nauka zdalna,169
2TM5,2021-04-16,nauka zdalna,132
2TM5,2021-04-19,nauka zdalna,145
2TM5,2021-04-20,nauka zdalna,50
2TM5,2021-04-21,nauka zdalna,142
2TM5,2021-04-22,nauka zdalna,151
2TM5,2021-04-22,nieob. uspraw.,23
2TM5,2021-04-23,nauka zdalna,116
2TM5,2021-04-26,nauka zdalna,125
2TM5,2021-04-27,nauka zdalna,53
2TM5,2021-04-28,nauka zdalna,142
2TM5,2021-04-29,nauka zdalna,151
2TM5,2021-04-30,nauka zdalna,130
2TM5,2021-05-07,nauka zdalna,124
2TM5,2021-05-10,nauka zdalna,117
2TM5,2021-05-11,nauka zdalna,50
2TM5,2021-05-12,nauka zdalna,164
2TM5,2021-05-13,nauka zdalna,152
2TM5,2021-05-13,nieobecność,2
2TM5,2021-05-13,spóźnienie,1
2TM5,2021-05-14,nauka zdalna,147
2TM5,2021-05-17,nauka zdalna,107
2TM5,2021-05-18,spóźnienie,4
2TM5,2021-05-18,nauka zdalna,56
2TM5,2021-05-19,nauka zdalna,167
2TM5,2021-05-20,nauka zdalna,161
2TM5,2021-05-21,nauka zdalna,133
2TM5,2021-05-24,obecność,126
2TM5,2021-05-25,obecność,40
2TM5,2021-05-26,obecność,132
2TM5,2021-05-26,spóźnienie,1
2TM5,2021-05-27,nieob. uspraw.,56
2TM5,2021-05-28,nieob. uspraw.,50
2TM5,2021-06-14,nieob. uspraw.,59
2TM5,2021-06-15,nieob. uspraw.,45
2TM5,2021-06-16,nieob. uspraw.,128
2TM5,2021-06-17,nieob. uspraw.,113
2TM5,2021-06-18,nieob. uspraw.,84
2TM5,2021-06-21,obecność,70
2TM5,2021-06-23,nieob. uspraw.,167
2TM5,2021-06-24,obecność,28
2TM5,2021-06-24,nieob. uspraw.,126
2TM5,2021-06-25,obecność,154
2TM5,2020-09-08,nieob. uspr. p.s.,3
2TM5,2020-09-14,obecność,118
2TM5,2020-09-15,nieob. uspr. p.s.,5
2TM5,2020-09-15,obecność,49
2TM5,2020-09-16,obecność,105
2TM5,2020-09-18,obecność,81
2TM5,2020-09-18,zwolniony,7
2TM5,2020-09-21,nieob. uspr. p.s.,3
2TM5,2020-09-29,nieob. uspr. p.s.,1
2TM5,2020-10-07,nieob. uspraw.,35
2TM5,2020-10-12,nieob. uspr. p.s.,3
2TM5,2020-10-13,nieob. uspr. p.s.,1
2TM5,2020-10-16,nieob. uspraw.,28
2TM5,2020-11-06,spóźnienie,4
2TM5,2020-12-01,spóźnienie,1
2TM5,2020-12-09,nieob. uspraw.,15
2TM5,2020-12-15,nieob. uspraw.,4
2TM5,2020-12-18,nieob. uspraw.,17
2TM5,2021-01-25,nieob. uspraw.,5
2TM5,2021-02-02,nieob. uspraw.,2
2TM5,2021-02-08,nieob. uspraw.,25
2TM5,2021-02-19,nieob. uspraw.,36
2TM5,2021-02-26,nieob. uspraw.,15
2TM5,2021-03-16,nieob. uspraw.,14
2TM5,2021-03-19,nieob. uspraw.,24
2TM5,2021-03-22,nieob. uspraw.,8
2TM5,2021-03-26,nieob. uspraw.,9
2TM5,2021-04-07,nieob. uspraw.,23
2TM5,2021-04-08,nieob. uspraw.,24
2TM5,2021-04-09,nieob. uspraw.,19
2TM5,2021-04-12,nieob. uspraw.,27
2TM5,2021-05-11,nieob. uspraw.,13
2TM5,2021-05-12,spóźn. uspr.,1
2TM5,2021-05-17,spóźn. uspr.,1
2TM5,2021-05-27,obecność,120
2TM5,2021-05-28,obecność,35
2TM5,2021-05-28,spóźn. uspr.,1
2TM5,2021-05-31,obecność,36
2TM5,2021-06-01,nieob. uspraw.,33
2TM5,2021-06-02,nieob. uspraw.,77
2TM5,2021-06-07,nieob. uspraw.,57
2TM5,2021-06-07,obecność,7
2TM5,2021-06-08,nieob. uspraw.,12
2TM5,2021-06-09,obecność,24
2TM5,2021-06-09,spóźn. uspr.,3
2TM5,2021-06-10,nieob. uspraw.,34
2TM5,2021-06-11,nieob. uspraw.,54
2TM5,2021-06-21,spóźnienie,3
2TM5,2021-06-21,nieob. uspraw.,81
2TM5,2020-09-10,nieob. uspr. p.s.,15
2TM5,2020-09-11,nieob. uspr. p.s.,7
2TM5,2020-09-16,nieob. uspr. p.s.,14
2TM5,2020-09-17,obecność,88
2TM5,2020-09-17,nieob. uspr. p.s.,15
2TM5,2020-09-23,nieob. uspraw.,43
2TM5,2020-09-23,nieob. uspr. p.s.,11
2TM5,2020-10-01,nieob. uspr. p.s.,4
2TM5,2020-10-01,obecność,123
2TM5,2020-10-02,obecność,75
2TM5,2020-10-08,nieob. uspraw.,28
2TM5,2020-10-20,nieob. uspraw.,6
2TM5,2020-10-22,nieob. uspr. p.s.,8
2TM5,2020-10-23,obecność,105
2TM5,2020-10-30,nieob. uspraw.,4
2TM5,2020-11-27,nieob. uspraw.,5
2TM5,2021-05-25,nieob. uspraw.,4
2TM5,2021-06-14,obecność,91
2TM5,2021-06-16,obecność,39
2TM5,2021-06-17,obecność,27
2TM5,2021-01-25,nieob. uspr. p.s.,8
2TM5,2021-01-26,spóźnienie,1
2TM5,2021-02-01,nieob. uspr. p.s.,3
2TM5,2021-02-02,nieob. uspr. p.s.,2
2TM5,2021-02-05,nieob. uspr. p.s.,2
2TM5,2021-02-12,nieob. uspr. p.s.,5
2TM5,2021-05-28,spóźnienie,2
2TM5,2021-06-15,obecność,18
2TM5,2021-06-18,obecność,49
2TM5,2021-06-23,obecność,8
2TM5,2020-09-17,spóźnienie,2
2TM5,2020-09-21,nieob. uspraw.,14
2TM5,2020-09-22,nieob. uspraw.,8
2TM5,2020-09-24,nieob. uspr. p.s.,5
2TM5,2020-10-09,nieobecność,5
2TM5,2020-10-12,nieob. uspraw.,14
2TM5,2020-10-19,zwolniony,1
2TM5,2020-10-27,nieobecność,1
2TM5,2020-11-02,nieob. uspraw.,10
2TM5,2020-11-03,nieob. uspraw.,3
2TM5,2020-11-04,nieob. uspraw.,8
2TM5,2020-11-05,nieob. uspraw.,9
2TM5,2020-11-06,nieob. uspraw.,16
2TM5,2020-11-13,nieobecność,3
2TM5,2020-11-25,nieob. uspraw.,17
2TM5,2020-12-03,nieob. uspr. p.s.,2
2TM5,2020-12-11,nieob. uspraw.,9
2TM5,2021-01-20,nieob. uspraw.,9
2TM5,2021-01-26,nieob. uspraw.,6
2TM5,2021-02-05,spóźnienie,6
2TM5,2021-02-15,nieob. uspraw.,19
2TM5,2021-03-25,spóźnienie,1
2TM5,2021-04-16,spóźnienie,4
2TM5,2021-04-23,spóźn. uspr.,5
2TM5,2020-09-25,nieob. uspraw.,28
2TM5,2020-10-28,nieob. uspraw.,1
2TM5,2021-02-24,nieob. uspraw.,13
2TM5,2021-05-07,nieob. uspraw.,29
2TM5,2021-05-31,nieob. uspraw.,29
2TM5,2021-06-08,obecność,10
2TM5,2021-06-10,obecność,21
2TM5,2021-06-11,obecność,22
2TM5,2020-10-01,nieob. uspraw.,32
2TM5,2020-10-02,nieob. uspraw.,25
2TM5,2020-10-27,nieob. uspraw.,5
2TM5,2020-12-01,nieob. uspraw.,4
2TM5,2020-12-07,nieob. uspraw.,9
2TM5,2020-12-11,spóźnienie,2
2TM5,2021-02-24,nieobecność,3
2TM5,2021-03-17,nieobecność,1
2TM5,2021-04-20,nieobecność,4
2TM5,2021-04-26,nieob. uspraw.,29
2TM5,2021-04-27,nieob. uspraw.,12
2TM5,2021-04-28,nieob. uspraw.,12
2TM5,2021-04-29,nieob. uspraw.,21
2TM5,2021-04-30,nieob. uspraw.,20
2TM5,2021-05-10,nieob. uspraw.,14
2TM5,2021-05-11,nieobecność,3
2TM5,2021-05-17,nieob. uspraw.,16
2TM5,2021-05-18,nieob. uspraw.,4
2TM5,2021-05-20,nieob. uspraw.,13
2TM5,2021-05-21,nieob. uspraw.,21
2TM5,2021-06-09,nieob. uspraw.,25
2TM5,2020-09-29,nieob. uspraw.,6
2TM5,2020-09-30,nieob. uspraw.,8
2TM5,2020-10-22,spóźnienie,1
2TM5,2020-10-26,nieob. uspraw.,2
2TM5,2020-12-17,spóźnienie,2
2TM5,2020-12-21,spóźnienie,2
2TM5,2021-01-26,nieob. uspr. p.s.,2
2TM5,2021-01-29,nieob. uspr. p.s.,3
2TM5,2021-01-29,spóźnienie,5
2TM5,2021-02-04,spóźnienie,1
2TM5,2021-02-05,nieobecność,1
2TM5,2021-02-10,nieobecność,2
2TM5,2021-02-15,nieob. uspr. p.s.,6
2TM5,2021-02-15,nieobecność,6
2TM5,2021-02-18,spóźnienie,3
2TM5,2021-03-15,nieobecność,4
2TM5,2021-03-24,nieobecność,5
2TM5,2021-04-27,nieobecność,1
2TM5,2021-04-29,spóźnienie,2
2TM5,2021-05-07,nieobecność,1
2TM5,2021-05-13,nieob. uspraw.,21
2TM5,2021-06-16,spóźnienie,1
2TM5,2020-12-11,nieob. uspr. p.s.,3
2TM5,2020-12-14,nieob. uspr. p.s.,10
2TM5,2020-12-15,nieobecność,3
2TM5,2020-12-16,nieobecność,4
2TM5,2020-12-18,nieob. uspr. p.s.,6
2TM5,2020-12-21,nieob. uspr. p.s.,5
2TM5,2020-12-22,nieob. uspraw.,5
2TM5,2021-02-05,nieob. uspraw.,6
2TM5,2021-02-11,nieobecność,1
2TM5,2021-02-17,nieob. uspraw.,24
2TM5,2021-02-18,zwolniony,1
2TM5,2021-02-19,spóźnienie,1
2TM5,2021-02-22,nieob. uspraw.,2
2TM5,2021-03-31,nieobecność,1
2TM5,2021-04-13,nieob. uspraw.,9
2TM5,2021-04-14,nieob. uspraw.,19
2TM5,2021-04-15,nieob. uspraw.,7
2TM5,2021-04-16,nieob. uspraw.,16
2TM5,2021-06-07,spóźnienie,2
2TM5,2020-10-09,nieob. uspraw.,34
2TM5,2020-10-15,nieob. uspraw.,16
2TM5,2020-11-09,nieob. uspraw.,17
2TM5,2020-11-10,nieob. uspraw.,7
2TM5,2020-11-18,nieob. uspraw.,8
2TM5,2020-11-19,nieob. uspraw.,10
2TM5,2020-11-26,nieob. uspraw.,13
2TM5,2020-12-07,nieob. uspr. p.s.,5
2TM5,2020-12-08,nieob. uspraw.,2
2TM5,2020-12-16,nieob. uspraw.,11
2TM5,2021-01-28,nieob. uspraw.,4
2TM5,2021-02-03,nieob. uspraw.,8
2TM5,2021-02-12,nieob. uspraw.,6
2TM5,2021-02-18,nieob. uspraw.,29
2TM5,2021-03-17,nieob. uspraw.,13
2TM5,2021-03-23,nieob. uspraw.,4
2TM5,2021-03-30,nieob. uspraw.,3
2TM5,2021-04-09,spóźnienie,2
2TM5,2021-04-19,nieob. uspraw.,8
2TM5,2021-04-20,nieob. uspraw.,9
2TM5,2021-04-21,nieob. uspraw.,11
2TM5,2021-04-23,nieob. uspraw.,27
2TM5,2021-05-26,nieob. uspraw.,21
2TM5,2020-09-14,nieob. uspr. p.s.,1
2TM5,2020-09-28,zwolniony,1
2TM5,2020-10-01,zwolniony,1
2TM5,2020-10-12,zwolniony,1
2TM5,2020-10-19,nieob. uspraw.,14
2TM5,2020-10-30,spóźnienie,1
2TM5,2020-11-05,nieobecność,1
2TM5,2020-11-10,nieob. uspr. p.s.,2
2TM5,2020-11-16,nieobecność,2
2TM5,2020-11-24,spóźnienie,2
2TM5,2020-11-24,nieobecność,1
2TM5,2020-12-02,nieobecność,3
2TM5,2020-12-04,nieobecność,8
2TM5,2020-12-08,spóźnienie,4
2TM5,2020-12-18,nieobecność,3
2TM5,2020-12-22,nieobecność,3
2TM5,2021-01-22,nieob. uspraw.,13
2TM5,2021-01-27,nieobecność,3
2TM5,2021-03-18,spóźnienie,2
2TM5,2021-03-19,nieobecność,4
2TM5,2021-03-26,nieobecność,2
2TM5,2021-03-30,spóźnienie,1
2TM5,2021-03-31,nieob. uspraw.,15
2TM5,2021-04-08,nieobecność,1
2TM5,2021-04-09,nieobecność,3
2TM5,2021-04-13,nieobecność,2
2TM5,2021-05-10,nieobecność,1
2TM5,2021-05-12,nieob. uspraw.,9
2TM5,2021-05-19,nieobecność,2
2TM5,2021-05-20,nieobecność,1
2TM5,2021-05-31,nieobecność,1
2TM5,2020-09-24,nieob. uspraw.,29
2TM5,2020-10-08,nieob. uspr. p.s.,6
2TM5,2020-12-04,nieob. uspraw.,2
2TM5,2021-02-05,spóźn. uspr.,2
2TM5,2021-02-10,nieob. uspraw.,2
2TM5,2021-02-11,nieob. uspraw.,5
2TM5,2021-02-16,nieob. uspraw.,4
2TM5,2021-02-23,nieob. uspraw.,6
2TM5,2021-03-15,nieob. uspraw.,2
2TM5,2021-04-16,spóźn. uspr.,2
2TM5,2021-04-30,spóźn. uspr.,3
2TM5,2021-06-14,zwolniony,2
2TM5,2020-11-30,spóźnienie,1
2TM5,2021-02-03,nieobecność,2
2TM5,2021-02-09,nieobecność,3
2TM5,2021-04-20,spóźn. uspr.,2
2TM5,2020-09-11,nieob. uspraw.,32
2TM5,2020-09-28,nieob. uspraw.,21
2TM5,2020-09-30,nieob. uspr. p.s.,2
2TM5,2020-10-15,nieob. uspr. p.s.,6
2TM5,2020-10-29,nieobecność,1
2TM5,2020-10-29,spóźnienie,2
2TM5,2020-10-30,nieobecność,1
2TM5,2020-11-02,nieobecność,2
2TM5,2020-11-04,nieobecność,1
2TM5,2020-11-05,spóźnienie,2
2TM5,2020-11-12,nieobecność,1
2TM5,2020-11-20,nieobecność,1
2TM5,2020-11-20,spóźnienie,1
2TM5,2020-12-10,nieobecność,4
2TM5,2020-12-11,nieobecność,3
2TM5,2020-12-15,nieob. uspr. p.s.,2
2TM5,2020-12-18,spóźnienie,3
2TM5,2021-03-24,nieob. uspraw.,3
2TM5,2021-03-25,nieob. uspraw.,8
2TM5,2021-03-26,spóźnienie,1
2TM5,2021-04-23,nieobecność,3
2TM5,2021-04-29,nieobecność,2
2TM5,2021-05-14,nieob. uspraw.,7
2TM5,2021-05-17,zwolniony,8
2TM5,2021-06-18,nieobecność,21
2TM5,2020-10-13,nieob. uspraw.,3
2TM5,2020-11-10,spóźnienie,1
2TM5,2020-11-17,spóźnienie,1
2TM5,2020-11-26,spóźnienie,2
2TM5,2021-02-25,nieob. uspraw.,18
2TM5,2021-02-25,nieobecność,1
2TM5,2021-02-26,nieobecność,2
2TM5,2021-03-19,spóźnienie,3
2TM5,2021-03-29,nieob. uspraw.,9
2TM5,2021-04-23,spóźnienie,3
2TM5,2021-05-18,nieobecność,2
2TM5,2021-05-20,spóźnienie,1
2TM5,2021-05-24,nieob. uspraw.,6
2TM5,2021-06-11,nieobecność,1
2TM5,2020-10-21,nieob. uspraw.,16
2TM5,2020-10-29,nieob. uspraw.,1
2TM5,2020-11-12,spóźn. uspr.,1
2TM5,2020-11-27,nieobecność,1
2TM5,2020-12-07,nieobecność,2
2TM5,2020-12-09,nieobecność,1
2TM5,2020-12-17,nieobecność,1
2TM5,2020-12-21,nieobecność,2
2TM5,2021-01-18,nieobecność,1
2TM5,2021-01-20,nieobecność,3
2TM5,2021-01-22,nieobecność,1
2TM5,2021-01-25,nieobecność,1
2TM5,2021-01-27,nieob. uspraw.,14
2TM5,2021-01-29,nieob. uspraw.,10
2TM5,2021-02-09,nieob. uspraw.,1
2TM5,2021-02-12,nieobecność,1
2TM5,2021-03-18,nieob. uspraw.,6
2TM5,2021-03-25,nieobecność,1
2TM5,2021-04-30,spóźnienie,1
2TM5,2021-06-09,zwolniony,3
2TM5,2021-06-14,nieobecność,2
2TM5,2021-06-15,nieobecność,3
2TM5,2021-06-16,nieobecność,8
2TM5,2021-06-17,nieobecność,14
2TM5,2020-09-18,nieob. uspr. p.s.,3
2TM5,2020-09-18,spóźnienie,1
2TM5,2020-10-05,nieob. uspraw.,7
2TM5,2020-10-06,nieob. uspraw.,2
2TM5,2021-02-04,nieobecność,1
2TM5,2021-02-04,nieob. uspr. p.s.,1
2TM5,2021-02-11,nieob. uspr. p.s.,3
2TM5,2021-02-11,spóźnienie,1
2TM5,2021-03-16,nieobecność,3
2TM5,2021-04-08,spóźnienie,1
2TM5,2021-04-12,nieobecność,1
2TM5,2021-04-13,spóźnienie,1
2TM5,2021-04-19,nieobecność,1
2TM5,2021-04-22,spóźnienie,1
2TM5,2021-05-12,nieobecność,1
2TM5,2021-05-19,nieob. uspraw.,7
2TM5,2020-11-30,nieob. uspraw.,4
2TM5,2020-12-04,zwolniony,1
2TM5,2021-01-29,spóźn. uspr.,1
2TM5,2021-05-12,spóźnienie,1
2TM5,2020-09-03,zwolniony,3
2TM5,2020-09-07,nieob. uspraw.,7
2TM5,2020-09-08,nieob. uspraw.,3
2TM5,2020-10-21,nieob. uspr. p.s.,5
2TM5,2020-10-29,spóźn. uspr.,1
2TM5,2020-11-05,spóźn. uspr.,2
2TM5,2020-11-13,spóźn. uspr.,1
2TM5,2020-11-17,nieob. uspraw.,2
2TM5,2021-01-28,nieob. uspr. p.s.,4
2TM5,2021-02-18,nieobecność,2
2TM5,2021-04-08,spóźn. uspr.,1
2TM5,2021-04-20,spóźnienie,1
2TM5,2021-04-22,spóźn. uspr.,1
2TM5,2020-11-06,spóźn. uspr.,1
2TM5,2020-11-13,nieob. uspraw.,2
2TM5,2020-11-23,nieob. uspraw.,2
2TM5,2020-11-26,spóźn. uspr.,1
2TM5,2020-12-21,spóźn. uspr.,1
2TM5,2021-03-18,nieobecność,3
2TM5,2021-03-19,spóźn. uspr.,1
2TM5,2021-04-21,spóźn. uspr.,1
2TM5,2020-10-20,spóźnienie,1
2TM5,2020-11-18,nieobecność,1
2TM5,2021-06-23,spóźnienie,1
3M,2020-09-01,obecność,70
3M,2020-09-02,obecność,48
3M,2020-09-02,spóźnienie,2
3M,2020-09-02,nieob. uspraw.,2
3M,2020-09-03,obecność,44
3M,2020-09-04,nieob. uspraw.,5
3M,2020-09-07,obecność,46
3M,2020-09-07,nieobecność,19
3M,2020-09-08,obecność,38
3M,2020-09-08,nieobecność,12
3M,2020-09-09,obecność,76
3M,2020-09-09,spóźnienie,5
3M,2020-09-09,nieobecność,17
3M,2020-09-10,nieob. uspraw.,14
3M,2020-09-11,obecność,45
3M,2020-09-14,obecność,52
3M,2020-09-15,obecność,42
3M,2020-09-16,nieob. uspr. p.s.,10
3M,2020-09-16,spóźnienie,2
3M,2020-09-16,obecność,34
3M,2020-09-17,nieob. uspraw.,37
3M,2020-09-18,obecność,41
3M,2020-09-21,obecność,30
3M,2020-09-21,nieob. uspraw.,23
3M,2020-09-22,nieobecność,16
3M,2020-09-22,obecność,56
3M,2020-09-23,nieob. uspraw.,21
3M,2020-09-24,nieob. uspraw.,35
3M,2020-09-25,nieob. uspraw.,25
3M,2020-09-28,nieobecność,2
3M,2020-09-28,obecność,63
3M,2020-09-29,obecność,67
3M,2020-09-29,spóźnienie,3
3M,2020-09-30,nieobecność,15
3M,2020-09-30,spóźnienie,9
3M,2020-09-30,obecność,45
3M,2020-10-01,obecność,56
3M,2020-10-01,nieobecność,19
3M,2020-10-02,nieobecność,47
3M,2020-10-02,obecność,37
3M,2020-10-05,nieob. uspraw.,5
3M,2020-10-06,nieob. uspraw.,6
3M,2020-10-07,nieob. uspraw.,36
3M,2020-10-08,nieob. uspraw.,28
3M,2020-10-09,nieob. uspraw.,18
3M,2020-10-12,nieob. uspraw.,25
3M,2020-10-13,nieob. uspraw.,12
3M,2020-10-15,nieob. uspraw.,14
3M,2020-10-16,nieob. uspraw.,16
3M,2020-10-19,nauka zdalna,40
3M,2020-10-19,nieob. uspraw.,26
3M,2020-10-20,nieob. uspraw.,46
3M,2020-10-20,nauka zdalna,35
3M,2020-10-21,nieob. uspraw.,62
3M,2020-10-22,nieob. uspraw.,57
3M,2020-10-22,nauka zdalna,41
3M,2020-10-23,nauka zdalna,62
3M,2020-10-23,nieob. uspraw.,22
3M,2020-10-26,nieob. uspraw.,15
3M,2020-10-27,nieob. uspraw.,37
3M,2020-10-27,nauka zdalna,39
3M,2020-10-28,nauka zdalna,48
3M,2020-10-29,nauka zdalna,39
3M,2020-10-30,nauka zdalna,27
3M,2020-10-30,nieob. uspraw.,36
3M,2020-11-02,nieobecność,16
3M,2020-11-02,nauka zdalna,41
3M,2020-11-03,nauka zdalna,58
3M,2020-11-04,nauka zdalna,67
3M,2020-11-05,nieob. uspraw.,21
3M,2020-11-06,spóźnienie,7
3M,2020-11-06,nauka zdalna,45
3M,2020-11-06,nieobecność,26
3M,2020-11-09,nieobecność,28
3M,2020-11-09,nauka zdalna,33
3M,2020-11-10,nieobecność,13
3M,2020-11-10,nauka zdalna,49
3M,2020-11-12,nauka zdalna,61
3M,2020-11-13,nauka zdalna,58
3M,2020-11-16,nieobecność,25
3M,2020-11-16,nauka zdalna,44
3M,2020-11-17,nauka zdalna,57
3M,2020-11-18,nauka zdalna,54
3M,2020-11-19,nauka zdalna,60
3M,2020-11-19,nieobecność,37
3M,2020-11-20,nauka zdalna,49
3M,2020-11-20,nieobecność,34
3M,2020-11-23,nauka zdalna,48
3M,2020-11-24,nauka zdalna,57
3M,2020-11-25,nauka zdalna,74
3M,2020-11-26,nauka zdalna,56
3M,2020-11-27,nauka zdalna,61
3M,2020-11-27,nieobecność,21
3M,2020-11-30,nieobecność,22
3M,2020-11-30,nauka zdalna,20
3M,2020-12-01,nauka zdalna,53
3M,2020-12-02,nauka zdalna,49
3M,2020-12-03,nauka zdalna,49
3M,2020-12-04,nauka zdalna,46
3M,2020-12-07,nieobecność,30
3M,2020-12-07,nauka zdalna,34
3M,2020-12-08,nieobecność,22
3M,2020-12-08,nauka zdalna,55
3M,2020-12-09,nauka zdalna,60
3M,2020-12-10,spóźnienie,4
3M,2020-12-10,nauka zdalna,62
3M,2020-12-11,nauka zdalna,41
3M,2020-12-14,nieob. uspraw.,8
3M,2020-12-14,nauka zdalna,33
3M,2020-12-15,nieobecność,27
3M,2020-12-15,spóźnienie,3
3M,2020-12-15,nauka zdalna,61
3M,2020-12-16,nauka zdalna,42
3M,2020-12-17,nauka zdalna,43
3M,2020-12-18,nauka zdalna,46
3M,2020-12-21,nieobecność,40
3M,2020-12-21,nauka zdalna,25
3M,2020-12-22,nauka zdalna,37
3M,2020-12-22,nieobecność,47
3M,2021-01-18,nieob. uspraw.,40
3M,2021-01-18,nauka zdalna,25
3M,2021-01-19,nauka zdalna,59
3M,2021-01-20,nauka zdalna,54
3M,2021-01-21,nieob. uspraw.,38
3M,2021-01-21,nauka zdalna,60
3M,2021-01-22,nauka zdalna,41
3M,2021-01-25,nieob. uspraw.,32
3M,2021-01-25,nauka zdalna,35
3M,2021-01-26,nieob. uspraw.,65
3M,2021-01-26,nauka zdalna,31
3M,2021-01-27,nauka zdalna,54
3M,2021-01-28,nieob. uspraw.,45
3M,2021-01-28,nauka zdalna,53
3M,2021-01-29,nauka zdalna,34
3M,2021-02-01,nieob. uspraw.,29
3M,2021-02-01,nauka zdalna,26
3M,2021-02-01,nieobecność,13
3M,2021-02-02,nauka zdalna,55
3M,2021-02-03,obecność,41
3M,2021-02-03,nieob. uspraw.,33
3M,2021-02-03,nauka zdalna,10
3M,2021-02-04,nauka zdalna,36
3M,2021-02-05,nauka zdalna,50
3M,2021-02-05,spóźnienie,7
3M,2021-02-08,nieob. uspraw.,38
3M,2021-02-08,nauka zdalna,28
3M,2021-02-09,nauka zdalna,56
3M,2021-02-09,nieob. uspraw.,40
3M,2021-02-10,obecność,42
3M,2021-02-10,nieob. uspraw.,32
3M,2021-02-10,nauka zdalna,10
3M,2021-02-11,nauka zdalna,17
3M,2021-02-11,nieob. uspraw.,46
3M,2021-02-12,nauka zdalna,48
3M,2021-02-15,nauka zdalna,48
3M,2021-02-15,nieob. uspraw.,34
3M,2021-02-16,nauka zdalna,57
3M,2021-02-17,obecność,19
3M,2021-02-17,nauka zdalna,14
3M,2021-02-18,obecność,20
3M,2021-02-18,nauka zdalna,4
3M,2021-02-19,nauka zdalna,31
3M,2021-02-22,nauka zdalna,55
3M,2021-02-23,nauka zdalna,59
3M,2021-02-24,obecność,24
3M,2021-02-24,nieob. uspraw.,57
3M,2021-02-25,obecność,38
3M,2021-02-25,nieob. uspraw.,38
3M,2021-02-25,nauka zdalna,8
3M,2021-02-26,nauka zdalna,45
3M,2021-02-26,nieob. uspraw.,16
3M,2021-03-01,nauka zdalna,42
3M,2021-03-01,nieob. uspraw.,29
3M,2021-03-02,nauka zdalna,56
3M,2021-03-03,obecność,10
3M,2021-03-03,nauka zdalna,2
3M,2021-03-04,obecność,23
3M,2021-03-04,nauka zdalna,4
3M,2021-03-05,nauka zdalna,60
3M,2021-03-08,spóźnienie,2
3M,2021-03-08,nauka zdalna,50
3M,2021-03-09,nauka zdalna,37
3M,2021-03-10,obecność,35
3M,2021-03-10,nauka zdalna,7
3M,2021-03-11,obecność,40
3M,2021-03-11,nauka zdalna,8
3M,2021-03-12,nauka zdalna,14
3M,2021-03-15,nauka zdalna,46
3M,2021-03-16,nauka zdalna,38
3M,2021-03-16,spóźnienie,11
3M,2021-03-16,nieob. uspraw.,31
3M,2021-03-17,obecność,25
3M,2021-03-17,nauka zdalna,5
3M,2021-03-18,nauka zdalna,24
3M,2021-03-19,nauka zdalna,51
3M,2021-03-22,spóźnienie,2
3M,2021-03-22,nieob. uspraw.,34
3M,2021-03-22,nauka zdalna,47
3M,2021-03-23,spóźnienie,3
3M,2021-03-23,nauka zdalna,58
3M,2021-03-24,nauka zdalna,60
3M,2021-03-25,nauka zdalna,42
3M,2021-03-26,nauka zdalna,51
3M,2021-03-29,nauka zdalna,36
3M,2021-03-29,nieob. uspraw.,27
3M,2021-03-29,spóźnienie,7
3M,2021-03-30,nauka zdalna,55
3M,2021-03-30,nieob. uspraw.,29
3M,2021-03-31,nauka zdalna,54
3M,2021-04-07,nauka zdalna,66
3M,2021-04-08,nieobecność,30
3M,2021-04-09,nauka zdalna,44
3M,2021-04-12,nauka zdalna,44
3M,2021-04-12,nieob. uspraw.,27
3M,2021-04-13,nieob. uspraw.,41
3M,2021-04-13,nauka zdalna,50
3M,2021-04-14,nauka zdalna,53
3M,2021-04-15,nauka zdalna,60
3M,2021-04-16,nauka zdalna,50
3M,2021-04-16,nieob. uspraw.,31
3M,2021-04-19,nauka zdalna,37
3M,2021-04-19,spóźnienie,6
3M,2021-04-20,spóźnienie,5
3M,2021-04-20,nauka zdalna,55
3M,2021-04-21,obecność,24
3M,2021-04-22,obecność,24
3M,2021-04-23,nauka zdalna,61
3M,2021-04-23,nieob. uspraw.,6
3M,2021-04-26,spóźnienie,10
3M,2021-04-26,nauka zdalna,43
3M,2021-04-27,nauka zdalna,64
3M,2021-04-28,obecność,28
3M,2021-04-28,nieob. uspraw.,56
3M,2021-04-29,obecność,37
3M,2021-04-30,nauka zdalna,44
3M,2021-04-30,nieob. uspraw.,40
3M,2021-05-07,nauka zdalna,47
3M,2021-05-07,nieobecność,36
3M,2021-05-10,nieob. uspraw.,42
3M,2021-05-10,nauka zdalna,40
3M,2021-05-11,nauka zdalna,54
3M,2021-05-12,obecność,24
3M,2021-05-12,nieob. uspraw.,60
3M,2021-05-13,obecność,30
3M,2021-05-14,nauka zdalna,43
3M,2021-05-17,nieob. uspraw.,31
3M,2021-05-17,obecność,46
3M,2021-05-17,spóźnienie,6
3M,2021-05-18,nieob. uspraw.,35
3M,2021-05-18,obecność,60
3M,2021-05-18,spóźnienie,3
3M,2021-05-19,obecność,36
3M,2021-05-19,nieob. uspraw.,40
3M,2021-05-20,spóźnienie,2
3M,2021-05-20,obecność,59
3M,2021-05-20,nieob. uspraw.,30
3M,2021-05-21,nieob. uspraw.,40
3M,2021-05-24,nieob. uspraw.,24
3M,2021-05-24,nauka zdalna,50
3M,2021-05-25,nauka zdalna,34
3M,2021-05-25,nieob. uspraw.,19
3M,2021-05-26,nauka zdalna,48
3M,2021-05-27,nauka zdalna,30
3M,2021-05-28,nauka zdalna,14
3M,2021-05-31,nieob. uspraw.,21
3M,2021-05-31,obecność,42
3M,2021-06-01,nieob. uspraw.,70
3M,2021-06-02,nieob. uspraw.,50
3M,2021-06-07,nieob. uspraw.,50
3M,2021-06-08,nieob. uspraw.,78
3M,2021-06-09,nieob. uspraw.,68
3M,2021-06-10,nieob. uspraw.,76
3M,2021-06-11,nieob. uspraw.,71
3M,2021-06-14,nieob. uspraw.,51
3M,2021-06-15,nieob. uspraw.,83
3M,2021-06-16,nieob. uspraw.,76
3M,2021-06-17,nieob. uspraw.,91
3M,2021-06-18,nieob. uspraw.,75
3M,2021-06-21,nieob. uspraw.,58
3M,2021-06-23,nieobecność,66
3M,2021-06-24,nieobecność,91
3M,2021-06-25,obecność,60
3M,2020-09-03,spóźnienie,4
3M,2020-09-04,obecność,50
3M,2020-09-10,obecność,61
3M,2020-09-11,nieob. uspraw.,21
3M,2020-09-11,nieobecność,18
3M,2020-09-15,spóźnienie,2
3M,2020-09-17,obecność,39
3M,2020-09-18,spóźnienie,1
3M,2020-09-23,obecność,44
3M,2020-09-24,obecność,43
3M,2020-09-25,obecność,37
3M,2020-10-05,obecność,45
3M,2020-10-06,obecność,54
3M,2020-10-07,obecność,32
3M,2020-10-08,obecność,52
3M,2020-10-12,obecność,35
3M,2020-10-13,obecność,36
3M,2020-10-15,obecność,47
3M,2020-10-16,obecność,48
3M,2020-10-20,nieobecność,3
3M,2020-10-21,nauka zdalna,33
3M,2020-10-26,nieobecność,33
3M,2020-10-26,nauka zdalna,22
3M,2020-10-29,nieobecność,14
3M,2020-11-05,nauka zdalna,48
3M,2020-11-09,spóźnienie,4
3M,2020-11-20,spóźnienie,1
3M,2020-12-11,nieobecność,34
3M,2021-02-05,nieob. uspraw.,27
3M,2021-02-08,spóźnienie,3
3M,2021-02-11,obecność,35
3M,2021-02-16,nieob. uspraw.,40
3M,2021-02-17,nieob. uspraw.,36
3M,2021-02-18,nieob. uspraw.,48
3M,2021-02-19,nieob. uspraw.,27
3M,2021-02-23,spóźnienie,2
3M,2021-02-23,nieob. uspraw.,37
3M,2021-03-03,nieob. uspraw.,60
3M,2021-03-04,nieob. uspraw.,48
3M,2021-03-08,nieob. uspraw.,21
3M,2021-03-11,nieob. uspraw.,36
3M,2021-03-17,nieob. uspraw.,42
3M,2021-03-18,nieob. uspraw.,42
3M,2021-03-19,nieob. uspraw.,18
3M,2021-03-23,nieobecność,3
3M,2021-03-26,nieob. uspraw.,21
3M,2021-04-08,nauka zdalna,54
3M,2021-04-09,spóźnienie,15
3M,2021-04-19,nieob. uspraw.,28
3M,2021-04-22,nieob. uspraw.,60
3M,2021-04-27,spóźnienie,6
3M,2021-04-29,nieob. uspraw.,47
3M,2021-05-10,spóźnienie,2
3M,2021-05-13,nieob. uspraw.,54
3M,2021-06-14,spóźnienie,1
3M,2021-06-21,obecność,12
3M,2021-06-25,nieobecność,24
3M,2020-09-02,nieobecność,46
3M,2020-09-03,nieobecność,50
3M,2020-09-04,nieobecność,15
3M,2020-09-10,spóźnienie,5
3M,2020-09-16,nieobecność,29
3M,2020-09-23,nieobecność,29
3M,2020-09-24,nieobecność,20
3M,2020-09-28,nieob. uspraw.,5
3M,2020-10-09,obecność,63
3M,2020-10-09,spóźnienie,1
3M,2020-10-21,nieobecność,3
3M,2020-10-29,nieob. uspraw.,45
3M,2020-11-02,spóźnienie,3
3M,2020-11-12,nieob. uspraw.,28
3M,2020-11-13,nieob. uspraw.,9
3M,2020-11-13,nieobecność,17
3M,2020-11-17,nieobecność,13
3M,2020-11-24,nieobecność,21
3M,2020-12-01,nieobecność,24
3M,2020-12-01,spóźnienie,7
3M,2020-12-02,nieob. uspraw.,21
3M,2020-12-03,nieob. uspraw.,14
3M,2020-12-04,nieobecność,25
3M,2020-12-04,spóźnienie,13
3M,2020-12-07,nieob. uspraw.,5
3M,2020-12-08,spóźnienie,1
3M,2020-12-09,nieob. uspraw.,14
3M,2020-12-10,nieob. uspraw.,14
3M,2020-12-14,spóźnienie,3
3M,2020-12-16,nieob. uspraw.,18
3M,2020-12-17,nieobecność,55
3M,2020-12-18,nieobecność,24
3M,2020-12-21,nieob. uspraw.,5
3M,2020-12-22,nieob. uspraw.,14
3M,2021-01-19,nieob. uspraw.,29
3M,2021-01-20,nieob. uspraw.,18
3M,2021-01-22,nieob. uspraw.,29
3M,2021-01-27,nieob. uspraw.,30
3M,2021-01-29,nieob. uspraw.,36
3M,2021-02-02,nieob. uspraw.,42
3M,2021-02-04,nieob. uspraw.,61
3M,2021-03-01,spóźnienie,1
3M,2021-03-05,spóźnienie,2
3M,2021-03-05,nieob. uspraw.,22
3M,2021-03-09,nieob. uspraw.,21
3M,2021-03-12,nieob. uspraw.,13
3M,2021-03-15,nieob. uspraw.,25
3M,2021-03-23,nieob. uspraw.,34
3M,2021-03-24,nieob. uspraw.,12
3M,2021-03-25,nieob. uspraw.,24
3M,2021-03-30,spóźnienie,9
3M,2021-03-31,nieob. uspraw.,18
3M,2021-04-09,nieobecność,25
3M,2021-04-20,nieob. uspraw.,26
3M,2021-04-21,nieob. uspraw.,60
3M,2021-04-26,nieob. uspraw.,31
3M,2021-04-27,nieob. uspraw.,28
3M,2021-05-11,nieob. uspraw.,42
3M,2021-05-14,nieob. uspraw.,38
3M,2021-05-14,spóźnienie,3
3M,2021-05-21,obecność,30
3M,2021-05-25,spóźnienie,5
3M,2021-05-27,nieob. uspraw.,54
3M,2021-06-23,obecność,18
3M,2020-09-21,spóźnienie,3
3M,2020-10-05,spóźnienie,8
3M,2020-10-28,nieob. uspraw.,42
3M,2020-10-30,nieobecność,21
3M,2020-11-04,nieobecność,17
3M,2020-11-05,nieobecność,29
3M,2020-11-10,nieob. uspraw.,8
3M,2020-11-18,nieob. uspraw.,12
3M,2020-11-25,nieobecność,24
3M,2020-11-26,nieobecność,42
3M,2020-11-27,spóźnienie,2
3M,2020-12-02,nieobecność,28
3M,2020-12-03,nieobecność,35
3M,2020-12-09,nieobecność,24
3M,2020-12-14,nieobecność,26
3M,2021-01-18,spóźnienie,4
3M,2021-02-22,nieob. uspraw.,18
3M,2021-03-02,nieob. uspraw.,41
3M,2021-03-10,nieob. uspraw.,30
3M,2021-04-07,nieobecność,18
3M,2021-05-19,nieobecność,8
3M,2021-06-01,obecność,14
3M,2021-06-02,obecność,16
3M,2021-06-07,obecność,20
3M,2021-06-14,obecność,18
3M,2021-06-15,spóźnienie,2
3M,2021-06-15,obecność,13
3M,2020-09-15,nieob. uspr. p.s.,12
3M,2020-09-16,nieob. uspraw.,23
3M,2020-09-25,nieobecność,22
3M,2020-09-30,nieob. uspraw.,29
3M,2020-10-08,nieobecność,18
3M,2020-11-23,nieobecność,22
3M,2021-01-19,spóźnienie,10
3M,2021-01-26,spóźnienie,2
3M,2021-02-01,spóźnienie,2
3M,2021-02-04,spóźnienie,1
3M,2021-02-09,spóźnienie,2
3M,2021-02-12,spóźnienie,5
3M,2021-03-02,spóźnienie,1
3M,2021-03-26,spóźnienie,5
3M,2021-04-12,spóźnienie,3
3M,2021-06-09,obecność,15
3M,2021-06-10,obecność,22
3M,2021-06-24,obecność,7
3M,2020-09-08,nieob. uspraw.,32
3M,2020-09-14,nieobecność,18
3M,2020-09-18,nieob. uspraw.,24
3M,2020-09-22,nieob. uspraw.,12
3M,2020-10-01,nieob. uspraw.,22
3M,2020-10-05,nieobecność,8
3M,2020-10-06,nieob. uspr. p.s.,12
3M,2020-10-19,nieobecność,4
3M,2020-10-27,nieobecność,8
3M,2020-12-10,nieobecność,18
3M,2020-12-15,nieob. uspraw.,7
3M,2021-01-18,nieobecność,1
3M,2021-01-25,spóźnienie,3
3M,2021-02-12,nieob. uspraw.,31
3M,2021-02-24,nauka zdalna,3
3M,2021-04-14,nieob. uspraw.,31
3M,2021-04-16,spóźnienie,2
3M,2021-05-07,spóźnienie,1
3M,2020-09-10,nieobecność,18
3M,2020-09-15,nieobecność,28
3M,2020-09-17,nieobecność,22
3M,2020-10-01,spóźnienie,1
3M,2020-10-09,nieobecność,2
3M,2020-10-13,nieobecność,24
3M,2020-10-15,nieobecność,37
3M,2020-10-28,nieobecność,8
3M,2020-11-03,nieobecność,16
3M,2020-11-12,nieobecność,9
3M,2020-11-18,nieobecność,18
3M,2020-11-24,spóźnienie,6
3M,2020-12-07,spóźnienie,1
3M,2020-12-16,nieobecność,24
3M,2021-03-22,nieobecność,1
3M,2021-03-29,nieobecność,14
3M,2021-04-13,spóźnienie,4
3M,2021-04-23,spóźnienie,3
3M,2021-05-26,nieob. uspraw.,36
3M,2021-06-11,obecność,13
3M,2021-06-16,obecność,8
3M,2021-06-18,obecność,9
3M,2020-09-29,nieob. uspraw.,12
3M,2020-10-06,nieobecność,12
3M,2020-12-11,nieob. uspraw.,9
3M,2021-02-02,nieobecność,1
3M,2021-02-19,spóźnienie,3
3M,2021-04-13,nieobecność,3
3M,2020-09-07,nieob. uspraw.,5
3M,2020-09-21,nieobecność,14
3M,2020-09-23,nieob. uspr. p.s.,4
3M,2020-10-05,nieob. uspr. p.s.,4
3M,2020-10-13,nieob. uspr. p.s.,12
3M,2020-10-16,nieobecność,20
3M,2020-11-02,nieob. uspraw.,10
3M,2020-11-03,nieob. uspraw.,10
3M,2020-11-04,nieob. uspraw.,14
3M,2020-11-09,nieob. uspraw.,5
3M,2021-03-09,spóźnienie,1
3M,2021-03-19,spóźnienie,5
3M,2021-04-15,nieob. uspraw.,12
3M,2021-05-17,nauka zdalna,1
3M,2021-05-31,spóźnienie,2
3M,2020-12-08,nieob. uspr. p.s.,6
3M,2021-06-08,obecność,20
3M,2021-06-17,obecność,7
3M,2020-09-08,spóźnienie,2
3M,2020-09-18,nieobecność,18
3M,2020-10-12,nieobecność,10
3M,2020-11-16,spóźnienie,1
3M,2020-11-19,spóźnienie,1
3M,2021-02-15,spóźnienie,2
3M,2021-02-22,spóźnienie,1
3M,2020-10-07,nieobecność,16
3M,2021-02-16,spóźnienie,1
3M,2021-02-17,nieobecność,15
3M,2021-02-18,nieobecność,12
3M,2021-03-09,nieobecność,11
3M,2021-03-15,nieobecność,13
3M,2021-03-16,nieobecność,18
3M,2021-03-18,nieobecność,18
3M,2021-03-19,nieobecność,10
3M,2021-03-25,nieobecność,18
3M,2021-04-12,nieobecność,10
3M,2021-04-19,nieobecność,13
3M,2021-05-25,nieobecność,12
3M,2021-06-02,nieobecność,18
3M,2020-09-29,nieobecność,2
3M,2021-01-20,nieobecność,12
3M,2021-02-19,nieobecność,9
3M,2021-02-22,nieobecność,10
3M,2021-02-26,nieobecność,9
3M,2021-03-01,nieobecność,12
3M,2021-03-03,nieobecność,12
3M,2021-03-04,nieobecność,9
3M,2021-03-08,nieobecność,11
3M,2021-03-10,nieobecność,12
3M,2021-03-12,obecność,1
3M,2021-03-17,nieobecność,12
3M,2021-03-24,nieobecność,12
3M,2021-03-26,nieobecność,7
3M,2021-03-31,nieobecność,12
3M,2021-04-15,nieobecność,12
3M,2021-04-20,nieobecność,12
3M,2021-05-11,spóźnienie,2
3M,2021-05-24,nieobecność,10
3M,2021-06-01,nieobecność,14
3M,2020-11-06,nieob. uspraw.,6
3M,2021-02-08,nieobecność,1
3M,2021-03-30,nieobecność,5
3M,2021-04-16,nieobecność,1
3M,2021-05-20,nieobecność,7
3M,2021-05-31,nieobecność,5
3M,2021-06-09,spóźnienie,1
1M,2020-09-01,obecność,105
1M,2020-09-02,obecność,72
1M,2020-09-03,obecność,91
1M,2020-09-04,obecność,112
1M,2020-09-07,nieob. uspraw.,6
1M,2020-09-08,obecność,84
1M,2020-09-09,obecność,69
1M,2020-09-10,obecność,111
1M,2020-09-11,obecność,90
1M,2020-09-14,nieob. uspraw.,12
1M,2020-09-15,nieob. uspraw.,12
1M,2020-09-16,nieob. uspraw.,10
1M,2020-09-17,nieob. uspraw.,21
1M,2020-09-18,nieob. uspraw.,21
1M,2020-09-21,obecność,78
1M,2020-09-22,obecność,89
1M,2020-09-23,obecność,60
1M,2020-09-24,obecność,90
1M,2020-09-25,obecność,113
1M,2020-09-28,nieob. uspraw.,12
1M,2020-09-29,nieob. uspraw.,12
1M,2020-09-30,nieobecność,14
1M,2020-10-01,nieobecność,24
1M,2020-10-02,nieobecność,24
1M,2020-10-05,obecność,48
1M,2020-10-06,obecność,73
1M,2020-10-07,obecność,64
1M,2020-10-08,obecność,87
1M,2020-10-09,obecność,67
1M,2020-10-09,zwolniony,5
1M,2020-10-12,nieob. uspraw.,6
1M,2020-10-13,nieob. uspraw.,7
1M,2020-10-15,nieob. uspraw.,12
1M,2020-10-16,obecność,120
1M,2020-10-19,nauka zdalna,51
1M,2020-10-19,nieobecność,30
1M,2020-10-20,nieobecność,36
1M,2020-10-20,nauka zdalna,60
1M,2020-10-21,nauka zdalna,50
1M,2020-10-21,nieobecność,24
1M,2020-10-22,obecność,5
1M,2020-10-22,nauka zdalna,79
1M,2020-10-23,nieobecność,41
1M,2020-10-23,nauka zdalna,64
1M,2020-10-26,nauka zdalna,76
1M,2020-10-27,nieob. uspraw.,1
1M,2020-10-27,nauka zdalna,69
1M,2020-10-28,nieob. uspraw.,2
1M,2020-10-28,nauka zdalna,59
1M,2020-10-29,nieob. uspraw.,4
1M,2020-10-29,nauka zdalna,62
1M,2020-10-30,nieob. uspraw.,8
1M,2020-11-02,nieob. uspraw.,2
1M,2020-11-02,nauka zdalna,46
1M,2020-11-03,nieob. uspraw.,2
1M,2020-11-03,nauka zdalna,73
1M,2020-11-04,nieobecność,17
1M,2020-11-04,nieob. uspraw.,2
1M,2020-11-04,nauka zdalna,56
1M,2020-11-05,nieob. uspraw.,8
1M,2020-11-05,nauka zdalna,67
1M,2020-11-06,nieobecność,35
1M,2020-11-06,nauka zdalna,80
1M,2020-11-09,nieob. uspraw.,1
1M,2020-11-09,nauka zdalna,82
1M,2020-11-10,nieob. uspraw.,9
1M,2020-11-12,nauka zdalna,73
1M,2020-11-12,nieob. uspraw.,3
1M,2020-11-13,nauka zdalna,85
1M,2020-11-16,nieob. uspraw.,7
1M,2020-11-16,nauka zdalna,61
1M,2020-11-17,nauka zdalna,93
1M,2020-11-18,nieob. uspraw.,2
1M,2020-11-18,nauka zdalna,53
1M,2020-11-19,nauka zdalna,81
1M,2020-11-20,nauka zdalna,99
1M,2020-11-20,nieobecność,21
1M,2020-11-23,nieobecność,13
1M,2020-11-23,nauka zdalna,70
1M,2020-11-24,nieob. uspraw.,6
1M,2020-11-25,nieob. uspraw.,3
1M,2020-11-25,nauka zdalna,59
1M,2020-11-26,nauka zdalna,82
1M,2020-11-26,nieobecność,22
1M,2020-11-27,nauka zdalna,98
1M,2020-11-30,nieobecność,17
1M,2020-11-30,nauka zdalna,40
1M,2020-12-01,nauka zdalna,78
1M,2020-12-02,nauka zdalna,61
1M,2020-12-03,nauka zdalna,70
1M,2020-12-04,nauka zdalna,82
1M,2020-12-04,nieobecność,22
1M,2020-12-07,nauka zdalna,68
1M,2020-12-08,nauka zdalna,62
1M,2020-12-08,nieobecność,28
1M,2020-12-09,nieobecność,8
1M,2020-12-09,nauka zdalna,67
1M,2020-12-10,nauka zdalna,87
1M,2020-12-11,nieobecność,20
1M,2020-12-11,nauka zdalna,99
1M,2020-12-14,nieobecność,20
1M,2020-12-14,nauka zdalna,70
1M,2020-12-15,nauka zdalna,77
1M,2020-12-15,nieobecność,13
1M,2020-12-16,nieobecność,11
1M,2020-12-16,nauka zdalna,64
1M,2020-12-17,nieobecność,33
1M,2020-12-17,nauka zdalna,71
1M,2020-12-18,nauka zdalna,74
1M,2020-12-18,nieobecność,46
1M,2020-12-21,nieobecność,20
1M,2020-12-21,nauka zdalna,70
1M,2020-12-22,nauka zdalna,62
1M,2021-01-18,nieob. uspraw.,6
1M,2021-01-19,nieob. uspraw.,6
1M,2021-01-20,nieob. uspraw.,5
1M,2021-01-21,nieob. uspraw.,8
1M,2021-01-22,nieob. uspraw.,8
1M,2021-01-25,nieob. uspraw.,7
1M,2021-01-26,nieob. uspraw.,6
1M,2021-01-27,nieob. uspraw.,5
1M,2021-01-28,nieobecność,13
1M,2021-01-28,nauka zdalna,92
1M,2021-01-29,nieobecność,33
1M,2021-01-29,nauka zdalna,81
1M,2021-02-01,nieobecność,5
1M,2021-02-01,nauka zdalna,70
1M,2021-02-02,nauka zdalna,30
1M,2021-02-02,nieobecność,20
1M,2021-02-03,nauka zdalna,79
1M,2021-02-04,nieobecność,16
1M,2021-02-04,nauka zdalna,81
1M,2021-02-05,nauka zdalna,111
1M,2021-02-05,nieobecność,9
1M,2021-02-08,nieobecność,12
1M,2021-02-09,nieob. uspraw.,6
1M,2021-02-10,nauka zdalna,74
1M,2021-02-10,nieob. uspraw.,2
1M,2021-02-11,nieobecność,13
1M,2021-02-11,nauka zdalna,91
1M,2021-02-12,nieobecność,15
1M,2021-02-15,nieob. uspraw.,4
1M,2021-02-15,nauka zdalna,69
1M,2021-02-16,nieob. uspraw.,16
1M,2021-02-17,nieobecność,15
1M,2021-02-18,nieob. uspraw.,7
1M,2021-02-19,nauka zdalna,40
1M,2021-02-19,nieob. uspraw.,2
1M,2021-02-19,obecność,26
1M,2021-02-22,nieob. uspraw.,3
1M,2021-02-22,nauka zdalna,71
1M,2021-02-23,nieobecność,16
1M,2021-02-24,nieob. uspraw.,6
1M,2021-02-25,nieob. uspraw.,2
1M,2021-02-25,nauka zdalna,91
1M,2021-02-26,nauka zdalna,33
1M,2021-02-26,nieob. uspraw.,8
1M,2021-02-26,obecność,22
1M,2021-03-01,nauka zdalna,79
1M,2021-03-02,nieobecność,17
1M,2021-03-03,nauka zdalna,99
1M,2021-03-04,nauka zdalna,77
1M,2021-03-05,nauka zdalna,43
1M,2021-03-08,nauka zdalna,77
1M,2021-03-09,nieobecność,16
1M,2021-03-10,nauka zdalna,97
1M,2021-03-11,nieob. uspraw.,1
1M,2021-03-11,nauka zdalna,54
1M,2021-03-11,,15
1M,2021-03-12,nauka zdalna,71
1M,2021-03-15,nauka zdalna,81
1M,2021-03-15,nieob. uspraw.,8
1M,2021-03-16,obecność,88
1M,2021-03-17,nauka zdalna,83
1M,2021-03-18,nauka zdalna,78
1M,2021-03-18,spóźn. uspr.,2
1M,2021-03-19,nauka zdalna,40
1M,2021-03-19,obecność,20
1M,2021-03-22,nieob. uspraw.,3
1M,2021-03-22,nauka zdalna,67
1M,2021-03-23,nauka zdalna,88
1M,2021-03-24,nieobecność,13
1M,2021-03-24,nauka zdalna,74
1M,2021-03-25,nieobecność,16
1M,2021-03-25,nauka zdalna,89
1M,2021-03-26,nieobecność,24
1M,2021-03-26,nauka zdalna,49
1M,2021-03-29,nieobecność,26
1M,2021-03-29,nauka zdalna,64
1M,2021-03-30,nieobecność,48
1M,2021-03-31,nauka zdalna,73
1M,2021-03-31,nieobecność,12
1M,2021-04-07,nieobecność,19
1M,2021-04-08,nieobecność,22
1M,2021-04-08,nauka zdalna,83
1M,2021-04-09,nauka zdalna,52
1M,2021-04-12,nieobecność,24
1M,2021-04-13,nauka zdalna,72
1M,2021-04-14,nieobecność,15
1M,2021-04-15,nauka zdalna,81
1M,2021-04-16,nieobecność,12
1M,2021-04-19,nauka zdalna,64
1M,2021-04-20,nieobecność,40
1M,2021-04-21,nieobecność,16
1M,2021-04-21,spóźnienie,1
1M,2021-04-21,nauka zdalna,73
1M,2021-04-22,nieobecność,25
1M,2021-04-23,nauka zdalna,63
1M,2021-04-26,nieobecność,15
1M,2021-04-26,nauka zdalna,75
1M,2021-04-27,nieobecność,32
1M,2021-04-28,nauka zdalna,68
1M,2021-04-29,nieobecność,32
1M,2021-04-29,nauka zdalna,69
1M,2021-04-30,nauka zdalna,59
1M,2021-04-30,nieobecność,16
1M,2021-05-07,nieobecność,30
1M,2021-05-10,nieobecność,23
1M,2021-05-10,nauka zdalna,68
1M,2021-05-11,nieobecność,40
1M,2021-05-12,nieobecność,22
1M,2021-05-12,nauka zdalna,62
1M,2021-05-13,nieobecność,16
1M,2021-05-13,nauka zdalna,53
1M,2021-05-14,nauka zdalna,78
1M,2021-05-17,nieob. uspraw.,15
1M,2021-05-18,nieob. uspraw.,7
1M,2021-05-18,nauka zdalna,5
1M,2021-05-19,nieob. uspraw.,12
1M,2021-05-20,nieob. uspraw.,15
1M,2021-05-21,nieob. uspraw.,16
1M,2021-05-24,nieobecność,18
1M,2021-05-24,nauka zdalna,51
1M,2021-05-25,nauka zdalna,11
1M,2021-05-25,,60
1M,2021-05-26,nieobecność,18
1M,2021-05-26,spóźnienie,2
1M,2021-05-26,nauka zdalna,64
1M,2021-05-27,nieobecność,18
1M,2021-05-27,,15
1M,2021-05-27,nauka zdalna,57
1M,2021-05-28,nieobecność,14
1M,2021-05-28,nauka zdalna,30
1M,2021-05-31,nieobecność,15
1M,2021-06-01,nieobecność,24
1M,2021-06-02,nieobecność,30
1M,2021-06-07,nieob. uspraw.,13
1M,2021-06-08,nieob. uspraw.,6
1M,2021-06-09,obecność,52
1M,2021-06-10,obecność,52
1M,2021-06-11,obecność,67
1M,2021-06-14,nieobecność,50
1M,2021-06-15,nieobecność,52
1M,2021-06-16,nieobecność,39
1M,2021-06-17,obecność,9
1M,2021-06-17,nieobecność,89
1M,2021-06-18,nieobecność,96
1M,2021-06-21,nieobecność,84
1M,2021-06-23,nieobecność,72
1M,2021-06-24,nieobecność,84
1M,2021-06-24,obecność,21
1M,2021-06-25,nieobecność,16
1M,2020-09-07,obecność,72
1M,2020-09-14,obecność,78
1M,2020-09-15,obecność,72
1M,2020-09-16,obecność,48
1M,2020-09-17,obecność,89
1M,2020-09-18,obecność,84
1M,2020-09-28,obecność,65
1M,2020-09-29,obecność,66
1M,2020-09-30,obecność,38
1M,2020-10-01,obecność,64
1M,2020-10-02,obecność,95
1M,2020-10-12,obecność,67
1M,2020-10-13,obecność,80
1M,2020-10-15,obecność,52
1M,2020-10-30,nauka zdalna,69
1M,2020-11-03,nieobecność,30
1M,2020-11-05,nieobecność,30
1M,2020-11-10,nauka zdalna,85
1M,2020-11-24,nauka zdalna,75
1M,2021-01-18,nauka zdalna,66
1M,2021-01-19,nauka zdalna,69
1M,2021-01-20,nauka zdalna,62
1M,2021-01-21,nauka zdalna,75
1M,2021-01-22,nauka zdalna,85
1M,2021-01-25,nauka zdalna,65
1M,2021-01-26,nauka zdalna,60
1M,2021-01-27,nauka zdalna,60
1M,2021-02-02,obecność,40
1M,2021-02-08,nauka zdalna,61
1M,2021-02-09,nauka zdalna,10
1M,2021-02-09,obecność,50
1M,2021-02-12,nauka zdalna,104
1M,2021-02-16,obecność,88
1M,2021-02-17,nauka zdalna,75
1M,2021-02-18,nauka zdalna,75
1M,2021-02-23,obecność,104
1M,2021-02-24,nauka zdalna,74
1M,2021-03-02,obecność,96
1M,2021-03-08,nieob. uspraw.,1
1M,2021-03-09,obecność,104
1M,2021-03-18,spóźnienie,2
1M,2021-03-30,nauka zdalna,72
1M,2021-04-07,nauka zdalna,70
1M,2021-04-12,nauka zdalna,66
1M,2021-04-14,nauka zdalna,75
1M,2021-04-16,nauka zdalna,63
1M,2021-04-20,nauka zdalna,80
1M,2021-04-22,nauka zdalna,80
1M,2021-04-27,obecność,88
1M,2021-05-07,nauka zdalna,60
1M,2021-05-11,obecność,64
1M,2021-05-31,obecność,69
1M,2021-06-01,obecność,65
1M,2021-06-02,obecność,43
1M,2021-06-07,obecność,48
1M,2021-06-08,obecność,54
1M,2021-06-14,obecność,33
1M,2021-06-15,obecność,20
1M,2021-06-16,obecność,24
1M,2021-06-25,obecność,104
1M,2020-09-09,nieob. uspraw.,5
1M,2020-09-10,nieob. uspraw.,8
1M,2020-09-11,nieob. uspraw.,8
1M,2020-09-18,zwolniony,1
1M,2020-09-22,nieob. uspraw.,7
1M,2020-10-05,nieob. uspraw.,4
1M,2020-10-06,nieob. uspraw.,14
1M,2020-10-07,nieob. uspraw.,10
1M,2020-10-12,nieobecność,17
1M,2020-10-29,nieobecność,39
1M,2020-11-02,nieobecność,42
1M,2020-11-13,nieobecność,35
1M,2020-11-16,nieobecność,22
1M,2020-11-19,nieobecność,23
1M,2020-12-10,nieobecność,17
1M,2021-01-18,nieobecność,18
1M,2021-01-21,nieobecność,22
1M,2021-01-22,nieobecność,27
1M,2021-01-26,nieobecność,24
1M,2021-01-27,nieobecność,10
1M,2021-02-09,nieobecność,24
1M,2021-02-10,nieobecność,14
1M,2021-02-11,spóźnienie,1
1M,2021-02-15,nieobecność,17
1M,2021-02-16,nieobecność,16
1M,2021-02-18,nieobecność,22
1M,2021-02-22,nieobecność,16
1M,2021-02-25,nieobecność,10
1M,2021-02-26,nieobecność,12
1M,2021-03-01,nieobecność,11
1M,2021-03-03,nieobecność,6
1M,2021-03-04,nieobecność,13
1M,2021-03-10,nieobecność,8
1M,2021-03-11,nieobecność,16
1M,2021-03-16,nieobecność,32
1M,2021-03-17,nieobecność,6
1M,2021-03-18,nieobecność,16
1M,2021-03-22,nieobecność,20
1M,2021-04-09,nieobecność,23
1M,2021-04-15,nieobecność,24
1M,2021-04-28,nieobecność,18
1M,2021-05-17,obecność,59
1M,2021-05-17,nieobecność,1
1M,2021-05-18,obecność,66
1M,2021-05-19,obecność,73
1M,2021-05-20,nieobecność,9
1M,2021-05-21,nieobecność,17
1M,2021-06-07,nieobecność,27
1M,2021-06-08,nieobecność,30
1M,2021-06-09,nieobecność,18
1M,2021-06-10,nieobecność,31
1M,2021-06-11,nieobecność,37
1M,2020-09-03,nieobecność,7
1M,2020-10-08,nieob. uspraw.,9
1M,2020-10-09,nieob. uspraw.,24
1M,2020-10-15,nieobecność,23
1M,2020-10-22,nieobecność,17
1M,2020-11-17,nieobecność,12
1M,2020-11-18,nieobecność,20
1M,2020-12-03,nieobecność,29
1M,2020-12-22,nieobecność,28
1M,2021-01-19,nieobecność,15
1M,2021-01-25,nieobecność,16
1M,2021-02-03,spóźnienie,1
1M,2021-03-19,nieobecność,13
1M,2021-03-23,nieobecność,24
1M,2021-03-31,spóźnienie,3
1M,2021-04-07,nieob. uspraw.,1
1M,2021-04-13,nieobecność,48
1M,2021-05-20,obecność,78
1M,2021-05-21,obecność,87
1M,2020-09-23,nieob. uspraw.,5
1M,2020-10-05,spóźnienie,1
1M,2020-10-19,nieob. uspraw.,9
1M,2020-10-20,nieob. uspraw.,8
1M,2020-10-23,nieob. uspr. p.s.,2
1M,2020-10-27,nieobecność,35
1M,2020-12-04,nieob. uspraw.,16
1M,2021-01-25,nieob. uspr. p.s.,2
1M,2021-02-25,spóźnienie,2
1M,2021-03-11,nieob. uspr. p.s.,4
1M,2021-04-19,nieob. uspraw.,2
1M,2021-05-25,nieobecność,4
1M,2021-05-26,nieob. uspraw.,6
1M,2021-06-10,nieob. uspraw.,7
1M,2021-06-11,nieob. uspraw.,16
1M,2021-06-14,nieob. uspraw.,7
1M,2021-06-15,nieob. uspraw.,18
1M,2021-06-18,obecność,16
1M,2020-10-26,nieobecność,14
1M,2020-10-30,nieobecność,43
1M,2020-11-09,nieobecność,7
1M,2020-11-25,nieobecność,13
1M,2020-11-27,nieobecność,22
1M,2020-12-02,nieobecność,7
1M,2020-12-07,nieobecność,22
1M,2021-01-20,nieobecność,8
1M,2021-02-19,nieobecność,7
1M,2021-02-24,nieobecność,8
1M,2021-03-08,nieobecność,12
1M,2021-04-19,nieobecność,24
1M,2021-04-23,nieobecność,12
1M,2020-09-16,spóźnienie,5
1M,2020-10-15,nieob. uspr. p.s.,3
1M,2020-10-22,nieob. uspraw.,4
1M,2020-11-06,nieob. uspraw.,5
1M,2020-11-23,nieob. uspraw.,7
1M,2020-11-26,nieob. uspraw.,1
1M,2020-12-02,nieob. uspraw.,7
1M,2020-12-11,nieob. uspraw.,1
1M,2020-12-17,nieob. uspraw.,1
1M,2021-01-29,nieob. uspraw.,6
1M,2021-02-08,nieob. uspraw.,2
1M,2021-02-12,nieob. uspraw.,1
1M,2021-03-17,nieob. uspraw.,1
1M,2021-03-19,nieob. uspraw.,2
1M,2021-05-10,nieob. uspraw.,14
1M,2021-05-11,nieob. uspraw.,16
1M,2021-05-12,nieob. uspraw.,6
1M,2021-05-13,nieob. uspraw.,6
1M,2021-05-24,nieob. uspraw.,6
1M,2021-06-02,nieob. uspraw.,2
1M,2021-06-16,nieob. uspraw.,11
1M,2021-06-17,nieob. uspraw.,7
1M,2021-06-18,nieob. uspraw.,8
1M,2021-06-21,nieob. uspraw.,6
1M,2021-06-23,nieob. uspraw.,1
1M,2020-09-16,nieobecność,12
1M,2020-09-22,nieobecność,9
1M,2020-09-25,nieobecność,6
1M,2020-10-05,nieobecność,6
1M,2020-10-06,nieobecność,17
1M,2020-10-07,nieobecność,1
1M,2020-10-09,nieobecność,24
1M,2020-10-13,nieobecność,18
1M,2020-10-20,obecność,1
1M,2020-10-28,nieobecność,14
1M,2020-11-12,nieobecność,29
1M,2020-11-19,nieob. uspraw.,1
1M,2021-02-03,nieobecność,4
1M,2021-02-04,nieob. uspraw.,8
1M,2021-05-20,spóźnienie,3
1M,2021-06-07,spóźnienie,2
1M,2020-10-05,spóźn. uspr.,1
1M,2020-10-21,nieob. uspraw.,1
1M,2020-10-23,nieob. uspraw.,2
1M,2021-05-14,nieobecność,12
1M,2021-06-01,spóźnienie,1
1M,2020-09-03,nieob. uspraw.,7
1M,2020-09-04,nieob. uspraw.,8
1M,2020-09-28,nieobecność,13
1M,2020-09-29,nieobecność,12
1M,2020-11-10,nieobecność,11
1M,2020-11-24,nieobecność,4
1M,2020-11-24,zwolniony,5
1M,2020-12-01,nieobecność,6
1M,2021-05-18,nieobecność,12
1M,2021-05-19,spóźnienie,1
1M,2021-06-16,spóźnienie,1
1M,2020-09-07,nieobecność,12
1M,2020-09-11,nieobecność,22
1M,2020-09-21,nieobecność,12
1M,2020-09-23,nieobecność,10
1M,2020-09-30,nieob. uspraw.,8
1M,2020-10-01,nieob. uspraw.,2
1M,2020-10-06,spóźnienie,1
1M,2020-10-23,obecność,11
1M,2020-11-30,nieob. uspraw.,3
1M,2020-12-01,nieob. uspraw.,6
1M,2020-12-03,nieob. uspraw.,6
1M,2021-02-24,spóźnienie,2
1M,2021-03-05,nieobecność,2
1M,2021-03-12,nieobecność,4
1M,2021-03-18,nieob. uspraw.,7
1M,2020-09-02,nieob. uspr. p.s.,3
1M,2020-09-08,nieobecność,6
1M,2020-09-09,nieobecność,1
1M,2020-09-10,nieobecność,1
1M,2020-09-17,nieobecność,10
1M,2020-09-18,nieobecność,14
1M,2020-09-24,nieobecność,8
1M,2020-09-25,spóźnienie,1
1M,2020-10-08,nieobecność,9
1M,2021-02-03,nieob. uspraw.,6
1M,2021-05-19,nieobecność,4
1M,2020-09-15,nieobecność,6
1M,2020-12-10,spóźnienie,1
1M,2021-03-15,nieobecność,1
1M,2021-03-23,nieob. uspraw.,8
1M,2021-03-24,nieob. uspraw.,3
1M,2021-03-31,nieob. uspraw.,2
1M,2020-09-24,nieob. uspraw.,7
1M,2020-10-02,spóźnienie,1
1M,2021-02-18,spóźn. uspr.,1
1M,2021-03-02,nieob. uspraw.,7
1M,2021-03-26,nieob. uspraw.,2
1M,2021-04-28,nieob. uspraw.,4
1M,2021-04-29,nieob. uspraw.,4
1M,2021-05-28,nieob. uspraw.,1
1M,2021-05-31,nieob. uspraw.,6
1M,2021-06-09,nieob. uspraw.,5
1M,2021-06-23,obecność,2
2MK,2020-09-01,obecność,168
2MK,2020-09-02,obecność,136
2MK,2020-09-03,obecność,155
2MK,2020-09-04,obecność,119
2MK,2020-09-09,obecność,122
2MK,2020-09-10,obecność,142
2MK,2020-09-11,obecność,102
2MK,2020-09-16,obecność,102
2MK,2020-09-17,obecność,132
2MK,2020-09-18,obecność,67
2MK,2020-09-23,obecność,102
2MK,2020-09-24,obecność,123
2MK,2020-09-25,obecność,91
2MK,2020-09-30,obecność,79
2MK,2020-10-01,obecność,100
2MK,2020-10-02,obecność,59
2MK,2020-10-07,obecność,94
2MK,2020-10-08,obecność,81
2MK,2020-10-09,obecność,71
2MK,2020-10-14,obecność,48
2MK,2020-10-15,obecność,116
2MK,2020-10-16,obecność,88
2MK,2020-10-21,obecność,112
2MK,2020-10-22,obecność,123
2MK,2020-10-23,obecność,100
2MK,2020-10-28,nieob. uspraw.,7
2MK,2020-10-28,nauka zdalna,92
2MK,2020-10-29,nauka zdalna,97
2MK,2020-10-30,nauka zdalna,68
2MK,2020-11-04,nauka zdalna,94
2MK,2020-11-05,nieob. uspr. p.s.,2
2MK,2020-11-05,nauka zdalna,114
2MK,2020-11-06,nauka zdalna,81
2MK,2020-11-12,nauka zdalna,86
2MK,2020-11-13,nauka zdalna,38
2MK,2020-11-18,nauka zdalna,101
2MK,2020-11-19,nauka zdalna,107
2MK,2020-11-20,nauka zdalna,46
2MK,2020-11-25,nauka zdalna,118
2MK,2020-11-26,nauka zdalna,120
2MK,2020-11-27,nauka zdalna,71
2MK,2020-12-02,nauka zdalna,118
2MK,2020-12-03,nauka zdalna,117
2MK,2020-12-04,nauka zdalna,79
2MK,2020-12-09,nauka zdalna,108
2MK,2020-12-10,nauka zdalna,112
2MK,2020-12-11,nauka zdalna,82
2MK,2020-12-16,nauka zdalna,109
2MK,2020-12-17,nauka zdalna,127
2MK,2020-12-18,nauka zdalna,86
2MK,2021-01-20,nauka zdalna,105
2MK,2021-01-21,nauka zdalna,111
2MK,2021-01-22,nauka zdalna,86
2MK,2021-01-27,nauka zdalna,118
2MK,2021-01-28,nauka zdalna,124
2MK,2021-01-29,nauka zdalna,90
2MK,2021-02-03,nauka zdalna,104
2MK,2021-02-04,nauka zdalna,116
2MK,2021-02-05,nauka zdalna,93
2MK,2021-02-10,nauka zdalna,115
2MK,2021-02-11,nauka zdalna,108
2MK,2021-02-12,nauka zdalna,90
2MK,2021-02-17,nauka zdalna,128
2MK,2021-02-18,nauka zdalna,118
2MK,2021-02-19,nauka zdalna,96
2MK,2021-02-24,nauka zdalna,122
2MK,2021-02-25,nauka zdalna,117
2MK,2021-02-26,nauka zdalna,96
2MK,2021-03-03,nauka zdalna,99
2MK,2021-03-04,nauka zdalna,112
2MK,2021-03-05,nauka zdalna,89
2MK,2021-03-10,nauka zdalna,76
2MK,2021-03-11,nauka zdalna,127
2MK,2021-03-12,nauka zdalna,87
2MK,2021-03-17,nauka zdalna,119
2MK,2021-03-18,nauka zdalna,124
2MK,2021-03-19,nauka zdalna,76
2MK,2021-03-24,nauka zdalna,113
2MK,2021-03-25,nauka zdalna,109
2MK,2021-03-26,nauka zdalna,81
2MK,2021-03-31,nauka zdalna,124
2MK,2021-04-07,nauka zdalna,114
2MK,2021-04-08,nauka zdalna,104
2MK,2021-04-09,nauka zdalna,94
2MK,2021-04-14,nauka zdalna,114
2MK,2021-04-15,nauka zdalna,106
2MK,2021-04-16,nauka zdalna,74
2MK,2021-04-21,nauka zdalna,117
2MK,2021-04-22,nauka zdalna,82
2MK,2021-04-23,nauka zdalna,81
2MK,2021-04-28,nauka zdalna,123
2MK,2021-04-29,nauka zdalna,101
2MK,2021-04-30,nauka zdalna,85
2MK,2021-05-07,nauka zdalna,68
2MK,2021-05-12,nauka zdalna,128
2MK,2021-05-13,nauka zdalna,114
2MK,2021-05-14,nauka zdalna,76
2MK,2021-05-19,nauka zdalna,130
2MK,2021-05-20,obecność,17
2MK,2021-05-20,nauka zdalna,93
2MK,2021-05-21,nauka zdalna,64
2MK,2021-05-26,obecność,114
2MK,2021-05-26,nauka zdalna,20
2MK,2021-05-27,obecność,90
2MK,2021-05-28,obecność,79
2MK,2021-06-02,obecność,113
2MK,2021-06-09,nieob. uspraw.,8
2MK,2021-06-09,obecność,83
2MK,2021-06-10,obecność,98
2MK,2021-06-11,obecność,65
2MK,2021-06-16,obecność,63
2MK,2021-06-17,nieob. uspraw.,24
2MK,2021-06-18,obecność,17
2MK,2021-06-23,obecność,100
2MK,2021-06-23,nieob. uspraw.,3
2MK,2021-06-24,nieobecność,149
2MK,2021-06-24,obecność,8
2MK,2021-06-25,obecność,120
2MK,2020-09-07,obecność,80
2MK,2020-09-08,obecność,76
2MK,2020-09-09,spóźnienie,12
2MK,2020-09-11,spóźnienie,8
2MK,2020-09-14,nieobecność,8
2MK,2020-09-14,obecność,73
2MK,2020-09-15,nieobecność,24
2MK,2020-09-15,spóźnienie,1
2MK,2020-09-15,obecność,59
2MK,2020-09-16,nieobecność,20
2MK,2020-09-17,nieobecność,18
2MK,2020-09-18,nieobecność,50
2MK,2020-09-21,nieob. uspraw.,7
2MK,2020-09-21,spóźnienie,1
2MK,2020-09-21,obecność,73
2MK,2020-09-22,nieobecność,68
2MK,2020-09-23,nieobecność,29
2MK,2020-09-24,nieob. uspraw.,9
2MK,2020-09-25,spóźnienie,8
2MK,2020-09-28,obecność,60
2MK,2020-09-28,nieobecność,26
2MK,2020-09-29,obecność,84
2MK,2020-09-30,spóźnienie,11
2MK,2020-09-30,nieob. uspraw.,29
2MK,2020-10-05,obecność,53
2MK,2020-10-05,nieobecność,30
2MK,2020-10-06,obecność,55
2MK,2020-10-07,nieobecność,19
2MK,2020-10-09,nieob. uspraw.,5
2MK,2020-10-12,obecność,77
2MK,2020-10-13,obecność,56
2MK,2020-10-19,obecność,54
2MK,2020-10-20,obecność,40
2MK,2020-10-26,nauka zdalna,64
2MK,2020-10-26,nieobecność,34
2MK,2020-10-27,nauka zdalna,68
2MK,2020-10-28,nieobecność,49
2MK,2020-10-29,nieobecność,57
2MK,2020-10-30,nieobecność,48
2MK,2020-11-02,nauka zdalna,59
2MK,2020-11-03,nauka zdalna,51
2MK,2020-11-04,nieobecność,51
2MK,2020-11-04,spóźnienie,2
2MK,2020-11-06,nieobecność,41
2MK,2020-11-09,nauka zdalna,55
2MK,2020-11-10,nauka zdalna,76
2MK,2020-11-10,nieobecność,22
2MK,2020-11-12,nieobecność,66
2MK,2020-11-13,nieobecność,36
2MK,2020-11-16,nauka zdalna,71
2MK,2020-11-17,nauka zdalna,56
2MK,2020-11-18,spóźnienie,2
2MK,2020-11-20,nieobecność,25
2MK,2020-11-23,nauka zdalna,69
2MK,2020-11-24,nauka zdalna,67
2MK,2020-11-27,nieobecność,47
2MK,2020-11-30,nauka zdalna,55
2MK,2020-11-30,nieobecność,43
2MK,2020-12-01,nauka zdalna,52
2MK,2020-12-03,nieobecność,34
2MK,2020-12-07,nauka zdalna,59
2MK,2020-12-07,nieobecność,36
2MK,2020-12-08,nauka zdalna,53
2MK,2020-12-08,nieobecność,43
2MK,2020-12-11,nieobecność,38
2MK,2020-12-14,nauka zdalna,65
2MK,2020-12-14,nieobecność,31
2MK,2020-12-15,nauka zdalna,60
2MK,2020-12-16,nieobecność,32
2MK,2020-12-21,nauka zdalna,55
2MK,2020-12-21,nieobecność,36
2MK,2020-12-22,nauka zdalna,54
2MK,2020-12-22,nieobecność,35
2MK,2020-12-22,nieob. uspraw.,8
2MK,2021-01-18,nauka zdalna,72
2MK,2021-01-19,nauka zdalna,61
2MK,2021-01-19,nieobecność,37
2MK,2021-01-22,nieobecność,37
2MK,2021-01-25,nauka zdalna,62
2MK,2021-01-25,nieobecność,22
2MK,2021-01-26,nauka zdalna,69
2MK,2021-01-27,nieobecność,23
2MK,2021-01-28,nieobecność,33
2MK,2021-01-29,nieobecność,33
2MK,2021-02-01,nauka zdalna,22
2MK,2021-02-01,obecność,55
2MK,2021-02-02,nauka zdalna,5
2MK,2021-02-02,nieobecność,42
2MK,2021-02-08,nauka zdalna,27
2MK,2021-02-08,obecność,50
2MK,2021-02-09,nieobecność,34
2MK,2021-02-09,nauka zdalna,54
2MK,2021-02-10,spóźnienie,3
2MK,2021-02-11,nieobecność,34
2MK,2021-02-12,nieobecność,30
2MK,2021-02-15,obecność,35
2MK,2021-02-16,nieobecność,34
2MK,2021-02-17,nieobecność,16
2MK,2021-02-19,nieobecność,19
2MK,2021-02-22,nauka zdalna,22
2MK,2021-02-22,nieobecność,44
2MK,2021-02-23,nieobecność,39
2MK,2021-02-23,obecność,45
2MK,2021-02-24,spóźnienie,6
2MK,2021-03-01,nauka zdalna,18
2MK,2021-03-01,obecność,33
2MK,2021-03-02,nauka zdalna,78
2MK,2021-03-03,spóźnienie,4
2MK,2021-03-04,nieobecność,36
2MK,2021-03-08,nauka zdalna,24
2MK,2021-03-08,obecność,15
2MK,2021-03-09,nauka zdalna,7
2MK,2021-03-09,nieobecność,39
2MK,2021-03-10,nieobecność,27
2MK,2021-03-10,spóźnienie,2
2MK,2021-03-12,nieobecność,36
2MK,2021-03-15,nauka zdalna,16
2MK,2021-03-15,nieobecność,48
2MK,2021-03-16,nieobecność,65
2MK,2021-03-17,nieobecność,26
2MK,2021-03-18,nieobecność,33
2MK,2021-03-19,nieobecność,39
2MK,2021-03-19,spóźnienie,3
2MK,2021-03-22,nieobecność,42
2MK,2021-03-23,nauka zdalna,55
2MK,2021-03-24,nieobecność,22
2MK,2021-03-26,nieobecność,36
2MK,2021-03-29,nieobecność,45
2MK,2021-03-29,nauka zdalna,46
2MK,2021-03-30,nieobecność,42
2MK,2021-04-08,nieobecność,48
2MK,2021-04-12,nieobecność,17
2MK,2021-04-12,nauka zdalna,78
2MK,2021-04-13,nauka zdalna,68
2MK,2021-04-19,nieobecność,21
2MK,2021-04-20,nauka zdalna,65
2MK,2021-04-21,spóźnienie,4
2MK,2021-04-23,nieobecność,37
2MK,2021-04-26,nauka zdalna,20
2MK,2021-04-26,obecność,30
2MK,2021-04-27,nauka zdalna,12
2MK,2021-04-27,nieob. uspraw.,26
2MK,2021-04-28,nieobecność,14
2MK,2021-04-29,nieobecność,42
2MK,2021-05-07,nieobecność,26
2MK,2021-05-10,nauka zdalna,59
2MK,2021-05-10,nieobecność,34
2MK,2021-05-11,nauka zdalna,18
2MK,2021-05-11,nieobecność,40
2MK,2021-05-12,nieobecność,34
2MK,2021-05-17,nieobecność,30
2MK,2021-05-17,nauka zdalna,68
2MK,2021-05-18,nieobecność,32
2MK,2021-05-18,nauka zdalna,66
2MK,2021-05-20,nieobecność,42
2MK,2021-05-21,nieobecność,36
2MK,2021-05-24,obecność,67
2MK,2021-05-25,obecność,65
2MK,2021-05-31,obecność,63
2MK,2021-05-31,spóźnienie,3
2MK,2021-06-01,obecność,61
2MK,2021-06-07,spóźnienie,2
2MK,2021-06-07,obecność,43
2MK,2021-06-08,obecność,82
2MK,2021-06-14,obecność,61
2MK,2021-06-15,obecność,30
2MK,2021-06-17,nieobecność,118
2MK,2021-06-18,nieobecność,74
2MK,2021-06-21,nieobecność,92
2MK,2021-06-23,nieobecność,69
2MK,2020-09-14,spóźnienie,3
2MK,2020-09-21,nieobecność,17
2MK,2020-09-22,nieob. uspraw.,2
2MK,2020-09-23,nieob. uspraw.,8
2MK,2020-09-28,nieob. uspraw.,6
2MK,2020-10-02,nieob. uspr. p.s.,12
2MK,2020-10-05,nieob. uspraw.,15
2MK,2020-10-06,nieob. uspraw.,14
2MK,2020-10-08,nieob. uspraw.,4
2MK,2020-10-19,nieob. uspraw.,14
2MK,2020-10-20,nieob. uspraw.,18
2MK,2020-11-09,nieobecność,43
2MK,2020-12-22,spóźnienie,1
2MK,2021-01-27,spóźnienie,4
2MK,2021-02-02,obecność,51
2MK,2021-02-04,nieobecność,41
2MK,2021-02-16,nauka zdalna,8
2MK,2021-02-16,obecność,54
2MK,2021-02-22,nieob. uspraw.,12
2MK,2021-02-23,nieob. uspraw.,9
2MK,2021-03-01,nieob. uspraw.,6
2MK,2021-03-04,nieob. uspraw.,10
2MK,2021-03-05,nieobecność,27
2MK,2021-03-15,nieob. uspraw.,14
2MK,2021-03-16,nieob. uspraw.,19
2MK,2021-03-16,nauka zdalna,3
2MK,2021-03-22,nauka zdalna,51
2MK,2021-03-23,nieobecność,30
2MK,2021-03-30,nauka zdalna,49
2MK,2021-03-31,spóźnienie,1
2MK,2021-04-07,spóźnienie,2
2MK,2021-04-13,nieobecność,26
2MK,2021-04-15,nieobecność,42
2MK,2021-04-16,nieob. uspraw.,16
2MK,2021-04-19,nauka zdalna,67
2MK,2021-04-27,nieobecność,45
2MK,2021-04-27,obecność,15
2MK,2021-04-29,nieob. uspraw.,13
2MK,2021-04-30,nieobecność,33
2MK,2021-05-11,obecność,35
2MK,2021-05-13,nieob. uspraw.,9
2MK,2021-05-20,nieob. uspraw.,6
2MK,2021-05-25,nieobecność,33
2MK,2021-05-28,nieobecność,16
2MK,2021-06-02,nieobecność,27
2MK,2021-06-07,nieob. uspraw.,7
2MK,2021-06-14,nieobecność,37
2MK,2021-06-15,nieobecność,61
2MK,2021-06-17,obecność,16
2MK,2020-09-02,spóźnienie,7
2MK,2020-09-08,nieobecność,14
2MK,2020-09-18,spóźnienie,7
2MK,2020-09-23,spóźnienie,9
2MK,2020-10-06,spóźnienie,2
2MK,2020-10-07,nieob. uspraw.,10
2MK,2020-10-13,nieob. uspraw.,16
2MK,2020-10-16,nieob. uspraw.,5
2MK,2020-10-16,spóźnienie,2
2MK,2020-10-22,nieobecność,31
2MK,2020-10-29,nieob. uspraw.,4
2MK,2020-10-30,nieob. uspraw.,8
2MK,2020-11-03,nieobecność,47
2MK,2020-11-16,nieobecność,27
2MK,2020-11-17,nieobecność,28
2MK,2020-11-19,nieobecność,42
2MK,2020-11-25,nieobecność,27
2MK,2020-11-26,nieobecność,36
2MK,2020-12-01,nieobecność,40
2MK,2020-12-02,nieobecność,23
2MK,2020-12-02,spóźnienie,5
2MK,2020-12-04,nieobecność,42
2MK,2020-12-09,spóźnienie,3
2MK,2020-12-10,nieobecność,27
2MK,2020-12-15,nieobecność,31
2MK,2020-12-17,nieobecność,26
2MK,2020-12-18,nieobecność,37
2MK,2021-01-18,nieobecność,21
2MK,2021-01-20,nieobecność,41
2MK,2021-01-21,nieobecność,47
2MK,2021-01-26,nieobecność,22
2MK,2021-02-03,nieobecność,29
2MK,2021-02-03,spóźnienie,3
2MK,2021-02-05,nieobecność,29
2MK,2021-02-08,nieobecność,21
2MK,2021-02-09,obecność,10
2MK,2021-02-11,nieob. uspraw.,16
2MK,2021-02-12,nieob. uspraw.,2
2MK,2021-02-15,nieob. uspraw.,14
2MK,2021-02-16,nieob. uspraw.,2
2MK,2021-02-17,nieob. uspraw.,3
2MK,2021-02-18,nieob. uspraw.,12
2MK,2021-02-19,nieob. uspraw.,9
2MK,2021-03-03,nieob. uspraw.,3
2MK,2021-03-03,zwolniony,1
2MK,2021-03-05,nieob. uspraw.,8
2MK,2021-03-08,nieob. uspraw.,25
2MK,2021-03-09,obecność,33
2MK,2021-03-16,obecność,11
2MK,2021-03-25,nieobecność,42
2MK,2021-03-31,nieobecność,23
2MK,2021-04-07,nieobecność,22
2MK,2021-04-09,nieobecność,24
2MK,2021-04-14,nieobecność,20
2MK,2021-04-16,nieobecność,34
2MK,2021-04-21,nieobecność,23
2MK,2021-04-22,nieobecność,54
2MK,2021-05-13,nieobecność,33
2MK,2021-05-14,nieobecność,22
2MK,2021-05-19,nieobecność,29
2MK,2021-05-24,spóźnienie,8
2MK,2021-05-26,spóźnienie,1
2MK,2021-05-27,spóźnienie,2
2MK,2021-05-31,nieobecność,32
2MK,2021-06-01,nieobecność,30
2MK,2021-06-02,spóźnienie,3
2MK,2021-06-07,nieobecność,46
2MK,2021-06-09,nieobecność,57
2MK,2021-06-10,nieobecność,33
2MK,2021-06-11,nieobecność,31
2MK,2021-06-16,spóźnienie,1
2MK,2021-06-16,nieobecność,92
2MK,2020-09-24,nieobecność,26
2MK,2020-09-25,nieobecność,25
2MK,2020-09-30,nieobecność,29
2MK,2020-10-01,nieobecność,22
2MK,2020-10-06,nieobecność,27
2MK,2020-10-08,nieobecność,25
2MK,2020-10-09,nieobecność,24
2MK,2020-10-13,nieobecność,26
2MK,2020-10-15,spóźnienie,2
2MK,2020-10-15,nieobecność,35
2MK,2020-10-19,nieobecność,30
2MK,2020-10-20,nieobecność,26
2MK,2020-10-21,nieobecność,29
2MK,2020-10-23,nieobecność,24
2MK,2020-10-27,nieobecność,29
2MK,2020-11-02,nieobecność,39
2MK,2020-11-05,nieobecność,42
2MK,2020-11-18,nieobecność,38
2MK,2020-11-23,nieobecność,29
2MK,2020-11-24,nieobecność,30
2MK,2020-12-09,nieobecność,35
2MK,2021-02-01,nieobecność,7
2MK,2021-02-10,nieobecność,29
2MK,2021-02-15,nieobecność,49
2MK,2021-02-18,nieobecność,28
2MK,2021-02-24,nieobecność,18
2MK,2021-02-25,nieobecność,35
2MK,2021-02-26,nieobecność,20
2MK,2021-03-01,nieobecność,41
2MK,2021-03-02,nieobecność,20
2MK,2021-03-03,nieobecność,41
2MK,2021-03-08,nieobecność,34
2MK,2021-03-11,nieobecność,30
2MK,2021-04-20,nieobecność,25
2MK,2021-04-26,nieobecność,22
2MK,2021-05-24,nieobecność,16
2MK,2021-05-26,nieobecność,29
2MK,2021-05-27,nieobecność,18
2MK,2021-06-08,nieobecność,16
2MK,2020-09-07,nieobecność,11
2MK,2020-09-14,nieob. uspraw.,14
2MK,2020-09-15,nieob. uspraw.,14
2MK,2020-09-16,nieob. uspraw.,25
2MK,2020-09-28,spóźnienie,6
2MK,2020-10-02,nieobecność,27
2MK,2020-10-12,nieobecność,21
2MK,2021-02-23,nauka zdalna,5
2MK,2021-03-24,spóźnienie,4
2MK,2020-09-09,nieobecność,14
2MK,2020-09-29,nieobecność,14
2MK,2020-10-16,nieobecność,29
2MK,2021-02-01,nieob. uspraw.,14
2MK,2021-02-22,obecność,20
2MK,2021-02-25,spóźnienie,3
2MK,2021-03-10,nieob. uspraw.,5
2MK,2021-03-15,obecność,20
2MK,2021-03-19,nieob. uspraw.,6
2MK,2021-03-23,nieob. uspraw.,13
2MK,2021-04-07,nieob. uspraw.,10
2MK,2021-04-14,nieob. uspraw.,13
2MK,2021-04-19,nieob. uspraw.,9
2MK,2021-04-26,nieob. uspraw.,26
2MK,2021-04-28,nieob. uspraw.,10
2MK,2021-05-11,nieob. uspraw.,5
2MK,2021-05-12,nieob. uspraw.,8
2MK,2020-09-04,nieobecność,3
2MK,2020-09-09,nieob. uspraw.,8
2MK,2020-10-01,spóźnienie,1
2MK,2020-10-07,spóźnienie,1
2MK,2020-10-21,spóźnienie,1
2MK,2021-03-17,spóźnienie,3
2MK,2021-05-19,nieob. uspraw.,9
2MK,2021-06-11,spóźn. uspr.,1
2MK,2021-06-16,nieob. uspraw.,16
2MK,2021-06-18,nieob. uspraw.,9
2MK,2020-10-22,nieob. uspraw.,4
2MK,2020-11-26,nieob. uspraw.,2
2MK,2020-12-10,nieob. uspraw.,19
2MK,2020-12-11,nieob. uspraw.,4
2MK,2021-05-14,nieob. uspraw.,2
2MK,2021-06-02,nieob. uspraw.,5
2MK,2020-09-03,nieobecność,3
2MK,2020-09-04,spóźnienie,2
2MK,2020-09-10,nieob. uspraw.,14
2MK,2020-09-11,nieobecność,13
2MK,2021-05-19,spóźnienie,4
2MK,2020-09-08,nieob. uspraw.,7
2MK,2020-09-17,nieob. uspraw.,7
2MK,2020-11-17,nieob. uspraw.,14
2MK,2020-11-18,nieob. uspraw.,7
2MK,2020-11-19,nieob. uspraw.,9
2MK,2020-11-20,nieob. uspraw.,5
2MK,2020-11-24,nieob. uspraw.,1
2MK,2020-11-25,nieob. uspraw.,1
2MK,2020-11-27,nieob. uspraw.,6
2MK,2020-12-01,nieob. uspraw.,6
2MK,2020-12-03,spóźnienie,1
2MK,2020-12-04,spóźnienie,1
2MK,2020-12-07,nieob. uspraw.,3
2MK,2020-12-08,nieob. uspraw.,2
2MK,2020-12-09,nieob. uspraw.,2
2MK,2020-12-14,nieob. uspraw.,2
2MK,2020-12-15,nieob. uspraw.,7
2MK,2020-12-16,nieob. uspraw.,4
2MK,2020-12-17,nieob. uspraw.,5
2MK,2020-12-18,nieob. uspraw.,1
2MK,2021-04-08,nieob. uspraw.,6
2MK,2021-04-09,nieob. uspraw.,6
2MK,2021-04-12,nieob. uspraw.,3
2MK,2021-04-13,nieob. uspraw.,4
2MK,2021-04-15,nieob. uspraw.,10
2MK,2021-04-20,nieob. uspraw.,8
2MK,2021-04-21,nieob. uspraw.,4
2MK,2021-04-22,nieob. uspraw.,22
2MK,2021-04-23,nieob. uspraw.,6
2MK,2021-04-30,nieob. uspraw.,6
2MK,2020-10-01,nieob. uspraw.,10
2MK,2020-10-15,nieob. uspraw.,5
2MK,2020-11-04,nieob. uspraw.,1
2MK,2020-11-06,nieob. uspraw.,2
2MK,2020-11-12,nieob. uspraw.,6
2MK,2020-11-13,nieob. uspraw.,2
2MK,2020-12-02,nieob. uspraw.,2
2MK,2020-12-03,nieob. uspraw.,6
2MK,2020-12-04,nieob. uspraw.,2
2MK,2020-12-16,spóźn. uspr.,1
2MK,2021-01-20,nieob. uspraw.,1
2MK,2021-01-22,nieob. uspraw.,1
2MK,2021-01-27,nieob. uspraw.,2
2MK,2021-01-27,spóźn. uspr.,1
2MK,2021-01-28,nieob. uspraw.,1
2MK,2021-01-29,nieob. uspraw.,1
2MK,2021-02-03,nieob. uspraw.,12
2MK,2021-02-04,nieob. uspraw.,1
2MK,2021-02-05,nieob. uspraw.,2
2MK,2021-02-10,nieob. uspraw.,1
2MK,2021-02-24,nieob. uspraw.,2
2MK,2021-02-26,nieob. uspraw.,8
2MK,2021-03-11,nieob. uspraw.,1
2MK,2021-03-12,nieob. uspraw.,1
2MK,2021-03-24,nieob. uspraw.,9
2MK,2020-12-16,spóźnienie,2
2MK,2021-04-28,spóźnienie,1
2MK,2021-05-13,spóźnienie,2
2MK,2021-05-07,nieob. uspraw.,6
2MK,2021-06-10,nieob. uspraw.,2
2MK,2021-06-11,nieob. uspraw.,3
2MK,2021-06-24,nieob. uspraw.,1
2MK,2020-09-16,spóźnienie,1
2MK,2020-10-21,nieob. uspraw.,6
2MK,2021-04-14,spóźnienie,1
2MK,2020-09-10,nieobecność,2
2MK,2020-09-22,obecność,28
2MK,2021-03-09,nieob. uspraw.,5
2MK,2021-05-24,nieob. uspraw.,7
2MK,2021-06-01,nieob. uspraw.,7
2MK,2020-09-09,nieob. uspr. p.s.,2
2MK,2020-09-11,nieob. uspr. p.s.,1
2MK,2020-09-17,spóźnienie,1
2MK,2020-11-25,spóźnienie,2
2MK,2021-02-12,spóźnienie,2
2MK,2021-03-22,nieob. uspraw.,5
2MK,2021-03-25,nieob. uspraw.,7
2MK,2021-03-26,nieob. uspraw.,6
2MK,2021-03-29,nieob. uspraw.,7
2MK,2021-03-30,nieob. uspraw.,7
2MK,2021-04-29,spóźnienie,2
2MK,2021-06-10,spóźnienie,1
2MK,2021-06-15,nieob. uspraw.,7
2MK,2021-05-10,nieob. uspraw.,5
2MK,2021-06-21,obecność,6
2MK,2021-02-25,nieob. uspraw.,3
2MK,2021-03-18,nieob. uspraw.,1
2MK,2020-10-27,zwolniony,1
2MK,2021-01-18,nieob. uspraw.,5
2MK,2021-01-25,nieob. uspraw.,14
2MK,2021-04-19,spóźnienie,1
2MK,2021-05-12,spóźnienie,2
2MK,2020-09-07,nieob. uspraw.,7
2MK,2020-12-21,nieob. uspraw.,7
2MK,2021-01-20,spóźnienie,1
2MK,2021-01-26,nieob. uspraw.,7
2MK,2021-02-17,spóźnienie,1
2MK,2021-03-26,spóźnienie,1
2MK,2021-05-26,nieob. uspraw.,8
2MK,2021-05-28,nieob. uspraw.,5
