Dziennik,Data,Wpis,Liczba
4TMR,2022-09-01,obecność,161
4TMR,2022-09-02,nieob. uspraw.,71
4TMR,2022-09-05,obecność,121
4TMR,2022-09-06,nieob. uspraw.,50
4TMR,2022-09-07,obecność,109
4TMR,2022-09-08,spóźnienie,1
4TMR,2022-09-08,obecność,62
4TMR,2022-09-09,obecność,115
4TMR,2022-09-12,obecność,137
4TMR,2022-09-13,nieob. uspraw.,86
4TMR,2022-09-13,obecność,84
4TMR,2022-09-14,obecność,84
4TMR,2022-09-15,obecność,101
4TMR,2022-09-16,obecność,83
4TMR,2022-09-19,spóźnienie,9
4TMR,2022-09-19,obecność,78
4TMR,2022-09-20,obecność,115
4TMR,2022-09-21,nieob. uspraw.,25
4TMR,2022-09-22,obecność,82
4TMR,2022-09-23,obecność,57
4TMR,2022-09-23,nieobecność,64
4TMR,2022-09-26,obecność,64
4TMR,2022-09-27,obecność,111
4TMR,2022-09-27,nieobecność,14
4TMR,2022-09-28,obecność,52
4TMR,2022-09-28,nieob. uspr. p.s.,47
4TMR,2022-09-29,obecność,93
4TMR,2022-09-30,spóźnienie,10
4TMR,2022-09-30,obecność,71
4TMR,2022-09-30,nieob. uspraw.,70
4TMR,2022-10-03,spóźnienie,9
4TMR,2022-10-03,obecność,102
4TMR,2022-10-04,obecność,47
4TMR,2022-10-04,spóźnienie,5
4TMR,2022-10-05,obecność,63
4TMR,2022-10-06,obecność,78
4TMR,2022-10-07,nieob. uspraw.,77
4TMR,2022-10-07,nieobecność,40
4TMR,2022-10-10,obecność,115
4TMR,2022-10-11,obecność,79
4TMR,2022-10-12,obecność,119
4TMR,2022-10-12,nieobecność,4
4TMR,2022-10-13,obecność,41
4TMR,2022-10-13,nieob. uspraw.,58
4TMR,2022-10-17,obecność,105
4TMR,2022-10-18,obecność,96
4TMR,2022-10-19,obecność,117
4TMR,2022-10-19,nieobecność,13
4TMR,2022-10-20,obecność,124
4TMR,2022-10-21,spóźnienie,8
4TMR,2022-10-21,obecność,140
4TMR,2022-10-24,obecność,107
4TMR,2022-10-24,nieobecność,31
4TMR,2022-10-25,obecność,83
4TMR,2022-10-26,nieob. uspr. p.s.,7
4TMR,2022-10-27,obecność,96
4TMR,2022-10-28,nieobecność,70
4TMR,2022-10-28,obecność,70
4TMR,2022-11-02,nieob. uspraw.,14
4TMR,2022-11-02,spóźnienie,11
4TMR,2022-11-02,obecność,98
4TMR,2022-11-03,nieobecność,22
4TMR,2022-11-03,obecność,85
4TMR,2022-11-03,spóźnienie,20
4TMR,2022-11-04,obecność,116
4TMR,2022-11-07,obecność,137
4TMR,2022-11-08,obecność,90
4TMR,2022-11-09,obecność,99
4TMR,2022-11-09,nieobecność,12
4TMR,2022-11-09,nieob. uspr. p.s.,10
4TMR,2022-11-10,obecność,91
4TMR,2022-11-10,nieobecność,45
4TMR,2022-11-10,spóźnienie,12
4TMR,2022-11-14,spóźnienie,3
4TMR,2022-11-14,obecność,76
4TMR,2022-11-14,nieob. uspraw.,9
4TMR,2022-11-15,spóźnienie,7
4TMR,2022-11-15,obecność,77
4TMR,2022-11-16,obecność,100
4TMR,2022-11-16,nieob. uspraw.,9
4TMR,2022-11-17,obecność,139
4TMR,2022-11-18,obecność,105
4TMR,2022-11-21,obecność,107
4TMR,2022-11-22,obecność,85
4TMR,2022-11-23,nieobecność,18
4TMR,2022-11-24,obecność,110
4TMR,2022-11-24,nieob. uspr. p.s.,1
4TMR,2022-11-25,spóźnienie,7
4TMR,2022-11-25,nieob. uspr. p.s.,5
4TMR,2022-11-25,obecność,99
4TMR,2022-11-25,nieobecność,37
4TMR,2022-11-28,obecność,110
4TMR,2022-11-29,obecność,83
4TMR,2022-11-30,obecność,92
4TMR,2022-11-30,nieob. uspr. p.s.,7
4TMR,2022-12-01,nieob. uspraw.,54
4TMR,2022-12-01,obecność,102
4TMR,2022-12-02,nieob. uspraw.,78
4TMR,2022-12-05,obecność,113
4TMR,2022-12-06,nieob. uspraw.,2
4TMR,2022-12-06,obecność,111
4TMR,2022-12-07,obecność,108
4TMR,2022-12-08,spóźnienie,10
4TMR,2022-12-08,obecność,144
4TMR,2022-12-09,spóźnienie,7
4TMR,2022-12-09,obecność,65
4TMR,2022-12-09,nieobecność,31
4TMR,2022-12-12,nieob. uspraw.,80
4TMR,2022-12-12,obecność,60
4TMR,2022-12-13,nieobecność,24
4TMR,2022-12-13,spóźnienie,1
4TMR,2022-12-13,obecność,58
4TMR,2022-12-14,nieob. uspraw.,70
4TMR,2022-12-14,obecność,59
4TMR,2022-12-15,nieob. uspraw.,92
4TMR,2022-12-15,obecność,67
4TMR,2022-12-16,nieob. uspraw.,168
4TMR,2022-12-19,nieob. uspraw.,54
4TMR,2022-12-20,obecność,46
4TMR,2022-12-20,spóźnienie,7
4TMR,2022-12-21,obecność,34
4TMR,2022-12-21,nieobecność,24
4TMR,2022-12-21,nieob. uspraw.,124
4TMR,2022-12-22,obecność,110
4TMR,2023-01-02,obecność,87
4TMR,2023-01-03,obecność,94
4TMR,2023-01-04,obecność,104
4TMR,2023-01-04,spóźnienie,12
4TMR,2023-01-05,obecność,77
4TMR,2023-01-09,obecność,161
4TMR,2023-01-10,obecność,84
4TMR,2023-01-11,nieobecność,20
4TMR,2023-01-11,obecność,103
4TMR,2023-01-12,obecność,115
4TMR,2023-01-13,nieobecność,32
4TMR,2023-01-13,obecność,41
4TMR,2023-01-16,nieob. uspraw.,25
4TMR,2023-01-16,obecność,98
4TMR,2023-01-17,spóźnienie,3
4TMR,2023-01-17,nieobecność,26
4TMR,2023-01-17,obecność,89
4TMR,2023-01-18,obecność,81
4TMR,2023-01-19,obecność,62
4TMR,2023-01-20,obecność,93
4TMR,2023-01-20,spóźnienie,3
4TMR,2023-01-20,zwolniony,7
4TMR,2023-01-23,obecność,91
4TMR,2023-01-24,spóźnienie,4
4TMR,2023-01-24,obecność,117
4TMR,2023-01-25,obecność,118
4TMR,2023-01-26,obecność,109
4TMR,2023-01-26,spóźnienie,2
4TMR,2023-01-27,obecność,119
4TMR,2023-01-30,nieob. uspraw.,25
4TMR,2023-01-30,obecność,96
4TMR,2023-01-31,nieob. uspraw.,19
4TMR,2023-02-01,obecność,129
4TMR,2023-02-02,obecność,109
4TMR,2023-02-03,nieob. uspraw.,68
4TMR,2023-02-03,obecność,95
4TMR,2023-02-06,obecność,62
4TMR,2023-02-07,obecność,96
4TMR,2023-02-08,obecność,128
4TMR,2023-02-09,obecność,107
4TMR,2023-02-10,obecność,117
4TMR,2023-02-27,obecność,101
4TMR,2023-02-28,obecność,92
4TMR,2023-03-01,obecność,94
4TMR,2023-03-01,nieobecność,27
4TMR,2023-03-02,obecność,80
4TMR,2023-03-02,spóźnienie,5
4TMR,2023-03-03,obecność,97
4TMR,2023-03-03,nieobecność,24
4TMR,2023-03-03,spóźnienie,3
4TMR,2023-03-06,obecność,92
4TMR,2023-03-07,obecność,99
4TMR,2023-03-08,obecność,132
4TMR,2023-03-09,spóźnienie,8
4TMR,2023-03-09,obecność,87
4TMR,2023-03-10,obecność,105
4TMR,2023-03-10,nieobecność,26
4TMR,2023-03-13,spóźnienie,12
4TMR,2023-03-13,obecność,100
4TMR,2023-03-14,obecność,58
4TMR,2023-03-15,obecność,54
4TMR,2023-03-15,nieobecność,34
4TMR,2023-03-16,nieob. uspraw.,64
4TMR,2023-03-17,obecność,80
4TMR,2023-03-20,obecność,73
4TMR,2023-03-21,nieob. uspraw.,46
4TMR,2023-03-22,obecność,113
4TMR,2023-03-23,obecność,55
4TMR,2023-03-24,obecność,72
4TMR,2023-03-27,nieob. uspraw.,84
4TMR,2023-03-28,nieob. uspraw.,30
4TMR,2023-03-29,nieob. uspr. p.s.,14
4TMR,2023-03-30,nieob. uspraw.,24
4TMR,2023-03-31,nieob. uspraw.,67
4TMR,2023-04-03,obecność,88
4TMR,2023-04-04,spóźnienie,1
4TMR,2023-04-04,obecność,27
4TMR,2023-04-05,obecność,35
4TMR,2023-04-12,nieob. uspraw.,86
4TMR,2023-04-12,obecność,25
4TMR,2023-04-13,nieobecność,37
4TMR,2023-04-13,spóźnienie,5
4TMR,2023-04-13,obecność,58
4TMR,2023-04-14,nieob. uspraw.,152
4TMR,2023-04-17,nieob. uspraw.,96
4TMR,2023-04-18,nieob. uspraw.,144
4TMR,2023-04-19,nieob. uspraw.,112
4TMR,2023-04-20,nieob. uspraw.,152
4TMR,2023-04-21,nieob. uspraw.,100
4TMR,2023-04-24,nieob. uspraw.,120
4TMR,2023-04-25,nieob. uspraw.,160
4TMR,2023-04-26,nieob. uspraw.,154
4TMR,2023-04-27,obecność,56
4TMR,2023-04-28,obecność,138
4TMR,2022-09-02,nieobecność,62
4TMR,2022-09-05,nieobecność,9
4TMR,2022-09-07,nieob. uspraw.,23
4TMR,2022-09-14,spóźnienie,11
4TMR,2022-09-14,nieobecność,12
4TMR,2022-09-15,nieobecność,14
4TMR,2022-09-15,spóźnienie,12
4TMR,2022-09-20,nieobecność,5
4TMR,2022-09-21,obecność,77
4TMR,2022-09-22,nieob. uspraw.,51
4TMR,2022-09-28,spóźnienie,17
4TMR,2022-09-29,spóźnienie,14
4TMR,2022-10-04,nieob. uspraw.,36
4TMR,2022-10-06,spóźnienie,6
4TMR,2022-10-06,nieobecność,19
4TMR,2022-10-07,obecność,65
4TMR,2022-10-10,spóźnienie,5
4TMR,2022-10-11,nieobecność,18
4TMR,2022-10-13,nieobecność,57
4TMR,2022-10-25,nieob. uspraw.,16
4TMR,2022-10-26,nieob. uspraw.,39
4TMR,2022-10-27,nieobecność,29
4TMR,2022-11-18,nieobecność,49
4TMR,2022-11-21,nieobecność,24
4TMR,2022-11-23,obecność,95
4TMR,2022-11-24,nieobecność,27
4TMR,2022-11-28,nieobecność,14
4TMR,2022-11-29,nieobecność,3
4TMR,2022-11-29,spóźnienie,6
4TMR,2022-12-02,obecność,29
4TMR,2022-12-09,nieob. uspraw.,81
4TMR,2022-12-14,zwolniony,1
4TMR,2022-12-19,obecność,70
4TMR,2022-12-20,nieobecność,17
4TMR,2023-01-04,nieob. uspraw.,45
4TMR,2023-01-05,spóźnienie,7
4TMR,2023-01-16,zwolniony,2
4TMR,2023-01-18,nieob. uspr. p.s.,39
4TMR,2023-01-20,nieobecność,31
4TMR,2023-01-23,zwolniony,1
4TMR,2023-01-31,obecność,101
4TMR,2023-02-01,nieob. uspraw.,16
4TMR,2023-02-03,nieobecność,21
4TMR,2023-02-06,nieob. uspraw.,72
4TMR,2023-02-07,spóźnienie,6
4TMR,2023-02-28,nieob. uspraw.,21
4TMR,2023-03-06,nieobecność,21
4TMR,2023-03-07,nieobecność,13
4TMR,2023-03-08,spóźnienie,2
4TMR,2023-03-10,nieob. uspraw.,49
4TMR,2023-03-16,obecność,20
4TMR,2023-03-17,nieobecność,13
4TMR,2023-03-17,spóźnienie,4
4TMR,2023-03-21,obecność,35
4TMR,2023-03-22,nieob. uspraw.,31
4TMR,2023-03-22,zwolniony,4
4TMR,2023-03-23,spóźnienie,3
4TMR,2023-03-23,zwolniony,5
4TMR,2023-03-24,nieobecność,21
4TMR,2023-03-28,spóźnienie,11
4TMR,2023-03-28,obecność,68
4TMR,2023-03-29,obecność,86
4TMR,2023-03-29,spóźnienie,9
4TMR,2023-03-29,nieobecność,21
4TMR,2023-03-30,obecność,80
4TMR,2023-03-30,nieobecność,33
4TMR,2023-03-31,nieobecność,35
4TMR,2023-03-31,obecność,76
4TMR,2023-04-03,spóźnienie,3
4TMR,2023-04-03,nieobecność,17
4TMR,2023-04-04,nieob. uspraw.,110
4TMR,2023-04-05,nieob. uspraw.,105
4TMR,2023-04-12,nieobecność,50
4TMR,2023-04-27,nieob. uspraw.,128
4TMR,2022-09-02,obecność,51
4TMR,2022-09-06,obecność,114
4TMR,2022-09-06,nieobecność,17
4TMR,2022-09-07,nieob. uspr. p.s.,4
4TMR,2022-09-08,nieobecność,32
4TMR,2022-09-09,nieobecność,18
4TMR,2022-09-16,nieob. uspr. p.s.,17
4TMR,2022-09-16,nieobecność,25
4TMR,2022-09-19,nieobecność,7
4TMR,2022-09-20,spóźnienie,2
4TMR,2022-09-21,nieob. uspr. p.s.,6
4TMR,2022-09-26,nieob. uspraw.,41
4TMR,2022-09-27,nieob. uspraw.,30
4TMR,2022-09-28,nieob. uspraw.,14
4TMR,2022-09-29,nieobecność,17
4TMR,2022-09-30,nieobecność,33
4TMR,2022-10-04,nieobecność,27
4TMR,2022-10-05,nieobecność,22
4TMR,2022-10-10,nieobecność,15
4TMR,2022-10-17,nieobecność,31
4TMR,2022-10-18,spóźnienie,1
4TMR,2022-10-20,nieobecność,9
4TMR,2022-10-20,spóźnienie,12
4TMR,2022-10-21,nieobecność,12
4TMR,2022-10-25,nieobecność,8
4TMR,2022-10-25,nieob. uspr. p.s.,6
4TMR,2022-10-26,nieobecność,16
4TMR,2022-10-27,spóźnienie,6
4TMR,2022-10-28,spóźnienie,5
4TMR,2022-11-08,spóźnienie,6
4TMR,2022-11-08,nieob. uspr. p.s.,7
4TMR,2022-11-15,nieob. uspraw.,20
4TMR,2022-11-17,nieob. uspraw.,14
4TMR,2022-11-21,nieob. uspraw.,24
4TMR,2022-11-22,nieobecność,10
4TMR,2022-11-22,spóźnienie,3
4TMR,2022-11-28,spóźnienie,8
4TMR,2022-11-29,nieob. uspraw.,22
4TMR,2022-11-30,spóźnienie,5
4TMR,2022-12-02,nieobecność,8
4TMR,2022-12-05,nieob. uspraw.,29
4TMR,2022-12-07,nieobecność,7
4TMR,2022-12-08,nieobecność,25
4TMR,2022-12-13,nieob. uspraw.,32
4TMR,2022-12-19,nieobecność,14
4TMR,2022-12-20,nieob. uspraw.,68
4TMR,2023-01-02,nieob. uspraw.,40
4TMR,2023-01-03,spóźnienie,5
4TMR,2023-01-05,nieobecność,9
4TMR,2023-01-10,nieob. uspraw.,36
4TMR,2023-01-13,nieob. uspraw.,83
4TMR,2023-01-19,nieob. uspraw.,45
4TMR,2023-01-20,nieob. uspraw.,50
4TMR,2023-01-23,nieobecność,16
4TMR,2023-01-26,nieob. uspraw.,16
4TMR,2023-01-27,nieob. uspraw.,38
4TMR,2023-01-31,nieobecność,14
4TMR,2023-01-31,spóźnienie,4
4TMR,2023-02-01,nieobecność,14
4TMR,2023-02-02,nieobecność,16
4TMR,2023-02-07,nieobecność,13
4TMR,2023-02-10,nieob. uspraw.,50
4TMR,2023-02-27,nieobecność,14
4TMR,2023-02-28,spóźnienie,11
4TMR,2023-03-02,nieobecność,15
4TMR,2023-03-03,nieob. uspraw.,59
4TMR,2023-03-06,nieob. uspraw.,15
4TMR,2023-03-09,nieob. uspraw.,37
4TMR,2023-03-13,nieob. uspraw.,18
4TMR,2023-03-14,nieobecność,16
4TMR,2023-03-15,nieob. uspraw.,66
4TMR,2023-03-20,spóźnienie,10
4TMR,2023-03-22,spóźnienie,6
4TMR,2023-03-23,nieob. uspraw.,67
4TMR,2023-03-24,nieob. uspraw.,45
4TMR,2023-03-29,nieob. uspraw.,29
4TMR,2023-04-13,nieob. uspraw.,61
4TMR,2022-09-08,nieob. uspraw.,42
4TMR,2022-09-09,nieob. uspraw.,48
4TMR,2022-09-12,nieob. uspraw.,43
4TMR,2022-09-16,nieob. uspraw.,58
4TMR,2022-09-23,nieob. uspraw.,63
4TMR,2022-10-03,nieob. uspraw.,32
4TMR,2022-10-05,nieob. uspraw.,49
4TMR,2022-10-06,nieob. uspraw.,58
4TMR,2022-10-17,spóźnienie,9
4TMR,2022-10-17,nieob. uspraw.,14
4TMR,2022-10-18,nieob. uspraw.,9
4TMR,2022-10-24,spóźnienie,4
4TMR,2022-10-27,nieob. uspraw.,29
4TMR,2022-10-28,nieob. uspraw.,37
4TMR,2022-11-03,nieob. uspraw.,31
4TMR,2022-11-07,nieob. uspraw.,5
4TMR,2022-11-09,spóźnienie,4
4TMR,2022-11-10,nieob. uspraw.,12
4TMR,2022-11-16,spóźnienie,2
4TMR,2022-11-23,nieob. uspraw.,20
4TMR,2022-11-24,nieob. uspraw.,23
4TMR,2022-11-25,nieob. uspraw.,36
4TMR,2022-11-28,nieob. uspraw.,26
4TMR,2022-11-30,nieob. uspraw.,25
4TMR,2022-12-07,spóźnienie,9
4TMR,2022-12-15,spóźnienie,4
4TMR,2023-01-02,spóźnienie,3
4TMR,2023-01-03,nieob. uspraw.,30
4TMR,2023-01-04,zwolniony,8
4TMR,2023-01-10,nieobecność,14
4TMR,2023-01-11,nieob. uspraw.,61
4TMR,2023-01-13,spóźnienie,5
4TMR,2023-01-16,nieobecność,13
4TMR,2023-01-27,nieobecność,26
4TMR,2023-02-10,nieobecność,14
4TMR,2023-02-27,nieob. uspraw.,18
4TMR,2023-02-28,nieobecność,13
4TMR,2023-03-02,zwolniony,1
4TMR,2023-03-06,spóźnienie,7
4TMR,2023-03-17,nieob. uspraw.,40
4TMR,2023-03-20,nieobecność,5
4TMR,2023-03-22,nieobecność,7
4TMR,2023-03-28,nieobecność,6
4TMR,2023-04-03,nieob. uspraw.,30
4TMR,2022-09-07,nieobecność,2
4TMR,2022-09-09,spóźnienie,3
4TMR,2022-09-12,nieobecność,3
4TMR,2022-09-13,nieobecność,9
4TMR,2022-09-13,spóźnienie,3
4TMR,2022-09-19,nieob. uspraw.,20
4TMR,2022-09-20,nieob. uspraw.,39
4TMR,2022-09-21,spóźnienie,1
4TMR,2022-09-22,nieobecność,17
4TMR,2022-09-26,nieobecność,9
4TMR,2022-09-28,nieobecność,8
4TMR,2022-10-03,nieobecność,17
4TMR,2022-10-12,spóźnienie,3
4TMR,2022-10-18,nieobecność,8
4TMR,2022-11-02,nieobecność,13
4TMR,2022-11-04,nieobecność,28
4TMR,2022-11-07,nieobecność,16
4TMR,2022-12-01,nieobecność,23
4TMR,2022-12-01,spóźnienie,4
4TMR,2022-12-15,nieobecność,20
4TMR,2022-12-16,nieobecność,8
4TMR,2023-01-02,nieobecność,8
4TMR,2023-01-18,nieobecność,29
4TMR,2023-01-19,nieobecność,2
4TMR,2023-01-19,spóźnienie,6
4TMR,2023-01-23,spóźnienie,4
4TMR,2023-01-24,nieobecność,5
4TMR,2023-01-25,nieobecność,24
4TMR,2023-01-26,nieobecność,11
4TMR,2023-01-30,nieobecność,13
4TMR,2023-02-01,spóźnienie,2
4TMR,2023-02-09,nieobecność,10
4TMR,2023-02-09,spóźnienie,2
4TMR,2023-03-08,nieob. uspraw.,15
4TMR,2023-03-09,nieobecność,6
4TMR,2023-03-13,nieobecność,8
4TMR,2023-03-21,nieobecność,11
4TMR,2023-03-27,nieobecność,19
4TMR,2023-04-05,nieobecność,21
4TMR,2023-04-14,nieobecność,24
4TMR,2023-04-17,nieobecność,24
4TMR,2023-04-18,nieobecność,24
4TMR,2023-04-19,nieobecność,21
4TMR,2023-04-20,nieobecność,24
4TMR,2022-09-29,nieob. uspraw.,36
4TMR,2022-10-10,nieob. uspraw.,26
4TMR,2022-10-11,nieob. uspraw.,17
4TMR,2022-10-12,nieob. uspraw.,12
4TMR,2022-10-19,nieob. uspraw.,6
4TMR,2022-10-20,nieob. uspraw.,14
4TMR,2022-10-21,nieob. uspraw.,24
4TMR,2022-10-24,nieob. uspraw.,18
4TMR,2022-11-04,nieob. uspraw.,40
4TMR,2022-11-08,spóźn. uspr.,1
4TMR,2022-11-09,nieob. uspraw.,13
4TMR,2022-11-10,spóźn. uspr.,1
4TMR,2022-11-29,spóźn. uspr.,1
4TMR,2022-12-01,spóźn. uspr.,1
4TMR,2022-12-15,spóźn. uspr.,1
4TMR,2023-01-05,nieob. uspraw.,21
4TMR,2023-01-17,nieob. uspraw.,20
4TMR,2023-01-18,nieob. uspraw.,34
4TMR,2023-01-23,nieob. uspraw.,26
4TMR,2023-02-02,nieob. uspraw.,12
4TMR,2023-02-07,nieob. uspraw.,23
4TMR,2023-02-08,nieob. uspraw.,22
4TMR,2023-02-09,nieob. uspraw.,19
4TMR,2023-03-01,nieob. uspraw.,38
4TMR,2023-03-02,nieob. uspraw.,35
4TMR,2023-03-07,nieob. uspraw.,25
4TMR,2023-03-17,spóźn. uspr.,1
4TMR,2023-03-20,nieob. uspraw.,50
4TMR,2023-03-23,spóźn. uspr.,1
4TMR,2023-03-29,spóźn. uspr.,2
4TMR,2022-09-05,spóźnienie,1
4TMR,2022-09-14,nieob. uspraw.,25
4TMR,2022-09-15,nieob. uspraw.,32
4TMR,2022-09-27,spóźnienie,2
4TMR,2022-10-19,spóźnienie,1
4TMR,2022-10-25,spóźnienie,2
4TMR,2022-11-14,nieobecność,16
4TMR,2022-11-21,spóźnienie,4
4TMR,2022-11-30,nieobecność,9
4TMR,2022-12-05,spóźnienie,1
4TMR,2022-12-05,nieobecność,17
4TMR,2023-01-03,nieobecność,9
4TMR,2023-01-25,nieob. uspraw.,17
4TMR,2023-01-30,spóźnienie,3
4TMR,2023-02-06,spóźnienie,2
4TMR,2023-02-08,nieobecność,11
4TMR,2023-02-27,spóźnienie,3
4TMR,2023-03-10,spóźnienie,1
4TMR,2023-03-10,zwolniony,3
4TMR,2023-03-14,nieob. uspraw.,41
4TMR,2023-03-15,zwolniony,6
4TMR,2023-03-16,nieobecność,8
4TMR,2023-03-30,spóźnienie,1
4TMR,2023-03-31,spóźnienie,2
4TMR,2022-09-21,nieobecność,6
4TMR,2022-09-22,nieob. uspr. p.s.,11
4TMR,2022-09-27,nieob. uspr. p.s.,4
4TMR,2022-10-05,spóźnienie,2
4TMR,2022-11-07,spóźnienie,2
4TMR,2022-11-08,nieobecność,1
4TMR,2022-11-17,nieobecność,8
4TMR,2023-01-10,spóźnienie,3
4TMR,2023-03-23,nieobecność,7
4TMR,2023-03-27,spóźnienie,2
4TMR,2023-03-27,obecność,32
4TMR,2022-09-06,nieob. uspr. p.s.,3
4TMR,2022-09-08,nieob. uspr. p.s.,1
4TMR,2022-10-18,spóźn. uspr.,1
4TMR,2022-10-19,spóźn. uspr.,1
4TMR,2022-10-20,spóźn. uspr.,1
4TMR,2022-10-27,spóźn. uspr.,1
4TMR,2022-10-28,spóźn. uspr.,2
4TMR,2022-11-02,spóźn. uspr.,1
4TMR,2022-11-03,spóźn. uspr.,3
4TMR,2022-12-12,nieobecność,17
4TMR,2023-01-05,nieob. uspr. p.s.,1
4TMR,2023-02-02,spóźn. uspr.,1
4TMR,2023-02-10,spóźnienie,3
4TMR,2023-02-27,nieob. uspr. p.s.,2
4TMR,2023-03-01,nieob. uspr. p.s.,2
4TMR,2023-03-02,nieob. uspr. p.s.,2
4TMR,2023-03-06,nieob. uspr. p.s.,1
4TMR,2023-03-07,nieob. uspr. p.s.,1
4TMR,2023-03-08,nieob. uspr. p.s.,2
4TMR,2023-04-19,obecność,28
4TMR,2022-11-15,nieobecność,11
4TMR,2022-11-23,spóźnienie,2
4TMR,2022-12-12,spóźnienie,3
4TMR,2023-03-08,nieobecność,10
4TMR,2022-09-05,nieob. uspraw.,7
4TMR,2022-09-16,spóźnienie,1
4TMR,2022-09-19,spóźn. uspr.,1
4TMR,2022-11-08,nieob. uspraw.,10
4TMR,2022-11-18,nieob. uspraw.,7
4TMR,2022-12-07,nieob. uspraw.,12
4TMR,2022-12-08,nieob. uspraw.,5
4TMR,2023-01-04,nieob. uspr. p.s.,2
4TMR,2023-01-24,nieob. uspraw.,12
4TMR,2022-11-14,nieob. uspr. p.s.,11
4TMR,2022-12-16,obecność,8
4TMR,2023-04-24,obecność,18
4TMR,2023-04-25,obecność,24
4TMR,2022-09-29,nieob. uspr. p.s.,1
4TMR,2023-01-04,nieobecność,13
4TMR,2023-01-18,spóźnienie,1
4TMR,2023-02-28,spóźn. uspr.,1
4TMR,2023-03-06,spóźn. uspr.,1
4TMR,2023-03-31,zwolniony,4
4TMR,2022-09-13,nieob. uspr. p.s.,2
4TMR,2022-09-14,nieob. uspr. p.s.,6
4TMR,2022-09-15,nieob. uspr. p.s.,2
4TMR,2022-10-17,nieob. uspr. p.s.,2
4TMR,2022-10-26,obecność,7
4TMR,2022-11-22,nieob. uspraw.,16
4TMR,2022-12-22,nieob. uspraw.,5
4TMR,2023-01-25,nieob. uspr. p.s.,2
4TMR,2023-04-18,obecność,16
4TMR,2023-04-20,obecność,8
4TMR,2022-09-12,spóźnienie,1
4TMR,2022-09-26,spóźnienie,1
4TMR,2022-11-16,nieobecność,2
4TMR,2022-12-14,nieobecność,4
4TMR,2023-02-06,nieobecność,2
4TMR,2023-04-21,nieobecność,9
4TMR,2023-01-10,zwolniony,1
4TMR,2023-03-06,zwolniony,1
4TMR,2023-04-14,obecność,8
4TMR,2022-10-11,spóźnienie,1
4TMR,2022-10-13,spóźnienie,5
4TMR,2022-10-20,zwolniony,1
4TMR,2022-11-22,nieob. uspr. p.s.,1
4TMR,2022-12-14,nieob. uspr. p.s.,3
4TMR,2022-10-07,spóźnienie,2
4TMR,2022-12-14,spóźnienie,1
4TMR,2023-03-27,zwolniony,1
4TMR,2023-04-17,obecność,18
4TMR,2022-10-03,nieob. uspr. p.s.,1
4TMR,2022-10-05,nieob. uspr. p.s.,2
4TMR,2022-10-24,nieob. uspr. p.s.,1
4TMR,2022-11-02,nieob. uspr. p.s.,1
4TMR,2022-11-07,nieob. uspr. p.s.,1
4TMR,2022-11-16,nieob. uspr. p.s.,2
4TMR,2022-11-21,nieob. uspr. p.s.,2
4TMR,2022-11-23,nieob. uspr. p.s.,3
4TMR,2022-11-28,nieob. uspr. p.s.,3
4TMR,2022-12-05,nieob. uspr. p.s.,1
4TMR,2022-12-07,nieob. uspr. p.s.,2
4TMR,2022-12-12,nieob. uspr. p.s.,1
4TMR,2022-12-21,nieob. uspr. p.s.,2
4TMR,2023-01-27,nieob. uspr. p.s.,1
4TMR,2023-01-30,nieob. uspr. p.s.,1
4TMR,2023-03-03,nieob. uspr. p.s.,1
4TMR,2023-03-15,nieob. uspr. p.s.,1
4TMR,2023-04-21,obecność,6
4TMR,2023-04-26,obecność,7
4TMR,2022-12-06,nieobecność,2
4TR,2022-09-01,obecność,136
4TR,2022-09-02,nieob. uspraw.,46
4TR,2022-09-05,nieob. uspraw.,7
4TR,2022-09-06,obecność,106
4TR,2022-09-07,obecność,102
4TR,2022-09-08,obecność,94
4TR,2022-09-09,obecność,112
4TR,2022-09-12,obecność,68
4TR,2022-09-13,obecność,91
4TR,2022-09-13,spóźn. uspr.,1
4TR,2022-09-14,obecność,81
4TR,2022-09-14,spóźn. uspr.,1
4TR,2022-09-15,obecność,105
4TR,2022-09-16,obecność,114
4TR,2022-09-19,obecność,90
4TR,2022-09-20,obecność,58
4TR,2022-09-20,nieob. uspraw.,24
4TR,2022-09-21,nieob. uspraw.,42
4TR,2022-09-22,obecność,55
4TR,2022-09-23,nieob. uspraw.,56
4TR,2022-09-26,obecność,53
4TR,2022-09-27,obecność,66
4TR,2022-09-28,obecność,80
4TR,2022-09-29,obecność,66
4TR,2022-09-30,obecność,103
4TR,2022-10-03,nieob. uspraw.,21
4TR,2022-10-03,obecność,68
4TR,2022-10-04,obecność,50
4TR,2022-10-04,nieob. uspr. p.s.,8
4TR,2022-10-05,obecność,64
4TR,2022-10-06,obecność,64
4TR,2022-10-07,obecność,119
4TR,2022-10-10,obecność,70
4TR,2022-10-11,nieob. uspraw.,14
4TR,2022-10-11,spóźn. uspr.,1
4TR,2022-10-11,obecność,76
4TR,2022-10-12,obecność,82
4TR,2022-10-13,obecność,54
4TR,2022-10-17,obecność,65
4TR,2022-10-18,obecność,93
4TR,2022-10-19,obecność,81
4TR,2022-10-20,obecność,53
4TR,2022-10-21,obecność,112
4TR,2022-10-24,obecność,73
4TR,2022-10-25,obecność,79
4TR,2022-10-26,obecność,89
4TR,2022-10-27,nieob. uspraw.,17
4TR,2022-10-28,obecność,104
4TR,2022-11-02,obecność,77
4TR,2022-11-03,obecność,72
4TR,2022-11-04,nieob. uspraw.,64
4TR,2022-11-07,obecność,88
4TR,2022-11-08,obecność,86
4TR,2022-11-09,obecność,75
4TR,2022-11-10,nieob. uspraw.,22
4TR,2022-11-14,nieob. uspr. p.s.,20
4TR,2022-11-15,obecność,87
4TR,2022-11-16,obecność,83
4TR,2022-11-17,obecność,64
4TR,2022-11-18,obecność,128
4TR,2022-11-21,obecność,69
4TR,2022-11-22,obecność,94
4TR,2022-11-23,obecność,28
4TR,2022-11-24,nieob. uspraw.,16
4TR,2022-11-25,nieob. uspraw.,26
4TR,2022-11-25,obecność,67
4TR,2022-11-28,obecność,74
4TR,2022-11-29,obecność,64
4TR,2022-11-30,obecność,66
4TR,2022-12-01,obecność,64
4TR,2022-12-02,obecność,104
4TR,2022-12-05,obecność,71
4TR,2022-12-06,obecność,94
4TR,2022-12-07,obecność,75
4TR,2022-12-08,nieob. uspr. p.s.,1
4TR,2022-12-08,nieob. uspraw.,17
4TR,2022-12-09,obecność,91
4TR,2022-12-12,obecność,58
4TR,2022-12-13,obecność,70
4TR,2022-12-14,obecność,71
4TR,2022-12-15,obecność,60
4TR,2022-12-16,obecność,120
4TR,2022-12-19,spóźnienie,7
4TR,2022-12-19,obecność,55
4TR,2022-12-20,nieob. uspraw.,50
4TR,2022-12-21,obecność,74
4TR,2022-12-22,obecność,124
4TR,2023-01-02,obecność,65
4TR,2023-01-03,obecność,85
4TR,2023-01-04,nieob. uspraw.,25
4TR,2023-01-04,obecność,90
4TR,2023-01-05,obecność,88
4TR,2023-01-10,obecność,84
4TR,2023-01-11,obecność,98
4TR,2023-01-12,obecność,114
4TR,2023-01-16,obecność,69
4TR,2023-01-17,obecność,79
4TR,2023-01-18,obecność,99
4TR,2023-01-18,nieob. uspraw.,19
4TR,2023-01-19,nieob. uspraw.,34
4TR,2023-01-19,obecność,94
4TR,2023-01-20,obecność,78
4TR,2023-01-23,obecność,83
4TR,2023-01-24,obecność,74
4TR,2023-01-25,obecność,94
4TR,2023-01-26,obecność,109
4TR,2023-01-27,obecność,124
4TR,2023-01-30,obecność,78
4TR,2023-01-31,obecność,94
4TR,2023-02-01,obecność,46
4TR,2023-02-02,obecność,87
4TR,2023-02-03,obecność,78
4TR,2023-02-06,obecność,88
4TR,2023-02-07,obecność,69
4TR,2023-02-08,obecność,81
4TR,2023-02-09,obecność,105
4TR,2023-02-10,obecność,91
4TR,2023-02-27,obecność,96
4TR,2023-02-28,obecność,81
4TR,2023-03-01,obecność,88
4TR,2023-03-02,obecność,117
4TR,2023-03-03,obecność,89
4TR,2023-03-03,nieob. uspraw.,43
4TR,2023-03-06,obecność,70
4TR,2023-03-07,obecność,89
4TR,2023-03-08,spóźn. uspr.,2
4TR,2023-03-08,obecność,76
4TR,2023-03-09,obecność,99
4TR,2023-03-09,nieob. uspraw.,32
4TR,2023-03-10,nieob. uspraw.,55
4TR,2023-03-13,obecność,72
4TR,2023-03-14,obecność,74
4TR,2023-03-15,obecność,57
4TR,2023-03-15,nieob. uspraw.,30
4TR,2023-03-16,obecność,105
4TR,2023-03-17,nieob. uspraw.,69
4TR,2023-03-17,obecność,19
4TR,2023-03-20,nieob. uspraw.,28
4TR,2023-03-21,nieob. uspraw.,58
4TR,2023-03-22,obecność,53
4TR,2023-03-23,obecność,76
4TR,2023-03-23,nieob. uspraw.,42
4TR,2023-03-24,nieob. uspraw.,18
4TR,2023-03-24,obecność,40
4TR,2023-03-27,obecność,53
4TR,2023-03-28,obecność,85
4TR,2023-03-28,nieob. uspraw.,16
4TR,2023-03-29,nieob. uspr. p.s.,66
4TR,2023-03-30,obecność,74
4TR,2023-03-30,nieob. uspraw.,35
4TR,2023-03-31,obecność,95
4TR,2023-04-03,obecność,85
4TR,2023-04-04,obecność,85
4TR,2023-04-04,spóźn. uspr.,2
4TR,2023-04-05,obecność,84
4TR,2023-04-12,obecność,55
4TR,2023-04-12,nieob. uspraw.,31
4TR,2023-04-13,spóźn. uspr.,1
4TR,2023-04-13,obecność,104
4TR,2023-04-13,nieob. uspraw.,17
4TR,2023-04-14,nieob. uspraw.,57
4TR,2023-04-14,obecność,73
4TR,2023-04-17,obecność,45
4TR,2023-04-17,nieob. uspraw.,64
4TR,2023-04-18,nieob. uspraw.,76
4TR,2023-04-18,spóźn. uspr.,4
4TR,2023-04-18,obecność,19
4TR,2023-04-19,nieob. uspraw.,84
4TR,2023-04-19,obecność,52
4TR,2023-04-20,nieob. uspraw.,123
4TR,2023-04-21,nieob. uspraw.,77
4TR,2023-04-24,nieob. uspraw.,110
4TR,2023-04-24,obecność,7
4TR,2023-04-25,nieob. uspraw.,102
4TR,2023-04-26,nieobecność,105
4TR,2023-04-26,obecność,7
4TR,2023-04-27,nieobecność,128
4TR,2023-04-28,obecność,80
4TR,2022-09-05,obecność,89
4TR,2022-09-06,nieob. uspraw.,9
4TR,2022-09-12,nieob. uspraw.,11
4TR,2022-09-13,spóźnienie,4
4TR,2022-09-15,nieob. uspraw.,23
4TR,2022-09-15,spóźnienie,7
4TR,2022-09-19,nieob. uspraw.,21
4TR,2022-09-22,nieob. uspraw.,14
4TR,2022-09-23,obecność,71
4TR,2022-09-26,nieob. uspraw.,22
4TR,2022-09-29,nieob. uspraw.,9
4TR,2022-10-04,nieob. uspraw.,12
4TR,2022-10-05,nieob. uspraw.,38
4TR,2022-10-13,nieob. uspraw.,20
4TR,2022-10-19,nieob. uspraw.,19
4TR,2022-10-20,nieob. uspraw.,25
4TR,2022-10-21,nieob. uspraw.,24
4TR,2022-10-24,nieob. uspraw.,26
4TR,2022-10-25,nieob. uspraw.,6
4TR,2022-10-26,nieob. uspraw.,11
4TR,2022-10-27,obecność,54
4TR,2022-11-02,nieob. uspraw.,13
4TR,2022-11-10,obecność,56
4TR,2022-11-14,nieob. uspraw.,12
4TR,2022-11-21,nieob. uspraw.,32
4TR,2022-11-24,obecność,64
4TR,2022-12-05,nieob. uspraw.,29
4TR,2022-12-08,obecność,57
4TR,2022-12-12,nieob. uspraw.,40
4TR,2022-12-13,nieob. uspraw.,18
4TR,2022-12-14,nieob. uspraw.,21
4TR,2022-12-15,nieob. uspraw.,14
4TR,2022-12-16,nieob. uspraw.,8
4TR,2022-12-20,obecność,54
4TR,2023-01-02,nieob. uspraw.,30
4TR,2023-01-05,nieob. uspraw.,26
4TR,2023-01-10,nieob. uspraw.,32
4TR,2023-01-12,nieob. uspraw.,14
4TR,2023-01-16,nieob. uspraw.,22
4TR,2023-01-17,nieob. uspraw.,26
4TR,2023-01-26,nieob. uspraw.,14
4TR,2023-01-30,nieob. uspraw.,22
4TR,2023-01-31,nieob. uspraw.,5
4TR,2023-02-01,nieob. uspraw.,35
4TR,2023-02-02,nieob. uspraw.,42
4TR,2023-02-03,nieob. uspraw.,35
4TR,2023-02-06,nieob. uspraw.,2
4TR,2023-02-09,nieobecność,6
4TR,2023-03-02,nieob. uspraw.,15
4TR,2023-03-06,nieob. uspraw.,28
4TR,2023-03-07,nieob. uspraw.,13
4TR,2023-03-10,obecność,59
4TR,2023-03-13,nieob. uspraw.,17
4TR,2023-03-15,nieob. uspr. p.s.,15
4TR,2023-03-21,obecność,27
4TR,2023-03-23,nieobecność,18
4TR,2023-03-27,nieobecność,1
4TR,2023-03-29,obecność,23
4TR,2023-03-30,nieobecność,13
4TR,2023-03-31,nieob. uspraw.,23
4TR,2023-04-03,nieob. uspraw.,5
4TR,2023-04-05,nieob. uspraw.,10
4TR,2023-04-13,nieobecność,11
4TR,2022-09-02,obecność,57
4TR,2022-09-02,spóźn. uspr.,2
4TR,2022-09-19,nieob. uspr. p.s.,7
4TR,2022-09-21,obecność,69
4TR,2022-09-21,nieob. uspr. p.s.,1
4TR,2022-09-26,nieob. uspr. p.s.,1
4TR,2022-09-28,nieob. uspr. p.s.,8
4TR,2022-10-03,nieob. uspr. p.s.,1
4TR,2022-10-07,nieob. uspr. p.s.,8
4TR,2022-10-10,nieob. uspraw.,19
4TR,2022-11-14,obecność,40
4TR,2022-11-16,nieob. uspraw.,18
4TR,2022-12-07,nieobecność,15
4TR,2023-01-03,nieob. uspraw.,27
4TR,2023-01-18,nieob. uspr. p.s.,1
4TR,2023-01-24,nieob. uspraw.,14
4TR,2023-03-08,nieob. uspraw.,22
4TR,2023-03-20,obecność,61
4TR,2023-04-24,spóźnienie,2
4TR,2022-09-02,nieobecność,31
4TR,2022-09-05,nieobecność,6
4TR,2022-09-06,nieobecność,4
4TR,2022-09-07,nieobecność,7
4TR,2022-09-08,nieobecność,14
4TR,2022-09-09,nieob. uspraw.,24
4TR,2022-09-12,nieobecność,6
4TR,2022-09-13,nieobecność,8
4TR,2022-09-14,nieobecność,5
4TR,2022-09-16,nieobecność,10
4TR,2022-09-19,spóźnienie,1
4TR,2022-09-20,spóźnienie,2
4TR,2022-09-21,nieobecność,7
4TR,2022-09-22,nieobecność,10
4TR,2022-09-23,nieobecność,9
4TR,2022-09-26,nieobecność,9
4TR,2022-09-27,nieobecność,9
4TR,2022-09-27,spóźnienie,6
4TR,2022-09-28,nieobecność,18
4TR,2022-10-03,nieobecność,10
4TR,2022-10-04,nieobecność,2
4TR,2022-10-04,spóźnienie,10
4TR,2022-10-10,nieobecność,9
4TR,2022-10-11,nieobecność,8
4TR,2022-10-13,nieobecność,5
4TR,2022-10-17,nieobecność,7
4TR,2022-10-17,spóźnienie,2
4TR,2022-10-18,nieobecność,6
4TR,2022-10-20,spóźnienie,4
4TR,2022-10-20,nieobecność,2
4TR,2022-10-26,nieobecność,2
4TR,2022-10-28,nieobecność,16
4TR,2022-11-02,nieobecność,12
4TR,2022-11-03,nieobecność,6
4TR,2022-11-07,nieobecność,3
4TR,2022-11-07,spóźnienie,2
4TR,2022-11-08,spóźnienie,1
4TR,2022-11-09,nieob. uspraw.,13
4TR,2022-11-10,nieobecność,2
4TR,2022-11-15,nieobecność,5
4TR,2022-11-18,nieob. uspraw.,8
4TR,2022-11-21,nieobecność,1
4TR,2022-11-23,nieob. uspraw.,32
4TR,2022-11-25,nieobecność,9
4TR,2022-11-28,nieob. uspraw.,26
4TR,2022-11-29,nieobecność,4
4TR,2022-12-01,nieob. uspraw.,18
4TR,2022-12-05,nieobecność,1
4TR,2022-12-08,nieobecność,8
4TR,2022-12-08,spóźnienie,1
4TR,2022-12-09,nieob. uspraw.,40
4TR,2022-12-13,nieobecność,9
4TR,2022-12-14,nieobecność,6
4TR,2022-12-14,spóźnienie,3
4TR,2022-12-15,nieobecność,10
4TR,2022-12-19,nieobecność,13
4TR,2022-12-20,nieobecność,12
4TR,2022-12-21,nieobecność,15
4TR,2023-01-04,spóźnienie,4
4TR,2023-01-05,nieobecność,22
4TR,2023-01-11,nieob. uspraw.,21
4TR,2023-01-12,nieobecność,7
4TR,2023-01-16,nieobecność,11
4TR,2023-01-17,nieobecność,11
4TR,2023-01-23,nieobecność,12
4TR,2023-01-24,nieobecność,14
4TR,2023-01-30,nieobecność,2
4TR,2023-01-31,nieobecność,2
4TR,2023-02-01,nieobecność,1
4TR,2023-02-06,spóźnienie,4
4TR,2023-02-06,nieobecność,7
4TR,2023-02-07,nieobecność,9
4TR,2023-02-07,spóźnienie,5
4TR,2023-02-08,nieobecność,7
4TR,2023-02-27,nieob. uspraw.,6
4TR,2023-03-01,spóźnienie,2
4TR,2023-03-02,nieobecność,4
4TR,2023-03-06,nieobecność,2
4TR,2023-03-08,spóźnienie,1
4TR,2023-03-08,nieobecność,1
4TR,2023-03-09,nieobecność,4
4TR,2023-03-09,spóźnienie,1
4TR,2023-03-13,nieobecność,9
4TR,2023-03-13,spóźnienie,3
4TR,2023-03-14,nieob. uspraw.,10
4TR,2023-03-16,nieobecność,4
4TR,2023-03-20,nieobecność,8
4TR,2023-03-24,nieobecność,9
4TR,2023-03-27,spóźnienie,6
4TR,2023-03-29,nieob. uspraw.,13
4TR,2023-03-31,spóźnienie,1
4TR,2023-04-03,nieobecność,8
4TR,2023-04-05,nieobecność,7
4TR,2023-04-12,nieobecność,8
4TR,2023-04-12,spóźnienie,6
4TR,2023-04-21,obecność,8
4TR,2022-09-22,spóźnienie,5
4TR,2022-09-29,spóźnienie,3
4TR,2022-11-04,obecność,4
4TR,2022-11-07,nieob. uspraw.,8
4TR,2022-11-09,spóźnienie,2
4TR,2022-12-19,nieob. uspraw.,24
4TR,2022-12-21,nieob. uspraw.,26
4TR,2022-12-22,nieob. uspraw.,6
4TR,2023-01-17,spóźnienie,3
4TR,2023-02-10,nieob. uspraw.,28
4TR,2023-04-05,spóźnienie,1
4TR,2022-09-30,nieob. uspraw.,33
4TR,2022-10-10,spóźnienie,2
4TR,2022-10-12,nieob. uspraw.,12
4TR,2022-10-17,nieob. uspr. p.s.,2
4TR,2022-10-27,nieobecność,12
4TR,2022-11-09,nieob. uspr. p.s.,10
4TR,2022-12-07,nieob. uspr. p.s.,10
4TR,2022-12-13,spóźnienie,3
4TR,2023-01-03,spóźnienie,4
4TR,2023-03-10,nieob. uspr. p.s.,5
4TR,2023-03-20,spóźnienie,3
4TR,2023-03-22,nieob. uspraw.,15
4TR,2023-03-30,nieob. uspr. p.s.,14
4TR,2023-04-13,spóźnienie,3
4TR,2023-04-18,spóźnienie,3
4TR,2022-09-07,nieob. uspraw.,8
4TR,2022-09-14,nieob. uspraw.,30
4TR,2022-09-27,nieob. uspraw.,19
4TR,2022-10-04,spóźn. uspr.,3
4TR,2022-10-06,nieob. uspraw.,16
4TR,2022-10-07,nieob. uspraw.,9
4TR,2022-10-18,spóźn. uspr.,2
4TR,2022-10-24,spóźnienie,2
4TR,2022-11-14,nieobecność,11
4TR,2022-11-17,nieob. uspraw.,16
4TR,2022-11-22,spóźnienie,1
4TR,2022-12-01,nieobecność,3
4TR,2022-12-07,nieob. uspraw.,19
4TR,2023-01-10,spóźnienie,1
4TR,2023-01-20,nieob. uspraw.,6
4TR,2023-01-26,nieobecność,13
4TR,2023-02-07,nieob. uspraw.,12
4TR,2023-02-08,nieob. uspraw.,14
4TR,2023-02-28,nieob. uspraw.,13
4TR,2023-03-01,nieob. uspraw.,9
4TR,2023-03-16,nieob. uspraw.,7
4TR,2023-03-20,spóźn. uspr.,2
4TR,2023-03-24,spóźnienie,1
4TR,2023-03-27,nieob. uspraw.,8
4TR,2022-09-16,nieob. uspraw.,12
4TR,2022-09-22,spóźn. uspr.,1
4TR,2022-09-28,nieob. uspraw.,13
4TR,2022-10-06,nieobecność,4
4TR,2022-10-17,nieob. uspraw.,25
4TR,2022-11-29,nieob. uspraw.,34
4TR,2022-11-30,nieob. uspraw.,30
4TR,2022-12-02,nieob. uspraw.,32
4TR,2022-12-06,nieob. uspraw.,8
4TR,2023-02-09,nieob. uspraw.,25
4TR,2023-02-28,nieobecność,8
4TR,2022-09-13,nieob. uspraw.,15
4TR,2022-09-29,nieobecność,6
4TR,2022-10-28,nieob. uspraw.,16
4TR,2022-11-15,nieob. uspraw.,10
4TR,2023-01-27,nieobecność,11
4TR,2023-03-17,nieobecność,8
4TR,2023-03-28,nieobecność,1
4TR,2023-04-04,nieob. uspraw.,12
4TR,2022-11-10,spóźn. uspr.,2
4TR,2023-04-17,nieobecność,9
4TR,2022-10-17,spóźn. uspr.,1
4TR,2022-10-18,nieob. uspraw.,1
4TR,2022-10-27,spóźn. uspr.,2
4TR,2022-11-08,nieob. uspraw.,13
4TR,2022-11-14,spóźn. uspr.,1
4TR,2022-11-22,nieob. uspraw.,6
4TR,2022-12-08,spóźn. uspr.,1
4TR,2022-12-13,spóźn. uspr.,2
4TR,2022-12-14,spóźn. uspr.,1
4TR,2022-12-15,spóźn. uspr.,1
4TR,2022-12-19,spóźn. uspr.,3
4TR,2023-01-25,nieob. uspraw.,7
4TR,2023-02-02,nieobecność,7
4TR,2023-02-07,nieob. uspr. p.s.,6
4TR,2023-03-01,spóźn. uspr.,1
4TR,2023-04-03,spóźnienie,3
4TR,2023-04-12,spóźn. uspr.,2
4TR,2023-04-20,obecność,9
4TR,2022-09-20,spóźn. uspr.,1
4TR,2022-09-27,spóźn. uspr.,2
4TR,2022-09-29,spóźn. uspr.,1
4TR,2022-10-10,spóźn. uspr.,1
4TR,2022-10-10,nieob. uspr. p.s.,1
4TR,2022-10-11,nieob. uspr. p.s.,2
4TR,2022-10-13,nieob. uspr. p.s.,5
4TR,2022-10-20,spóźn. uspr.,1
4TR,2022-11-07,spóźn. uspr.,1
4TR,2022-11-10,nieob. uspr. p.s.,2
4TR,2022-12-12,spóźn. uspr.,1
4TR,2022-12-20,nieob. uspr. p.s.,3
4TR,2022-12-21,nieob. uspr. p.s.,1
4TR,2022-12-21,spóźn. uspr.,1
4TR,2023-01-03,spóźn. uspr.,1
4TR,2023-01-12,spóźn. uspr.,1
4TR,2023-01-27,nieob. uspraw.,1
4TR,2023-01-31,spóźn. uspr.,1
4TR,2023-02-06,spóźn. uspr.,1
4TR,2023-02-07,spóźn. uspr.,1
4TR,2023-03-13,nieob. uspr. p.s.,1
4TR,2023-03-14,spóźn. uspr.,1
4TR,2023-03-17,nieob. uspr. p.s.,6
4TR,2023-04-03,spóźn. uspr.,1
4TR,2023-04-26,nieob. uspraw.,7
4TR,2023-04-27,nieob. uspraw.,8
4TR,2023-04-28,nieob. uspraw.,5
4TR,2022-11-09,nieobecność,2
4TR,2022-12-12,nieobecność,3
4TR,2022-12-21,spóźnienie,2
4TR,2022-09-07,spóźnienie,2
4TR,2022-09-08,nieob. uspraw.,11
4TR,2022-09-14,spóźnienie,2
4TR,2022-09-15,spóźn. uspr.,1
4TR,2022-10-11,spóźnienie,1
4TR,2022-10-13,spóźnienie,1
4TR,2022-11-03,nieob. uspraw.,6
4TR,2022-11-03,spóźnienie,1
4TR,2022-11-10,spóźnienie,1
4TR,2022-11-14,spóźnienie,1
4TR,2022-12-05,spóźnienie,1
4TR,2023-01-02,spóźnienie,1
4TR,2023-01-23,spóźnienie,1
4TR,2023-02-01,spóźnienie,3
4TR,2023-03-06,spóźnienie,2
4TR,2023-03-16,spóźnienie,3
4TR,2023-04-17,spóźnienie,1
4TR,2022-10-03,spóźnienie,2
4TR,2022-10-12,nieobecność,8
4TR,2022-10-19,nieobecność,2
4TR,2022-10-24,nieobecność,1
4TR,2022-11-08,nieobecność,2
4TR,2022-11-16,nieobecność,1
4TR,2022-11-22,nieobecność,1
4TR,2022-11-23,nieobecność,8
4TR,2022-11-28,nieobecność,2
4TR,2022-11-30,nieobecność,6
4TR,2022-12-09,nieobecność,5
4TR,2023-01-03,nieobecność,2
4TR,2023-01-10,nieobecność,2
4TR,2023-01-25,nieobecność,1
4TR,2023-02-03,nieobecność,6
4TR,2023-03-01,nieobecność,2
4TR,2023-03-03,nieobecność,4
4TR,2023-04-04,nieobecność,2
4TR,2023-04-04,spóźnienie,1
4TR,2023-04-20,nieobecność,4
4TR,2022-11-17,nieobecność,5
4TR,2022-11-24,nieobecność,5
4TR,2022-12-16,nieobecność,8
4TR,2022-12-22,nieobecność,6
4TR,2023-01-02,nieobecność,6
4TR,2023-01-19,nieobecność,8
4TR,2023-01-20,nieobecność,1
4TR,2023-04-14,nieobecność,6
4TR,2022-10-06,spóźnienie,1
4TR,2023-01-23,nieob. uspraw.,6
4TŻ,2022-09-01,obecność,84
4TŻ,2022-09-02,obecność,93
4TŻ,2022-09-05,obecność,114
4TŻ,2022-09-06,obecność,160
4TŻ,2022-09-07,obecność,117
4TŻ,2022-09-08,obecność,98
4TŻ,2022-09-09,obecność,114
4TŻ,2022-09-12,obecność,118
4TŻ,2022-09-13,obecność,144
4TŻ,2022-09-14,obecność,113
4TŻ,2022-09-15,obecność,90
4TŻ,2022-09-16,obecność,117
4TŻ,2022-09-16,nieobecność,17
4TŻ,2022-09-19,nieobecność,16
4TŻ,2022-09-20,nieobecność,12
4TŻ,2022-09-21,obecność,44
4TŻ,2022-09-22,obecność,90
4TŻ,2022-09-23,obecność,69
4TŻ,2022-09-23,nieobecność,18
4TŻ,2022-09-26,nieobecność,23
4TŻ,2022-09-27,nieobecność,24
4TŻ,2022-09-28,nieobecność,20
4TŻ,2022-09-29,nieobecność,12
4TŻ,2022-09-30,nieobecność,14
4TŻ,2022-10-03,obecność,102
4TŻ,2022-10-04,obecność,92
4TŻ,2022-10-05,obecność,118
4TŻ,2022-10-06,obecność,133
4TŻ,2022-10-07,obecność,73
4TŻ,2022-10-10,obecność,80
4TŻ,2022-10-11,obecność,126
4TŻ,2022-10-11,nieobecność,8
4TŻ,2022-10-12,obecność,129
4TŻ,2022-10-13,obecność,110
4TŻ,2022-10-13,nieobecność,25
4TŻ,2022-10-17,nieobecność,18
4TŻ,2022-10-18,nieobecność,29
4TŻ,2022-10-19,obecność,117
4TŻ,2022-10-20,obecność,78
4TŻ,2022-10-21,obecność,84
4TŻ,2022-10-24,obecność,102
4TŻ,2022-10-24,nieobecność,6
4TŻ,2022-10-25,obecność,154
4TŻ,2022-10-26,obecność,95
4TŻ,2022-10-27,obecność,102
4TŻ,2022-10-28,obecność,86
4TŻ,2022-10-28,nieobecność,11
4TŻ,2022-11-02,nieobecność,24
4TŻ,2022-11-03,nieobecność,12
4TŻ,2022-11-04,nieobecność,30
4TŻ,2022-11-07,obecność,115
4TŻ,2022-11-08,obecność,130
4TŻ,2022-11-08,nieobecność,9
4TŻ,2022-11-09,obecność,137
4TŻ,2022-11-10,obecność,73
4TŻ,2022-11-10,nieobecność,15
4TŻ,2022-11-14,obecność,79
4TŻ,2022-11-15,obecność,131
4TŻ,2022-11-16,obecność,116
4TŻ,2022-11-16,nieobecność,15
4TŻ,2022-11-17,nieobecność,17
4TŻ,2022-11-18,nieobecność,29
4TŻ,2022-11-21,nieobecność,18
4TŻ,2022-11-22,nieobecność,17
4TŻ,2022-11-23,nieobecność,18
4TŻ,2022-11-24,nieobecność,8
4TŻ,2022-11-25,nieobecność,16
4TŻ,2022-11-28,obecność,91
4TŻ,2022-11-29,obecność,115
4TŻ,2022-11-30,obecność,111
4TŻ,2022-12-01,obecność,73
4TŻ,2022-12-02,obecność,104
4TŻ,2022-12-05,obecność,97
4TŻ,2022-12-06,nieobecność,16
4TŻ,2022-12-07,obecność,100
4TŻ,2022-12-07,nieobecność,13
4TŻ,2022-12-08,obecność,107
4TŻ,2022-12-09,obecność,69
4TŻ,2022-12-12,obecność,52
4TŻ,2022-12-13,obecność,126
4TŻ,2022-12-14,obecność,116
4TŻ,2022-12-15,obecność,122
4TŻ,2022-12-15,nieob. uspr. p.s.,3
4TŻ,2022-12-16,obecność,91
4TŻ,2022-12-16,nieobecność,26
4TŻ,2022-12-19,nieobecność,18
4TŻ,2022-12-20,obecność,54
4TŻ,2022-12-20,nieobecność,17
4TŻ,2022-12-21,obecność,45
4TŻ,2022-12-21,nieobecność,22
4TŻ,2022-12-22,nieobecność,35
4TŻ,2023-01-02,nieobecność,12
4TŻ,2023-01-03,obecność,80
4TŻ,2023-01-04,obecność,69
4TŻ,2023-01-05,nieobecność,3
4TŻ,2023-01-05,obecność,89
4TŻ,2023-01-09,obecność,120
4TŻ,2023-01-10,obecność,100
4TŻ,2023-01-10,nieobecność,4
4TŻ,2023-01-11,obecność,101
4TŻ,2023-01-11,nieobecność,3
4TŻ,2023-01-12,obecność,140
4TŻ,2023-01-13,nieob. uspraw.,94
4TŻ,2023-01-16,obecność,79
4TŻ,2023-01-17,obecność,96
4TŻ,2023-01-18,obecność,106
4TŻ,2023-01-19,obecność,138
4TŻ,2023-01-20,obecność,110
4TŻ,2023-01-20,nieob. uspraw.,35
4TŻ,2023-01-23,nieob. uspraw.,42
4TŻ,2023-01-24,obecność,116
4TŻ,2023-01-25,obecność,111
4TŻ,2023-01-25,nieobecność,2
4TŻ,2023-01-26,obecność,118
4TŻ,2023-01-27,nieob. uspraw.,48
4TŻ,2023-01-30,obecność,103
4TŻ,2023-01-31,obecność,110
4TŻ,2023-02-01,obecność,121
4TŻ,2023-02-02,obecność,126
4TŻ,2023-02-02,nieobecność,3
4TŻ,2023-02-03,obecność,113
4TŻ,2023-02-06,nieob. uspraw.,43
4TŻ,2023-02-07,nieob. uspraw.,30
4TŻ,2023-02-08,obecność,92
4TŻ,2023-02-09,obecność,78
4TŻ,2023-02-10,nieob. uspraw.,100
4TŻ,2023-02-27,obecność,115
4TŻ,2023-02-28,obecność,111
4TŻ,2023-03-01,obecność,113
4TŻ,2023-03-01,nieob. uspraw.,20
4TŻ,2023-03-02,nieob. uspraw.,25
4TŻ,2023-03-02,obecność,110
4TŻ,2023-03-03,obecność,107
4TŻ,2023-03-06,nieob. uspraw.,27
4TŻ,2023-03-06,obecność,113
4TŻ,2023-03-07,obecność,157
4TŻ,2023-03-08,obecność,125
4TŻ,2023-03-09,obecność,137
4TŻ,2023-03-09,nieob. uspraw.,3
4TŻ,2023-03-10,nieob. uspraw.,66
4TŻ,2023-03-13,obecność,94
4TŻ,2023-03-14,obecność,122
4TŻ,2023-03-15,obecność,90
4TŻ,2023-03-16,obecność,56
4TŻ,2023-03-17,nieob. uspraw.,75
4TŻ,2023-03-17,nieobecność,26
4TŻ,2023-03-20,obecność,84
4TŻ,2023-03-21,obecność,92
4TŻ,2023-03-22,obecność,138
4TŻ,2023-03-23,obecność,83
4TŻ,2023-03-24,obecność,90
4TŻ,2023-03-24,nieob. uspraw.,48
4TŻ,2023-03-27,nieobecność,28
4TŻ,2023-03-28,obecność,100
4TŻ,2023-03-29,nieobecność,5
4TŻ,2023-03-29,obecność,119
4TŻ,2023-03-30,obecność,90
4TŻ,2023-03-31,nieob. uspraw.,58
4TŻ,2023-04-03,obecność,34
4TŻ,2023-04-04,obecność,102
4TŻ,2023-04-05,obecność,81
4TŻ,2023-04-05,nieobecność,21
4TŻ,2023-04-12,nieob. uspraw.,75
4TŻ,2023-04-13,nieob. uspraw.,49
4TŻ,2023-04-14,nieob. uspraw.,95
4TŻ,2023-04-17,nieob. uspraw.,102
4TŻ,2023-04-18,nieob. uspraw.,84
4TŻ,2023-04-19,nieob. uspraw.,95
4TŻ,2023-04-20,obecność,120
4TŻ,2023-04-21,nieob. uspraw.,49
4TŻ,2023-04-24,nieobecność,109
4TŻ,2023-04-25,nieobecność,89
4TŻ,2023-04-25,obecność,29
4TŻ,2023-04-26,obecność,28
4TŻ,2023-04-26,nieobecność,152
4TŻ,2023-04-27,nieobecność,113
4TŻ,2023-04-28,obecność,160
4TŻ,2022-09-01,nieobecność,28
4TŻ,2022-09-02,nieobecność,9
4TŻ,2022-09-05,nieobecność,6
4TŻ,2022-09-08,nieobecność,16
4TŻ,2022-09-12,nieobecność,8
4TŻ,2022-09-15,nieobecność,5
4TŻ,2022-09-19,nieob. uspraw.,49
4TŻ,2022-09-20,obecność,125
4TŻ,2022-09-23,nieob. uspraw.,39
4TŻ,2022-09-26,obecność,101
4TŻ,2022-09-27,obecność,111
4TŻ,2022-09-27,nieob. uspraw.,20
4TŻ,2022-09-28,nieob. uspraw.,43
4TŻ,2022-09-29,nieob. uspraw.,30
4TŻ,2022-09-30,nieob. uspraw.,44
4TŻ,2022-10-04,nieob. uspraw.,24
4TŻ,2022-10-07,nieob. uspraw.,37
4TŻ,2022-10-20,nieobecność,24
4TŻ,2022-10-26,nieobecność,12
4TŻ,2022-11-07,nieobecność,5
4TŻ,2022-11-09,nieobecność,2
4TŻ,2022-11-15,nieobecność,24
4TŻ,2022-11-17,obecność,93
4TŻ,2022-11-24,obecność,98
4TŻ,2022-11-29,nieobecność,29
4TŻ,2022-11-30,nieobecność,14
4TŻ,2022-12-02,nieobecność,13
4TŻ,2022-12-05,nieobecność,7
4TŻ,2022-12-09,nieobecność,31
4TŻ,2022-12-12,nieobecność,12
4TŻ,2022-12-14,nieobecność,17
4TŻ,2022-12-19,nieob. uspraw.,42
4TŻ,2022-12-20,nieob. uspraw.,49
4TŻ,2022-12-21,nieob. uspraw.,51
4TŻ,2022-12-22,nieob. uspraw.,42
4TŻ,2023-01-02,nieob. uspraw.,21
4TŻ,2023-01-03,nieob. uspraw.,37
4TŻ,2023-01-04,nieob. uspraw.,22
4TŻ,2023-01-05,nieob. uspraw.,28
4TŻ,2023-01-10,nieob. uspraw.,16
4TŻ,2023-01-11,nieob. uspraw.,14
4TŻ,2023-01-17,nieob. uspraw.,24
4TŻ,2023-01-19,nieobecność,3
4TŻ,2023-01-25,nieob. uspraw.,27
4TŻ,2023-01-26,nieob. uspraw.,36
4TŻ,2023-01-30,nieobecność,4
4TŻ,2023-01-31,nieob. uspraw.,25
4TŻ,2023-02-01,nieob. uspraw.,18
4TŻ,2023-02-02,nieob. uspraw.,11
4TŻ,2023-02-08,nieob. uspraw.,35
4TŻ,2023-02-09,nieob. uspraw.,51
4TŻ,2023-02-28,nieobecność,12
4TŻ,2023-03-10,obecność,50
4TŻ,2023-03-10,nieobecność,24
4TŻ,2023-03-15,nieobecność,14
4TŻ,2023-03-15,nieob. uspraw.,36
4TŻ,2023-03-16,nieob. uspraw.,32
4TŻ,2023-03-21,nieobecność,13
4TŻ,2023-03-23,nieob. uspraw.,16
4TŻ,2023-03-27,nieob. uspraw.,28
4TŻ,2023-03-27,obecność,84
4TŻ,2023-03-28,nieob. uspraw.,33
4TŻ,2023-03-30,nieob. uspraw.,36
4TŻ,2023-03-31,obecność,73
4TŻ,2023-04-03,nieob. uspraw.,34
4TŻ,2023-04-04,nieob. uspraw.,32
4TŻ,2023-04-05,nieob. uspraw.,53
4TŻ,2022-09-08,nieob. uspraw.,26
4TŻ,2022-09-16,nieob. uspraw.,6
4TŻ,2022-09-19,nieob. uspr. p.s.,11
4TŻ,2022-09-21,nieob. uspraw.,12
4TŻ,2022-09-26,nieob. uspraw.,10
4TŻ,2022-09-29,obecność,78
4TŻ,2022-09-30,obecność,82
4TŻ,2022-10-03,nieob. uspraw.,18
4TŻ,2022-10-05,nieob. uspraw.,21
4TŻ,2022-10-07,nieob. uspr. p.s.,28
4TŻ,2022-10-11,nieob. uspraw.,24
4TŻ,2022-10-12,nieob. uspraw.,3
4TŻ,2022-10-17,nieob. uspraw.,15
4TŻ,2022-10-17,obecność,87
4TŻ,2022-10-18,nieob. uspraw.,16
4TŻ,2022-10-28,nieob. uspraw.,43
4TŻ,2022-11-02,nieob. uspraw.,62
4TŻ,2022-11-03,obecność,89
4TŻ,2022-11-04,obecność,85
4TŻ,2022-11-10,nieob. uspraw.,12
4TŻ,2022-11-14,nieob. uspraw.,11
4TŻ,2022-11-17,nieob. uspraw.,10
4TŻ,2022-11-18,obecność,77
4TŻ,2022-11-21,obecność,71
4TŻ,2022-11-22,obecność,139
4TŻ,2022-11-23,obecność,97
4TŻ,2022-11-25,obecność,74
4TŻ,2022-12-01,nieob. uspraw.,22
4TŻ,2022-12-02,nieob. uspraw.,15
4TŻ,2022-12-05,nieob. uspraw.,16
4TŻ,2022-12-06,nieob. uspraw.,41
4TŻ,2022-12-07,nieob. uspraw.,26
4TŻ,2022-12-08,nieob. uspraw.,13
4TŻ,2022-12-09,nieob. uspraw.,38
4TŻ,2022-12-22,obecność,63
4TŻ,2023-01-13,obecność,38
4TŻ,2023-01-13,nieob. uspr. p.s.,6
4TŻ,2023-01-16,nieob. uspraw.,38
4TŻ,2023-01-24,nieob. uspraw.,21
4TŻ,2023-01-26,spóźn. uspr.,2
4TŻ,2023-01-27,obecność,88
4TŻ,2023-02-10,obecność,43
4TŻ,2023-02-27,nieob. uspraw.,23
4TŻ,2023-02-28,nieob. uspraw.,36
4TŻ,2023-03-03,nieob. uspraw.,34
4TŻ,2023-03-13,nieob. uspraw.,23
4TŻ,2023-03-17,obecność,18
4TŻ,2023-03-20,nieob. uspraw.,35
4TŻ,2023-03-29,nieob. uspraw.,35
4TŻ,2023-04-05,spóźn. uspr.,2
4TŻ,2023-04-14,obecność,49
4TŻ,2023-04-21,nieobecność,70
4TŻ,2022-09-01,nieob. uspraw.,28
4TŻ,2022-09-02,nieob. uspraw.,18
4TŻ,2022-09-22,nieob. uspraw.,9
4TŻ,2022-09-27,nieob. uspr. p.s.,5
4TŻ,2022-09-28,obecność,69
4TŻ,2022-10-10,nieob. uspraw.,15
4TŻ,2022-10-18,obecność,115
4TŻ,2022-10-21,nieob. uspraw.,18
4TŻ,2022-11-04,nieob. uspraw.,24
4TŻ,2022-11-18,nieob. uspraw.,34
4TŻ,2022-11-28,nieob. uspraw.,19
4TŻ,2022-12-06,obecność,103
4TŻ,2022-12-12,nieob. uspraw.,13
4TŻ,2023-01-23,obecność,90
4TŻ,2023-02-03,nieob. uspraw.,44
4TŻ,2023-02-06,obecność,87
4TŻ,2023-02-07,obecność,102
4TŻ,2023-04-12,obecność,45
4TŻ,2023-04-13,obecność,79
4TŻ,2023-04-19,obecność,20
4TŻ,2023-04-24,nieob. uspraw.,14
4TŻ,2023-04-25,nieob. uspraw.,2
4TŻ,2022-10-04,nieob. uspr. p.s.,42
4TŻ,2022-11-02,obecność,73
4TŻ,2022-11-21,nieob. uspraw.,31
4TŻ,2022-11-22,nieob. uspraw.,4
4TŻ,2022-11-25,nieob. uspraw.,25
4TŻ,2022-12-16,nieob. uspraw.,18
4TŻ,2023-01-02,obecność,45
4TŻ,2023-04-19,nieobecność,45
4TŻ,2022-10-11,nieob. uspr. p.s.,1
4TŻ,2022-11-14,nieob. uspr. p.s.,24
4TŻ,2022-12-02,nieob. uspr. p.s.,8
4TŻ,2022-12-19,spóźnienie,2
4TŻ,2022-12-19,obecność,57
4TŻ,2023-01-02,spóźnienie,1
4TŻ,2023-01-13,nieobecność,22
4TŻ,2023-01-20,nieobecność,15
4TŻ,2023-01-23,nieobecność,8
4TŻ,2023-01-27,nieobecność,24
4TŻ,2023-03-01,nieobecność,5
4TŻ,2023-03-02,nieobecność,2
4TŻ,2023-03-24,nieobecność,22
4TŻ,2023-03-31,nieobecność,9
4TŻ,2023-04-12,nieobecność,11
4TŻ,2023-04-17,nieobecność,28
4TŻ,2023-04-18,nieobecność,24
4TŻ,2023-04-24,obecność,17
4TŻ,2022-09-07,nieobecność,1
4TŻ,2022-09-07,zwolniony,1
4TŻ,2022-09-13,nieob. uspraw.,16
4TŻ,2022-09-14,zwolniony,1
4TŻ,2022-09-19,obecność,63
4TŻ,2022-09-21,zwolniony,1
4TŻ,2022-09-28,zwolniony,1
4TŻ,2022-10-05,zwolniony,1
4TŻ,2022-10-12,zwolniony,1
4TŻ,2022-10-19,zwolniony,1
4TŻ,2022-10-26,zwolniony,1
4TŻ,2022-11-02,zwolniony,1
4TŻ,2022-11-03,spóźnienie,1
4TŻ,2022-11-09,zwolniony,1
4TŻ,2022-11-16,zwolniony,1
4TŻ,2022-11-23,zwolniony,1
4TŻ,2022-11-24,nieob. uspraw.,12
4TŻ,2022-11-30,zwolniony,1
4TŻ,2022-12-07,zwolniony,1
4TŻ,2022-12-14,spóźnienie,1
4TŻ,2022-12-14,zwolniony,1
4TŻ,2022-12-19,zwolniony,1
4TŻ,2022-12-21,zwolniony,2
4TŻ,2023-01-02,zwolniony,1
4TŻ,2023-01-04,zwolniony,2
4TŻ,2023-01-11,zwolniony,2
4TŻ,2023-01-16,zwolniony,1
4TŻ,2023-01-18,zwolniony,2
4TŻ,2023-01-19,nieob. uspraw.,19
4TŻ,2023-01-24,zwolniony,1
4TŻ,2023-01-30,nieob. uspraw.,33
4TŻ,2023-01-31,zwolniony,1
4TŻ,2023-02-01,zwolniony,1
4TŻ,2023-02-07,zwolniony,1
4TŻ,2023-02-08,zwolniony,2
4TŻ,2023-02-28,zwolniony,1
4TŻ,2023-03-01,zwolniony,2
4TŻ,2023-03-07,zwolniony,1
4TŻ,2023-03-08,zwolniony,3
4TŻ,2023-03-14,zwolniony,1
4TŻ,2023-03-21,zwolniony,1
4TŻ,2023-03-22,zwolniony,2
4TŻ,2023-03-29,zwolniony,1
4TŻ,2023-04-04,zwolniony,1
4TŻ,2023-04-05,zwolniony,3
4TŻ,2023-04-12,zwolniony,2
4TŻ,2022-09-26,nieob. uspr. p.s.,6
4TŻ,2022-09-28,nieob. uspr. p.s.,7
4TŻ,2022-10-06,nieob. uspraw.,7
4TŻ,2022-11-03,nieob. uspraw.,18
4TŻ,2023-04-12,nieob. uspr. p.s.,7
4TŻ,2023-04-13,nieob. uspr. p.s.,7
4TŻ,2023-04-27,obecność,27
4TŻ,2022-10-24,nieob. uspraw.,7
4TŻ,2022-11-08,nieob. uspraw.,20
4TŻ,2022-12-15,nieob. uspraw.,7
4TŻ,2023-01-18,nieob. uspraw.,12
4TŻ,2023-03-08,nieob. uspraw.,26
4TŻ,2023-03-21,nieob. uspraw.,34
4TŻ,2022-10-25,nieob. uspraw.,5
4TŻ,2022-11-08,nieob. uspr. p.s.,1
4TŻ,2022-12-13,nieob. uspraw.,24
4TŻ,2022-12-14,nieob. uspraw.,5
4TŻ,2023-03-03,nieobecność,19
4TŻ,2023-03-17,nieob. uspr. p.s.,1
4TŻ,2022-09-20,nieob. uspraw.,23
4TŻ,2022-10-13,nieob. uspraw.,4
4TŻ,2022-11-16,nieob. uspraw.,8
4TŻ,2022-12-09,nieob. uspr. p.s.,1
4TŻ,2022-12-12,nieob. uspr. p.s.,3
4TŻ,2023-02-10,nieobecność,17
4TŻ,2023-03-08,nieobecność,6
4TŻ,2023-03-30,nieobecność,14
4TŻ,2023-04-03,nieobecność,12
4TŻ,2023-04-21,obecność,21
4TŻ,2022-09-14,nieob. uspraw.,6
4TŻ,2022-10-19,nieob. uspraw.,7
4TŻ,2022-10-20,nieob. uspraw.,6
4TŻ,2022-10-27,nieob. uspraw.,12
4TŻ,2022-11-14,nieobecność,6
4TŻ,2022-11-28,nieobecność,10
4TŻ,2022-12-01,nieobecność,5
4TŻ,2022-12-13,nieobecność,10
4TŻ,2023-01-03,nieobecność,2
4TŻ,2023-01-26,nieobecność,4
4TŻ,2023-02-06,nieobecność,10
4TŻ,2023-02-07,nieobecność,7
4TŻ,2023-02-08,nieobecność,10
4TŻ,2023-02-09,nieobecność,11
4TŻ,2023-03-16,nieobecność,12
4TŻ,2023-04-04,nieobecność,4
4TŻ,2023-04-13,nieobecność,5
4TŻ,2023-04-14,nieobecność,16
4TŻ,2022-09-23,nieob. uspr. p.s.,14
4TŻ,2022-10-13,nieob. uspr. p.s.,1
4TŻ,2022-10-24,nieob. uspr. p.s.,4
4TŻ,2022-11-23,nieob. uspr. p.s.,4
4TŻ,2022-11-24,nieob. uspr. p.s.,2
4TŻ,2022-11-25,nieob. uspr. p.s.,5
4TŻ,2023-04-17,obecność,10
4TŻ,2023-04-18,obecność,12
4TŻ,2022-10-12,nieobecność,7
4TŻ,2022-10-19,nieob. uspr. p.s.,10
4TŻ,2022-10-20,nieob. uspr. p.s.,12
4TŻ,2022-10-21,nieob. uspr. p.s.,12
4TŻ,2022-10-26,nieob. uspr. p.s.,12
4TŻ,2022-11-15,nieob. uspraw.,5
4TŻ,2022-12-16,nieob. uspr. p.s.,5
4TŻ,2023-01-04,nieobecność,7
4TŻ,2023-01-24,nieob. uspr. p.s.,2
4TŻ,2023-03-02,spóźnienie,3
4TŻ,2023-03-14,nieob. uspraw.,13
4TŻ,2022-09-07,nieob. uspraw.,1
4TŻ,2022-09-12,nieob. uspraw.,14
4TŻ,2022-11-04,spóźnienie,1
4TŻ,2022-11-29,nieob. uspraw.,16
4TŻ,2022-11-30,nieob. uspraw.,14
4TŻ,2022-12-09,spóźnienie,1
4TŻ,2022-12-15,spóźnienie,1
4TŻ,2023-01-03,spóźnienie,1
4TŻ,2023-03-23,spóźn. uspr.,1
4TŻ,2022-09-19,spóźnienie,1
4TŻ,2022-10-24,spóźnienie,1
4TŻ,2023-03-13,spóźnienie,2
4TŻ,2022-09-15,nieob. uspraw.,5
4TŻ,2022-10-07,nieobecność,2
4TŻ,2022-10-10,nieobecność,5
4TŻ,2022-10-19,nieobecność,5
4TŻ,2022-10-25,nieobecność,1
4TŻ,2022-10-27,nieobecność,6
4TŻ,2023-01-31,nieobecność,4
4TŻ,2023-02-27,nieobecność,2
4TŻ,2023-03-07,nieobecność,2
4TŻ,2023-03-13,nieobecność,1
4TŻ,2023-03-20,nieobecność,1
4TŻ,2023-04-04,spóźnienie,1
4TŻ,2022-09-09,nieobecność,6
4TŻ,2022-09-21,nieobecność,3
4TŻ,2022-10-11,spóźnienie,1
4TŻ,2022-10-21,nieobecność,6
4TŻ,2022-12-15,nieobecność,7
4TŻ,2022-09-22,spóźnienie,1
4TŻ,2022-10-04,nieobecność,2
4TŻ,2023-01-16,nieobecność,2
4TŻ,2023-02-03,nieobecność,3
4TŻ,2023-02-08,spóźnienie,1
4TŻ,2023-03-14,nieobecność,4
4TŻ,2023-03-28,nieobecność,7
1TM5,2022-09-01,obecność,184
1TM5,2022-09-02,obecność,161
1TM5,2022-09-05,obecność,150
1TM5,2022-09-06,obecność,160
1TM5,2022-09-07,obecność,183
1TM5,2022-09-08,obecność,184
1TM5,2022-09-09,obecność,147
1TM5,2022-09-12,obecność,161
1TM5,2022-09-13,obecność,181
1TM5,2022-09-14,obecność,154
1TM5,2022-09-15,obecność,136
1TM5,2022-09-16,obecność,118
1TM5,2022-09-19,obecność,119
1TM5,2022-09-20,obecność,162
1TM5,2022-09-21,obecność,154
1TM5,2022-09-21,nieob. uspraw.,2
1TM5,2022-09-22,obecność,173
1TM5,2022-09-26,nieob. uspraw.,14
1TM5,2022-09-27,obecność,166
1TM5,2022-09-28,obecność,130
1TM5,2022-09-29,obecność,161
1TM5,2022-09-30,obecność,153
1TM5,2022-10-03,obecność,134
1TM5,2022-10-04,obecność,153
1TM5,2022-10-05,obecność,151
1TM5,2022-10-06,obecność,180
1TM5,2022-10-07,obecność,177
1TM5,2022-10-10,obecność,140
1TM5,2022-10-11,obecność,157
1TM5,2022-10-12,obecność,151
1TM5,2022-10-13,nieob. uspraw.,94
1TM5,2022-10-13,obecność,89
1TM5,2022-10-17,obecność,140
1TM5,2022-10-18,obecność,156
1TM5,2022-10-19,obecność,133
1TM5,2022-10-20,obecność,175
1TM5,2022-10-21,obecność,145
1TM5,2022-10-24,obecność,154
1TM5,2022-10-25,obecność,142
1TM5,2022-10-26,obecność,100
1TM5,2022-10-27,obecność,157
1TM5,2022-10-28,obecność,128
1TM5,2022-10-28,nieob. uspr. p.s.,2
1TM5,2022-10-28,nieob. uspraw.,54
1TM5,2022-11-02,obecność,151
1TM5,2022-11-02,nieob. uspr. p.s.,2
1TM5,2022-11-03,obecność,173
1TM5,2022-11-04,obecność,146
1TM5,2022-11-07,obecność,153
1TM5,2022-11-08,obecność,137
1TM5,2022-11-09,obecność,154
1TM5,2022-11-10,obecność,108
1TM5,2022-11-10,nieob. uspraw.,76
1TM5,2022-11-14,obecność,147
1TM5,2022-11-15,obecność,132
1TM5,2022-11-16,obecność,154
1TM5,2022-11-17,obecność,184
1TM5,2022-11-18,obecność,158
1TM5,2022-11-21,obecność,147
1TM5,2022-11-22,obecność,140
1TM5,2022-11-23,obecność,95
1TM5,2022-11-24,obecność,158
1TM5,2022-11-25,nieob. uspraw.,100
1TM5,2022-11-28,obecność,161
1TM5,2022-11-29,obecność,118
1TM5,2022-11-30,obecność,152
1TM5,2022-12-01,obecność,171
1TM5,2022-12-02,obecność,150
1TM5,2022-12-05,obecność,161
1TM5,2022-12-06,obecność,157
1TM5,2022-12-07,obecność,146
1TM5,2022-12-08,obecność,162
1TM5,2022-12-09,obecność,172
1TM5,2022-12-12,obecność,161
1TM5,2022-12-13,obecność,145
1TM5,2022-12-14,obecność,150
1TM5,2022-12-15,obecność,178
1TM5,2022-12-16,obecność,158
1TM5,2022-12-19,obecność,140
1TM5,2022-12-20,nieob. uspraw.,128
1TM5,2022-12-21,obecność,137
1TM5,2022-12-22,obecność,192
1TM5,2023-01-02,obecność,133
1TM5,2023-01-03,obecność,138
1TM5,2023-01-04,obecność,140
1TM5,2023-01-05,obecność,167
1TM5,2023-01-09,nieob. uspraw.,29
1TM5,2023-01-10,obecność,163
1TM5,2023-01-11,obecność,147
1TM5,2023-01-12,obecność,132
1TM5,2023-01-13,obecność,128
1TM5,2023-01-16,obecność,161
1TM5,2023-01-17,obecność,151
1TM5,2023-01-18,obecność,161
1TM5,2023-01-19,obecność,152
1TM5,2023-01-20,obecność,139
1TM5,2023-01-23,obecność,168
1TM5,2023-01-24,obecność,160
1TM5,2023-01-25,obecność,192
1TM5,2023-01-26,obecność,191
1TM5,2023-01-27,obecność,132
1TM5,2023-01-30,nieob. uspraw.,42
1TM5,2023-01-31,nieob. uspraw.,48
1TM5,2023-02-01,nieob. uspraw.,58
1TM5,2023-02-02,obecność,113
1TM5,2023-02-03,nieob. uspraw.,87
1TM5,2023-02-06,obecność,140
1TM5,2023-02-07,obecność,149
1TM5,2023-02-08,obecność,160
1TM5,2023-02-09,obecność,134
1TM5,2023-02-10,obecność,84
1TM5,2023-02-27,obecność,168
1TM5,2023-02-28,obecność,186
1TM5,2023-03-01,obecność,180
1TM5,2023-03-02,obecność,183
1TM5,2023-03-03,obecność,132
1TM5,2023-03-06,obecność,140
1TM5,2023-03-07,obecność,183
1TM5,2023-03-08,obecność,173
1TM5,2023-03-09,obecność,158
1TM5,2023-03-10,nieob. uspraw.,90
1TM5,2023-03-13,obecność,140
1TM5,2023-03-14,obecność,176
1TM5,2023-03-15,obecność,181
1TM5,2023-03-16,obecność,175
1TM5,2023-03-17,obecność,97
1TM5,2023-03-20,obecność,112
1TM5,2023-03-21,nieob. uspraw.,184
1TM5,2023-03-22,obecność,171
1TM5,2023-03-23,obecność,171
1TM5,2023-03-24,obecność,120
1TM5,2023-03-27,obecność,109
1TM5,2023-03-28,obecność,133
1TM5,2023-03-29,obecność,156
1TM5,2023-03-30,obecność,159
1TM5,2023-03-31,obecność,103
1TM5,2023-04-03,spóźnienie,4
1TM5,2023-04-03,obecność,143
1TM5,2023-04-04,obecność,174
1TM5,2023-04-05,obecność,130
1TM5,2023-04-12,obecność,147
1TM5,2023-04-13,obecność,164
1TM5,2023-04-14,nieob. uspraw.,80
1TM5,2023-04-17,spóźnienie,1
1TM5,2023-04-17,obecność,146
1TM5,2023-04-18,obecność,152
1TM5,2023-04-19,obecność,143
1TM5,2023-04-20,obecność,171
1TM5,2023-04-21,obecność,130
1TM5,2023-04-24,obecność,133
1TM5,2023-04-25,obecność,150
1TM5,2023-04-26,obecność,172
1TM5,2023-04-26,spóźnienie,2
1TM5,2023-04-27,obecność,151
1TM5,2023-04-28,nieob. uspraw.,70
1TM5,2023-05-09,obecność,152
1TM5,2023-05-10,obecność,170
1TM5,2023-05-11,obecność,148
1TM5,2023-05-12,obecność,129
1TM5,2023-05-15,obecność,159
1TM5,2023-05-16,obecność,180
1TM5,2023-05-17,obecność,152
1TM5,2023-05-18,obecność,170
1TM5,2023-05-19,obecność,123
1TM5,2023-05-19,nieobecność,1
1TM5,2023-05-22,nieobecność,11
1TM5,2023-05-23,obecność,189
1TM5,2023-05-24,obecność,178
1TM5,2023-05-25,obecność,142
1TM5,2023-05-29,obecność,140
1TM5,2023-05-30,obecność,153
1TM5,2023-05-31,nieob. uspraw.,28
1TM5,2023-05-31,obecność,131
1TM5,2023-06-01,obecność,111
1TM5,2023-06-01,nieob. uspraw.,28
1TM5,2023-06-02,obecność,98
1TM5,2023-06-06,obecność,146
1TM5,2023-06-07,obecność,153
1TM5,2023-06-07,nieobecność,21
1TM5,2023-06-12,obecność,119
1TM5,2023-06-12,nieobecność,41
1TM5,2023-06-13,nieobecność,60
1TM5,2023-06-14,nieobecność,121
1TM5,2023-06-15,nieobecność,110
1TM5,2023-06-16,nieobecność,102
1TM5,2023-06-19,nieobecność,147
1TM5,2023-06-20,obecność,35
1TM5,2023-06-20,nieobecność,116
1TM5,2023-06-21,nieobecność,142
1TM5,2023-06-22,nieobecność,157
1TM5,2023-06-23,obecność,126
1TM5,2022-09-22,nieobecność,2
1TM5,2022-09-26,obecność,147
1TM5,2022-09-28,nieob. uspraw.,28
1TM5,2022-11-15,spóźnienie,8
1TM5,2022-11-25,obecność,84
1TM5,2022-12-08,spóźnienie,1
1TM5,2022-12-13,spóźnienie,5
1TM5,2022-12-20,obecność,32
1TM5,2022-12-20,nieobecność,6
1TM5,2023-01-04,nieobecność,3
1TM5,2023-01-05,nieob. uspraw.,25
1TM5,2023-01-09,obecność,139
1TM5,2023-01-30,obecność,126
1TM5,2023-01-31,obecność,131
1TM5,2023-01-31,spóźnienie,5
1TM5,2023-02-01,obecność,109
1TM5,2023-02-02,nieobecność,3
1TM5,2023-02-03,nieobecność,7
1TM5,2023-02-28,spóźnienie,5
1TM5,2023-03-09,spóźnienie,1
1TM5,2023-03-13,nieob. uspraw.,28
1TM5,2023-03-14,nieob. uspraw.,11
1TM5,2023-03-17,nieob. uspraw.,36
1TM5,2023-03-20,nieob. uspraw.,49
1TM5,2023-03-27,nieob. uspraw.,47
1TM5,2023-03-31,nieob. uspraw.,38
1TM5,2023-04-18,spóźnienie,6
1TM5,2023-04-20,nieobecność,3
1TM5,2023-04-25,nieob. uspraw.,14
1TM5,2023-04-28,obecność,53
1TM5,2023-05-17,nieobecność,5
1TM5,2023-05-22,obecność,136
1TM5,2023-05-22,nieob. uspraw.,21
1TM5,2023-05-23,nieob. uspraw.,2
1TM5,2023-05-24,nieob. uspraw.,11
1TM5,2023-05-25,nieob. uspraw.,15
1TM5,2023-06-02,nieob. uspraw.,22
1TM5,2023-06-13,obecność,89
1TM5,2022-09-07,nieobecność,1
1TM5,2022-09-09,nieob. uspraw.,14
1TM5,2022-09-13,nieobecność,2
1TM5,2022-09-14,nieob. uspraw.,7
1TM5,2022-09-15,nieob. uspraw.,23
1TM5,2022-09-16,nieobecność,1
1TM5,2022-09-20,nieobecność,2
1TM5,2022-09-22,spóźnienie,1
1TM5,2022-09-27,nieobecność,2
1TM5,2022-09-28,spóźnienie,1
1TM5,2022-09-29,nieobecność,1
1TM5,2022-10-07,nieob. uspraw.,7
1TM5,2022-10-12,nieobecność,1
1TM5,2022-10-13,spóźnienie,1
1TM5,2022-10-18,spóźnienie,5
1TM5,2022-10-20,spóźnienie,1
1TM5,2022-10-21,nieob. uspraw.,16
1TM5,2022-10-27,spóźnienie,1
1TM5,2022-10-27,nieobecność,1
1TM5,2022-11-03,spóźnienie,1
1TM5,2022-11-03,nieobecność,1
1TM5,2022-11-04,nieobecność,1
1TM5,2022-11-07,spóźnienie,1
1TM5,2022-11-18,nieob. uspraw.,26
1TM5,2022-11-24,spóźnienie,1
1TM5,2022-12-01,nieob. uspraw.,13
1TM5,2022-12-02,nieobecność,9
1TM5,2022-12-07,nieob. uspraw.,15
1TM5,2022-12-13,nieobecność,3
1TM5,2022-12-14,nieobecność,1
1TM5,2022-12-15,nieobecność,4
1TM5,2022-12-16,nieobecność,10
1TM5,2022-12-19,nieob. uspraw.,21
1TM5,2023-01-03,nieobecność,1
1TM5,2023-01-11,nieob. uspraw.,21
1TM5,2023-01-17,nieobecność,11
1TM5,2023-01-20,nieob. uspraw.,46
1TM5,2023-01-24,spóźnienie,1
1TM5,2023-02-01,spóźnienie,1
1TM5,2023-02-09,nieobecność,21
1TM5,2023-03-01,nieobecność,11
1TM5,2023-03-07,nieob. uspraw.,9
1TM5,2023-03-08,nieobecność,3
1TM5,2023-03-09,nieobecność,1
1TM5,2023-03-10,nieobecność,8
1TM5,2023-03-15,nieobecność,3
1TM5,2023-03-23,spóźn. uspr.,1
1TM5,2023-03-27,nieobecność,12
1TM5,2023-03-30,nieobecność,6
1TM5,2023-04-04,nieob. uspraw.,8
1TM5,2023-04-13,nieobecność,2
1TM5,2023-04-19,nieobecność,1
1TM5,2023-04-28,nieobecność,21
1TM5,2023-05-09,nieobecność,5
1TM5,2023-05-10,nieobecność,4
1TM5,2023-05-11,nieobecność,3
1TM5,2023-05-12,nieobecność,1
1TM5,2023-05-15,zwolniony,1
1TM5,2023-05-18,nieobecność,2
1TM5,2023-05-24,nieobecność,3
1TM5,2023-05-25,nieobecność,11
1TM5,2023-05-30,nieobecność,1
1TM5,2023-06-01,nieobecność,22
1TM5,2023-06-06,nieob. uspraw.,16
1TM5,2023-06-12,spóźnienie,1
1TM5,2023-06-13,nieob. uspraw.,35
1TM5,2023-06-14,nieob. uspraw.,46
1TM5,2023-06-20,nieob. uspraw.,33
1TM5,2023-06-21,nieob. uspraw.,27
1TM5,2022-09-19,nieob. uspraw.,21
1TM5,2022-09-28,nieobecność,2
1TM5,2022-10-05,nieob. uspraw.,10
1TM5,2022-10-12,nieob. uspraw.,9
1TM5,2022-10-17,nieob. uspraw.,21
1TM5,2022-10-19,nieob. uspraw.,5
1TM5,2022-10-20,nieob. uspraw.,8
1TM5,2022-10-26,nieob. uspraw.,15
1TM5,2022-11-02,nieob. uspraw.,8
1TM5,2022-11-08,nieob. uspraw.,22
1TM5,2022-11-23,nieob. uspraw.,20
1TM5,2022-11-29,nieob. uspraw.,18
1TM5,2022-12-08,nieob. uspraw.,18
1TM5,2022-12-13,nieob. uspraw.,8
1TM5,2022-12-14,nieob. uspraw.,10
1TM5,2022-12-15,nieob. uspraw.,2
1TM5,2022-12-16,nieob. uspraw.,16
1TM5,2022-12-21,nieob. uspraw.,23
1TM5,2023-01-04,nieob. uspraw.,25
1TM5,2023-01-17,nieob. uspraw.,1
1TM5,2023-01-19,nieob. uspraw.,32
1TM5,2023-02-02,nieob. uspraw.,73
1TM5,2023-02-28,nieob. uspraw.,1
1TM5,2023-03-01,nieob. uspraw.,1
1TM5,2023-03-03,nieob. uspraw.,6
1TM5,2023-03-08,nieob. uspraw.,16
1TM5,2023-03-09,nieob. uspraw.,32
1TM5,2023-03-16,spóźn. uspr.,1
1TM5,2023-03-16,nieob. uspraw.,15
1TM5,2023-03-23,nieob. uspraw.,19
1TM5,2023-03-28,nieob. uspraw.,28
1TM5,2023-03-29,nieob. uspraw.,34
1TM5,2023-03-30,nieob. uspraw.,19
1TM5,2023-04-03,nieob. uspraw.,7
1TM5,2023-04-05,nieob. uspraw.,24
1TM5,2023-04-18,nieob. uspraw.,1
1TM5,2023-04-20,nieob. uspraw.,18
1TM5,2023-04-21,nieob. uspraw.,14
1TM5,2023-04-25,spóźn. uspr.,1
1TM5,2023-04-25,nieob. uspr. p.s.,3
1TM5,2023-04-26,nieob. uspraw.,15
1TM5,2023-04-27,nieob. uspraw.,39
1TM5,2023-05-09,spóźn. uspr.,4
1TM5,2023-05-10,spóźn. uspr.,1
1TM5,2023-05-11,nieob. uspraw.,17
1TM5,2023-05-15,nieob. uspraw.,8
1TM5,2023-05-16,nieob. uspraw.,10
1TM5,2023-05-17,nieob. uspraw.,10
1TM5,2023-05-18,nieob. uspraw.,20
1TM5,2023-05-19,nieob. uspraw.,17
1TM5,2023-05-30,nieob. uspraw.,14
1TM5,2023-06-07,spóźnienie,4
1TM5,2023-06-22,obecność,4
1TM5,2022-12-21,spóźn. uspr.,1
1TM5,2023-02-07,nieob. uspraw.,33
1TM5,2023-02-08,nieob. uspraw.,24
1TM5,2023-02-09,nieob. uspraw.,37
1TM5,2023-02-10,nieob. uspraw.,42
1TM5,2023-03-10,obecność,42
1TM5,2023-03-21,obecność,8
1TM5,2023-03-22,nieob. uspraw.,21
1TM5,2023-04-14,obecność,4
1TM5,2023-06-07,nieob. uspraw.,6
1TM5,2023-06-15,obecność,18
1TM5,2023-06-16,obecność,12
1TM5,2023-06-19,obecność,14
1TM5,2022-09-16,nieob. uspraw.,42
1TM5,2022-09-21,nieobecność,5
1TM5,2022-09-29,nieob. uspraw.,22
1TM5,2022-10-27,nieob. uspraw.,25
1TM5,2022-11-22,nieobecność,3
1TM5,2022-11-22,nieob. uspraw.,18
1TM5,2022-11-24,nieob. uspraw.,24
1TM5,2023-01-02,nieobecność,14
1TM5,2023-01-03,nieob. uspraw.,5
1TM5,2023-01-10,nieob. uspraw.,3
1TM5,2023-01-13,nieob. uspraw.,35
1TM5,2023-01-27,nieob. uspraw.,6
1TM5,2023-02-02,spóźnienie,3
1TM5,2023-02-03,obecność,50
1TM5,2023-03-14,nieobecność,2
1TM5,2023-03-24,nieob. uspraw.,24
1TM5,2023-04-18,spóźn. uspr.,2
1TM5,2023-05-09,nieob. uspraw.,7
1TM5,2023-05-10,nieob. uspraw.,17
1TM5,2023-05-12,nieob. uspraw.,13
1TM5,2023-06-06,nieobecność,11
1TM5,2022-10-03,nieob. uspraw.,13
1TM5,2022-11-03,nieob. uspraw.,9
1TM5,2022-11-09,nieob. uspraw.,7
1TM5,2022-12-09,nieob. uspraw.,12
1TM5,2023-02-06,nieobecność,14
1TM5,2023-03-10,nieob. uspr. p.s.,4
1TM5,2023-03-17,nieobecność,6
1TM5,2023-06-14,obecność,17
1TM5,2023-06-15,nieob. uspraw.,33
1TM5,2023-06-16,nieob. uspraw.,24
1TM5,2023-06-23,nieobecność,12
1TM5,2022-09-20,nieob. uspraw.,16
1TM5,2023-06-21,obecność,15
1TM5,2022-11-14,nieob. uspraw.,14
1TM5,2022-12-02,nieob. uspraw.,25
1TM5,2023-03-29,nieobecność,2
1TM5,2023-04-26,spóźn. uspr.,2
1TM5,2023-05-29,nieob. uspraw.,21
1TM5,2022-09-06,nieobecność,1
1TM5,2022-09-20,nieob. uspr. p.s.,4
1TM5,2022-10-10,nieob. uspraw.,21
1TM5,2022-11-08,nieobecność,2
1TM5,2022-11-29,spóźnienie,2
1TM5,2023-01-10,nieobecność,2
1TM5,2023-01-13,nieobecność,5
1TM5,2022-10-24,nieob. uspraw.,7
1TM5,2022-10-25,nieob. uspraw.,7
1TM5,2023-01-02,nieob. uspraw.,21
1TM5,2023-01-12,nieob. uspraw.,12
1TM5,2023-01-16,nieobecność,7
1TM5,2023-01-24,nieob. uspraw.,7
1TM5,2023-04-03,nieobecność,14
1TM5,2023-04-05,nieobecność,14
1TM5,2023-04-14,nieobecność,12
1TM5,2023-05-29,nieobecność,7
1TM5,2023-02-10,nieobecność,18
1TM5,2022-09-15,nieobecność,2
1TM5,2022-10-03,nieobecność,14
1TM5,2022-10-04,nieob. uspraw.,8
1TM5,2022-10-25,nieob. uspr. p.s.,12
1TM5,2022-11-16,nieob. uspraw.,7
1TM5,2022-12-08,nieob. uspr. p.s.,3
1TM5,2023-01-19,nieobecność,8
1TM5,2023-01-31,nieobecność,8
1TM5,2023-03-23,nieobecność,1
1TM5,2023-04-24,nieob. uspraw.,28
1TM5,2023-04-27,nieobecność,2
1TM5,2023-05-16,nieobecność,2
1TM5,2022-11-04,nieob. uspraw.,14
1TM5,2022-11-24,nieob. uspr. p.s.,1
1TM5,2022-11-30,nieob. uspraw.,9
1TM5,2022-12-06,nieob. uspraw.,1
1TM5,2023-01-17,spóźnienie,5
1TM5,2023-01-20,nieobecność,5
1TM5,2023-01-20,nieob. uspr. p.s.,2
1TM5,2023-03-17,nieob. uspr. p.s.,5
1TM5,2023-04-13,nieob. uspraw.,26
1TM5,2023-05-31,nieobecność,2
1TM5,2023-06-02,nieobecność,18
1TM5,2022-09-19,nieobecność,21
1TM5,2022-09-30,nieob. uspraw.,8
1TM5,2022-11-07,nieob. uspraw.,7
1TM5,2023-03-06,nieob. uspraw.,28
1TM5,2023-05-12,zwolniony,1
1TM5,2022-09-27,nieob. uspraw.,16
1TM5,2023-01-26,nieob. uspr. p.s.,1
1TM5,2023-02-06,nieob. uspraw.,14
1TM5,2023-03-14,nieob. uspr. p.s.,3
1TM5,2023-03-30,nieob. uspr. p.s.,8
1TM5,2023-03-31,nieob. uspr. p.s.,3
1TM5,2023-04-12,nieob. uspraw.,21
1TM5,2023-05-17,nieob. uspr. p.s.,1
1TM5,2023-05-19,nieob. uspr. p.s.,3
1TM5,2023-04-24,nieobecność,7
1TM5,2023-04-26,nieobecność,1
1TM5,2022-09-13,zwolniony,1
1TM5,2022-09-22,nieob. uspraw.,8
1TM5,2022-10-11,nieobecność,4
1TM5,2022-11-21,nieob. uspraw.,7
1TM5,2023-02-07,nieob. uspr. p.s.,2
1TM5,2023-03-02,nieob. uspraw.,4
1TM5,2022-11-15,nieob. uspraw.,21
1TM5,2023-01-18,nieob. uspraw.,7
1TM5,2023-03-15,nieob. uspraw.,8
1TM5,2022-10-06,nieob. uspraw.,4
1TM5,2022-11-21,nieobecność,7
1TM5,2022-12-06,nieobecność,3
1TM5,2023-01-27,nieobecność,6
1TM5,2023-03-02,nieobecność,5
1TM5,2023-03-16,nieobecność,1
1TM5,2023-04-04,nieobecność,10
1TM5,2023-05-23,nieobecność,1
1TM5,2022-12-21,nieobecność,7
1TM5,2023-03-20,nieobecność,7
1TM5,2023-03-28,nieobecność,7
1TM5,2023-04-17,nieobecność,7
1TM5,2023-04-18,nieobecność,7
1TM5,2023-02-07,nieobecność,8
1TM5,2023-02-08,nieobecność,8
1TM5,2023-03-03,nieobecność,6
1TM5,2023-04-17,nieob. uspraw.,14
1TR5,2023-01-02,nieobecność,1
1TR5,2023-01-03,obecność,104
1TR5,2023-01-04,obecność,139
1TR5,2023-01-05,obecność,140
1TR5,2023-01-09,nieob. uspraw.,5
1TR5,2023-01-09,obecność,152
1TR5,2023-01-10,obecność,118
1TR5,2023-01-11,obecność,157
1TR5,2023-01-12,obecność,124
1TR5,2023-01-13,obecność,107
1TR5,2023-01-16,obecność,151
1TR5,2023-01-17,obecność,151
1TR5,2023-01-18,obecność,138
1TR5,2023-01-19,obecność,136
1TR5,2023-01-19,spóźnienie,1
1TR5,2023-01-20,obecność,113
1TR5,2023-01-23,obecność,115
1TR5,2023-01-24,obecność,110
1TR5,2023-01-25,obecność,138
1TR5,2023-01-26,obecność,117
1TR5,2023-01-27,obecność,143
1TR5,2023-01-30,obecność,113
1TR5,2023-01-31,obecność,89
1TR5,2023-02-01,obecność,106
1TR5,2023-02-02,obecność,97
1TR5,2023-02-03,obecność,111
1TR5,2023-02-06,nieobecność,20
1TR5,2023-02-07,obecność,140
1TR5,2023-02-08,obecność,122
1TR5,2023-02-09,obecność,119
1TR5,2023-02-10,obecność,106
1TR5,2023-02-27,obecność,128
1TR5,2023-02-28,obecność,94
1TR5,2023-02-28,nieob. uspraw.,9
1TR5,2023-03-01,obecność,142
1TR5,2023-03-02,obecność,124
1TR5,2023-03-03,obecność,125
1TR5,2023-03-06,nieob. uspraw.,25
1TR5,2023-03-07,nieob. uspraw.,16
1TR5,2023-03-08,nieob. uspraw.,18
1TR5,2023-03-09,obecność,106
1TR5,2023-03-09,nieob. uspraw.,18
1TR5,2023-03-10,nieob. uspraw.,14
1TR5,2023-03-13,obecność,95
1TR5,2023-03-14,obecność,79
1TR5,2023-03-15,obecność,127
1TR5,2023-03-16,obecność,67
1TR5,2023-03-20,obecność,99
1TR5,2023-03-21,nieob. uspraw.,58
1TR5,2023-03-22,obecność,88
1TR5,2023-03-22,nieob. uspraw.,58
1TR5,2023-03-23,obecność,88
1TR5,2023-03-23,nieob. uspraw.,43
1TR5,2023-03-24,obecność,67
1TR5,2023-03-24,nieob. uspraw.,66
1TR5,2023-03-27,nieob. uspraw.,25
1TR5,2023-03-28,nieob. uspraw.,30
1TR5,2023-03-29,obecność,106
1TR5,2023-03-30,obecność,94
1TR5,2023-03-31,obecność,117
1TR5,2023-04-03,obecność,126
1TR5,2023-04-04,obecność,94
1TR5,2023-04-04,nieob. uspraw.,6
1TR5,2023-04-05,obecność,78
1TR5,2023-04-05,nieob. uspraw.,42
1TR5,2023-04-12,obecność,120
1TR5,2023-04-13,obecność,102
1TR5,2023-04-14,nieob. uspraw.,66
1TR5,2023-04-17,obecność,126
1TR5,2023-04-18,obecność,101
1TR5,2023-04-19,obecność,93
1TR5,2023-04-19,nieob. uspr. p.s.,1
1TR5,2023-04-20,obecność,130
1TR5,2023-04-20,nieob. uspraw.,10
1TR5,2023-04-21,obecność,55
1TR5,2023-04-24,obecność,139
1TR5,2023-04-25,obecność,90
1TR5,2023-04-25,nieob. uspraw.,11
1TR5,2023-04-26,obecność,123
1TR5,2023-04-27,obecność,97
1TR5,2023-04-28,nieob. uspraw.,28
1TR5,2023-05-09,obecność,87
1TR5,2023-05-10,obecność,103
1TR5,2023-05-10,nieob. uspraw.,22
1TR5,2023-05-11,obecność,59
1TR5,2023-05-11,nieob. uspraw.,16
1TR5,2023-05-12,obecność,110
1TR5,2023-05-15,obecność,133
1TR5,2023-05-16,obecność,71
1TR5,2023-05-17,obecność,106
1TR5,2023-05-18,obecność,137
1TR5,2023-05-19,obecność,119
1TR5,2023-05-19,nieob. uspraw.,23
1TR5,2023-05-22,obecność,108
1TR5,2023-05-23,obecność,131
1TR5,2023-05-24,obecność,125
1TR5,2023-05-25,obecność,130
1TR5,2023-05-25,nieob. uspr. p.s.,13
1TR5,2023-05-25,nieob. uspraw.,1
1TR5,2023-05-29,nieob. uspraw.,31
1TR5,2023-05-30,nieob. uspraw.,10
1TR5,2023-05-31,nieob. uspraw.,21
1TR5,2023-06-01,nieob. uspraw.,20
1TR5,2023-06-02,nieob. uspraw.,33
1TR5,2023-06-05,nieob. uspraw.,47
1TR5,2023-06-06,obecność,92
1TR5,2023-06-07,obecność,101
1TR5,2023-06-07,nieob. uspraw.,24
1TR5,2023-06-12,nieob. uspraw.,38
1TR5,2023-06-13,nieob. uspraw.,18
1TR5,2023-06-14,nieob. uspraw.,48
1TR5,2023-06-15,nieob. uspraw.,67
1TR5,2023-06-16,nieob. uspraw.,64
1TR5,2023-06-19,nieobecność,107
1TR5,2023-06-20,nieobecność,92
1TR5,2023-06-21,nieobecność,90
1TR5,2023-06-22,nieobecność,32
1TR5,2023-06-23,obecność,136
1TR5,2022-09-01,obecność,152
1TR5,2022-09-02,obecność,133
1TR5,2022-09-05,obecność,143
1TR5,2022-09-06,obecność,97
1TR5,2022-09-07,obecność,130
1TR5,2022-09-08,obecność,142
1TR5,2022-09-09,obecność,151
1TR5,2022-09-12,obecność,140
1TR5,2022-09-13,obecność,71
1TR5,2022-09-14,obecność,115
1TR5,2022-09-14,spóźnienie,4
1TR5,2022-09-15,obecność,88
1TR5,2022-09-16,obecność,65
1TR5,2022-09-19,obecność,124
1TR5,2022-09-20,obecność,109
1TR5,2022-09-21,obecność,136
1TR5,2022-09-22,obecność,130
1TR5,2022-09-23,nieob. uspr. p.s.,60
1TR5,2022-09-26,obecność,122
1TR5,2022-09-26,spóźnienie,8
1TR5,2022-09-26,nieobecność,20
1TR5,2022-09-27,obecność,112
1TR5,2022-09-28,obecność,140
1TR5,2022-09-29,obecność,120
1TR5,2022-09-30,obecność,98
1TR5,2022-10-03,nieob. uspraw.,46
1TR5,2022-10-04,obecność,88
1TR5,2022-10-05,obecność,147
1TR5,2022-10-06,obecność,147
1TR5,2022-10-07,nieob. uspraw.,21
1TR5,2022-10-10,obecność,127
1TR5,2022-10-11,obecność,144
1TR5,2022-10-12,obecność,128
1TR5,2022-10-13,obecność,46
1TR5,2022-10-13,nieob. uspr. p.s.,11
1TR5,2022-10-13,nieobecność,47
1TR5,2022-10-13,nieob. uspraw.,36
1TR5,2022-10-17,obecność,121
1TR5,2022-10-18,obecność,94
1TR5,2022-10-19,obecność,130
1TR5,2022-10-19,spóźnienie,5
1TR5,2022-10-20,obecność,112
1TR5,2022-10-20,spóźnienie,6
1TR5,2022-10-21,obecność,96
1TR5,2022-10-24,obecność,135
1TR5,2022-10-24,spóźnienie,6
1TR5,2022-10-25,obecność,100
1TR5,2022-10-26,obecność,129
1TR5,2022-10-27,obecność,141
1TR5,2022-10-27,spóźnienie,5
1TR5,2022-10-28,obecność,133
1TR5,2022-11-02,obecność,134
1TR5,2022-11-03,obecność,149
1TR5,2022-11-04,obecność,82
1TR5,2022-11-07,obecność,150
1TR5,2022-11-08,obecność,104
1TR5,2022-11-09,obecność,133
1TR5,2022-11-10,obecność,108
1TR5,2022-11-10,nieobecność,38
1TR5,2022-11-10,spóźnienie,4
1TR5,2022-11-14,obecność,140
1TR5,2022-11-15,obecność,94
1TR5,2022-11-16,obecność,132
1TR5,2022-11-17,obecność,116
1TR5,2022-11-18,obecność,104
1TR5,2022-11-21,obecność,126
1TR5,2022-11-22,obecność,102
1TR5,2022-11-23,obecność,117
1TR5,2022-11-24,obecność,116
1TR5,2022-11-25,obecność,96
1TR5,2022-11-28,obecność,142
1TR5,2022-11-29,obecność,103
1TR5,2022-11-30,obecność,127
1TR5,2022-12-01,obecność,126
1TR5,2022-12-02,obecność,124
1TR5,2022-12-05,obecność,128
1TR5,2022-12-06,obecność,103
1TR5,2022-12-07,obecność,132
1TR5,2022-12-07,spóźnienie,2
1TR5,2022-12-08,obecność,130
1TR5,2022-12-09,obecność,105
1TR5,2022-12-12,obecność,151
1TR5,2022-12-13,obecność,98
1TR5,2022-12-14,obecność,125
1TR5,2022-12-15,obecność,125
1TR5,2022-12-16,obecność,125
1TR5,2022-12-19,obecność,139
1TR5,2022-12-20,obecność,53
1TR5,2022-12-21,obecność,154
1TR5,2022-12-22,obecność,159
1TR5,2023-01-02,obecność,128
1TR5,2023-01-18,nieobecność,14
1TR5,2023-02-01,nieobecność,19
1TR5,2023-02-06,obecność,98
1TR5,2022-09-08,nieobecność,8
1TR5,2022-09-16,nieobecność,7
1TR5,2022-09-19,nieobecność,18
1TR5,2022-09-22,nieobecność,4
1TR5,2022-09-23,nieobecność,5
1TR5,2022-09-28,nieobecność,6
1TR5,2022-09-29,nieobecność,8
1TR5,2022-09-30,nieobecność,16
1TR5,2022-10-03,obecność,105
1TR5,2022-10-05,nieobecność,4
1TR5,2022-10-06,nieobecność,3
1TR5,2022-10-07,nieobecność,7
1TR5,2022-10-10,nieobecność,14
1TR5,2022-10-19,nieobecność,8
1TR5,2022-10-21,nieobecność,6
1TR5,2022-10-24,nieobecność,3
1TR5,2022-10-25,spóźnienie,2
1TR5,2022-10-26,nieobecność,22
1TR5,2022-10-27,nieobecność,8
1TR5,2022-10-28,nieobecność,7
1TR5,2022-11-02,nieobecność,16
1TR5,2022-11-03,nieobecność,7
1TR5,2022-11-04,nieobecność,18
1TR5,2022-11-14,nieobecność,2
1TR5,2022-11-15,spóźnienie,2
1TR5,2022-11-16,nieob. uspraw.,25
1TR5,2022-11-18,nieobecność,1
1TR5,2022-11-21,nieobecność,14
1TR5,2022-11-23,nieobecność,8
1TR5,2022-11-25,nieobecność,7
1TR5,2022-11-28,nieobecność,8
1TR5,2022-11-29,spóźnienie,1
1TR5,2022-11-30,spóźnienie,1
1TR5,2022-12-01,nieobecność,25
1TR5,2022-12-02,nieobecność,15
1TR5,2022-12-05,nieobecność,1
1TR5,2022-12-06,spóźnienie,1
1TR5,2022-12-07,nieobecność,10
1TR5,2022-12-08,nieobecność,20
1TR5,2022-12-09,nieobecność,7
1TR5,2022-12-12,nieobecność,1
1TR5,2022-12-13,spóźnienie,1
1TR5,2022-12-14,nieobecność,24
1TR5,2022-12-15,nieobecność,8
1TR5,2022-12-16,nieobecność,8
1TR5,2022-12-19,nieobecność,3
1TR5,2022-12-21,spóźnienie,1
1TR5,2022-12-21,nieobecność,4
1TR5,2023-01-02,spóźnienie,1
1TR5,2023-01-04,spóźnienie,1
1TR5,2023-01-04,nieobecność,4
1TR5,2023-01-05,nieobecność,9
1TR5,2023-01-09,nieobecność,3
1TR5,2023-01-10,nieobecność,1
1TR5,2023-01-11,nieobecność,2
1TR5,2023-01-12,spóźnienie,1
1TR5,2023-01-16,nieobecność,8
1TR5,2023-01-17,nieobecność,9
1TR5,2023-01-20,nieobecność,9
1TR5,2023-01-25,nieobecność,5
1TR5,2023-01-30,spóźnienie,5
1TR5,2023-01-31,nieobecność,11
1TR5,2023-02-02,nieobecność,8
1TR5,2023-02-07,nieobecność,4
1TR5,2023-02-08,nieobecność,28
1TR5,2023-02-10,nieobecność,8
1TR5,2023-02-27,nieobecność,8
1TR5,2023-03-01,nieobecność,1
1TR5,2023-03-06,nieobecność,8
1TR5,2023-03-07,spóźnienie,3
1TR5,2023-03-07,obecność,79
1TR5,2023-03-07,nieobecność,6
1TR5,2023-03-08,obecność,127
1TR5,2023-03-10,obecność,130
1TR5,2023-03-13,nieobecność,16
1TR5,2023-03-14,nieobecność,12
1TR5,2023-03-15,nieobecność,11
1TR5,2023-03-20,nieobecność,4
1TR5,2023-03-21,nieobecność,26
1TR5,2023-03-22,spóźnienie,1
1TR5,2023-03-22,nieobecność,4
1TR5,2023-03-23,nieobecność,1
1TR5,2023-03-24,nieobecność,19
1TR5,2023-03-27,nieobecność,10
1TR5,2023-03-28,obecność,72
1TR5,2023-03-29,nieobecność,16
1TR5,2023-03-30,spóźnienie,2
1TR5,2023-03-31,nieobecność,3
1TR5,2023-04-03,nieobecność,9
1TR5,2023-04-05,nieobecność,30
1TR5,2023-04-12,nieobecność,9
1TR5,2023-04-14,nieobecność,12
1TR5,2023-04-17,nieobecność,18
1TR5,2023-04-18,spóźnienie,1
1TR5,2023-04-19,nieobecność,1
1TR5,2023-04-20,nieobecność,8
1TR5,2023-04-21,nieobecność,10
1TR5,2023-04-24,nieobecność,1
1TR5,2023-04-26,nieobecność,12
1TR5,2023-04-27,nieobecność,28
1TR5,2023-04-28,obecność,22
1TR5,2023-05-09,spóźnienie,1
1TR5,2023-05-11,nieobecność,15
1TR5,2023-05-12,nieobecność,8
1TR5,2023-05-16,nieob. uspraw.,49
1TR5,2023-05-18,nieobecność,4
1TR5,2023-05-19,nieobecność,10
1TR5,2023-05-22,nieobecność,18
1TR5,2023-05-23,nieobecność,19
1TR5,2023-05-25,nieobecność,1
1TR5,2023-05-29,obecność,110
1TR5,2023-05-29,nieobecność,2
1TR5,2023-05-30,obecność,86
1TR5,2023-05-31,nieobecność,22
1TR5,2023-06-01,nieobecność,11
1TR5,2023-06-01,obecność,99
1TR5,2023-06-02,nieobecność,11
1TR5,2023-06-02,obecność,108
1TR5,2023-06-05,nieobecność,27
1TR5,2023-06-06,nieobecność,8
1TR5,2023-06-07,nieobecność,6
1TR5,2023-06-12,nieobecność,37
1TR5,2023-06-12,obecność,69
1TR5,2023-06-13,nieobecność,32
1TR5,2023-06-14,nieobecność,61
1TR5,2023-06-15,nieobecność,69
1TR5,2023-06-16,nieobecność,86
1TR5,2023-06-23,nieobecność,16
1TR5,2022-09-23,obecność,15
1TR5,2022-10-06,spóźn. uspr.,1
1TR5,2022-10-07,obecność,112
1TR5,2022-12-20,spóźn. uspr.,1
1TR5,2023-03-06,obecność,105
1TR5,2023-03-14,spóźn. uspr.,2
1TR5,2023-03-21,obecność,20
1TR5,2023-03-27,obecność,90
1TR5,2023-04-14,obecność,36
1TR5,2023-05-31,obecność,88
1TR5,2023-06-05,obecność,21
1TR5,2023-06-13,obecność,52
1TR5,2023-06-21,obecność,1
1TR5,2023-06-22,nieob. uspr. p.s.,112
1TR5,2022-09-12,nieob. uspr. p.s.,1
1TR5,2022-09-14,nieob. uspr. p.s.,1
1TR5,2022-09-16,nieob. uspr. p.s.,7
1TR5,2022-10-04,nieob. uspraw.,24
1TR5,2022-10-05,nieob. uspraw.,9
1TR5,2022-10-06,nieob. uspraw.,8
1TR5,2022-10-24,nieob. uspraw.,8
1TR5,2022-11-07,spóźnienie,2
1TR5,2022-11-14,spóźnienie,2
1TR5,2022-11-17,nieob. uspraw.,40
1TR5,2022-11-18,nieob. uspraw.,35
1TR5,2022-11-24,nieob. uspr. p.s.,2
1TR5,2022-11-25,nieob. uspr. p.s.,2
1TR5,2022-11-28,spóźnienie,1
1TR5,2022-12-01,spóźnienie,1
1TR5,2022-12-02,spóźnienie,1
1TR5,2022-12-05,nieob. uspraw.,23
1TR5,2022-12-08,nieob. uspr. p.s.,3
1TR5,2022-12-09,nieob. uspraw.,28
1TR5,2022-12-13,nieobecność,5
1TR5,2023-01-05,spóźnienie,3
1TR5,2023-01-10,spóźnienie,1
1TR5,2023-01-12,nieob. uspr. p.s.,1
1TR5,2023-01-13,nieob. uspraw.,19
1TR5,2023-01-16,spóźnienie,1
1TR5,2023-01-20,spóźnienie,2
1TR5,2023-01-20,nieob. uspr. p.s.,2
1TR5,2023-01-23,spóźnienie,1
1TR5,2023-01-25,spóźnienie,1
1TR5,2023-01-26,nieob. uspraw.,27
1TR5,2023-01-27,nieob. uspraw.,24
1TR5,2023-01-30,nieobecność,2
1TR5,2023-02-06,nieob. uspraw.,14
1TR5,2023-02-07,nieob. uspraw.,8
1TR5,2023-02-08,spóźnienie,1
1TR5,2023-03-01,nieob. uspr. p.s.,2
1TR5,2023-03-01,nieob. uspraw.,6
1TR5,2023-03-03,nieobecność,1
1TR5,2023-03-08,nieobecność,4
1TR5,2023-03-08,spóźnienie,2
1TR5,2023-03-09,spóźnienie,1
1TR5,2023-03-13,spóźnienie,2
1TR5,2023-03-16,spóźnienie,2
1TR5,2023-03-20,spóźnienie,3
1TR5,2023-03-28,nieobecność,2
1TR5,2023-03-29,nieob. uspraw.,27
1TR5,2023-03-30,nieobecność,1
1TR5,2023-04-03,spóźnienie,2
1TR5,2023-04-04,nieobecność,4
1TR5,2023-04-05,spóźnienie,1
1TR5,2023-04-12,spóźnienie,3
1TR5,2023-04-13,nieobecność,1
1TR5,2023-04-19,spóźnienie,7
1TR5,2023-04-21,nieob. uspraw.,30
1TR5,2023-04-24,spóźnienie,4
1TR5,2023-04-26,spóźnienie,1
1TR5,2023-04-27,nieob. uspr. p.s.,7
1TR5,2023-05-09,nieobecność,6
1TR5,2023-05-10,spóźnienie,6
1TR5,2023-05-11,spóźnienie,3
1TR5,2023-05-15,spóźnienie,1
1TR5,2023-05-16,spóźnienie,1
1TR5,2023-05-25,spóźnienie,6
1TR5,2023-05-29,nieob. uspr. p.s.,1
1TR5,2023-05-31,spóźnienie,1
1TR5,2023-06-01,spóźnienie,2
1TR5,2023-06-07,spóźnienie,1
1TR5,2023-06-13,spóźnienie,1
1TR5,2023-06-14,spóźnienie,1
1TR5,2023-06-14,obecność,22
1TR5,2023-06-15,obecność,15
1TR5,2023-06-16,obecność,2
1TR5,2022-09-15,nieob. uspraw.,64
1TR5,2022-09-16,nieob. uspraw.,54
1TR5,2022-11-04,spóźnienie,3
1TR5,2022-11-09,nieobecność,11
1TR5,2022-11-10,nieob. uspraw.,10
1TR5,2022-11-15,nieob. uspraw.,16
1TR5,2022-12-20,nieob. uspraw.,48
1TR5,2023-01-31,nieob. uspraw.,20
1TR5,2023-02-01,nieob. uspraw.,42
1TR5,2023-02-02,nieob. uspraw.,35
1TR5,2023-02-03,nieob. uspraw.,40
1TR5,2023-04-13,spóźnienie,4
1TR5,2023-04-28,nieobecność,26
1TR5,2022-11-02,nieob. uspraw.,9
1TR5,2022-11-03,spóźnienie,2
1TR5,2022-12-06,nieob. uspraw.,8
1TR5,2022-12-13,nieob. uspraw.,8
1TR5,2023-01-23,nieobecność,22
1TR5,2023-01-26,spóźnienie,1
1TR5,2023-01-30,nieob. uspraw.,37
1TR5,2023-02-28,nieobecność,1
1TR5,2023-03-06,spóźnienie,4
1TR5,2023-03-14,spóźnienie,3
1TR5,2023-03-14,nieob. uspraw.,8
1TR5,2023-03-15,nieob. uspraw.,12
1TR5,2023-03-20,nieob. uspraw.,38
1TR5,2023-03-30,nieob. uspraw.,35
1TR5,2023-04-20,spóźnienie,2
1TR5,2023-04-27,spóźnienie,2
1TR5,2023-05-10,nieobecność,1
1TR5,2023-05-12,nieob. uspraw.,34
1TR5,2023-05-15,nieobecność,1
1TR5,2023-05-16,nieobecność,12
1TR5,2022-09-06,nieobecność,1
1TR5,2022-09-07,nieobecność,2
1TR5,2022-09-08,spóźnienie,2
1TR5,2022-11-28,spóźn. uspr.,1
1TR5,2023-01-20,nieob. uspraw.,21
1TR5,2023-01-24,nieobecność,20
1TR5,2023-01-27,nieobecność,1
1TR5,2023-02-03,spóźn. uspr.,1
1TR5,2023-03-02,nieob. uspraw.,8
1TR5,2023-05-17,nieobecność,7
1TR5,2023-05-18,spóźnienie,1
1TR5,2022-09-07,nieob. uspraw.,1
1TR5,2022-09-09,zwolniony,1
1TR5,2022-09-14,nieob. uspraw.,32
1TR5,2022-09-21,nieob. uspraw.,24
1TR5,2022-09-22,nieob. uspraw.,26
1TR5,2022-09-23,nieob. uspraw.,20
1TR5,2022-09-28,zwolniony,1
1TR5,2022-09-29,nieob. uspraw.,32
1TR5,2022-09-30,nieob. uspraw.,26
1TR5,2022-10-06,zwolniony,1
1TR5,2022-10-11,nieobecność,8
1TR5,2022-10-12,nieobecność,8
1TR5,2022-10-17,nieob. uspraw.,31
1TR5,2022-10-18,nieob. uspraw.,18
1TR5,2022-10-20,zwolniony,1
1TR5,2022-10-20,nieobecność,3
1TR5,2022-10-25,nieobecność,8
1TR5,2022-10-27,zwolniony,1
1TR5,2022-11-03,zwolniony,1
1TR5,2022-11-16,zwolniony,1
1TR5,2022-11-17,zwolniony,1
1TR5,2022-11-24,spóźnienie,1
1TR5,2022-12-20,nieobecność,10
1TR5,2023-01-04,nieob. uspraw.,23
1TR5,2023-01-05,nieob. uspraw.,15
1TR5,2023-01-12,nieob. uspraw.,14
1TR5,2023-01-18,nieob. uspraw.,15
1TR5,2023-02-09,nieobecność,13
1TR5,2023-03-03,nieob. uspraw.,26
1TR5,2023-03-16,nieob. uspraw.,24
1TR5,2023-03-31,nieob. uspraw.,32
1TR5,2023-04-03,nieob. uspraw.,7
1TR5,2023-04-12,nieob. uspraw.,19
1TR5,2023-04-19,nieob. uspraw.,11
1TR5,2023-04-26,nieob. uspraw.,15
1TR5,2023-04-27,nieob. uspraw.,17
1TR5,2023-05-15,nieob. uspraw.,8
1TR5,2023-05-22,nieob. uspraw.,18
1TR5,2022-09-13,nieob. uspraw.,8
1TR5,2022-10-25,nieob. uspraw.,2
1TR5,2022-10-26,nieob. uspraw.,9
1TR5,2022-11-04,nieob. uspraw.,17
1TR5,2022-11-09,nieob. uspraw.,16
1TR5,2022-11-30,nieob. uspraw.,32
1TR5,2022-12-14,nieob. uspraw.,10
1TR5,2022-12-15,nieob. uspraw.,6
1TR5,2022-12-16,nieob. uspraw.,7
1TR5,2022-12-19,nieob. uspraw.,10
1TR5,2023-01-02,nieob. uspraw.,23
1TR5,2023-01-03,nieob. uspraw.,8
1TR5,2023-01-11,nieob. uspraw.,9
1TR5,2023-01-24,nieob. uspraw.,16
1TR5,2023-01-30,spóźn. uspr.,3
1TR5,2023-02-10,nieob. uspraw.,19
1TR5,2023-03-13,nieob. uspraw.,31
1TR5,2023-04-25,nieobecność,3
1TR5,2023-06-06,nieob. uspraw.,20
1TR5,2023-06-19,nieob. uspraw.,36
1TR5,2023-06-20,nieob. uspraw.,12
1TR5,2023-06-21,nieob. uspraw.,41
1TR5,2023-06-22,nieob. uspraw.,8
1TR5,2022-10-11,nieob. uspraw.,8
1TR5,2022-10-12,nieob. uspraw.,24
1TR5,2022-10-27,nieob. uspraw.,5
1TR5,2022-11-25,nieob. uspraw.,35
1TR5,2022-11-29,nieob. uspraw.,8
1TR5,2023-01-17,nieob. uspraw.,8
1TR5,2023-01-19,nieob. uspraw.,2
1TR5,2023-01-23,nieob. uspraw.,22
1TR5,2023-01-25,nieob. uspraw.,23
1TR5,2023-01-26,spóźn. uspr.,1
1TR5,2023-03-06,spóźn. uspr.,2
1TR5,2023-05-11,nieob. uspr. p.s.,1
1TR5,2023-05-23,nieob. uspraw.,2
1TR5,2023-05-24,nieob. uspraw.,7
1TR5,2022-11-14,nieob. uspraw.,16
1TR5,2022-11-21,nieob. uspraw.,12
1TR5,2022-12-01,nieob. uspraw.,8
1TR5,2022-12-07,nieob. uspraw.,16
1TR5,2023-05-30,nieobecność,8
1TR5,2022-11-22,nieob. uspraw.,4
1TR5,2022-09-28,nieob. uspr. p.s.,5
1TR5,2023-03-15,spóźnienie,1
1TR5,2023-04-18,nieob. uspraw.,2
1TR5,2023-05-09,nieob. uspraw.,10
1TR5,2022-09-12,nieob. uspraw.,2
1TR5,2022-09-26,nieob. uspraw.,1
1TR5,2022-09-26,spóźn. uspr.,1
1TR5,2022-10-03,spóźnienie,1
1TR5,2022-11-16,spóźnienie,1
1TR5,2022-11-23,nieob. uspraw.,35
1TR5,2022-11-24,nieob. uspraw.,21
1TR5,2023-01-24,spóźn. uspr.,1
1TR5,2023-04-20,nieob. uspr. p.s.,1
1TR5,2022-10-10,nieob. uspraw.,11
1TR5,2022-10-19,nieob. uspraw.,17
1TR5,2022-10-20,nieob. uspraw.,18
1TR5,2022-10-21,nieob. uspraw.,18
1TR5,2022-11-08,nieobecność,6
1TR5,2022-11-17,nieobecność,3
1TR5,2022-11-22,nieobecność,6
1TR5,2023-01-19,nieobecność,7
1TR5,2022-09-20,nieobecność,1
1TR5,2022-09-20,nieob. uspr. p.s.,2
1TR5,2022-11-16,nieob. uspr. p.s.,1
1TR5,2023-02-27,nieob. uspraw.,8
1TR5,2023-03-29,nieob. uspr. p.s.,2
1TR5,2023-06-13,nieob. uspr. p.s.,1
1TR5,2023-06-19,obecność,1
1TR5,2022-11-03,nieob. uspraw.,1
1TR5,2022-11-08,nieob. uspraw.,2
1TR5,2023-05-15,spóźn. uspr.,1
1TR5,2023-05-18,nieob. uspraw.,9
1TR5,2022-12-08,nieob. uspraw.,7
1TR5,2023-03-16,spóźn. uspr.,1
1TR5,2022-09-19,nieob. uspraw.,8
1TR5,2022-09-28,nieob. uspraw.,8
1TR5,2023-01-03,nieobecność,8
1TR5,2023-01-12,nieobecność,7
1TR5,2023-02-03,nieobecność,8
1TR5,2023-03-09,nieobecność,7
1TR5,2023-03-10,nieobecność,8
1TR5,2022-11-02,spóźnienie,1
1TR5,2023-04-13,nieob. uspraw.,6
1TW5,2022-09-01,obecność,184
1TW5,2022-09-02,obecność,138
1TW5,2022-09-05,obecność,113
1TW5,2022-09-06,obecność,189
1TW5,2022-09-07,obecność,191
1TW5,2022-09-08,obecność,182
1TW5,2022-09-09,obecność,192
1TW5,2022-09-12,obecność,142
1TW5,2022-09-13,obecność,192
1TW5,2022-09-14,obecność,161
1TW5,2022-09-14,nieob. uspraw.,30
1TW5,2022-09-15,obecność,182
1TW5,2022-09-16,obecność,161
1TW5,2022-09-19,obecność,123
1TW5,2022-09-20,obecność,133
1TW5,2022-09-20,spóźnienie,14
1TW5,2022-09-21,obecność,154
1TW5,2022-09-21,nieob. uspraw.,38
1TW5,2022-09-22,nieob. uspraw.,32
1TW5,2022-09-22,obecność,156
1TW5,2022-09-23,obecność,107
1TW5,2022-09-26,nieob. uspraw.,26
1TW5,2022-09-26,obecność,115
1TW5,2022-09-26,spóźnienie,1
1TW5,2022-09-27,obecność,180
1TW5,2022-09-28,obecność,192
1TW5,2022-09-29,obecność,173
1TW5,2022-09-30,obecność,164
1TW5,2022-09-30,nieob. uspraw.,4
1TW5,2022-10-03,obecność,176
1TW5,2022-10-04,obecność,191
1TW5,2022-10-05,obecność,174
1TW5,2022-10-06,obecność,141
1TW5,2022-10-07,obecność,122
1TW5,2022-10-10,obecność,145
1TW5,2022-10-10,nieob. uspraw.,16
1TW5,2022-10-11,nieob. uspraw.,33
1TW5,2022-10-11,obecność,159
1TW5,2022-10-12,obecność,167
1TW5,2022-10-13,obecność,128
1TW5,2022-10-17,obecność,171
1TW5,2022-10-17,nieob. uspraw.,21
1TW5,2022-10-18,obecność,184
1TW5,2022-10-19,obecność,158
1TW5,2022-10-20,obecność,82
1TW5,2022-10-21,obecność,131
1TW5,2022-10-24,obecność,181
1TW5,2022-10-25,obecność,191
1TW5,2022-10-26,obecność,143
1TW5,2022-10-27,nieob. uspraw.,10
1TW5,2022-10-27,obecność,156
1TW5,2022-10-28,obecność,123
1TW5,2022-11-02,obecność,183
1TW5,2022-11-03,obecność,155
1TW5,2022-11-04,obecność,119
1TW5,2022-11-07,obecność,180
1TW5,2022-11-07,spóźnienie,2
1TW5,2022-11-08,nieob. uspraw.,37
1TW5,2022-11-09,obecność,127
1TW5,2022-11-10,nieob. uspraw.,82
1TW5,2022-11-10,obecność,84
1TW5,2022-11-14,obecność,134
1TW5,2022-11-15,obecność,160
1TW5,2022-11-16,obecność,166
1TW5,2022-11-17,obecność,151
1TW5,2022-11-18,obecność,124
1TW5,2022-11-21,obecność,183
1TW5,2022-11-22,nieob. uspraw.,10
1TW5,2022-11-22,obecność,182
1TW5,2022-11-23,obecność,156
1TW5,2022-11-24,obecność,119
1TW5,2022-11-25,obecność,127
1TW5,2022-11-28,obecność,147
1TW5,2022-11-29,obecność,174
1TW5,2022-11-30,nieob. uspraw.,34
1TW5,2022-12-01,obecność,143
1TW5,2022-12-02,nieob. uspraw.,13
1TW5,2022-12-02,obecność,131
1TW5,2022-12-05,obecność,174
1TW5,2022-12-06,obecność,172
1TW5,2022-12-07,nieob. uspraw.,28
1TW5,2022-12-07,obecność,163
1TW5,2022-12-07,zwolniony,1
1TW5,2022-12-08,obecność,145
1TW5,2022-12-09,obecność,129
1TW5,2022-12-12,obecność,165
1TW5,2022-12-13,obecność,175
1TW5,2022-12-14,obecność,155
1TW5,2022-12-15,obecność,118
1TW5,2022-12-16,obecność,129
1TW5,2022-12-19,nieob. uspraw.,8
1TW5,2022-12-19,obecność,178
1TW5,2022-12-19,nieob. uspr. p.s.,1
1TW5,2022-12-20,obecność,110
1TW5,2022-12-21,nieob. uspraw.,28
1TW5,2022-12-22,obecność,190
1TW5,2023-01-02,obecność,133
1TW5,2023-01-03,obecność,177
1TW5,2023-01-04,nieob. uspraw.,37
1TW5,2023-01-04,obecność,130
1TW5,2023-01-05,obecność,139
1TW5,2023-01-05,nieob. uspraw.,48
1TW5,2023-01-09,obecność,165
1TW5,2023-01-09,nieob. uspr. p.s.,2
1TW5,2023-01-10,nieob. uspr. p.s.,6
1TW5,2023-01-10,obecność,166
1TW5,2023-01-11,obecność,130
1TW5,2023-01-11,nieob. uspr. p.s.,12
1TW5,2023-01-12,obecność,150
1TW5,2023-01-13,nieob. uspraw.,37
1TW5,2023-01-16,obecność,152
1TW5,2023-01-16,nieob. uspraw.,13
1TW5,2023-01-17,nieob. uspr. p.s.,4
1TW5,2023-01-17,obecność,179
1TW5,2023-01-18,obecność,124
1TW5,2023-01-18,nieob. uspr. p.s.,26
1TW5,2023-01-18,nieob. uspraw.,15
1TW5,2023-01-19,obecność,161
1TW5,2023-01-19,nieobecność,3
1TW5,2023-01-20,obecność,117
1TW5,2023-01-23,nieob. uspraw.,49
1TW5,2023-01-24,nieob. uspraw.,11
1TW5,2023-01-24,obecność,151
1TW5,2023-01-25,obecność,127
1TW5,2023-01-25,nieob. uspr. p.s.,16
1TW5,2023-01-26,nieob. uspraw.,23
1TW5,2023-01-26,obecność,167
1TW5,2023-01-27,obecność,127
1TW5,2023-01-30,nieob. uspraw.,44
1TW5,2023-01-31,nieob. uspraw.,35
1TW5,2023-02-01,nieob. uspraw.,63
1TW5,2023-02-02,obecność,150
1TW5,2023-02-02,nieob. uspraw.,41
1TW5,2023-02-03,obecność,91
1TW5,2023-02-03,spóźnienie,3
1TW5,2023-02-06,obecność,159
1TW5,2023-02-06,nieob. uspr. p.s.,15
1TW5,2023-02-07,nieob. uspr. p.s.,4
1TW5,2023-02-07,obecność,163
1TW5,2023-02-08,obecność,189
1TW5,2023-02-09,obecność,147
1TW5,2023-02-10,obecność,117
1TW5,2023-02-27,obecność,174
1TW5,2023-02-27,spóźnienie,1
1TW5,2023-02-28,spóźnienie,1
1TW5,2023-02-28,obecność,157
1TW5,2023-03-01,obecność,163
1TW5,2023-03-02,obecność,173
1TW5,2023-03-03,obecność,127
1TW5,2023-03-06,nieob. uspraw.,20
1TW5,2023-03-07,spóźnienie,5
1TW5,2023-03-07,obecność,148
1TW5,2023-03-08,obecność,164
1TW5,2023-03-09,obecność,166
1TW5,2023-03-10,obecność,98
1TW5,2023-03-13,obecność,140
1TW5,2023-03-14,obecność,156
1TW5,2023-03-15,obecność,165
1TW5,2023-03-16,obecność,152
1TW5,2023-03-16,nieob. uspraw.,11
1TW5,2023-03-17,nieob. uspraw.,63
1TW5,2023-03-20,nieob. uspraw.,28
1TW5,2023-03-20,spóźnienie,4
1TW5,2023-03-20,obecność,155
1TW5,2023-03-21,nieob. uspraw.,147
1TW5,2023-03-22,obecność,152
1TW5,2023-03-23,nieob. uspraw.,44
1TW5,2023-03-24,nieob. uspraw.,39
1TW5,2023-03-27,obecność,130
1TW5,2023-03-27,,48
1TW5,2023-03-28,nieob. uspraw.,66
1TW5,2023-03-28,obecność,102
1TW5,2023-03-29,obecność,161
1TW5,2023-03-30,obecność,170
1TW5,2023-03-31,obecność,131
1TW5,2023-04-03,obecność,172
1TW5,2023-04-03,spóźnienie,5
1TW5,2023-04-04,obecność,24
1TW5,2023-04-05,nieob. uspraw.,87
1TW5,2023-04-12,obecność,79
1TW5,2023-04-13,nieob. uspraw.,84
1TW5,2023-04-14,obecność,61
1TW5,2023-04-17,obecność,118
1TW5,2023-04-18,nieob. uspraw.,18
1TW5,2023-04-18,obecność,173
1TW5,2023-04-19,obecność,66
1TW5,2023-04-19,nieobecność,2
1TW5,2023-04-20,obecność,78
1TW5,2023-04-21,obecność,106
1TW5,2023-04-24,obecność,112
1TW5,2023-04-24,nieob. uspr. p.s.,18
1TW5,2023-04-25,nieob. uspr. p.s.,17
1TW5,2023-04-25,obecność,173
1TW5,2023-04-26,obecność,99
1TW5,2023-04-26,nieob. uspraw.,12
1TW5,2023-04-27,obecność,146
1TW5,2023-04-28,obecność,104
1TW5,2023-04-28,nieob. uspr. p.s.,33
1TW5,2023-05-09,obecność,160
1TW5,2023-05-10,obecność,130
1TW5,2023-05-10,nieobecność,2
1TW5,2023-05-11,obecność,166
1TW5,2023-05-12,obecność,143
1TW5,2023-05-15,obecność,145
1TW5,2023-05-16,nieob. uspraw.,9
1TW5,2023-05-16,obecność,159
1TW5,2023-05-17,obecność,123
1TW5,2023-05-18,obecność,144
1TW5,2023-05-19,obecność,150
1TW5,2023-05-22,obecność,172
1TW5,2023-05-23,obecność,150
1TW5,2023-05-24,nieob. uspraw.,30
1TW5,2023-05-25,nieob. uspraw.,36
1TW5,2023-05-25,obecność,149
1TW5,2023-05-29,obecność,131
1TW5,2023-05-29,nieob. uspraw.,58
1TW5,2023-05-30,obecność,157
1TW5,2023-05-31,nieob. uspraw.,45
1TW5,2023-06-01,nieob. uspraw.,75
1TW5,2023-06-02,nieob. uspraw.,50
1TW5,2023-06-05,nieob. uspraw.,35
1TW5,2023-06-06,nieob. uspraw.,40
1TW5,2023-06-07,nieob. uspraw.,64
1TW5,2023-06-12,nieob. uspraw.,61
1TW5,2023-06-13,nieob. uspraw.,41
1TW5,2023-06-14,nieob. uspraw.,48
1TW5,2023-06-15,nieob. uspraw.,79
1TW5,2023-06-16,nieob. uspraw.,63
1TW5,2023-06-19,nieob. uspraw.,80
1TW5,2023-06-20,nieob. uspraw.,86
1TW5,2023-06-21,nieob. uspraw.,52
1TW5,2023-06-22,nieob. uspraw.,70
1TW5,2023-06-23,obecność,161
1TW5,2022-09-05,nieob. uspraw.,4
1TW5,2022-09-07,spóźnienie,1
1TW5,2022-09-12,nieob. uspraw.,2
1TW5,2022-09-26,nieobecność,2
1TW5,2022-10-03,nieob. uspraw.,9
1TW5,2022-10-05,nieob. uspr. p.s.,8
1TW5,2022-10-06,nieob. uspraw.,14
1TW5,2022-10-12,nieob. uspraw.,21
1TW5,2022-10-20,nieob. uspraw.,12
1TW5,2022-10-24,nieob. uspraw.,11
1TW5,2022-10-25,nieob. uspraw.,1
1TW5,2022-10-26,nieob. uspraw.,3
1TW5,2022-10-28,nieobecność,1
1TW5,2022-11-02,nieobecność,1
1TW5,2022-11-03,nieobecność,1
1TW5,2022-11-07,nieob. uspraw.,10
1TW5,2022-11-08,obecność,130
1TW5,2022-11-09,nieob. uspraw.,41
1TW5,2022-11-16,nieob. uspraw.,26
1TW5,2022-11-21,nieobecność,1
1TW5,2022-11-23,nieob. uspraw.,36
1TW5,2022-11-24,nieob. uspraw.,23
1TW5,2022-11-25,nieobecność,2
1TW5,2022-11-25,nieob. uspraw.,13
1TW5,2022-11-28,nieob. uspraw.,42
1TW5,2022-11-29,nieob. uspraw.,17
1TW5,2022-11-29,spóźnienie,1
1TW5,2022-11-30,obecność,155
1TW5,2022-11-30,spóźnienie,3
1TW5,2022-12-01,nieob. uspraw.,21
1TW5,2022-12-01,nieob. uspr. p.s.,1
1TW5,2022-12-05,nieob. uspraw.,18
1TW5,2022-12-06,nieob. uspraw.,18
1TW5,2022-12-06,spóźnienie,1
1TW5,2022-12-08,nieob. uspraw.,21
1TW5,2022-12-12,nieob. uspraw.,20
1TW5,2022-12-12,spóźnienie,5
1TW5,2022-12-13,nieob. uspraw.,17
1TW5,2022-12-14,nieob. uspraw.,37
1TW5,2022-12-15,nieob. uspraw.,24
1TW5,2022-12-20,nieob. uspraw.,82
1TW5,2022-12-21,obecność,139
1TW5,2023-01-03,nieob. uspraw.,15
1TW5,2023-01-09,nieob. uspraw.,11
1TW5,2023-01-11,nieob. uspraw.,24
1TW5,2023-01-12,nieob. uspraw.,40
1TW5,2023-01-13,spóźnienie,3
1TW5,2023-01-13,obecność,104
1TW5,2023-01-16,nieob. uspr. p.s.,2
1TW5,2023-01-20,nieob. uspraw.,22
1TW5,2023-01-23,obecność,137
1TW5,2023-01-30,obecność,145
1TW5,2023-01-31,obecność,133
1TW5,2023-02-02,spóźnienie,1
1TW5,2023-02-06,nieob. uspraw.,17
1TW5,2023-02-09,nieob. uspraw.,34
1TW5,2023-02-10,nieob. uspraw.,21
1TW5,2023-02-27,nieob. uspr. p.s.,1
1TW5,2023-03-01,nieob. uspraw.,22
1TW5,2023-03-01,nieob. uspr. p.s.,5
1TW5,2023-03-01,nieobecność,2
1TW5,2023-03-02,nieob. uspraw.,12
1TW5,2023-03-02,nieob. uspr. p.s.,4
1TW5,2023-03-06,obecność,160
1TW5,2023-03-06,nieob. uspr. p.s.,12
1TW5,2023-03-07,nieob. uspr. p.s.,4
1TW5,2023-03-08,nieob. uspr. p.s.,18
1TW5,2023-03-10,nieob. uspr. p.s.,16
1TW5,2023-03-22,nieobecność,4
1TW5,2023-03-23,nieob. uspr. p.s.,7
1TW5,2023-03-24,obecność,92
1TW5,2023-03-24,spóźnienie,2
1TW5,2023-03-27,nieobecność,2
1TW5,2023-03-27,spóźnienie,1
1TW5,2023-03-29,nieob. uspraw.,4
1TW5,2023-04-03,nieob. uspraw.,12
1TW5,2023-04-17,spóźnienie,1
1TW5,2023-04-19,nieob. uspraw.,27
1TW5,2023-04-20,spóźnienie,1
1TW5,2023-04-20,nieob. uspraw.,34
1TW5,2023-04-24,spóźnienie,1
1TW5,2023-04-25,spóźnienie,2
1TW5,2023-04-28,nieob. uspraw.,28
1TW5,2023-04-28,spóźnienie,1
1TW5,2023-05-10,nieob. uspraw.,12
1TW5,2023-05-11,nieob. uspraw.,21
1TW5,2023-05-12,nieob. uspraw.,17
1TW5,2023-05-15,nieob. uspraw.,20
1TW5,2023-05-17,nieob. uspraw.,19
1TW5,2023-05-18,nieob. uspraw.,18
1TW5,2023-05-18,spóźnienie,2
1TW5,2023-05-19,nieob. uspraw.,6
1TW5,2023-05-22,nieob. uspraw.,17
1TW5,2023-05-25,nieob. uspr. p.s.,2
1TW5,2023-05-30,nieob. uspraw.,34
1TW5,2023-05-31,obecność,97
1TW5,2023-06-01,obecność,113
1TW5,2023-06-02,obecność,105
1TW5,2023-06-02,spóźnienie,2
1TW5,2023-06-05,obecność,134
1TW5,2023-06-05,spóźnienie,8
1TW5,2023-06-06,obecność,142
1TW5,2023-06-06,nieobecność,6
1TW5,2023-06-07,obecność,78
1TW5,2023-06-07,nieobecność,2
1TW5,2023-06-12,nieobecność,8
1TW5,2023-06-12,obecność,118
1TW5,2023-06-12,spóźnienie,1
1TW5,2023-06-12,nieob. uspr. p.s.,4
1TW5,2023-06-13,nieobecność,5
1TW5,2023-06-13,obecność,146
1TW5,2023-06-14,obecność,73
1TW5,2023-06-14,nieobecność,23
1TW5,2023-06-15,nieobecność,93
1TW5,2023-06-16,nieobecność,94
1TW5,2023-06-19,nieobecność,107
1TW5,2023-06-20,nieobecność,96
1TW5,2023-06-21,nieobecność,86
1TW5,2023-06-22,nieobecność,95
1TW5,2022-10-26,nieob. uspr. p.s.,22
1TW5,2022-11-14,nieob. uspraw.,46
1TW5,2022-11-15,nieob. uspraw.,30
1TW5,2022-11-17,nieob. uspraw.,14
1TW5,2022-11-18,nieob. uspraw.,15
1TW5,2023-01-02,nieob. uspraw.,59
1TW5,2023-01-09,spóźnienie,2
1TW5,2023-01-10,nieob. uspraw.,19
1TW5,2023-01-17,nieob. uspraw.,9
1TW5,2023-01-19,nieob. uspraw.,25
1TW5,2023-01-25,nieobecność,9
1TW5,2023-02-01,obecność,128
1TW5,2023-03-17,obecność,74
1TW5,2023-03-23,obecność,113
1TW5,2023-04-13,obecność,33
1TW5,2023-06-06,spóźnienie,3
1TW5,2022-09-20,nieob. uspraw.,40
1TW5,2022-09-23,nieob. uspraw.,37
1TW5,2022-10-03,spóźn. uspr.,7
1TW5,2022-10-05,nieob. uspraw.,9
1TW5,2022-10-07,nieob. uspraw.,16
1TW5,2022-10-13,nieob. uspraw.,34
1TW5,2022-10-21,nieob. uspr. p.s.,10
1TW5,2022-12-09,nieob. uspraw.,13
1TW5,2023-02-03,nieob. uspraw.,50
1TW5,2023-02-09,nieob. uspr. p.s.,6
1TW5,2023-02-27,nieob. uspraw.,16
1TW5,2023-03-10,nieob. uspraw.,26
1TW5,2023-03-22,nieob. uspraw.,36
1TW5,2023-03-31,nieob. uspraw.,11
1TW5,2023-04-14,nieob. uspraw.,33
1TW5,2023-04-17,nieob. uspr. p.s.,19
1TW5,2023-04-26,spóźnienie,11
1TW5,2023-04-26,nieob. uspr. p.s.,21
1TW5,2023-05-09,nieob. uspraw.,32
1TW5,2023-05-15,spóźnienie,3
1TW5,2023-05-23,nieob. uspraw.,41
1TW5,2023-05-24,obecność,111
1TW5,2023-06-19,obecność,5
1TW5,2022-11-08,nieobecność,1
1TW5,2023-04-05,obecność,57
1TW5,2023-04-20,nieob. uspr. p.s.,4
1TW5,2023-05-19,spóźnienie,10
1TW5,2023-05-24,spóźnienie,2
1TW5,2022-09-06,nieob. uspraw.,3
1TW5,2022-10-06,spóźn. uspr.,11
1TW5,2022-11-03,nieob. uspraw.,9
1TW5,2022-12-21,nieobecność,1
1TW5,2023-01-30,spóźnienie,1
1TW5,2023-03-08,nieob. uspraw.,10
1TW5,2023-06-20,obecność,10
1TW5,2023-06-22,obecność,25
1TW5,2022-10-10,nieob. uspr. p.s.,7
1TW5,2022-11-28,nieob. uspr. p.s.,3
1TW5,2022-12-12,spóźn. uspr.,2
1TW5,2023-01-30,spóźn. uspr.,1
1TW5,2023-03-21,obecność,21
1TW5,2022-10-28,nieob. uspr. p.s.,2
1TW5,2022-11-04,nieob. uspraw.,23
1TW5,2022-12-16,nieob. uspraw.,13
1TW5,2023-01-20,nieobecność,3
1TW5,2023-01-24,nieob. uspr. p.s.,5
1TW5,2023-03-29,spóźnienie,2
1TW5,2023-03-30,nieob. uspraw.,20
1TW5,2023-04-12,nieob. uspraw.,15
1TW5,2023-04-21,nieob. uspraw.,9
1TW5,2023-04-24,nieob. uspraw.,13
1TW5,2023-05-12,nieobecność,1
1TW5,2022-09-08,nieob. uspraw.,10
1TW5,2022-09-15,nieobecność,2
1TW5,2022-10-07,nieob. uspr. p.s.,3
1TW5,2022-10-18,nieob. uspraw.,8
1TW5,2022-10-19,nieob. uspraw.,10
1TW5,2022-11-15,nieobecność,2
1TW5,2022-11-18,nieob. uspr. p.s.,3
1TW5,2022-12-19,nieobecność,4
1TW5,2023-01-23,nieobecność,4
1TW5,2023-02-01,nieobecność,1
1TW5,2023-03-07,nieob. uspraw.,10
1TW5,2023-03-10,spóźnienie,2
1TW5,2023-03-13,nieob. uspraw.,28
1TW5,2023-03-14,nieob. uspraw.,10
1TW5,2023-03-15,nieob. uspraw.,24
1TW5,2023-03-20,nieobecność,4
1TW5,2023-03-24,nieob. uspr. p.s.,8
1TW5,2023-03-24,nieobecność,1
1TW5,2023-03-27,nieob. uspraw.,11
1TW5,2023-04-03,nieobecność,2
1TW5,2023-05-12,spóźnienie,5
1TW5,2023-05-17,spóźnienie,1
1TW5,2023-06-02,nieob. uspr. p.s.,5
1TW5,2023-06-02,nieobecność,4
1TW5,2023-06-05,nieobecność,2
1TW5,2022-09-20,spóźn. uspr.,1
1TW5,2022-09-27,nieob. uspraw.,9
1TW5,2022-10-28,nieob. uspraw.,16
1TW5,2023-01-25,nieob. uspraw.,16
1TW5,2022-09-29,nieob. uspraw.,15
1TW5,2023-01-04,nieobecność,1
1TW5,2023-01-11,spóźnienie,1
1TW5,2023-01-18,spóźnienie,1
1TW5,2023-02-08,spóźnienie,1
1TW5,2023-02-08,nieobecność,1
1TW5,2023-02-09,nieobecność,3
1TW5,2023-02-28,nieob. uspraw.,10
1TW5,2023-03-03,nieob. uspraw.,14
1TW5,2023-03-09,nieob. uspraw.,24
1TW5,2023-03-15,nieobecność,3
1TW5,2023-03-17,nieobecność,5
1TW5,2023-03-29,nieobecność,1
1TW5,2023-03-31,nieobecność,1
1TW5,2023-03-31,spóźnienie,1
1TW5,2023-04-26,nieobecność,1
1TW5,2023-04-27,nieob. uspraw.,20
1TW5,2023-05-25,nieobecność,1
1TW5,2023-05-31,nieobecność,1
1TW5,2023-06-01,nieobecność,2
1TW5,2022-09-15,nieob. uspraw.,8
1TW5,2022-09-19,nieob. uspraw.,21
1TW5,2022-09-20,nieobecność,4
1TW5,2022-09-27,spóźnienie,3
1TW5,2022-10-07,nieobecność,1
1TW5,2022-10-21,nieobecność,1
1TW5,2023-01-24,nieobecność,1
1TW5,2023-01-27,nieobecność,2
1TW5,2023-02-10,nieobecność,4
1TW5,2023-03-03,nieobecność,1
1TW5,2023-03-14,nieobecność,2
1TW5,2023-03-16,nieobecność,2
1TW5,2023-03-23,nieobecność,2
1TW5,2023-04-17,nieob. uspraw.,6
1TW5,2023-04-18,nieobecność,1
1TW5,2023-04-20,nieobecność,1
1TW5,2023-04-21,nieobecność,2
1TW5,2023-05-17,nieobecność,1
1TW5,2023-05-18,nieob. uspr. p.s.,2
1TW5,2023-05-22,nieobecność,3
1TW5,2023-06-15,obecność,18
1TW5,2023-06-23,nieobecność,7
1TW5,2022-09-16,nieob. uspraw.,7
1TW5,2023-01-05,nieobecność,2
1TW5,2023-01-18,nieobecność,2
1TW5,2023-01-27,nieob. uspraw.,13
1TW5,2023-03-02,nieobecność,1
1TW5,2023-01-16,spóźnienie,1
1TW5,2022-10-12,nieob. uspr. p.s.,4
1TW5,2022-10-13,nieob. uspr. p.s.,4
1TW5,2023-01-05,nieob. uspr. p.s.,1
1TW5,2023-04-13,nieobecność,1
1TW5,2023-05-11,nieobecność,1
1TW5,2023-05-24,nieobecność,1
1TW5,2023-05-29,nieobecność,2
1TW5,2023-06-16,obecność,9
1TW5,2022-09-14,spóźn. uspr.,1
1TW5,2022-10-04,nieob. uspraw.,1
1TW5,2022-10-05,spóźn. uspr.,1
1TW5,2022-11-03,spóźn. uspr.,1
1TW5,2022-11-17,spóźn. uspr.,1
1TW5,2022-12-01,spóźn. uspr.,1
1TW5,2022-12-06,spóźn. uspr.,1
1TW5,2022-12-19,spóźn. uspr.,1
1TW5,2023-01-10,spóźn. uspr.,1
1TW5,2023-01-11,spóźn. uspr.,1
1TW5,2023-01-19,spóźn. uspr.,1
1TW5,2023-01-23,spóźn. uspr.,1
1TW5,2023-02-06,spóźn. uspr.,1
1TW5,2023-02-07,nieob. uspraw.,1
1TW5,2023-02-08,spóźn. uspr.,1
1TW5,2023-03-07,spóźn. uspr.,1
1TW5,2023-03-16,spóźn. uspr.,1
1TW5,2023-03-20,spóźn. uspr.,1
1TW5,2023-04-03,spóźn. uspr.,1
1TW5,2023-04-12,spóźn. uspr.,1
1TW5,2023-04-19,spóźn. uspr.,1
1TW5,2023-04-21,spóźn. uspr.,1
1TW5,2023-06-05,spóźn. uspr.,1
1TW5,2023-06-06,spóźn. uspr.,1
1TW5,2023-01-23,spóźnienie,1
1TW5,2023-01-30,nieobecność,1
1TW5,2023-05-29,spóźnienie,1
1TW5,2023-05-30,nieobecność,1
1TW5,2022-11-02,nieob. uspraw.,8
1TW5,2022-11-21,nieob. uspraw.,8
1TW5,2023-04-12,zwolniony,1
1TW5,2023-05-11,zwolniony,2
1TW5,2023-05-23,spóźnienie,1
1TW5,2023-05-25,zwolniony,2
1TW5,2023-05-31,spóźnienie,1
1TW5,2023-06-21,obecność,6
1TŻ5,2022-09-01,obecność,161
1TŻ5,2022-09-02,obecność,132
1TŻ5,2022-09-05,obecność,174
1TŻ5,2022-09-06,obecność,178
1TŻ5,2022-09-07,obecność,137
1TŻ5,2022-09-08,obecność,164
1TŻ5,2022-09-09,obecność,154
1TŻ5,2022-09-12,obecność,162
1TŻ5,2022-09-13,obecność,159
1TŻ5,2022-09-14,obecność,140
1TŻ5,2022-09-15,obecność,147
1TŻ5,2022-09-16,obecność,136
1TŻ5,2022-09-19,obecność,146
1TŻ5,2022-09-20,obecność,130
1TŻ5,2022-09-21,obecność,144
1TŻ5,2022-09-22,obecność,140
1TŻ5,2022-09-23,obecność,119
1TŻ5,2022-09-26,obecność,154
1TŻ5,2022-09-27,obecność,165
1TŻ5,2022-09-28,obecność,133
1TŻ5,2022-09-29,obecność,140
1TŻ5,2022-09-30,obecność,132
1TŻ5,2022-09-30,nieobecność,1
1TŻ5,2022-10-03,obecność,150
1TŻ5,2022-10-04,obecność,166
1TŻ5,2022-10-05,obecność,153
1TŻ5,2022-10-06,obecność,152
1TŻ5,2022-10-07,obecność,152
1TŻ5,2022-10-10,obecność,147
1TŻ5,2022-10-11,obecność,170
1TŻ5,2022-10-12,obecność,126
1TŻ5,2022-10-13,obecność,72
1TŻ5,2022-10-17,obecność,114
1TŻ5,2022-10-18,obecność,147
1TŻ5,2022-10-19,obecność,98
1TŻ5,2022-10-20,obecność,118
1TŻ5,2022-10-21,obecność,95
1TŻ5,2022-10-24,obecność,139
1TŻ5,2022-10-25,obecność,155
1TŻ5,2022-10-26,obecność,102
1TŻ5,2022-10-27,obecność,140
1TŻ5,2022-10-28,obecność,154
1TŻ5,2022-11-02,obecność,135
1TŻ5,2022-11-03,obecność,131
1TŻ5,2022-11-04,obecność,140
1TŻ5,2022-11-07,obecność,144
1TŻ5,2022-11-08,obecność,140
1TŻ5,2022-11-09,obecność,132
1TŻ5,2022-11-10,obecność,127
1TŻ5,2022-11-10,nieobecność,2
1TŻ5,2022-11-14,obecność,137
1TŻ5,2022-11-15,obecność,162
1TŻ5,2022-11-15,nieobecność,2
1TŻ5,2022-11-16,obecność,147
1TŻ5,2022-11-17,obecność,136
1TŻ5,2022-11-18,obecność,139
1TŻ5,2022-11-21,obecność,154
1TŻ5,2022-11-22,obecność,165
1TŻ5,2022-11-23,obecność,152
1TŻ5,2022-11-24,obecność,145
1TŻ5,2022-11-25,obecność,119
1TŻ5,2022-11-28,obecność,147
1TŻ5,2022-11-29,obecność,142
1TŻ5,2022-11-29,nieobecność,6
1TŻ5,2022-11-29,nieob. uspr. p.s.,9
1TŻ5,2022-11-30,obecność,143
1TŻ5,2022-12-01,obecność,154
1TŻ5,2022-12-02,obecność,126
1TŻ5,2022-12-05,obecność,140
1TŻ5,2022-12-06,obecność,155
1TŻ5,2022-12-07,obecność,149
1TŻ5,2022-12-08,obecność,118
1TŻ5,2022-12-09,obecność,118
1TŻ5,2022-12-12,obecność,95
1TŻ5,2022-12-13,obecność,156
1TŻ5,2022-12-14,obecność,154
1TŻ5,2022-12-15,obecność,131
1TŻ5,2022-12-16,obecność,150
1TŻ5,2022-12-19,obecność,95
1TŻ5,2022-12-20,obecność,117
1TŻ5,2022-12-21,obecność,133
1TŻ5,2022-12-22,obecność,189
1TŻ5,2023-01-02,obecność,121
1TŻ5,2023-01-03,obecność,158
1TŻ5,2023-01-04,obecność,154
1TŻ5,2023-01-05,obecność,166
1TŻ5,2023-01-09,spóźnienie,17
1TŻ5,2023-01-09,obecność,111
1TŻ5,2023-01-10,obecność,143
1TŻ5,2023-01-11,obecność,152
1TŻ5,2023-01-12,obecność,166
1TŻ5,2023-01-13,obecność,86
1TŻ5,2023-01-16,obecność,131
1TŻ5,2023-01-17,obecność,139
1TŻ5,2023-01-18,obecność,133
1TŻ5,2023-01-19,obecność,135
1TŻ5,2023-01-20,obecność,112
1TŻ5,2023-01-23,obecność,152
1TŻ5,2023-01-24,obecność,172
1TŻ5,2023-01-25,obecność,101
1TŻ5,2023-01-26,obecność,158
1TŻ5,2023-01-27,obecność,139
1TŻ5,2023-01-30,obecność,123
1TŻ5,2023-01-31,obecność,125
1TŻ5,2023-02-01,obecność,108
1TŻ5,2023-02-02,obecność,144
1TŻ5,2023-02-03,obecność,99
1TŻ5,2023-02-06,obecność,130
1TŻ5,2023-02-07,obecność,145
1TŻ5,2023-02-08,obecność,114
1TŻ5,2023-02-09,obecność,123
1TŻ5,2023-02-10,obecność,113
1TŻ5,2023-02-10,nieobecność,6
1TŻ5,2023-02-27,obecność,139
1TŻ5,2023-02-28,obecność,163
1TŻ5,2023-03-01,obecność,132
1TŻ5,2023-03-02,obecność,164
1TŻ5,2023-03-03,obecność,132
1TŻ5,2023-03-06,obecność,132
1TŻ5,2023-03-07,obecność,152
1TŻ5,2023-03-08,obecność,120
1TŻ5,2023-03-09,obecność,140
1TŻ5,2023-03-10,obecność,68
1TŻ5,2023-03-13,obecność,122
1TŻ5,2023-03-14,obecność,148
1TŻ5,2023-03-15,obecność,93
1TŻ5,2023-03-16,obecność,116
1TŻ5,2023-03-17,obecność,63
1TŻ5,2023-03-20,obecność,95
1TŻ5,2023-03-21,nieobecność,48
1TŻ5,2023-03-22,obecność,102
1TŻ5,2023-03-23,obecność,123
1TŻ5,2023-03-24,obecność,114
1TŻ5,2023-03-27,obecność,113
1TŻ5,2023-03-28,obecność,140
1TŻ5,2023-03-29,nieob. uspraw.,21
1TŻ5,2023-03-30,nieob. uspraw.,42
1TŻ5,2023-03-31,nieob. uspraw.,25
1TŻ5,2023-04-03,obecność,115
1TŻ5,2023-04-04,obecność,153
1TŻ5,2023-04-05,nieob. uspraw.,28
1TŻ5,2023-04-12,obecność,45
1TŻ5,2023-04-12,nieob. uspraw.,28
1TŻ5,2023-04-13,obecność,125
1TŻ5,2023-04-14,obecność,93
1TŻ5,2023-04-17,obecność,137
1TŻ5,2023-04-17,nieob. uspr. p.s.,3
1TŻ5,2023-04-18,obecność,121
1TŻ5,2023-04-19,nieob. uspraw.,10
1TŻ5,2023-04-20,obecność,136
1TŻ5,2023-04-21,obecność,34
1TŻ5,2023-04-24,obecność,126
1TŻ5,2023-04-25,obecność,128
1TŻ5,2023-04-26,obecność,136
1TŻ5,2023-04-27,obecność,151
1TŻ5,2023-04-28,obecność,65
1TŻ5,2023-05-09,obecność,119
1TŻ5,2023-05-10,obecność,114
1TŻ5,2023-05-11,obecność,118
1TŻ5,2023-05-11,spóźnienie,3
1TŻ5,2023-05-12,obecność,149
1TŻ5,2023-05-15,obecność,123
1TŻ5,2023-05-16,obecność,141
1TŻ5,2023-05-17,obecność,145
1TŻ5,2023-05-18,obecność,108
1TŻ5,2023-05-19,obecność,158
1TŻ5,2023-05-22,obecność,136
1TŻ5,2023-05-23,obecność,135
1TŻ5,2023-05-24,obecność,122
1TŻ5,2023-05-25,obecność,140
1TŻ5,2023-05-29,obecność,129
1TŻ5,2023-05-30,obecność,137
1TŻ5,2023-05-31,obecność,126
1TŻ5,2023-06-01,obecność,132
1TŻ5,2023-06-02,obecność,103
1TŻ5,2023-06-02,nieobecność,14
1TŻ5,2023-06-05,nieob. uspraw.,72
1TŻ5,2023-06-06,nieob. uspraw.,41
1TŻ5,2023-06-07,nieob. uspraw.,57
1TŻ5,2023-06-12,obecność,79
1TŻ5,2023-06-13,obecność,59
1TŻ5,2023-06-13,nieobecność,35
1TŻ5,2023-06-14,obecność,60
1TŻ5,2023-06-14,nieobecność,39
1TŻ5,2023-06-15,nieobecność,55
1TŻ5,2023-06-15,spóźnienie,3
1TŻ5,2023-06-15,obecność,33
1TŻ5,2023-06-16,obecność,24
1TŻ5,2023-06-19,obecność,32
1TŻ5,2023-06-20,obecność,28
1TŻ5,2023-06-21,obecność,40
1TŻ5,2023-06-22,obecność,28
1TŻ5,2023-06-23,obecność,168
1TŻ5,2022-10-10,nieob. uspr. p.s.,6
1TŻ5,2022-10-20,nieobecność,2
1TŻ5,2022-12-19,nieob. uspr. p.s.,2
1TŻ5,2023-01-10,nieob. uspr. p.s.,3
1TŻ5,2023-02-07,nieob. uspraw.,15
1TŻ5,2023-02-08,nieob. uspraw.,12
1TŻ5,2023-02-09,nieob. uspraw.,22
1TŻ5,2023-02-10,nieob. uspraw.,28
1TŻ5,2023-03-07,nieob. uspraw.,20
1TŻ5,2023-03-21,nieob. uspraw.,93
1TŻ5,2023-03-29,obecność,87
1TŻ5,2023-03-30,obecność,107
1TŻ5,2023-03-31,obecność,102
1TŻ5,2023-04-19,obecność,98
1TŻ5,2023-05-29,nieob. uspraw.,18
1TŻ5,2023-06-01,nieob. uspraw.,22
1TŻ5,2023-06-02,nieob. uspraw.,34
1TŻ5,2023-06-05,obecność,78
1TŻ5,2023-06-06,obecność,85
1TŻ5,2023-06-06,nieob. uspr. p.s.,20
1TŻ5,2023-06-07,obecność,69
1TŻ5,2023-06-15,nieob. uspraw.,63
1TŻ5,2023-06-16,nieob. uspraw.,80
1TŻ5,2023-06-19,nieobecność,91
1TŻ5,2023-06-20,nieobecność,88
1TŻ5,2023-06-21,nieobecność,97
1TŻ5,2023-06-22,nieobecność,105
1TŻ5,2022-09-19,nieob. uspraw.,16
1TŻ5,2022-10-10,nieob. uspraw.,2
1TŻ5,2022-10-18,nieob. uspraw.,24
1TŻ5,2022-10-27,nieob. uspraw.,14
1TŻ5,2022-11-10,nieob. uspraw.,22
1TŻ5,2022-11-14,nieob. uspr. p.s.,2
1TŻ5,2022-11-16,nieob. uspraw.,7
1TŻ5,2022-11-17,nieob. uspraw.,15
1TŻ5,2022-11-18,nieob. uspraw.,14
1TŻ5,2022-11-21,nieob. uspraw.,1
1TŻ5,2022-11-30,nieob. uspr. p.s.,4
1TŻ5,2022-12-02,nieob. uspraw.,6
1TŻ5,2022-12-06,nieob. uspraw.,10
1TŻ5,2022-12-19,nieob. uspraw.,72
1TŻ5,2022-12-20,nieob. uspraw.,49
1TŻ5,2023-01-02,nieob. uspr. p.s.,1
1TŻ5,2023-01-03,nieob. uspraw.,15
1TŻ5,2023-01-13,nieob. uspraw.,19
1TŻ5,2023-01-17,nieob. uspraw.,32
1TŻ5,2023-01-20,nieob. uspraw.,19
1TŻ5,2023-01-26,nieob. uspraw.,10
1TŻ5,2023-01-27,nieob. uspraw.,8
1TŻ5,2023-01-30,nieob. uspraw.,24
1TŻ5,2023-01-31,nieob. uspraw.,40
1TŻ5,2023-02-01,nieob. uspraw.,18
1TŻ5,2023-02-02,nieob. uspraw.,24
1TŻ5,2023-02-03,nieob. uspraw.,25
1TŻ5,2023-03-03,nieob. uspraw.,8
1TŻ5,2023-03-06,nieob. uspraw.,16
1TŻ5,2023-03-09,nieob. uspraw.,35
1TŻ5,2023-03-16,nieob. uspraw.,34
1TŻ5,2023-03-17,nieob. uspraw.,32
1TŻ5,2023-03-21,obecność,31
1TŻ5,2023-04-03,nieob. uspr. p.s.,6
1TŻ5,2023-04-04,nieob. uspraw.,14
1TŻ5,2023-04-14,nieob. uspraw.,26
1TŻ5,2023-04-28,nieob. uspraw.,35
1TŻ5,2023-05-09,spóźnienie,5
1TŻ5,2023-05-12,nieob. uspraw.,24
1TŻ5,2023-05-19,nieob. uspraw.,13
1TŻ5,2023-05-23,nieob. uspraw.,14
1TŻ5,2023-06-13,nieob. uspraw.,55
1TŻ5,2023-06-14,nieob. uspraw.,55
1TŻ5,2023-06-19,nieob. uspraw.,25
1TŻ5,2023-06-20,nieob. uspraw.,34
1TŻ5,2023-06-21,nieob. uspraw.,17
1TŻ5,2023-06-22,nieob. uspraw.,21
1TŻ5,2022-09-16,nieob. uspraw.,16
1TŻ5,2022-09-06,nieobecność,3
1TŻ5,2022-09-07,spóźnienie,1
1TŻ5,2022-09-13,nieobecność,6
1TŻ5,2022-09-28,nieob. uspraw.,21
1TŻ5,2022-10-13,nieob. uspraw.,57
1TŻ5,2022-10-18,nieobecność,2
1TŻ5,2022-10-25,spóźnienie,4
1TŻ5,2022-10-26,nieob. uspr. p.s.,24
1TŻ5,2022-11-03,nieob. uspraw.,21
1TŻ5,2022-11-07,nieobecność,3
1TŻ5,2022-11-08,nieob. uspraw.,32
1TŻ5,2022-11-14,nieob. uspraw.,16
1TŻ5,2022-11-17,spóźnienie,2
1TŻ5,2022-11-22,nieobecność,8
1TŻ5,2022-11-23,nieobecność,2
1TŻ5,2022-11-24,nieobecność,8
1TŻ5,2022-11-25,nieobecność,5
1TŻ5,2022-12-08,spóźnienie,1
1TŻ5,2022-12-12,nieob. uspraw.,48
1TŻ5,2022-12-13,nieobecność,9
1TŻ5,2022-12-21,nieobecność,7
1TŻ5,2023-01-05,nieobecność,8
1TŻ5,2023-01-09,nieob. uspraw.,33
1TŻ5,2023-01-10,nieobecność,3
1TŻ5,2023-01-16,nieob. uspraw.,24
1TŻ5,2023-02-28,spóźnienie,2
1TŻ5,2023-03-08,nieob. uspraw.,12
1TŻ5,2023-03-10,nieob. uspraw.,35
1TŻ5,2023-03-16,nieobecność,2
1TŻ5,2023-03-23,nieobecność,15
1TŻ5,2023-03-28,nieobecność,9
1TŻ5,2023-03-30,nieobecność,19
1TŻ5,2023-03-31,nieobecność,5
1TŻ5,2023-04-04,nieobecność,6
1TŻ5,2023-04-05,nieobecność,23
1TŻ5,2023-04-05,obecność,37
1TŻ5,2023-04-12,nieobecność,12
1TŻ5,2023-04-14,nieobecność,13
1TŻ5,2023-04-21,nieobecność,5
1TŻ5,2023-04-24,nieobecność,4
1TŻ5,2023-04-25,nieob. uspraw.,14
1TŻ5,2023-04-26,nieob. uspraw.,14
1TŻ5,2023-04-27,nieobecność,10
1TŻ5,2023-04-27,spóźnienie,3
1TŻ5,2023-05-09,nieobecność,12
1TŻ5,2023-05-10,nieobecność,6
1TŻ5,2023-05-15,nieob. uspraw.,25
1TŻ5,2023-06-02,spóźnienie,3
1TŻ5,2023-06-07,nieobecność,27
1TŻ5,2023-06-12,nieob. uspraw.,48
1TŻ5,2022-09-14,nieob. uspraw.,14
1TŻ5,2022-10-25,spóźn. uspr.,2
1TŻ5,2023-01-12,nieob. uspraw.,10
1TŻ5,2023-02-01,nieobecność,6
1TŻ5,2023-03-09,nieobecność,1
1TŻ5,2023-03-10,nieobecność,7
1TŻ5,2023-03-24,nieob. uspraw.,19
1TŻ5,2023-03-29,nieobecność,1
1TŻ5,2023-04-21,nieob. uspraw.,27
1TŻ5,2023-05-18,nieob. uspraw.,18
1TŻ5,2023-05-22,nieob. uspr. p.s.,3
1TŻ5,2022-09-26,nieob. uspraw.,1
1TŻ5,2022-09-27,nieob. uspraw.,8
1TŻ5,2022-09-29,nieob. uspraw.,14
1TŻ5,2022-09-30,nieob. uspraw.,21
1TŻ5,2022-10-03,nieob. uspraw.,1
1TŻ5,2022-10-11,nieobecność,1
1TŻ5,2022-10-12,nieob. uspraw.,6
1TŻ5,2022-10-17,nieobecność,1
1TŻ5,2022-10-25,nieobecność,3
1TŻ5,2022-11-02,nieob. uspraw.,19
1TŻ5,2022-12-12,nieobecność,25
1TŻ5,2022-12-20,nieobecność,7
1TŻ5,2023-01-02,nieob. uspraw.,25
1TŻ5,2023-01-19,nieob. uspraw.,19
1TŻ5,2023-01-23,nieobecność,1
1TŻ5,2023-03-02,nieob. uspraw.,8
1TŻ5,2023-03-13,nieob. uspraw.,26
1TŻ5,2023-03-23,nieob. uspraw.,7
1TŻ5,2023-04-17,nieob. uspraw.,3
1TŻ5,2023-04-20,nieob. uspraw.,17
1TŻ5,2023-05-12,nieobecność,3
1TŻ5,2023-05-18,nieobecność,6
1TŻ5,2023-05-22,nieob. uspraw.,9
1TŻ5,2023-05-24,nieobecność,1
1TŻ5,2023-06-05,nieobecność,17
1TŻ5,2023-06-12,nieobecność,20
1TŻ5,2023-06-16,nieobecność,72
1TŻ5,2022-09-08,nieob. uspraw.,16
1TŻ5,2022-09-09,nieob. uspraw.,7
1TŻ5,2022-09-23,nieob. uspraw.,7
1TŻ5,2022-10-05,nieob. uspr. p.s.,1
1TŻ5,2022-10-06,nieob. uspr. p.s.,2
1TŻ5,2022-10-07,nieob. uspr. p.s.,2
1TŻ5,2022-10-11,nieob. uspr. p.s.,2
1TŻ5,2022-10-13,nieob. uspr. p.s.,3
1TŻ5,2022-10-24,nieob. uspraw.,16
1TŻ5,2022-10-26,nieob. uspraw.,6
1TŻ5,2022-11-08,nieob. uspr. p.s.,1
1TŻ5,2022-11-10,nieob. uspr. p.s.,3
1TŻ5,2023-01-05,nieob. uspr. p.s.,2
1TŻ5,2023-01-10,spóźnienie,2
1TŻ5,2023-01-11,nieob. uspraw.,2
1TŻ5,2023-01-18,nieob. uspraw.,21
1TŻ5,2023-01-23,nieob. uspraw.,1
1TŻ5,2023-01-24,nieob. uspraw.,1
1TŻ5,2023-01-25,nieob. uspr. p.s.,4
1TŻ5,2023-02-03,nieobecność,2
1TŻ5,2023-02-06,nieob. uspraw.,9
1TŻ5,2023-02-07,nieob. uspr. p.s.,4
1TŻ5,2023-02-27,nieob. uspr. p.s.,1
1TŻ5,2023-02-28,nieobecność,1
1TŻ5,2023-03-03,nieobecność,14
1TŻ5,2023-03-14,nieob. uspraw.,24
1TŻ5,2023-03-16,spóźnienie,1
1TŻ5,2023-03-16,nieob. uspr. p.s.,1
1TŻ5,2023-03-17,nieob. uspr. p.s.,5
1TŻ5,2023-03-20,nieob. uspr. p.s.,3
1TŻ5,2023-03-22,nieob. uspraw.,18
1TŻ5,2023-03-23,nieob. uspr. p.s.,9
1TŻ5,2023-03-27,nieob. uspraw.,48
1TŻ5,2023-03-28,nieob. uspraw.,24
1TŻ5,2023-04-03,nieobecność,16
1TŻ5,2023-04-13,nieob. uspr. p.s.,1
1TŻ5,2023-04-18,nieob. uspr. p.s.,1
1TŻ5,2023-04-19,nieobecność,1
1TŻ5,2023-04-19,nieob. uspr. p.s.,1
1TŻ5,2023-04-20,nieobecność,1
1TŻ5,2023-04-24,nieob. uspr. p.s.,2
1TŻ5,2023-04-25,nieobecność,7
1TŻ5,2023-04-26,nieobecność,3
1TŻ5,2023-04-26,nieob. uspr. p.s.,1
1TŻ5,2023-04-27,nieob. uspr. p.s.,4
1TŻ5,2023-04-28,nieob. uspr. p.s.,5
1TŻ5,2023-05-16,nieob. uspr. p.s.,2
1TŻ5,2023-05-17,nieob. uspr. p.s.,1
1TŻ5,2023-05-19,spóźnienie,2
1TŻ5,2022-09-12,nieob. uspraw.,8
1TŻ5,2022-09-13,nieob. uspraw.,17
1TŻ5,2022-10-21,nieob. uspraw.,15
1TŻ5,2022-12-09,nieob. uspraw.,29
1TŻ5,2023-01-25,nieobecność,5
1TŻ5,2023-01-26,nieobecność,8
1TŻ5,2023-01-27,nieobecność,7
1TŻ5,2023-01-30,nieobecność,8
1TŻ5,2023-01-31,nieobecność,8
1TŻ5,2023-04-12,spóźnienie,3
1TŻ5,2023-05-23,nieob. uspr. p.s.,1
1TŻ5,2023-06-07,nieob. uspr. p.s.,1
1TŻ5,2023-06-13,nieob. uspr. p.s.,1
1TŻ5,2023-02-09,nieob. uspr. p.s.,2
1TŻ5,2023-04-24,nieob. uspraw.,16
1TŻ5,2023-05-10,nieob. uspraw.,12
1TŻ5,2023-05-29,nieob. uspr. p.s.,1
1TŻ5,2022-09-20,nieob. uspraw.,22
1TŻ5,2022-09-21,nieob. uspraw.,9
1TŻ5,2022-09-22,nieob. uspraw.,7
1TŻ5,2022-10-17,nieob. uspraw.,40
1TŻ5,2022-10-19,nieob. uspraw.,12
1TŻ5,2022-11-03,spóźnienie,2
1TŻ5,2022-11-04,nieob. uspraw.,14
1TŻ5,2022-11-17,nieobecność,1
1TŻ5,2022-11-28,nieob. uspraw.,8
1TŻ5,2022-11-29,nieob. uspraw.,16
1TŻ5,2022-11-30,nieob. uspraw.,7
1TŻ5,2023-02-06,nieobecność,8
1TŻ5,2023-03-20,nieob. uspraw.,28
1TŻ5,2023-05-17,nieobecność,1
1TŻ5,2023-06-12,nieob. uspr. p.s.,1
1TŻ5,2023-01-17,nieobecność,2
1TŻ5,2023-04-13,nieob. uspraw.,21
1TŻ5,2023-06-23,nieobecność,8
1TŻ5,2022-11-09,nieob. uspraw.,22
1TŻ5,2022-12-13,nieob. uspraw.,8
1TŻ5,2023-01-02,nieobecność,8
1TŻ5,2023-03-02,nieobecność,4
1TŻ5,2023-03-17,nieobecność,10
1TŻ5,2023-03-27,nieob. uspr. p.s.,2
1TŻ5,2023-04-13,nieobecność,7
1TŻ5,2023-06-05,nieob. uspr. p.s.,2
1TŻ5,2023-06-06,nieobecność,4
1TŻ5,2022-10-03,spóźn. uspr.,3
1TŻ5,2022-10-04,nieob. uspraw.,7
1TŻ5,2022-12-08,nieob. uspraw.,13
1TŻ5,2023-02-28,nieob. uspraw.,7
1TŻ5,2023-04-03,nieob. uspraw.,32
1TŻ5,2023-05-11,nieob. uspraw.,11
1TŻ5,2023-05-30,nieob. uspraw.,13
1TŻ5,2022-09-15,nieob. uspraw.,7
1TŻ5,2022-12-05,nieobecność,8
1TŻ5,2022-12-06,nieobecność,8
1TŻ5,2022-12-09,nieobecność,7
1TŻ5,2023-03-15,nieob. uspraw.,10
1TŻ5,2023-04-17,nieobecność,4
1TŻ5,2023-05-24,nieob. uspraw.,9
1TŻ5,2023-05-25,nieob. uspraw.,14
1TŻ5,2022-10-20,nieob. uspraw.,12
1TŻ5,2022-10-25,nieob. uspraw.,9
1TŻ5,2022-12-15,spóźn. uspr.,1
1TŻ5,2022-12-21,nieob. uspraw.,14
1TŻ5,2023-04-17,spóźnienie,1
1TŻ5,2023-04-18,nieob. uspraw.,1
1TŻ5,2023-04-27,nieob. uspraw.,8
1TŻ5,2023-05-09,nieob. uspraw.,14
1TŻ5,2023-05-16,nieob. uspraw.,7
1TŻ5,2023-05-17,nieob. uspraw.,7
1TŻ5,2023-05-31,nieob. uspraw.,6
1TŻ5,2022-10-03,spóźnienie,1
1TŻ5,2022-11-25,nieob. uspraw.,6
1TŻ5,2022-12-22,nieob. uspraw.,9
1TŻ5,2023-01-09,nieobecność,8
1TŻ5,2023-01-13,nieobecność,5
1TŻ5,2023-02-07,nieobecność,1
1TŻ5,2023-02-27,nieobecność,8
1TŻ5,2023-03-15,nieobecność,5
1TŻ5,2023-03-24,nieobecność,21
1TŻ5,2023-03-27,nieobecność,8
1TŻ5,2023-03-29,nieob. uspr. p.s.,1
1TŻ5,2023-03-30,nieob. uspr. p.s.,8
1TŻ5,2023-04-28,nieobecność,5
1TŻ5,2023-05-19,nieobecność,3
1TŻ5,2022-11-24,nieob. uspr. p.s.,1
1TŻ5,2022-11-25,nieob. uspr. p.s.,2
1TŻ5,2022-12-12,spóźn. uspr.,1
1TŻ5,2023-04-25,nieob. uspr. p.s.,1
1TŻ5,2023-04-18,nieobecność,5
1TŻ5,2022-11-18,nieobecność,1
1TŻ5,2022-12-05,nieob. uspraw.,7
1TŻ5,2022-12-07,nieob. uspraw.,5
1TŻ5,2022-12-16,nieob. uspraw.,4
1TŻ5,2023-01-20,nieobecność,1
1TŻ5,2023-01-23,spóźn. uspr.,1
1TŻ5,2023-03-22,nieobecność,12
1TŻ5,2022-09-06,spóźnienie,1
1TŻ5,2022-09-14,nieobecność,7
1TŻ5,2022-09-15,nieobecność,7
1TŻ5,2022-09-16,nieobecność,7
1TŻ5,2022-09-21,nieobecność,8
1TŻ5,2022-09-22,nieobecność,14
1TŻ5,2022-09-23,nieobecność,6
1TŻ5,2023-03-15,nieob. uspr. p.s.,2
1TŻ5,2022-09-02,nieob. uspraw.,6
1TŻ5,2022-11-07,nieob. uspraw.,8
2RŻ5,2022-09-01,obecność,161
2RŻ5,2022-09-02,obecność,159
2RŻ5,2022-09-02,nieob. uspraw.,41
2RŻ5,2022-09-05,obecność,164
2RŻ5,2022-09-06,obecność,192
2RŻ5,2022-09-07,obecność,178
2RŻ5,2022-09-08,obecność,164
2RŻ5,2022-09-09,obecność,138
2RŻ5,2022-09-12,obecność,183
2RŻ5,2022-09-12,nieob. uspraw.,16
2RŻ5,2022-09-13,obecność,171
2RŻ5,2022-09-14,obecność,179
2RŻ5,2022-09-15,obecność,169
2RŻ5,2022-09-15,nieob. uspraw.,18
2RŻ5,2022-09-16,nieob. uspraw.,26
2RŻ5,2022-09-19,obecność,146
2RŻ5,2022-09-19,nieob. uspraw.,44
2RŻ5,2022-09-20,nieob. uspraw.,51
2RŻ5,2022-09-21,obecność,148
2RŻ5,2022-09-21,nieob. uspraw.,47
2RŻ5,2022-09-21,nieobecność,5
2RŻ5,2022-09-22,obecność,117
2RŻ5,2022-09-23,obecność,83
2RŻ5,2022-09-26,obecność,152
2RŻ5,2022-09-27,obecność,149
2RŻ5,2022-09-28,nieob. uspraw.,72
2RŻ5,2022-09-29,obecność,128
2RŻ5,2022-09-30,obecność,116
2RŻ5,2022-10-03,spóźnienie,4
2RŻ5,2022-10-03,obecność,164
2RŻ5,2022-10-03,nieobecność,1
2RŻ5,2022-10-04,obecność,138
2RŻ5,2022-10-05,obecność,184
2RŻ5,2022-10-06,spóźnienie,1
2RŻ5,2022-10-06,obecność,135
2RŻ5,2022-10-07,nieob. uspraw.,57
2RŻ5,2022-10-10,obecność,177
2RŻ5,2022-10-10,nieobecność,1
2RŻ5,2022-10-11,obecność,183
2RŻ5,2022-10-12,nieob. uspraw.,16
2RŻ5,2022-10-13,obecność,116
2RŻ5,2022-10-13,nieobecność,42
2RŻ5,2022-10-17,obecność,175
2RŻ5,2022-10-18,obecność,180
2RŻ5,2022-10-19,obecność,158
2RŻ5,2022-10-20,obecność,84
2RŻ5,2022-10-21,obecność,132
2RŻ5,2022-10-24,obecność,181
2RŻ5,2022-10-24,nieob. uspr. p.s.,2
2RŻ5,2022-10-25,obecność,169
2RŻ5,2022-10-26,obecność,168
2RŻ5,2022-10-27,obecność,164
2RŻ5,2022-10-28,obecność,153
2RŻ5,2022-11-02,obecność,182
2RŻ5,2022-11-03,obecność,163
2RŻ5,2022-11-04,nieob. uspraw.,14
2RŻ5,2022-11-07,obecność,159
2RŻ5,2022-11-07,nieob. uspraw.,22
2RŻ5,2022-11-08,obecność,196
2RŻ5,2022-11-09,obecność,160
2RŻ5,2022-11-10,nieob. uspraw.,37
2RŻ5,2022-11-14,obecność,183
2RŻ5,2022-11-15,obecność,197
2RŻ5,2022-11-16,obecność,183
2RŻ5,2022-11-17,obecność,169
2RŻ5,2022-11-18,obecność,148
2RŻ5,2022-11-21,obecność,169
2RŻ5,2022-11-22,obecność,172
2RŻ5,2022-11-23,obecność,168
2RŻ5,2022-11-23,nieob. uspraw.,20
2RŻ5,2022-11-24,obecność,145
2RŻ5,2022-11-25,nieob. uspraw.,52
2RŻ5,2022-11-28,obecność,132
2RŻ5,2022-11-29,obecność,132
2RŻ5,2022-11-30,obecność,181
2RŻ5,2022-12-01,obecność,164
2RŻ5,2022-12-02,nieob. uspraw.,22
2RŻ5,2022-12-05,obecność,160
2RŻ5,2022-12-05,nieobecność,12
2RŻ5,2022-12-07,obecność,154
2RŻ5,2022-12-08,obecność,161
2RŻ5,2022-12-09,obecność,117
2RŻ5,2022-12-12,nieob. uspraw.,32
2RŻ5,2022-12-12,obecność,147
2RŻ5,2022-12-13,nieob. uspraw.,17
2RŻ5,2022-12-14,nieob. uspraw.,1
2RŻ5,2022-12-14,obecność,178
2RŻ5,2022-12-15,obecność,166
2RŻ5,2022-12-16,obecność,152
2RŻ5,2022-12-16,nieob. uspr. p.s.,1
2RŻ5,2022-12-19,obecność,150
2RŻ5,2022-12-20,nieob. uspraw.,36
2RŻ5,2022-12-21,nieob. uspraw.,10
2RŻ5,2022-12-21,obecność,180
2RŻ5,2022-12-22,nieobecność,18
2RŻ5,2022-12-22,obecność,131
2RŻ5,2023-01-02,nieob. uspraw.,60
2RŻ5,2023-01-02,obecność,130
2RŻ5,2023-01-03,obecność,140
2RŻ5,2023-01-04,obecność,171
2RŻ5,2023-01-05,obecność,155
2RŻ5,2023-01-09,obecność,182
2RŻ5,2023-01-10,obecność,160
2RŻ5,2023-01-11,obecność,196
2RŻ5,2023-01-12,obecność,149
2RŻ5,2023-01-13,nieob. uspraw.,18
2RŻ5,2023-01-16,obecność,176
2RŻ5,2023-01-17,obecność,152
2RŻ5,2023-01-18,obecność,192
2RŻ5,2023-01-19,obecność,170
2RŻ5,2023-01-20,obecność,145
2RŻ5,2023-01-23,obecność,153
2RŻ5,2023-01-23,nieob. uspraw.,35
2RŻ5,2023-01-24,obecność,131
2RŻ5,2023-01-25,obecność,173
2RŻ5,2023-01-26,obecność,169
2RŻ5,2023-01-26,nieobecność,1
2RŻ5,2023-01-27,obecność,128
2RŻ5,2023-01-30,obecność,153
2RŻ5,2023-01-31,obecność,160
2RŻ5,2023-02-01,obecność,196
2RŻ5,2023-02-02,obecność,167
2RŻ5,2023-02-03,nieob. uspraw.,28
2RŻ5,2023-02-06,nieob. uspraw.,22
2RŻ5,2023-02-06,obecność,100
2RŻ5,2023-02-07,obecność,165
2RŻ5,2023-02-08,obecność,189
2RŻ5,2023-02-09,obecność,161
2RŻ5,2023-02-10,nieob. uspraw.,34
2RŻ5,2023-02-27,obecność,165
2RŻ5,2023-02-27,nieobecność,2
2RŻ5,2023-02-28,obecność,151
2RŻ5,2023-03-01,obecność,191
2RŻ5,2023-03-02,obecność,174
2RŻ5,2023-03-02,nieobecność,4
2RŻ5,2023-03-03,nieob. uspraw.,22
2RŻ5,2023-03-06,obecność,175
2RŻ5,2023-03-07,obecność,163
2RŻ5,2023-03-08,obecność,198
2RŻ5,2023-03-09,obecność,191
2RŻ5,2023-03-09,nieobecność,1
2RŻ5,2023-03-10,nieob. uspraw.,13
2RŻ5,2023-03-13,obecność,176
2RŻ5,2023-03-14,obecność,167
2RŻ5,2023-03-15,obecność,192
2RŻ5,2023-03-16,obecność,134
2RŻ5,2023-03-16,nieob. uspraw.,51
2RŻ5,2023-03-17,nieob. uspraw.,51
2RŻ5,2023-03-20,nieob. uspraw.,71
2RŻ5,2023-03-20,obecność,112
2RŻ5,2023-03-21,nieob. uspraw.,158
2RŻ5,2023-03-22,nieob. uspraw.,39
2RŻ5,2023-03-23,obecność,160
2RŻ5,2023-03-23,nieobecność,3
2RŻ5,2023-03-24,nieob. uspraw.,53
2RŻ5,2023-03-27,obecność,139
2RŻ5,2023-03-28,obecność,146
2RŻ5,2023-03-29,nieob. uspraw.,40
2RŻ5,2023-03-30,obecność,171
2RŻ5,2023-03-30,nieobecność,6
2RŻ5,2023-03-31,obecność,143
2RŻ5,2023-04-03,obecność,146
2RŻ5,2023-04-04,nieob. uspraw.,27
2RŻ5,2023-04-05,obecność,148
2RŻ5,2023-04-12,obecność,115
2RŻ5,2023-04-13,nieob. uspraw.,51
2RŻ5,2023-04-13,,22
2RŻ5,2023-04-14,nieob. uspraw.,46
2RŻ5,2023-05-09,obecność,141
2RŻ5,2023-05-10,obecność,167
2RŻ5,2023-05-11,nieob. uspraw.,48
2RŻ5,2023-05-12,obecność,126
2RŻ5,2023-05-15,obecność,112
2RŻ5,2023-05-16,obecność,141
2RŻ5,2023-05-17,obecność,102
2RŻ5,2023-05-18,obecność,169
2RŻ5,2023-05-19,obecność,137
2RŻ5,2023-05-22,obecność,147
2RŻ5,2023-05-22,nieob. uspraw.,36
2RŻ5,2023-05-23,obecność,139
2RŻ5,2023-05-24,obecność,181
2RŻ5,2023-05-25,obecność,163
2RŻ5,2023-05-29,obecność,162
2RŻ5,2023-05-30,obecność,90
2RŻ5,2023-05-31,nieob. uspraw.,69
2RŻ5,2023-06-01,obecność,142
2RŻ5,2023-06-02,obecność,59
2RŻ5,2023-06-02,nieob. uspraw.,40
2RŻ5,2023-06-05,nieob. uspraw.,28
2RŻ5,2023-06-05,obecność,79
2RŻ5,2023-06-06,obecność,111
2RŻ5,2023-06-06,nieob. uspraw.,26
2RŻ5,2023-06-07,nieob. uspraw.,67
2RŻ5,2023-06-07,nieobecność,21
2RŻ5,2023-06-12,obecność,122
2RŻ5,2023-06-12,nieob. uspraw.,41
2RŻ5,2023-06-13,nieob. uspraw.,78
2RŻ5,2023-06-14,nieob. uspraw.,136
2RŻ5,2023-06-15,nieob. uspraw.,185
2RŻ5,2023-06-16,nieob. uspraw.,152
2RŻ5,2023-06-19,nieobecność,143
2RŻ5,2023-06-20,nieobecność,123
2RŻ5,2023-06-21,nieobecność,90
2RŻ5,2023-06-21,nieob. uspraw.,96
2RŻ5,2023-06-22,nieobecność,172
2RŻ5,2023-06-23,obecność,154
2RŻ5,2022-09-01,nieob. uspraw.,14
2RŻ5,2022-09-05,nieob. uspraw.,10
2RŻ5,2022-09-06,nieob. uspraw.,8
2RŻ5,2022-09-07,nieob. uspraw.,17
2RŻ5,2022-09-08,nieob. uspraw.,24
2RŻ5,2022-09-09,nieob. uspraw.,35
2RŻ5,2022-09-14,nieob. uspraw.,17
2RŻ5,2022-09-16,obecność,99
2RŻ5,2022-09-20,obecność,146
2RŻ5,2022-09-22,nieob. uspraw.,55
2RŻ5,2022-09-23,nieob. uspraw.,62
2RŻ5,2022-09-28,obecność,112
2RŻ5,2022-10-04,nieob. uspraw.,3
2RŻ5,2022-10-06,spóźn. uspr.,3
2RŻ5,2022-10-12,obecność,174
2RŻ5,2022-10-18,nieobecność,5
2RŻ5,2022-10-19,nieob. uspraw.,24
2RŻ5,2022-10-27,spóźnienie,4
2RŻ5,2022-11-04,obecność,161
2RŻ5,2022-11-10,obecność,124
2RŻ5,2022-11-25,obecność,105
2RŻ5,2022-12-02,obecność,147
2RŻ5,2022-12-05,nieob. uspraw.,7
2RŻ5,2022-12-07,nieob. uspr. p.s.,3
2RŻ5,2022-12-09,nieob. uspraw.,40
2RŻ5,2022-12-13,obecność,177
2RŻ5,2022-12-19,nieob. uspraw.,25
2RŻ5,2022-12-20,obecność,126
2RŻ5,2023-01-03,nieob. uspraw.,19
2RŻ5,2023-01-13,obecność,132
2RŻ5,2023-01-23,nieob. uspr. p.s.,1
2RŻ5,2023-01-24,nieob. uspraw.,28
2RŻ5,2023-01-25,nieob. uspraw.,26
2RŻ5,2023-01-26,nieob. uspraw.,23
2RŻ5,2023-01-31,nieob. uspraw.,9
2RŻ5,2023-02-07,nieob. uspraw.,8
2RŻ5,2023-02-28,nieob. uspraw.,16
2RŻ5,2023-03-03,obecność,126
2RŻ5,2023-03-06,nieob. uspraw.,20
2RŻ5,2023-03-09,nieob. uspraw.,3
2RŻ5,2023-03-10,obecność,123
2RŻ5,2023-03-13,nieob. uspraw.,22
2RŻ5,2023-03-22,obecność,160
2RŻ5,2023-03-23,nieob. uspraw.,32
2RŻ5,2023-03-28,nieob. uspraw.,24
2RŻ5,2023-03-29,obecność,159
2RŻ5,2023-03-31,nieob. uspraw.,18
2RŻ5,2023-04-03,nieob. uspraw.,41
2RŻ5,2023-04-04,obecność,146
2RŻ5,2023-04-12,nieob. uspraw.,49
2RŻ5,2023-05-11,obecność,121
2RŻ5,2023-05-17,nieob. uspraw.,35
2RŻ5,2023-05-18,nieob. uspraw.,26
2RŻ5,2023-05-31,obecność,115
2RŻ5,2023-06-06,nieobecność,16
2RŻ5,2022-09-07,spóźnienie,5
2RŻ5,2022-09-14,nieobecność,1
2RŻ5,2022-09-19,spóźnienie,7
2RŻ5,2022-09-20,spóźnienie,3
2RŻ5,2022-09-26,spóźnienie,5
2RŻ5,2022-09-27,nieobecność,3
2RŻ5,2022-10-07,nieob. uspr. p.s.,104
2RŻ5,2022-10-17,spóźnienie,4
2RŻ5,2022-10-25,spóźnienie,5
2RŻ5,2022-10-28,nieobecność,6
2RŻ5,2022-11-03,spóźnienie,3
2RŻ5,2022-11-10,nieobecność,10
2RŻ5,2022-11-17,nieob. uspraw.,5
2RŻ5,2022-11-18,spóźnienie,2
2RŻ5,2022-11-24,spóźnienie,2
2RŻ5,2022-11-30,nieob. uspraw.,7
2RŻ5,2022-12-01,nieob. uspraw.,10
2RŻ5,2022-12-05,spóźnienie,5
2RŻ5,2022-12-05,zwolniony,3
2RŻ5,2022-12-13,nieobecność,6
2RŻ5,2022-12-16,spóźnienie,2
2RŻ5,2022-12-19,spóźnienie,9
2RŻ5,2022-12-19,nieob. uspr. p.s.,3
2RŻ5,2022-12-22,nieob. uspraw.,13
2RŻ5,2023-01-02,nieob. uspr. p.s.,4
2RŻ5,2023-01-25,nieobecność,1
2RŻ5,2023-01-27,nieob. uspraw.,24
2RŻ5,2023-01-30,spóźnienie,5
2RŻ5,2023-02-01,nieobecność,3
2RŻ5,2023-02-02,nieobecność,3
2RŻ5,2023-02-02,spóźnienie,3
2RŻ5,2023-02-03,obecność,121
2RŻ5,2023-02-03,nieobecność,13
2RŻ5,2023-02-08,nieob. uspr. p.s.,3
2RŻ5,2023-02-10,obecność,106
2RŻ5,2023-02-27,spóźnienie,9
2RŻ5,2023-02-28,spóźnienie,3
2RŻ5,2023-03-17,obecność,56
2RŻ5,2023-03-24,obecność,100
2RŻ5,2023-03-27,nieob. uspraw.,33
2RŻ5,2023-04-03,nieobecność,6
2RŻ5,2023-04-05,nieobecność,1
2RŻ5,2023-04-13,obecność,103
2RŻ5,2023-04-13,spóźnienie,3
2RŻ5,2023-04-14,obecność,69
2RŻ5,2023-05-09,nieob. uspraw.,28
2RŻ5,2023-05-12,nieob. uspraw.,24
2RŻ5,2023-06-01,nieobecność,17
2RŻ5,2023-06-02,nieobecność,17
2RŻ5,2023-06-05,nieob. uspr. p.s.,28
2RŻ5,2023-06-06,spóźnienie,5
2RŻ5,2023-06-07,obecność,112
2RŻ5,2023-06-13,obecność,89
2RŻ5,2023-06-13,zwolniony,2
2RŻ5,2023-06-23,nieob. uspraw.,21
2RŻ5,2022-09-22,spóźnienie,3
2RŻ5,2022-10-03,spóźn. uspr.,1
2RŻ5,2022-10-13,nieob. uspraw.,18
2RŻ5,2022-10-18,spóźnienie,3
2RŻ5,2022-10-28,nieob. uspraw.,16
2RŻ5,2022-11-09,nieob. uspraw.,26
2RŻ5,2022-11-15,spóźnienie,1
2RŻ5,2022-11-25,spóźnienie,1
2RŻ5,2022-11-28,nieob. uspraw.,36
2RŻ5,2022-12-12,spóźnienie,4
2RŻ5,2022-12-15,spóźnienie,1
2RŻ5,2022-12-20,spóźnienie,5
2RŻ5,2023-01-03,spóźnienie,1
2RŻ5,2023-01-05,spóźnienie,6
2RŻ5,2023-01-12,spóźnienie,1
2RŻ5,2023-01-17,spóźnienie,1
2RŻ5,2023-01-19,nieob. uspraw.,17
2RŻ5,2023-01-20,spóźnienie,1
2RŻ5,2023-01-23,spóźnienie,4
2RŻ5,2023-01-24,spóźnienie,1
2RŻ5,2023-01-31,spóźnienie,5
2RŻ5,2023-02-02,nieob. uspraw.,2
2RŻ5,2023-02-06,spóźnienie,2
2RŻ5,2023-03-01,nieob. uspraw.,9
2RŻ5,2023-03-02,nieob. uspraw.,17
2RŻ5,2023-03-06,nieob. uspr. p.s.,2
2RŻ5,2023-03-22,spóźnienie,1
2RŻ5,2023-03-28,spóźnienie,1
2RŻ5,2023-03-30,spóźnienie,3
2RŻ5,2023-03-30,nieob. uspr. p.s.,1
2RŻ5,2023-04-03,spóźnienie,2
2RŻ5,2023-05-09,spóźnienie,5
2RŻ5,2023-05-15,spóźnienie,2
2RŻ5,2023-05-16,nieob. uspraw.,22
2RŻ5,2023-05-16,spóźnienie,2
2RŻ5,2023-05-17,spóźnienie,1
2RŻ5,2023-05-22,spóźnienie,2
2RŻ5,2023-05-23,nieob. uspraw.,35
2RŻ5,2023-05-25,nieobecność,14
2RŻ5,2023-06-01,nieob. uspraw.,36
2RŻ5,2023-06-13,spóźnienie,1
2RŻ5,2023-06-19,nieob. uspraw.,53
2RŻ5,2023-06-20,nieob. uspraw.,29
2RŻ5,2022-09-27,nieob. uspraw.,48
2RŻ5,2022-09-29,nieob. uspraw.,60
2RŻ5,2022-09-30,nieob. uspraw.,34
2RŻ5,2022-10-03,nieob. uspr. p.s.,2
2RŻ5,2022-10-26,nieob. uspraw.,16
2RŻ5,2022-11-18,nieob. uspr. p.s.,3
2RŻ5,2022-11-22,nieob. uspraw.,25
2RŻ5,2022-11-24,nieob. uspraw.,25
2RŻ5,2022-11-29,nieob. uspr. p.s.,8
2RŻ5,2023-03-03,nieob. uspr. p.s.,9
2RŻ5,2023-04-13,nieob. uspr. p.s.,2
2RŻ5,2023-06-02,nieob. uspr. p.s.,4
2RŻ5,2023-06-06,nieob. uspr. p.s.,4
2RŻ5,2023-06-12,nieob. uspr. p.s.,24
2RŻ5,2023-06-14,obecność,64
2RŻ5,2023-06-16,obecność,6
2RŻ5,2023-06-19,obecność,4
2RŻ5,2023-06-20,obecność,23
2RŻ5,2023-06-21,obecność,14
2RŻ5,2023-06-22,obecność,6
2RŻ5,2022-10-07,obecność,7
2RŻ5,2023-04-12,nieob. uspr. p.s.,5
2RŻ5,2023-04-13,nieobecność,13
2RŻ5,2023-05-12,nieobecność,7
2RŻ5,2022-10-06,nieob. uspraw.,36
2RŻ5,2022-11-25,nieob. uspr. p.s.,4
2RŻ5,2022-11-28,nieobecność,5
2RŻ5,2023-03-21,obecność,3
2RŻ5,2023-05-19,nieob. uspraw.,20
2RŻ5,2022-09-13,nieob. uspraw.,29
2RŻ5,2022-10-04,nieob. uspr. p.s.,9
2RŻ5,2022-10-18,nieob. uspraw.,12
2RŻ5,2022-10-19,nieob. uspr. p.s.,18
2RŻ5,2022-10-20,nieob. uspr. p.s.,12
2RŻ5,2022-10-21,nieob. uspr. p.s.,26
2RŻ5,2022-12-19,spóźn. uspr.,1
2RŻ5,2022-12-20,spóźn. uspr.,1
2RŻ5,2023-02-01,nieob. uspraw.,1
2RŻ5,2023-03-14,nieob. uspraw.,3
2RŻ5,2023-04-03,nieob. uspr. p.s.,4
2RŻ5,2022-09-14,spóźn. uspr.,1
2RŻ5,2022-09-26,spóźn. uspr.,1
2RŻ5,2022-10-10,nieob. uspraw.,9
2RŻ5,2022-10-11,nieob. uspraw.,15
2RŻ5,2022-10-21,nieob. uspraw.,14
2RŻ5,2022-10-25,nieob. uspraw.,1
2RŻ5,2022-10-26,nieob. uspr. p.s.,16
2RŻ5,2022-10-27,spóźn. uspr.,1
2RŻ5,2022-11-02,nieob. uspraw.,10
2RŻ5,2022-11-03,nieob. uspraw.,9
2RŻ5,2022-11-15,nieob. uspraw.,1
2RŻ5,2022-11-21,nieob. uspraw.,15
2RŻ5,2022-11-29,nieob. uspraw.,10
2RŻ5,2022-12-07,nieob. uspraw.,22
2RŻ5,2022-12-08,nieob. uspraw.,9
2RŻ5,2022-12-15,nieob. uspraw.,8
2RŻ5,2022-12-16,nieob. uspraw.,8
2RŻ5,2023-01-05,nieob. uspraw.,25
2RŻ5,2023-01-09,spóźn. uspr.,1
2RŻ5,2023-01-10,nieob. uspraw.,11
2RŻ5,2023-01-11,nieob. uspraw.,1
2RŻ5,2023-01-16,spóźn. uspr.,1
2RŻ5,2023-01-16,nieob. uspraw.,12
2RŻ5,2023-01-17,nieob. uspraw.,8
2RŻ5,2023-01-20,nieob. uspraw.,20
2RŻ5,2023-02-09,nieob. uspraw.,33
2RŻ5,2023-03-03,spóźn. uspr.,1
2RŻ5,2023-03-07,nieob. uspraw.,1
2RŻ5,2023-03-30,nieob. uspraw.,14
2RŻ5,2023-03-31,spóźn. uspr.,1
2RŻ5,2023-04-05,nieob. uspraw.,26
2RŻ5,2023-05-11,spóźn. uspr.,1
2RŻ5,2023-05-12,spóźnienie,1
2RŻ5,2023-05-15,nieob. uspraw.,21
2RŻ5,2023-05-16,nieobecność,8
2RŻ5,2023-05-19,spóźn. uspr.,1
2RŻ5,2023-05-23,spóźn. uspr.,1
2RŻ5,2023-05-25,nieob. uspraw.,16
2RŻ5,2023-05-29,nieob. uspraw.,28
2RŻ5,2023-05-31,nieobecność,16
2RŻ5,2023-06-13,nieobecność,3
2RŻ5,2022-09-19,nieobecność,2
2RŻ5,2022-09-22,nieobecność,1
2RŻ5,2022-09-23,nieobecność,5
2RŻ5,2022-09-28,nieob. uspr. p.s.,16
2RŻ5,2022-11-18,nieob. uspraw.,8
2RŻ5,2022-12-02,nieobecność,6
2RŻ5,2022-12-07,nieobecność,9
2RŻ5,2022-12-08,nieobecność,4
2RŻ5,2022-12-15,nieobecność,1
2RŻ5,2022-12-21,nieobecność,10
2RŻ5,2023-01-02,nieobecność,6
2RŻ5,2023-01-10,spóźn. uspr.,1
2RŻ5,2023-01-12,nieob. uspraw.,11
2RŻ5,2023-01-12,nieobecność,1
2RŻ5,2023-01-23,nieobecność,7
2RŻ5,2023-01-30,nieob. uspraw.,30
2RŻ5,2023-02-09,nieobecność,1
2RŻ5,2023-02-10,nieobecność,18
2RŻ5,2023-04-14,nieobecność,8
2RŻ5,2023-05-25,nieob. uspr. p.s.,2
2RŻ5,2023-05-30,nieob. uspraw.,18
2RŻ5,2022-10-27,nieobecność,1
2RŻ5,2022-11-07,nieobecność,5
2RŻ5,2022-11-17,nieobecność,2
2RŻ5,2022-11-18,nieobecność,2
2RŻ5,2022-11-21,nieobecność,2
2RŻ5,2022-11-22,nieobecność,1
2RŻ5,2022-11-24,nieobecność,3
2RŻ5,2022-12-01,nieobecność,2
2RŻ5,2023-01-09,nieob. uspraw.,11
2RŻ5,2023-01-09,nieobecność,3
2RŻ5,2023-01-10,spóźnienie,1
2RŻ5,2023-01-16,spóźnienie,2
2RŻ5,2023-01-27,nieobecność,3
2RŻ5,2023-02-28,nieobecność,2
2RŻ5,2023-03-16,nieobecność,10
2RŻ5,2023-03-31,nieobecność,1
2RŻ5,2023-04-14,spóźnienie,1
2RŻ5,2023-05-29,nieobecność,10
2RŻ5,2023-06-12,nieobecność,13
2RŻ5,2022-09-19,spóźn. uspr.,1
2RŻ5,2022-09-26,nieob. uspraw.,42
2RŻ5,2022-10-07,nieobecność,7
2RŻ5,2022-10-12,nieobecność,10
2RŻ5,2022-10-21,spóźnienie,3
2RŻ5,2022-11-08,nieob. uspraw.,2
2RŻ5,2022-11-21,nieob. uspr. p.s.,1
2RŻ5,2022-11-28,nieob. uspr. p.s.,1
2RŻ5,2023-01-05,nieobecność,2
2RŻ5,2023-01-18,nieob. uspraw.,7
2RŻ5,2023-01-19,spóźnienie,1
2RŻ5,2023-04-03,spóźn. uspr.,1
2RŻ5,2023-04-13,spóźn. uspr.,1
2RŻ5,2023-04-14,spóźn. uspr.,1
2RŻ5,2023-05-09,spóźn. uspr.,1
2RŻ5,2023-05-10,nieob. uspraw.,32
2RŻ5,2022-10-05,nieob. uspraw.,16
2RŻ5,2023-01-04,nieob. uspraw.,14
2RŻ5,2023-03-07,spóźnienie,2
2RŻ5,2023-03-20,spóźnienie,1
2RŻ5,2022-10-11,nieob. uspr. p.s.,1
2RŻ5,2022-10-24,nieob. uspraw.,2
2RŻ5,2022-11-03,nieob. uspr. p.s.,1
2RŻ5,2022-11-07,nieob. uspr. p.s.,1
2RŻ5,2022-11-10,nieob. uspr. p.s.,5
2RŻ5,2022-11-24,nieob. uspr. p.s.,1
2RŻ5,2022-12-08,nieob. uspr. p.s.,2
2RŻ5,2023-01-03,nieob. uspr. p.s.,2
2RŻ5,2023-01-09,nieob. uspr. p.s.,3
2RŻ5,2023-01-10,nieob. uspr. p.s.,2
2RŻ5,2023-01-11,nieob. uspr. p.s.,1
2RŻ5,2023-01-17,nieob. uspr. p.s.,2
2RŻ5,2023-01-18,nieob. uspr. p.s.,1
2RŻ5,2023-02-07,nieob. uspr. p.s.,2
2RŻ5,2023-03-07,nieob. uspr. p.s.,8
2RŻ5,2023-05-15,nieob. uspr. p.s.,1
2RŻ5,2023-06-15,,1
2RŻ5,2022-09-05,nieobecność,1
2RŻ5,2022-10-03,nieob. uspraw.,15
2RŻ5,2022-11-16,nieob. uspraw.,3
2RŻ5,2022-12-12,nieobecność,4
2RŻ5,2023-01-16,nieobecność,9
2RŻ5,2023-02-08,nieob. uspraw.,7
2RŻ5,2023-02-08,nieobecność,1
2RŻ5,2023-03-17,nieobecność,13
2RŻ5,2023-03-20,nieobecność,15
2RŻ5,2023-05-24,nieob. uspraw.,17
2RŻ5,2023-06-22,nieob. uspraw.,17
2RŻ5,2022-12-14,nieobecność,9
2RŻ5,2023-03-24,nieobecność,5
2RŻ5,2023-03-28,nieobecność,4
2RŻ5,2022-09-12,spóźn. uspr.,1
2RŻ5,2022-10-17,nieob. uspraw.,8
2RŻ5,2023-02-27,spóźn. uspr.,1
2RŻ5,2023-06-15,nieobecność,9
2RŻ5,2022-09-15,nieobecność,1
2RŻ5,2022-10-27,nieob. uspraw.,6
2RŻ5,2022-11-25,nieobecność,1
2RŻ5,2022-12-19,nieobecność,12
2RŻ5,2022-12-20,nieobecność,7
2RŻ5,2023-04-12,nieobecność,6
2RŻ5,2023-05-10,nieobecność,1
2RŻ5,2023-05-30,nieobecność,4
2RŻ5,2023-02-27,nieob. uspraw.,9
2RŻ5,2023-03-07,spóźn. uspr.,1
2RŻ5,2023-03-20,spóźn. uspr.,1
2RŻ5,2023-05-16,spóźn. uspr.,1
2RŻ5,2023-05-22,spóźn. uspr.,1
2RŻ5,2023-02-28,nieob. uspr. p.s.,2
2RŻ5,2023-02-28,spóźn. uspr.,1
2RŻ5,2023-03-10,nieob. uspr. p.s.,8
2RŻ5,2023-03-15,nieob. uspraw.,8
2RŻ5,2023-03-21,nieob. uspr. p.s.,7
2RŻ5,2023-03-27,nieob. uspr. p.s.,3
2RŻ5,2023-04-14,nieob. uspr. p.s.,8
2RŻ5,2022-10-06,nieobecność,1
2RŻ5,2022-10-11,nieobecność,1
2RŻ5,2022-10-20,nieob. uspraw.,4
2RŻ5,2022-10-24,nieobecność,2
2RŻ5,2023-01-04,nieobecność,2
2RŻ5,2023-01-11,nieobecność,2
2RŻ5,2023-01-20,nieob. uspr. p.s.,2
2RŻ5,2023-01-27,spóźn. uspr.,1
2RŻ5,2023-01-31,nieob. uspr. p.s.,1
2RŻ5,2023-03-06,nieobecność,3
2RŻ5,2023-03-08,nieob. uspraw.,1
2RŻ5,2023-03-29,nieobecność,1
2RŻ5,2023-05-16,nieob. uspr. p.s.,1
2RŻ5,2023-06-13,nieob. uspr. p.s.,1
2RŻ5,2022-11-15,nieob. uspr. p.s.,1
2RŻ5,2023-01-20,nieobecność,2
2RŻ5,2023-03-08,nieob. uspr. p.s.,1
2RŻ5,2023-03-13,nieobecność,1
2RŻ5,2023-03-14,nieob. uspr. p.s.,5
2RŻ5,2023-04-04,nieob. uspr. p.s.,2
2RŻ5,2022-09-09,spóźnienie,2
2RŻ5,2022-09-14,spóźnienie,2
2RŻ5,2022-11-08,spóźnienie,2
2RŻ5,2022-11-09,spóźnienie,2
2RŻ5,2022-11-16,nieobecność,2
2RŻ5,2022-11-22,nieob. uspr. p.s.,2
2RŻ5,2022-12-09,nieobecność,6
2RŻ5,2023-01-26,spóźnienie,2
2RŻ5,2023-05-15,nieobecność,1
2RŻ5,2023-05-22,nieobecność,2
2RŻ5,2023-05-24,nieob. uspr. p.s.,2
2RŻ5,2022-11-02,nieobecność,8
2RŻ5,2022-11-14,nieob. uspr. p.s.,3
2RŻ5,2022-11-14,nieobecność,1
2RŻ5,2023-01-24,nieob. uspr. p.s.,3
2RŻ5,2023-01-27,nieob. uspr. p.s.,2
2RŻ5,2023-03-10,nieobecność,1
2RŻ5,2023-03-13,nieob. uspr. p.s.,1
2RŻ5,2023-03-21,nieobecność,7
2RŻ5,2023-06-05,nieobecność,4
2RŻ5,2023-06-13,spóźn. uspr.,1
2RŻ5,2023-02-03,nieob. uspr. p.s.,1
2RŻ5,2023-02-06,spóźn. uspr.,1
2RŻ5,2023-02-27,nieob. uspr. p.s.,1
2TM5,2022-09-01,obecność,176
2TM5,2022-09-02,obecność,150
2TM5,2022-09-05,nieob. uspraw.,20
2TM5,2022-09-06,nieob. uspraw.,8
2TM5,2022-09-07,nieob. uspraw.,35
2TM5,2022-09-08,obecność,121
2TM5,2022-09-08,nieob. uspraw.,24
2TM5,2022-09-09,nieob. uspraw.,23
2TM5,2022-09-12,nieob. uspraw.,40
2TM5,2022-09-13,obecność,136
2TM5,2022-09-13,nieob. uspraw.,34
2TM5,2022-09-14,obecność,151
2TM5,2022-09-14,spóźn. uspr.,1
2TM5,2022-09-14,nieob. uspraw.,24
2TM5,2022-09-15,obecność,148
2TM5,2022-09-16,nieob. uspr. p.s.,14
2TM5,2022-09-19,obecność,134
2TM5,2022-09-20,obecność,155
2TM5,2022-09-21,obecność,155
2TM5,2022-09-22,obecność,137
2TM5,2022-09-23,obecność,110
2TM5,2022-09-26,nieob. uspraw.,32
2TM5,2022-09-27,obecność,121
2TM5,2022-09-28,obecność,121
2TM5,2022-09-29,obecność,118
2TM5,2022-09-29,spóźn. uspr.,3
2TM5,2022-09-30,obecność,119
2TM5,2022-10-03,obecność,151
2TM5,2022-10-04,obecność,94
2TM5,2022-10-04,nieobecność,14
2TM5,2022-10-05,obecność,149
2TM5,2022-10-06,obecność,98
2TM5,2022-10-07,nieobecność,29
2TM5,2022-10-10,obecność,164
2TM5,2022-10-11,obecność,95
2TM5,2022-10-12,obecność,106
2TM5,2022-10-13,obecność,69
2TM5,2022-10-13,nieobecność,35
2TM5,2022-10-17,obecność,163
2TM5,2022-10-18,obecność,169
2TM5,2022-10-19,obecność,147
2TM5,2022-10-20,obecność,47
2TM5,2022-10-21,obecność,173
2TM5,2022-10-24,obecność,148
2TM5,2022-10-25,obecność,137
2TM5,2022-10-25,nieob. uspr. p.s.,21
2TM5,2022-10-26,obecność,82
2TM5,2022-10-27,obecność,124
2TM5,2022-10-27,nieobecność,12
2TM5,2022-10-28,obecność,167
2TM5,2022-11-02,obecność,122
2TM5,2022-11-02,nieob. uspr. p.s.,3
2TM5,2022-11-03,obecność,120
2TM5,2022-11-04,obecność,152
2TM5,2022-11-07,obecność,133
2TM5,2022-11-08,obecność,129
2TM5,2022-11-09,obecność,131
2TM5,2022-11-10,obecność,114
2TM5,2022-11-10,spóźnienie,2
2TM5,2022-11-10,nieob. uspr. p.s.,9
2TM5,2022-11-14,obecność,157
2TM5,2022-11-15,obecność,152
2TM5,2022-11-15,nieobecność,5
2TM5,2022-11-16,obecność,115
2TM5,2022-11-17,obecność,125
2TM5,2022-11-17,nieob. uspr. p.s.,2
2TM5,2022-11-18,obecność,132
2TM5,2022-11-21,obecność,152
2TM5,2022-11-22,obecność,159
2TM5,2022-11-23,obecność,126
2TM5,2022-11-23,zwolniony,2
2TM5,2022-11-24,nieob. uspr. p.s.,13
2TM5,2022-11-24,obecność,91
2TM5,2022-11-25,obecność,119
2TM5,2022-11-28,obecność,114
2TM5,2022-11-29,obecność,132
2TM5,2022-11-30,obecność,133
2TM5,2022-12-01,obecność,116
2TM5,2022-12-01,nieob. uspr. p.s.,2
2TM5,2022-12-02,obecność,125
2TM5,2022-12-05,nieob. uspraw.,20
2TM5,2022-12-06,nieob. uspraw.,27
2TM5,2022-12-07,nieob. uspraw.,34
2TM5,2022-12-08,nieob. uspraw.,14
2TM5,2022-12-09,nieob. uspraw.,30
2TM5,2022-12-09,obecność,123
2TM5,2022-12-12,obecność,162
2TM5,2022-12-13,obecność,163
2TM5,2022-12-14,obecność,135
2TM5,2022-12-15,obecność,145
2TM5,2022-12-16,obecność,146
2TM5,2022-12-19,obecność,129
2TM5,2022-12-20,obecność,72
2TM5,2022-12-20,spóźnienie,5
2TM5,2022-12-21,obecność,111
2TM5,2022-12-22,obecność,176
2TM5,2023-01-02,nieob. uspr. p.s.,8
2TM5,2023-01-02,obecność,130
2TM5,2023-01-03,nieobecność,16
2TM5,2023-01-03,spóźnienie,2
2TM5,2023-01-03,obecność,154
2TM5,2023-01-04,obecność,125
2TM5,2023-01-05,nieob. uspraw.,27
2TM5,2023-01-09,obecność,109
2TM5,2023-01-10,nieobecność,2
2TM5,2023-01-10,spóźnienie,4
2TM5,2023-01-10,obecność,143
2TM5,2023-01-11,obecność,140
2TM5,2023-01-12,obecność,149
2TM5,2023-01-12,nieob. uspr. p.s.,10
2TM5,2023-01-12,nieobecność,7
2TM5,2023-01-13,obecność,156
2TM5,2023-01-16,obecność,114
2TM5,2023-01-17,obecność,148
2TM5,2023-01-17,nieobecność,19
2TM5,2023-01-18,obecność,105
2TM5,2023-01-19,obecność,161
2TM5,2023-01-19,nieobecność,5
2TM5,2023-01-19,spóźnienie,2
2TM5,2023-01-20,obecność,118
2TM5,2023-01-23,obecność,147
2TM5,2023-01-23,nieobecność,16
2TM5,2023-01-24,obecność,135
2TM5,2023-01-24,spóźnienie,4
2TM5,2023-01-25,obecność,122
2TM5,2023-01-25,spóźnienie,5
2TM5,2023-01-26,obecność,111
2TM5,2023-01-27,obecność,97
2TM5,2023-01-30,obecność,100
2TM5,2023-01-31,obecność,78
2TM5,2023-02-01,nieobecność,20
2TM5,2023-02-02,obecność,98
2TM5,2023-02-03,obecność,108
2TM5,2023-02-03,nieobecność,20
2TM5,2023-02-06,nieobecność,9
2TM5,2023-02-06,obecność,153
2TM5,2023-02-07,nieobecność,16
2TM5,2023-02-08,obecność,141
2TM5,2023-02-09,obecność,120
2TM5,2023-02-10,obecność,90
2TM5,2023-02-27,nieob. uspraw.,21
2TM5,2023-02-28,nieob. uspraw.,8
2TM5,2023-03-01,nieob. uspraw.,29
2TM5,2023-03-02,nieob. uspraw.,14
2TM5,2023-03-03,nieob. uspraw.,38
2TM5,2023-03-06,obecność,124
2TM5,2023-03-07,obecność,139
2TM5,2023-03-08,obecność,152
2TM5,2023-03-09,obecność,136
2TM5,2023-03-10,obecność,94
2TM5,2023-03-13,obecność,128
2TM5,2023-03-14,obecność,139
2TM5,2023-03-15,obecność,40
2TM5,2023-03-15,nieob. uspr. p.s.,20
2TM5,2023-03-16,obecność,116
2TM5,2023-03-20,obecność,142
2TM5,2023-03-21,obecność,75
2TM5,2023-03-21,nieobecność,14
2TM5,2023-03-22,obecność,109
2TM5,2023-03-23,obecność,95
2TM5,2023-03-24,obecność,53
2TM5,2023-03-27,obecność,124
2TM5,2023-03-28,obecność,107
2TM5,2023-03-29,obecność,137
2TM5,2023-03-30,obecność,116
2TM5,2023-03-31,obecność,106
2TM5,2023-03-31,nieobecność,21
2TM5,2023-04-03,nieob. uspraw.,27
2TM5,2023-04-04,obecność,113
2TM5,2023-04-05,obecność,126
2TM5,2023-04-12,nieobecność,9
2TM5,2023-04-13,nieobecność,22
2TM5,2023-04-14,nieobecność,33
2TM5,2023-05-09,obecność,127
2TM5,2023-05-10,obecność,154
2TM5,2023-05-11,obecność,146
2TM5,2023-05-12,obecność,139
2TM5,2023-05-15,obecność,113
2TM5,2023-05-16,obecność,97
2TM5,2023-05-17,obecność,114
2TM5,2023-05-18,obecność,113
2TM5,2023-05-19,obecność,133
2TM5,2023-05-22,obecność,129
2TM5,2023-05-23,obecność,144
2TM5,2023-05-24,nieob. uspr. p.s.,16
2TM5,2023-05-24,obecność,143
2TM5,2023-05-25,obecność,138
2TM5,2023-05-29,obecność,147
2TM5,2023-05-30,obecność,129
2TM5,2023-05-31,obecność,74
2TM5,2023-05-31,nieobecność,16
2TM5,2023-06-01,obecność,115
2TM5,2023-06-02,nieobecność,45
2TM5,2023-06-05,obecność,107
2TM5,2023-06-06,obecność,140
2TM5,2023-06-07,obecność,114
2TM5,2023-06-12,obecność,76
2TM5,2023-06-12,nieobecność,50
2TM5,2023-06-13,nieob. uspr. p.s.,42
2TM5,2023-06-14,nieob. uspr. p.s.,48
2TM5,2023-06-15,nieob. uspr. p.s.,42
2TM5,2023-06-16,nieob. uspraw.,107
2TM5,2023-06-19,nieob. uspraw.,167
2TM5,2023-06-20,nieob. uspraw.,146
2TM5,2023-06-21,nieobecność,21
2TM5,2023-06-21,obecność,7
2TM5,2023-06-22,nieobecność,21
2TM5,2023-06-23,obecność,154
2TM5,2022-09-05,obecność,156
2TM5,2022-09-06,obecność,163
2TM5,2022-09-07,obecność,138
2TM5,2022-09-09,obecność,124
2TM5,2022-09-12,obecność,131
2TM5,2022-09-16,obecność,140
2TM5,2022-09-19,nieob. uspraw.,41
2TM5,2022-09-26,obecność,129
2TM5,2022-09-27,nieob. uspr. p.s.,20
2TM5,2022-10-05,nieob. uspraw.,2
2TM5,2022-10-07,obecność,102
2TM5,2022-11-02,nieob. uspraw.,29
2TM5,2022-11-16,nieob. uspraw.,16
2TM5,2022-11-24,nieob. uspraw.,43
2TM5,2022-11-28,nieob. uspraw.,30
2TM5,2022-11-29,nieob. uspraw.,27
2TM5,2022-11-30,nieob. uspraw.,15
2TM5,2022-12-01,nieob. uspraw.,27
2TM5,2022-12-02,nieob. uspraw.,48
2TM5,2022-12-05,obecność,156
2TM5,2022-12-06,obecność,141
2TM5,2022-12-07,obecność,61
2TM5,2022-12-08,obecność,129
2TM5,2022-12-09,spóźnienie,7
2TM5,2023-01-05,obecność,131
2TM5,2023-01-13,nieob. uspraw.,16
2TM5,2023-01-16,nieob. uspraw.,28
2TM5,2023-01-25,nieob. uspraw.,18
2TM5,2023-01-30,nieob. uspraw.,72
2TM5,2023-01-31,nieob. uspraw.,42
2TM5,2023-02-01,obecność,108
2TM5,2023-02-02,nieob. uspraw.,49
2TM5,2023-02-06,nieob. uspraw.,10
2TM5,2023-02-07,obecność,127
2TM5,2023-02-27,obecność,142
2TM5,2023-02-28,obecność,123
2TM5,2023-03-01,obecność,124
2TM5,2023-03-01,spóźn. uspr.,4
2TM5,2023-03-02,obecność,125
2TM5,2023-03-02,nieob. uspr. p.s.,9
2TM5,2023-03-03,obecność,108
2TM5,2023-03-06,nieob. uspraw.,9
2TM5,2023-03-07,nieob. uspraw.,8
2TM5,2023-03-09,nieob. uspraw.,3
2TM5,2023-03-09,nieob. uspr. p.s.,5
2TM5,2023-03-10,nieob. uspraw.,43
2TM5,2023-03-15,nieob. uspraw.,22
2TM5,2023-03-16,nieob. uspr. p.s.,1
2TM5,2023-03-20,nieob. uspr. p.s.,2
2TM5,2023-03-23,nieob. uspraw.,35
2TM5,2023-03-27,nieob. uspraw.,24
2TM5,2023-03-27,spóźn. uspr.,1
2TM5,2023-03-31,nieob. uspraw.,26
2TM5,2023-04-05,nieob. uspr. p.s.,6
2TM5,2023-04-12,obecność,111
2TM5,2023-04-12,nieob. uspraw.,28
2TM5,2023-04-13,obecność,39
2TM5,2023-04-13,nieob. uspr. p.s.,14
2TM5,2023-04-14,obecność,114
2TM5,2023-05-09,nieob. uspraw.,3
2TM5,2023-05-16,nieob. uspr. p.s.,2
2TM5,2023-05-22,nieob. uspraw.,20
2TM5,2023-05-23,nieob. uspraw.,7
2TM5,2023-05-24,spóźn. uspr.,1
2TM5,2023-05-29,nieobecność,9
2TM5,2023-05-30,nieob. uspraw.,22
2TM5,2023-05-31,nieob. uspraw.,20
2TM5,2023-06-02,obecność,116
2TM5,2023-06-06,nieob. uspraw.,9
2TM5,2023-06-07,nieob. uspraw.,16
2TM5,2023-06-12,nieob. uspraw.,49
2TM5,2023-06-19,obecność,9
2TM5,2022-09-23,nieob. uspraw.,41
2TM5,2022-09-30,nieob. uspraw.,35
2TM5,2022-10-03,nieob. uspraw.,10
2TM5,2022-10-04,nieob. uspraw.,11
2TM5,2022-10-06,spóźnienie,8
2TM5,2022-10-07,nieob. uspraw.,23
2TM5,2022-10-11,nieob. uspraw.,14
2TM5,2022-10-13,nieob. uspraw.,14
2TM5,2022-10-17,nieob. uspraw.,7
2TM5,2022-10-19,nieob. uspraw.,2
2TM5,2022-10-20,nieobecność,7
2TM5,2022-10-24,nieob. uspraw.,12
2TM5,2022-10-26,nieobecność,2
2TM5,2022-11-03,nieob. uspraw.,20
2TM5,2022-11-10,nieobecność,12
2TM5,2022-11-14,nieob. uspraw.,11
2TM5,2022-11-21,nieob. uspraw.,21
2TM5,2022-11-23,nieob. uspraw.,22
2TM5,2022-11-25,nieob. uspraw.,56
2TM5,2022-11-29,nieobecność,5
2TM5,2022-12-12,nieobecność,6
2TM5,2022-12-19,nieobecność,8
2TM5,2022-12-20,nieob. uspraw.,95
2TM5,2022-12-21,nieob. uspraw.,14
2TM5,2023-01-05,nieobecność,11
2TM5,2023-01-09,nieobecność,8
2TM5,2023-01-16,nieobecność,4
2TM5,2023-01-20,nieob. uspraw.,40
2TM5,2023-01-27,nieobecność,39
2TM5,2023-02-01,nieob. uspraw.,48
2TM5,2023-02-03,nieob. uspraw.,48
2TM5,2023-03-01,nieobecność,9
2TM5,2023-03-03,nieobecność,29
2TM5,2023-03-08,nieobecność,9
2TM5,2023-03-09,nieobecność,10
2TM5,2023-03-13,nieob. uspraw.,24
2TM5,2023-03-20,nieobecność,3
2TM5,2023-03-22,nieob. uspr. p.s.,3
2TM5,2023-03-24,nieobecność,33
2TM5,2023-03-28,nieobecność,7
2TM5,2023-04-03,obecność,137
2TM5,2023-04-03,nieobecność,9
2TM5,2023-05-15,nieobecność,2
2TM5,2023-05-17,nieob. uspr. p.s.,7
2TM5,2023-05-19,nieobecność,19
2TM5,2023-05-24,nieobecność,9
2TM5,2023-05-29,nieob. uspr. p.s.,3
2TM5,2023-06-01,nieobecność,17
2TM5,2023-06-05,nieobecność,52
2TM5,2023-06-13,nieobecność,29
2TM5,2023-06-14,nieobecność,65
2TM5,2023-06-15,nieobecność,58
2TM5,2022-09-26,nieobecność,5
2TM5,2022-10-24,nieobecność,15
2TM5,2022-10-26,nieob. uspr. p.s.,48
2TM5,2022-11-07,nieob. uspraw.,31
2TM5,2022-11-08,nieob. uspraw.,35
2TM5,2022-11-09,nieob. uspraw.,22
2TM5,2022-11-15,nieob. uspraw.,19
2TM5,2023-02-10,nieobecność,28
2TM5,2023-03-21,nieob. uspraw.,65
2TM5,2023-05-18,nieob. uspr. p.s.,4
2TM5,2023-05-18,spóźnienie,1
2TM5,2023-05-22,nieobecność,23
2TM5,2023-05-30,nieobecność,3
2TM5,2023-06-13,nieob. uspraw.,34
2TM5,2023-06-13,obecność,27
2TM5,2023-06-14,obecność,29
2TM5,2023-06-15,nieob. uspraw.,45
2TM5,2023-06-21,nieob. uspraw.,148
2TM5,2023-06-22,nieob. uspraw.,127
2TM5,2022-09-27,nieob. uspraw.,29
2TM5,2022-10-04,nieob. uspr. p.s.,13
2TM5,2022-10-06,nieob. uspraw.,22
2TM5,2022-11-04,nieob. uspraw.,24
2TM5,2022-11-10,nieob. uspraw.,17
2TM5,2022-11-17,nieob. uspraw.,25
2TM5,2022-11-18,nieob. uspraw.,32
2TM5,2023-01-11,zwolniony,1
2TM5,2023-02-06,nieob. uspr. p.s.,3
2TM5,2023-02-10,nieob. uspr. p.s.,1
2TM5,2023-02-27,nieob. uspr. p.s.,6
2TM5,2023-03-01,nieob. uspr. p.s.,5
2TM5,2023-03-07,nieob. uspr. p.s.,5
2TM5,2023-03-13,nieob. uspr. p.s.,1
2TM5,2023-03-20,nieob. uspraw.,29
2TM5,2023-03-24,nieob. uspraw.,88
2TM5,2023-03-29,nieob. uspraw.,32
2TM5,2023-03-30,nieob. uspraw.,26
2TM5,2023-04-13,nieob. uspraw.,13
2TM5,2023-04-14,nieob. uspraw.,24
2TM5,2023-05-29,nieob. uspraw.,17
2TM5,2023-06-01,nieob. uspraw.,22
2TM5,2023-06-02,nieob. uspraw.,15
2TM5,2022-10-03,spóźn. uspr.,6
2TM5,2022-10-10,nieobecność,4
2TM5,2022-10-12,nieob. uspraw.,7
2TM5,2022-10-20,nieob. uspraw.,32
2TM5,2022-11-07,nieobecność,8
2TM5,2022-11-08,nieobecność,8
2TM5,2022-11-18,nieobecność,11
2TM5,2022-12-09,nieobecność,14
2TM5,2022-12-13,nieobecność,4
2TM5,2022-12-15,nieobecność,7
2TM5,2022-12-16,spóźnienie,12
2TM5,2022-12-21,nieobecność,19
2TM5,2023-01-04,nieobecność,2
2TM5,2023-01-20,nieobecność,16
2TM5,2023-02-08,nieobecność,15
2TM5,2023-02-09,nieob. uspr. p.s.,2
2TM5,2023-03-06,nieobecność,3
2TM5,2023-03-06,spóźnienie,6
2TM5,2023-03-08,spóźnienie,2
2TM5,2023-03-15,nieobecność,6
2TM5,2023-03-16,nieobecność,3
2TM5,2023-03-22,nieob. uspraw.,18
2TM5,2023-03-29,nieobecność,5
2TM5,2023-04-12,nieob. uspr. p.s.,5
2TM5,2023-05-09,nieobecność,2
2TM5,2023-05-10,nieobecność,9
2TM5,2023-05-16,nieobecność,4
2TM5,2023-05-23,nieobecność,3
2TM5,2023-05-24,spóźnienie,4
2TM5,2022-09-08,nieob. uspr. p.s.,7
2TM5,2022-09-15,nieob. uspraw.,2
2TM5,2022-09-20,nieob. uspraw.,20
2TM5,2022-09-22,nieob. uspr. p.s.,9
2TM5,2022-09-22,spóźnienie,1
2TM5,2022-09-26,spóźnienie,2
2TM5,2022-09-28,nieob. uspraw.,15
2TM5,2022-09-29,spóźnienie,4
2TM5,2022-09-29,nieob. uspraw.,17
2TM5,2022-09-29,nieob. uspr. p.s.,12
2TM5,2022-10-03,spóźnienie,1
2TM5,2022-10-06,nieob. uspr. p.s.,17
2TM5,2022-10-10,nieob. uspraw.,3
2TM5,2022-10-13,nieob. uspr. p.s.,14
2TM5,2022-10-19,spóźnienie,5
2TM5,2022-10-25,nieob. uspraw.,16
2TM5,2022-10-27,nieob. uspr. p.s.,9
2TM5,2022-11-07,spóźnienie,3
2TM5,2022-11-21,spóźnienie,1
2TM5,2022-11-22,spóźnienie,1
2TM5,2022-11-28,spóźnienie,6
2TM5,2022-12-01,nieobecność,8
2TM5,2022-12-01,spóźnienie,1
2TM5,2022-12-07,nieobecność,15
2TM5,2022-12-12,spóźnienie,1
2TM5,2022-12-14,nieob. uspraw.,4
2TM5,2022-12-15,spóźnienie,1
2TM5,2022-12-21,spóźnienie,5
2TM5,2023-01-02,spóźnienie,2
2TM5,2023-01-03,nieob. uspraw.,2
2TM5,2023-01-04,nieob. uspraw.,23
2TM5,2023-01-12,spóźnienie,1
2TM5,2023-01-16,spóźnienie,1
2TM5,2023-01-17,nieob. uspraw.,2
2TM5,2023-01-18,spóźnienie,1
2TM5,2023-01-23,spóźnienie,1
2TM5,2023-01-31,spóźnienie,3
2TM5,2023-02-06,spóźnienie,1
2TM5,2023-02-08,spóźnienie,2
2TM5,2023-02-09,nieobecność,18
2TM5,2023-02-10,nieob. uspraw.,35
2TM5,2023-02-27,spóźnienie,2
2TM5,2023-03-01,spóźnienie,5
2TM5,2023-03-02,spóźnienie,1
2TM5,2023-03-07,spóźnienie,1
2TM5,2023-03-22,spóźnienie,1
2TM5,2023-04-03,spóźnienie,3
2TM5,2023-05-10,nieob. uspraw.,12
2TM5,2023-05-12,nieob. uspraw.,26
2TM5,2023-05-16,nieob. uspraw.,7
2TM5,2023-05-25,nieob. uspraw.,8
2TM5,2023-06-05,nieob. uspraw.,17
2TM5,2023-06-14,nieob. uspraw.,34
2TM5,2023-06-16,obecność,3
2TM5,2022-09-07,nieobecność,3
2TM5,2022-09-09,spóźnienie,2
2TM5,2022-09-21,nieobecność,2
2TM5,2022-09-23,nieobecność,1
2TM5,2022-09-27,nieobecność,6
2TM5,2022-09-28,nieob. uspr. p.s.,32
2TM5,2022-10-11,nieobecność,9
2TM5,2022-10-12,nieobecność,13
2TM5,2022-10-17,nieobecność,4
2TM5,2022-10-28,nieobecność,7
2TM5,2022-11-03,nieobecność,10
2TM5,2022-11-09,spóźnienie,1
2TM5,2022-11-14,nieobecność,2
2TM5,2022-11-14,spóźnienie,3
2TM5,2022-11-16,nieobecność,22
2TM5,2022-11-21,nieobecność,2
2TM5,2022-11-22,nieobecność,2
2TM5,2022-11-24,nieobecność,6
2TM5,2022-11-29,spóźnienie,2
2TM5,2022-12-08,nieobecność,7
2TM5,2022-12-16,nieobecność,12
2TM5,2022-12-20,nieobecność,3
2TM5,2023-01-02,nieobecność,2
2TM5,2023-01-09,spóźnienie,2
2TM5,2023-01-30,nieobecność,4
2TM5,2023-02-02,nieobecność,7
2TM5,2023-03-02,spóźn. uspr.,1
2TM5,2023-03-03,spóźnienie,1
2TM5,2023-03-30,nieobecność,12
2TM5,2023-04-04,nieobecność,7
2TM5,2023-04-05,nieobecność,24
2TM5,2023-04-12,spóźnienie,1
2TM5,2023-05-25,nieobecność,8
2TM5,2023-06-06,nieobecność,5
2TM5,2023-06-07,nieobecność,24
2TM5,2023-06-12,spóźnienie,1
2TM5,2022-09-06,nieob. uspr. p.s.,5
2TM5,2022-09-13,nieob. uspr. p.s.,6
2TM5,2022-09-15,nieob. uspr. p.s.,4
2TM5,2022-10-11,nieob. uspr. p.s.,14
2TM5,2022-10-18,nieobecność,5
2TM5,2022-11-08,nieob. uspr. p.s.,4
2TM5,2023-01-02,nieob. uspraw.,12
2TM5,2023-01-23,nieob. uspraw.,9
2TM5,2023-01-26,nieob. uspraw.,34
2TM5,2023-03-14,nieob. uspraw.,13
2TM5,2022-09-09,nieobecność,5
2TM5,2022-09-20,nieobecność,1
2TM5,2022-10-21,spóźn. uspr.,1
2TM5,2022-12-06,nieob. uspr. p.s.,7
2TM5,2022-12-08,nieob. uspr. p.s.,4
2TM5,2022-12-19,nieob. uspraw.,14
2TM5,2023-01-05,nieob. uspr. p.s.,7
2TM5,2023-01-09,nieob. uspraw.,28
2TM5,2023-01-18,nieob. uspraw.,6
2TM5,2023-01-27,nieob. uspraw.,40
2TM5,2023-02-27,nieobecność,5
2TM5,2023-03-16,nieob. uspraw.,12
2TM5,2023-03-23,nieobecność,2
2TM5,2023-05-15,nieob. uspraw.,14
2TM5,2023-05-19,nieob. uspraw.,16
2TM5,2022-09-08,nieobecność,2
2TM5,2022-09-12,nieobecność,4
2TM5,2022-09-19,nieobecność,1
2TM5,2022-09-21,nieob. uspraw.,16
2TM5,2022-10-03,nieobecność,3
2TM5,2022-10-05,nieobecność,1
2TM5,2022-10-25,nieobecność,2
2TM5,2022-11-17,nieobecność,2
2TM5,2023-01-10,nieob. uspraw.,18
2TM5,2023-01-12,nieob. uspraw.,9
2TM5,2023-01-18,nieobecność,11
2TM5,2023-01-24,nieobecność,4
2TM5,2023-03-02,nieobecność,4
2TM5,2023-05-11,nieob. uspraw.,7
2TM5,2023-05-17,nieob. uspraw.,11
2TM5,2023-06-20,obecność,8
2TM5,2022-09-21,spóźn. uspr.,2
2TM5,2022-09-28,spóźn. uspr.,5
2TM5,2022-10-06,spóźn. uspr.,2
2TM5,2023-01-10,nieob. uspr. p.s.,9
2TM5,2023-01-11,nieob. uspr. p.s.,12
2TM5,2023-01-16,nieob. uspr. p.s.,7
2TM5,2023-01-17,nieob. uspr. p.s.,7
2TM5,2023-01-18,nieob. uspr. p.s.,9
2TM5,2023-01-24,nieob. uspr. p.s.,3
2TM5,2023-01-25,nieob. uspr. p.s.,7
2TM5,2023-02-07,nieob. uspraw.,9
2TM5,2023-02-08,nieob. uspraw.,16
2TM5,2023-03-06,nieob. uspr. p.s.,12
2TM5,2023-03-08,nieob. uspr. p.s.,13
2TM5,2023-03-27,nieob. uspr. p.s.,5
2TM5,2023-03-29,spóźn. uspr.,1
2TM5,2023-04-04,nieob. uspraw.,11
2TM5,2023-04-05,nieob. uspraw.,20
2TM5,2023-05-15,spóźn. uspr.,1
2TM5,2023-05-18,nieob. uspraw.,12
2TM5,2023-05-22,nieob. uspr. p.s.,3
2TM5,2023-05-24,nieob. uspraw.,3
2TM5,2023-06-15,obecność,9
2TM5,2022-09-12,spóźn. uspr.,1
2TM5,2022-10-12,nieob. uspr. p.s.,5
2TM5,2022-10-17,nieob. uspr. p.s.,2
2TM5,2022-11-23,spóźn. uspr.,1
2TM5,2022-11-24,spóźnienie,1
2TM5,2023-01-13,nieob. uspr. p.s.,3
2TM5,2023-01-24,nieob. uspraw.,8
2TM5,2023-03-28,nieob. uspraw.,18
2TM5,2022-10-28,nieob. uspr. p.s.,2
2TM5,2022-11-07,nieob. uspr. p.s.,1
2TM5,2022-12-14,nieobecność,5
2TM5,2023-01-23,nieob. uspr. p.s.,3
2TM5,2023-01-25,spóźn. uspr.,1
2TM5,2023-04-04,nieob. uspr. p.s.,1
2TM5,2023-04-14,nieob. uspr. p.s.,5
2TM5,2023-05-12,nieob. uspr. p.s.,4
2TM5,2023-05-15,nieob. uspr. p.s.,1
2TM5,2023-05-19,nieob. uspr. p.s.,8
2TM5,2022-10-12,spóźn. uspr.,1
2TM5,2022-10-18,nieob. uspraw.,1
2TM5,2022-10-21,nieob. uspraw.,1
2TM5,2022-10-27,spóźn. uspr.,1
2TM5,2022-10-27,nieob. uspraw.,8
2TM5,2022-11-03,spóźn. uspr.,1
2TM5,2022-11-14,nieob. uspr. p.s.,3
2TM5,2022-11-18,nieob. uspr. p.s.,1
2TM5,2022-11-22,nieob. uspraw.,11
2TM5,2022-11-22,nieob. uspr. p.s.,3
2TM5,2022-11-28,nieob. uspr. p.s.,3
2TM5,2022-11-28,spóźn. uspr.,1
2TM5,2022-11-29,spóźn. uspr.,1
2TM5,2022-11-29,nieob. uspr. p.s.,9
2TM5,2022-11-30,spóźn. uspr.,1
2TM5,2022-12-12,nieob. uspraw.,2
2TM5,2022-12-13,nieob. uspraw.,8
2TM5,2022-12-15,nieob. uspraw.,1
2TM5,2022-12-16,nieob. uspraw.,2
2TM5,2022-12-19,nieob. uspr. p.s.,3
2TM5,2022-12-21,nieob. uspr. p.s.,5
2TM5,2023-01-11,nieobecność,1
2TM5,2023-01-26,nieobecność,9
2TM5,2023-01-31,nieobecność,9
2TM5,2023-03-07,nieobecność,1
2TM5,2023-03-10,nieobecność,10
2TM5,2023-03-29,spóźnienie,1
2TM5,2022-11-30,nieobecność,2
2TM5,2022-12-12,nieob. uspr. p.s.,4
2TM5,2023-01-09,nieob. uspr. p.s.,6
2TM5,2023-01-09,spóźn. uspr.,1
2TM5,2023-01-20,nieob. uspr. p.s.,2
2TM5,2023-03-14,nieobecność,2
2TM5,2023-03-22,nieobecność,1
2TM5,2023-05-15,spóźnienie,1
2TM5,2023-05-18,nieobecność,2
2TM5,2022-09-23,spóźn. uspr.,1
2TM5,2022-12-14,nieob. uspr. p.s.,10
2TM5,2023-01-19,nieob. uspraw.,7
2TM5,2023-03-24,nieob. uspr. p.s.,2
2TM5,2023-03-31,spóźn. uspr.,1
2TM5,2023-05-10,nieob. uspr. p.s.,1
2TM5,2022-09-21,nieob. uspr. p.s.,1
2TM5,2022-09-23,nieob. uspr. p.s.,1
2TM5,2022-09-26,nieob. uspr. p.s.,8
2TM5,2022-10-03,nieob. uspr. p.s.,5
2TM5,2022-10-05,nieob. uspr. p.s.,2
2TM5,2022-10-10,nieob. uspr. p.s.,5
2TM5,2022-10-20,nieob. uspr. p.s.,2
2TM5,2022-10-24,nieob. uspr. p.s.,1
2TM5,2022-11-03,nieob. uspr. p.s.,3
2TM5,2022-11-16,spóźn. uspr.,1
2TM5,2022-12-12,spóźn. uspr.,1
2TM5,2022-12-16,spóźn. uspr.,1
2TM5,2022-12-20,spóźn. uspr.,1
2TM5,2023-01-03,nieob. uspr. p.s.,2
2TM5,2023-01-19,nieob. uspr. p.s.,1
2TM5,2023-02-07,nieob. uspr. p.s.,2
2TM5,2023-02-09,nieob. uspraw.,14
2TM5,2023-02-28,nieob. uspr. p.s.,1
2TM5,2023-03-10,nieob. uspr. p.s.,7
2TM5,2022-12-02,nieob. uspr. p.s.,3
2TM5,2022-12-09,nieob. uspr. p.s.,2
2TM5,2022-12-16,nieob. uspr. p.s.,3
2TM5,2023-01-04,nieob. uspr. p.s.,3
2TM5,2022-09-28,nieobecność,2
2TM5,2022-09-28,spóźnienie,1
2TM5,2022-10-06,nieobecność,7
2TM5,2022-10-21,nieobecność,1
2TM5,2022-11-23,nieobecność,1
2TM5,2022-11-23,nieob. uspr. p.s.,2
2TM5,2022-11-25,nieobecność,1
2TM5,2022-11-30,nieob. uspr. p.s.,3
2TM5,2022-12-06,nieobecność,1
2TM5,2023-01-04,spóźnienie,1
2TM5,2023-01-13,nieobecność,1
2TM5,2023-01-25,nieobecność,1
2TM5,2023-02-08,nieob. uspr. p.s.,2
2TM5,2023-03-13,nieobecność,1
2TM5,2023-05-11,nieobecność,1
2TM5,2023-05-12,nieobecność,7
2TM5,2022-09-22,nieob. uspraw.,7
2TM5,2022-12-13,nieob. uspr. p.s.,1
2TM5,2022-10-18,spóźnienie,1
2TM5,2023-05-22,spóźnienie,1
2TM5,2023-06-22,obecność,6
2TW5,2022-09-01,obecność,184
2TW5,2022-09-02,obecność,143
2TW5,2022-09-02,nieob. uspraw.,18
2TW5,2022-09-05,obecność,161
2TW5,2022-09-06,obecność,152
2TW5,2022-09-07,nieob. uspraw.,14
2TW5,2022-09-08,obecność,167
2TW5,2022-09-09,obecność,162
2TW5,2022-09-12,obecność,140
2TW5,2022-09-13,obecność,134
2TW5,2022-09-14,obecność,152
2TW5,2022-09-15,obecność,150
2TW5,2022-09-16,obecność,154
2TW5,2022-09-16,nieob. uspraw.,26
2TW5,2022-09-19,obecność,147
2TW5,2022-09-20,obecność,133
2TW5,2022-09-21,obecność,98
2TW5,2022-09-22,obecność,161
2TW5,2022-09-23,nieob. uspraw.,54
2TW5,2022-09-26,obecność,144
2TW5,2022-09-27,obecność,144
2TW5,2022-09-28,nieob. uspraw.,25
2TW5,2022-09-29,nieob. uspraw.,27
2TW5,2022-09-30,nieob. uspraw.,34
2TW5,2022-10-03,obecność,131
2TW5,2022-10-04,obecność,116
2TW5,2022-10-05,obecność,152
2TW5,2022-10-06,obecność,170
2TW5,2022-10-07,obecność,133
2TW5,2022-10-10,obecność,141
2TW5,2022-10-11,obecność,122
2TW5,2022-10-12,obecność,161
2TW5,2022-10-13,obecność,159
2TW5,2022-10-17,obecność,152
2TW5,2022-10-18,nieob. uspraw.,15
2TW5,2022-10-19,obecność,158
2TW5,2022-10-20,obecność,149
2TW5,2022-10-21,obecność,98
2TW5,2022-10-21,nieob. uspr. p.s.,38
2TW5,2022-10-21,nieobecność,22
2TW5,2022-10-24,obecność,144
2TW5,2022-10-25,obecność,167
2TW5,2022-10-26,obecność,171
2TW5,2022-10-27,obecność,154
2TW5,2022-10-28,obecność,120
2TW5,2022-11-02,obecność,141
2TW5,2022-11-02,nieob. uspraw.,6
2TW5,2022-11-03,obecność,177
2TW5,2022-11-04,obecność,159
2TW5,2022-11-07,obecność,159
2TW5,2022-11-08,obecność,161
2TW5,2022-11-09,obecność,117
2TW5,2022-11-10,obecność,153
2TW5,2022-11-10,nieob. uspraw.,14
2TW5,2022-11-14,obecność,183
2TW5,2022-11-15,obecność,146
2TW5,2022-11-16,obecność,126
2TW5,2022-11-17,obecność,157
2TW5,2022-11-18,obecność,140
2TW5,2022-11-21,obecność,151
2TW5,2022-11-22,obecność,154
2TW5,2022-11-23,obecność,161
2TW5,2022-11-24,obecność,140
2TW5,2022-11-25,obecność,139
2TW5,2022-11-28,nieob. uspraw.,19
2TW5,2022-11-29,obecność,91
2TW5,2022-11-30,obecność,140
2TW5,2022-12-01,obecność,167
2TW5,2022-12-02,obecność,136
2TW5,2022-12-05,nieob. uspraw.,24
2TW5,2022-12-06,nieob. uspraw.,17
2TW5,2022-12-07,obecność,128
2TW5,2022-12-08,obecność,179
2TW5,2022-12-09,obecność,145
2TW5,2022-12-12,obecność,144
2TW5,2022-12-13,obecność,170
2TW5,2022-12-14,obecność,128
2TW5,2022-12-15,obecność,145
2TW5,2022-12-16,obecność,130
2TW5,2022-12-19,obecność,141
2TW5,2022-12-19,nieob. uspraw.,16
2TW5,2022-12-20,nieob. uspraw.,34
2TW5,2022-12-21,obecność,158
2TW5,2022-12-22,obecność,160
2TW5,2023-01-02,obecność,125
2TW5,2023-01-03,obecność,110
2TW5,2023-01-04,obecność,120
2TW5,2023-01-05,obecność,118
2TW5,2023-01-09,obecność,155
2TW5,2023-01-10,obecność,145
2TW5,2023-01-11,obecność,178
2TW5,2023-01-12,obecność,148
2TW5,2023-01-13,obecność,97
2TW5,2023-01-16,obecność,161
2TW5,2023-01-17,obecność,124
2TW5,2023-01-18,obecność,138
2TW5,2023-01-19,obecność,131
2TW5,2023-01-20,obecność,139
2TW5,2023-01-23,obecność,139
2TW5,2023-01-24,obecność,158
2TW5,2023-01-25,obecność,134
2TW5,2023-01-26,obecność,165
2TW5,2023-01-27,nieob. uspraw.,22
2TW5,2023-01-30,nieob. uspraw.,58
2TW5,2023-01-31,nieob. uspraw.,36
2TW5,2023-02-01,nieob. uspraw.,31
2TW5,2023-02-02,nieob. uspraw.,33
2TW5,2023-02-03,nieob. uspraw.,26
2TW5,2023-02-06,nieob. uspraw.,17
2TW5,2023-02-07,nieob. uspraw.,23
2TW5,2023-02-08,nieob. uspraw.,14
2TW5,2023-02-09,nieob. uspraw.,8
2TW5,2023-02-10,nieob. uspraw.,23
2TW5,2023-02-27,obecność,153
2TW5,2023-02-27,nieob. uspraw.,18
2TW5,2023-02-28,obecność,135
2TW5,2023-03-01,obecność,118
2TW5,2023-03-02,obecność,167
2TW5,2023-03-03,obecność,123
2TW5,2023-03-06,obecność,151
2TW5,2023-03-07,obecność,160
2TW5,2023-03-08,obecność,157
2TW5,2023-03-09,obecność,155
2TW5,2023-03-10,obecność,132
2TW5,2023-03-13,obecność,149
2TW5,2023-03-14,nieob. uspraw.,9
2TW5,2023-03-14,obecność,166
2TW5,2023-03-15,obecność,66
2TW5,2023-03-16,obecność,140
2TW5,2023-03-17,obecność,116
2TW5,2023-03-17,nieob. uspr. p.s.,2
2TW5,2023-03-20,obecność,151
2TW5,2023-03-21,nieob. uspraw.,91
2TW5,2023-03-22,obecność,141
2TW5,2023-03-23,obecność,125
2TW5,2023-03-24,obecność,131
2TW5,2023-03-27,nieob. uspraw.,68
2TW5,2023-03-28,obecność,106
2TW5,2023-03-28,nieob. uspraw.,36
2TW5,2023-03-29,obecność,120
2TW5,2023-03-30,obecność,136
2TW5,2023-03-30,nieob. uspr. p.s.,12
2TW5,2023-03-31,obecność,126
2TW5,2023-04-03,obecność,151
2TW5,2023-04-04,obecność,146
2TW5,2023-04-05,obecność,145
2TW5,2023-04-12,obecność,117
2TW5,2023-04-13,obecność,103
2TW5,2023-04-14,obecność,104
2TW5,2023-05-15,obecność,162
2TW5,2023-05-16,obecność,118
2TW5,2023-05-17,obecność,174
2TW5,2023-05-18,obecność,152
2TW5,2023-05-19,obecność,155
2TW5,2023-05-22,obecność,147
2TW5,2023-05-23,obecność,139
2TW5,2023-05-24,obecność,175
2TW5,2023-05-25,obecność,171
2TW5,2023-05-29,obecność,118
2TW5,2023-05-30,obecność,135
2TW5,2023-05-31,obecność,101
2TW5,2023-06-01,,138
2TW5,2023-06-01,obecność,23
2TW5,2023-06-02,obecność,102
2TW5,2023-06-05,obecność,122
2TW5,2023-06-06,nieob. uspraw.,91
2TW5,2023-06-07,,138
2TW5,2023-06-12,obecność,118
2TW5,2023-06-13,obecność,102
2TW5,2023-06-14,nieobecność,135
2TW5,2023-06-15,nieobecność,128
2TW5,2023-06-16,nieobecność,120
2TW5,2023-06-19,nieobecność,85
2TW5,2023-06-20,nieobecność,146
2TW5,2023-06-21,nieobecność,120
2TW5,2023-06-21,obecność,52
2TW5,2023-06-22,obecność,46
2TW5,2023-06-22,nieobecność,132
2TW5,2023-06-23,obecność,161
2TW5,2022-09-07,obecność,145
2TW5,2022-09-08,nieob. uspraw.,15
2TW5,2022-09-15,nieob. uspraw.,33
2TW5,2022-09-16,spóźnienie,2
2TW5,2022-09-23,nieobecność,12
2TW5,2022-09-26,spóźnienie,7
2TW5,2022-09-28,obecność,95
2TW5,2022-09-28,nieobecność,14
2TW5,2022-09-29,obecność,155
2TW5,2022-09-30,obecność,143
2TW5,2022-09-30,spóźnienie,6
2TW5,2022-10-03,nieob. uspr. p.s.,4
2TW5,2022-10-07,nieob. uspr. p.s.,11
2TW5,2022-10-18,obecność,160
2TW5,2022-10-24,spóźnienie,3
2TW5,2022-11-14,nieob. uspraw.,18
2TW5,2022-11-18,nieob. uspr. p.s.,4
2TW5,2022-11-18,nieobecność,9
2TW5,2022-11-28,obecność,134
2TW5,2022-12-05,obecność,144
2TW5,2022-12-06,obecność,155
2TW5,2022-12-07,nieob. uspraw.,14
2TW5,2022-12-09,nieob. uspraw.,10
2TW5,2022-12-12,nieob. uspraw.,16
2TW5,2022-12-16,spóźn. uspr.,2
2TW5,2022-12-20,obecność,108
2TW5,2022-12-21,spóźnienie,5
2TW5,2023-01-03,spóźnienie,2
2TW5,2023-01-09,nieobecność,5
2TW5,2023-01-12,spóźnienie,3
2TW5,2023-01-23,nieobecność,11
2TW5,2023-01-25,nieobecność,5
2TW5,2023-01-25,spóźnienie,5
2TW5,2023-01-27,obecność,123
2TW5,2023-01-30,nieobecność,18
2TW5,2023-01-31,obecność,131
2TW5,2023-01-31,spóźnienie,6
2TW5,2023-02-01,obecność,104
2TW5,2023-02-02,obecność,136
2TW5,2023-02-02,spóźnienie,3
2TW5,2023-02-03,obecność,133
2TW5,2023-02-06,obecność,146
2TW5,2023-02-07,nieobecność,2
2TW5,2023-02-07,nieob. uspr. p.s.,9
2TW5,2023-02-07,obecność,138
2TW5,2023-02-07,spóźnienie,3
2TW5,2023-02-09,obecność,175
2TW5,2023-02-10,obecność,125
2TW5,2023-03-01,spóźn. uspr.,4
2TW5,2023-03-07,nieob. uspr. p.s.,4
2TW5,2023-03-08,nieob. uspraw.,2
2TW5,2023-03-09,spóźnienie,1
2TW5,2023-03-16,spóźnienie,4
2TW5,2023-03-17,nieob. uspraw.,13
2TW5,2023-03-23,nieob. uspraw.,22
2TW5,2023-03-24,nieob. uspraw.,28
2TW5,2023-03-27,obecność,102
2TW5,2023-03-28,nieobecność,9
2TW5,2023-03-29,nieob. uspr. p.s.,2
2TW5,2023-04-03,spóźnienie,4
2TW5,2023-04-12,spóźnienie,7
2TW5,2023-04-13,spóźn. uspr.,1
2TW5,2023-04-14,nieobecność,16
2TW5,2023-05-22,nieob. uspraw.,19
2TW5,2023-05-23,spóźn. uspr.,1
2TW5,2023-05-29,nieob. uspraw.,47
2TW5,2023-05-30,nieobecność,3
2TW5,2023-06-02,nieobecność,15
2TW5,2023-06-05,nieob. uspraw.,35
2TW5,2023-06-12,nieob. uspraw.,38
2TW5,2023-06-15,obecność,11
2TW5,2023-06-16,obecność,4
2TW5,2022-09-09,nieob. uspraw.,21
2TW5,2022-09-12,nieobecność,9
2TW5,2022-09-13,nieob. uspraw.,22
2TW5,2022-09-19,spóźnienie,3
2TW5,2022-09-21,nieob. uspr. p.s.,1
2TW5,2022-10-28,nieobecność,23
2TW5,2022-11-02,nieobecność,7
2TW5,2022-11-22,nieobecność,7
2TW5,2022-11-24,nieob. uspr. p.s.,4
2TW5,2022-11-28,nieob. uspr. p.s.,3
2TW5,2022-11-29,nieob. uspr. p.s.,24
2TW5,2022-11-30,nieob. uspr. p.s.,4
2TW5,2022-12-05,spóźnienie,1
2TW5,2022-12-15,nieobecność,19
2TW5,2022-12-16,nieobecność,12
2TW5,2022-12-19,nieobecność,15
2TW5,2023-01-02,nieob. uspraw.,37
2TW5,2023-01-09,nieob. uspraw.,8
2TW5,2023-01-17,nieob. uspraw.,25
2TW5,2023-01-18,nieob. uspraw.,32
2TW5,2023-02-06,nieobecność,6
2TW5,2023-02-08,obecność,143
2TW5,2023-03-06,spóźnienie,1
2TW5,2023-03-09,nieob. uspraw.,17
2TW5,2023-03-10,nieob. uspraw.,15
2TW5,2023-03-13,nieob. uspraw.,23
2TW5,2023-03-20,spóźnienie,1
2TW5,2023-03-21,nieob. uspr. p.s.,28
2TW5,2023-04-12,nieob. uspraw.,27
2TW5,2023-04-13,nieob. uspraw.,24
2TW5,2023-04-14,nieob. uspraw.,18
2TW5,2023-05-15,nieobecność,1
2TW5,2023-05-19,nieob. uspraw.,4
2TW5,2023-05-30,nieob. uspraw.,20
2TW5,2023-05-31,nieob. uspraw.,37
2TW5,2022-09-07,nieob. uspr. p.s.,1
2TW5,2022-09-14,nieob. uspraw.,9
2TW5,2022-09-16,nieobecność,2
2TW5,2022-09-19,nieob. uspraw.,16
2TW5,2022-09-19,nieob. uspr. p.s.,6
2TW5,2022-09-20,nieobecność,1
2TW5,2022-09-20,nieob. uspr. p.s.,6
2TW5,2022-09-21,nieobecność,6
2TW5,2022-09-22,nieobecność,4
2TW5,2022-09-26,nieob. uspr. p.s.,6
2TW5,2022-09-27,nieob. uspr. p.s.,1
2TW5,2022-09-28,nieob. uspr. p.s.,27
2TW5,2022-10-10,nieob. uspraw.,14
2TW5,2022-10-11,nieob. uspraw.,32
2TW5,2022-10-17,nieob. uspr. p.s.,2
2TW5,2022-10-24,nieob. uspraw.,16
2TW5,2022-10-28,nieob. uspr. p.s.,4
2TW5,2022-11-02,nieob. uspr. p.s.,3
2TW5,2022-11-03,spóźnienie,2
2TW5,2022-11-04,nieob. uspr. p.s.,2
2TW5,2022-11-07,nieob. uspr. p.s.,8
2TW5,2022-11-09,nieob. uspr. p.s.,3
2TW5,2022-11-21,nieobecność,12
2TW5,2022-11-25,nieob. uspr. p.s.,8
2TW5,2022-12-01,nieobecność,9
2TW5,2022-12-02,nieobecność,9
2TW5,2022-12-05,nieobecność,3
2TW5,2022-12-07,nieobecność,18
2TW5,2022-12-08,nieob. uspr. p.s.,1
2TW5,2022-12-09,nieobecność,6
2TW5,2022-12-12,nieobecność,12
2TW5,2022-12-13,zwolniony,2
2TW5,2022-12-14,spóźnienie,1
2TW5,2022-12-20,spóźnienie,1
2TW5,2023-01-11,nieob. uspr. p.s.,4
2TW5,2023-01-16,nieob. uspraw.,9
2TW5,2023-01-16,nieobecność,2
2TW5,2023-01-18,nieob. uspr. p.s.,14
2TW5,2023-01-20,nieob. uspraw.,43
2TW5,2023-01-30,obecność,99
2TW5,2023-02-02,nieob. uspr. p.s.,1
2TW5,2023-02-03,spóźnienie,1
2TW5,2023-02-08,nieob. uspr. p.s.,2
2TW5,2023-02-27,nieob. uspr. p.s.,1
2TW5,2023-03-01,spóźnienie,9
2TW5,2023-03-06,nieob. uspr. p.s.,2
2TW5,2023-03-09,nieobecność,10
2TW5,2023-03-14,nieobecność,1
2TW5,2023-03-15,nieob. uspraw.,26
2TW5,2023-03-20,nieobecność,10
2TW5,2023-03-22,nieobecność,2
2TW5,2023-03-27,nieobecność,1
2TW5,2023-04-05,nieobecność,4
2TW5,2023-04-12,nieobecność,10
2TW5,2023-04-13,nieob. uspr. p.s.,6
2TW5,2023-05-15,nieob. uspr. p.s.,2
2TW5,2023-05-19,nieob. uspr. p.s.,1
2TW5,2023-05-23,nieob. uspr. p.s.,6
2TW5,2023-06-02,nieob. uspr. p.s.,7
2TW5,2023-06-06,nieob. uspr. p.s.,32
2TW5,2022-10-26,nieob. uspraw.,5
2TW5,2022-10-27,nieob. uspraw.,13
2TW5,2022-10-28,nieob. uspraw.,14
2TW5,2022-11-02,spóźnienie,4
2TW5,2022-11-30,nieob. uspraw.,9
2TW5,2022-12-15,nieob. uspraw.,19
2TW5,2023-01-04,nieob. uspraw.,12
2TW5,2023-01-05,nieob. uspraw.,13
2TW5,2023-01-10,nieob. uspraw.,3
2TW5,2023-03-03,nieob. uspraw.,38
2TW5,2023-03-29,nieob. uspraw.,39
2TW5,2023-06-02,nieob. uspraw.,37
2TW5,2023-06-05,nieob. uspr. p.s.,2
2TW5,2023-06-06,obecność,19
2TW5,2023-06-13,nieob. uspraw.,6
2TW5,2023-06-14,nieob. uspraw.,36
2TW5,2023-06-15,nieob. uspraw.,44
2TW5,2023-06-16,nieob. uspraw.,37
2TW5,2023-06-19,nieob. uspraw.,15
2TW5,2023-06-20,nieob. uspraw.,12
2TW5,2023-06-21,nieob. uspraw.,12
2TW5,2022-10-11,nieob. uspr. p.s.,22
2TW5,2022-10-13,nieobecność,3
2TW5,2022-10-13,nieob. uspr. p.s.,10
2TW5,2022-11-10,nieobecność,15
2TW5,2022-11-22,spóźnienie,1
2TW5,2022-11-25,spóźnienie,1
2TW5,2022-11-29,nieob. uspraw.,14
2TW5,2023-01-27,nieobecność,16
2TW5,2023-03-01,nieob. uspraw.,22
2TW5,2023-03-02,nieob. uspraw.,16
2TW5,2023-03-28,spóźnienie,2
2TW5,2023-03-31,nieob. uspraw.,10
2TW5,2023-04-04,nieobecność,5
2TW5,2022-09-12,nieob. uspraw.,27
2TW5,2022-09-22,nieob. uspraw.,18
2TW5,2022-10-03,spóźnienie,2
2TW5,2022-10-07,nieobecność,7
2TW5,2023-02-02,nieobecność,10
2TW5,2023-03-17,nieobecność,7
2TW5,2023-03-23,nieobecność,4
2TW5,2023-03-30,nieobecność,12
2TW5,2023-06-05,nieobecność,8
2TW5,2022-09-05,nieob. uspraw.,17
2TW5,2022-09-26,spóźn. uspr.,1
2TW5,2023-01-23,nieob. uspraw.,26
2TW5,2023-03-06,nieob. uspraw.,18
2TW5,2023-03-21,obecność,8
2TW5,2023-04-04,nieob. uspraw.,8
2TW5,2022-09-21,nieob. uspraw.,10
2TW5,2022-10-03,nieob. uspraw.,35
2TW5,2022-10-04,nieob. uspraw.,20
2TW5,2022-10-17,nieob. uspraw.,17
2TW5,2022-10-18,nieobecność,1
2TW5,2022-10-24,nieobecność,8
2TW5,2022-11-16,nieob. uspraw.,9
2TW5,2022-11-17,nieob. uspraw.,15
2TW5,2022-11-18,nieob. uspraw.,8
2TW5,2022-11-22,nieob. uspraw.,14
2TW5,2022-12-13,nieob. uspraw.,2
2TW5,2022-12-14,nieob. uspraw.,21
2TW5,2022-12-16,nieob. uspraw.,17
2TW5,2022-12-21,nieob. uspraw.,9
2TW5,2023-01-11,nieob. uspraw.,2
2TW5,2023-01-13,nieob. uspraw.,10
2TW5,2023-02-03,nieobecność,1
2TW5,2023-02-06,spóźnienie,3
2TW5,2023-02-08,spóźnienie,1
2TW5,2023-03-16,nieob. uspraw.,15
2TW5,2023-03-22,nieob. uspraw.,18
2TW5,2023-03-30,nieob. uspraw.,23
2TW5,2023-05-25,nieob. uspraw.,12
2TW5,2022-09-20,nieob. uspraw.,13
2TW5,2022-10-13,nieob. uspraw.,9
2TW5,2022-10-20,nieob. uspraw.,11
2TW5,2022-10-26,nieobecność,8
2TW5,2022-10-27,nieobecność,16
2TW5,2022-11-09,nieob. uspraw.,18
2TW5,2022-11-21,nieob. uspraw.,9
2TW5,2022-11-24,nieob. uspraw.,14
2TW5,2022-11-24,nieobecność,2
2TW5,2022-11-25,nieob. uspraw.,12
2TW5,2022-11-28,nieobecność,16
2TW5,2022-11-30,nieobecność,8
2TW5,2022-12-02,nieob. uspraw.,15
2TW5,2022-12-14,nieobecność,11
2TW5,2023-01-19,nieob. uspraw.,28
2TW5,2023-01-24,nieob. uspraw.,18
2TW5,2023-01-25,nieob. uspraw.,14
2TW5,2023-02-01,nieobecność,3
2TW5,2023-02-10,nieobecność,12
2TW5,2023-03-10,nieobecność,7
2TW5,2023-03-21,nieobecność,26
2TW5,2023-05-15,nieob. uspraw.,2
2TW5,2023-05-17,nieob. uspraw.,8
2TW5,2023-06-06,nieobecność,16
2TW5,2023-06-13,nieobecność,4
2TW5,2022-09-30,nieob. uspr. p.s.,1
2TW5,2022-10-05,nieob. uspr. p.s.,2
2TW5,2022-11-10,nieob. uspr. p.s.,1
2TW5,2022-12-02,nieob. uspr. p.s.,1
2TW5,2022-12-06,nieob. uspr. p.s.,1
2TW5,2023-01-09,nieob. uspr. p.s.,3
2TW5,2023-01-10,nieob. uspr. p.s.,1
2TW5,2023-01-17,nieob. uspr. p.s.,1
2TW5,2023-01-25,nieob. uspr. p.s.,2
2TW5,2023-02-10,nieob. uspr. p.s.,1
2TW5,2023-03-01,nieob. uspr. p.s.,1
2TW5,2023-03-08,nieob. uspr. p.s.,1
2TW5,2023-03-16,nieob. uspr. p.s.,1
2TW5,2023-03-23,nieob. uspr. p.s.,7
2TW5,2023-03-24,nieob. uspr. p.s.,2
2TW5,2023-03-27,nieob. uspr. p.s.,1
2TW5,2023-05-22,nieob. uspr. p.s.,1
2TW5,2023-06-12,nieob. uspr. p.s.,9
2TW5,2022-09-07,nieobecność,1
2TW5,2022-09-13,nieobecność,1
2TW5,2022-10-07,nieob. uspraw.,9
2TW5,2022-10-21,nieob. uspraw.,3
2TW5,2022-11-07,nieobecność,11
2TW5,2022-11-08,nieob. uspraw.,11
2TW5,2022-11-15,nieobecność,10
2TW5,2022-12-01,nieob. uspraw.,4
2TW5,2022-12-08,nieobecność,3
2TW5,2022-12-13,nieobecność,2
2TW5,2022-12-20,nieobecność,3
2TW5,2022-12-21,nieobecność,11
2TW5,2023-01-02,nieobecność,16
2TW5,2023-01-03,nieobecność,8
2TW5,2023-01-05,nieobecność,7
2TW5,2023-01-12,nieobecność,2
2TW5,2023-01-19,nieobecność,1
2TW5,2023-01-24,nieobecność,5
2TW5,2023-01-26,nieob. uspraw.,17
2TW5,2023-01-30,spóźn. uspr.,3
2TW5,2023-01-31,nieobecność,2
2TW5,2023-02-08,nieobecność,1
2TW5,2023-02-28,nieob. uspraw.,24
2TW5,2023-03-08,nieobecność,1
2TW5,2023-03-31,nieobecność,2
2TW5,2023-04-05,nieob. uspraw.,12
2TW5,2023-05-18,nieob. uspraw.,8
2TW5,2023-05-23,nieobecność,2
2TW5,2023-06-12,nieobecność,2
2TW5,2023-06-19,obecność,67
2TW5,2022-09-29,nieob. uspr. p.s.,1
2TW5,2022-12-20,nieob. uspr. p.s.,7
2TW5,2023-03-20,nieob. uspraw.,10
2TW5,2023-05-24,nieob. uspr. p.s.,1
2TW5,2023-06-14,obecność,10
2TW5,2023-06-14,nieob. uspr. p.s.,3
2TW5,2023-06-22,nieob. uspraw.,5
2TW5,2022-09-15,spóźnienie,1
2TW5,2022-10-06,spóźn. uspr.,4
2TW5,2022-10-19,spóźn. uspr.,1
2TW5,2022-10-24,spóźn. uspr.,1
2TW5,2022-11-08,spóźnienie,3
2TW5,2022-11-15,spóźn. uspr.,1
2TW5,2022-12-01,spóźnienie,2
2TW5,2023-01-13,spóźnienie,3
2TW5,2023-01-25,spóźn. uspr.,1
2TW5,2023-01-31,spóźn. uspr.,1
2TW5,2023-02-07,spóźn. uspr.,1
2TW5,2023-03-10,nieob. uspr. p.s.,7
2TW5,2023-03-23,spóźnienie,2
2TW5,2023-04-13,spóźnienie,2
2TW5,2023-05-23,spóźnienie,2
2TW5,2022-09-23,obecność,3
2TW5,2022-10-04,nieob. uspr. p.s.,17
2TW5,2022-12-07,nieob. uspr. p.s.,1
2TW5,2023-05-29,nieob. uspr. p.s.,2
2TW5,2022-10-06,nieobecność,9
2TW5,2022-10-13,spóźn. uspr.,1
2TW5,2022-10-25,nieob. uspraw.,8
2TW5,2022-12-01,spóźn. uspr.,1
2TW5,2022-12-21,spóźn. uspr.,1
2TW5,2023-01-09,spóźnienie,1
2TW5,2022-09-06,nieob. uspraw.,1
2TW5,2022-09-26,nieob. uspraw.,14
2TW5,2022-09-27,nieobecność,2
2TW5,2022-10-05,nieob. uspraw.,7
2TW5,2022-10-19,spóźnienie,2
2TW5,2022-11-03,nieob. uspraw.,2
2TW5,2022-11-15,nieob. uspraw.,7
2TW5,2022-11-29,spóźnienie,2
2TW5,2022-12-06,nieobecność,3
2TW5,2023-01-10,nieobecność,4
2TW5,2023-01-12,nieob. uspraw.,7
2TW5,2023-01-17,spóźnienie,3
2TW5,2023-03-07,nieob. uspraw.,12
2TW5,2023-05-16,nieobecność,5
2TW5,2022-09-12,spóźnienie,1
2TW5,2022-09-13,nieob. uspr. p.s.,1
2TW5,2022-10-07,spóźnienie,1
2TW5,2022-10-13,spóźnienie,1
2TW5,2022-10-25,nieobecność,1
2TW5,2022-11-16,nieobecność,3
2TW5,2022-11-17,nieobecność,11
2TW5,2022-11-25,nieobecność,1
2TW5,2023-01-20,nieobecność,2
2TW5,2023-05-19,nieobecność,1
2TW5,2023-01-03,nieob. uspraw.,11
2TW5,2022-09-27,nieob. uspraw.,6
2TW5,2023-03-01,nieobecność,7
2TW5,2022-09-08,nieobecność,1
2TW5,2022-09-09,nieobecność,1
2TW5,2022-10-17,nieobecność,1
2TW5,2022-11-03,nieobecność,2
2TW5,2022-11-08,nieobecność,1
2TW5,2023-01-04,nieobecność,6
2TW5,2023-01-13,nieobecność,5
2TW5,2023-01-26,spóźnienie,1
2TW5,2023-04-13,nieobecność,1
2TW5,2023-05-17,nieobecność,2
2TW5,2023-05-18,nieobecność,1
2TW5,2023-05-23,nieob. uspraw.,8
2TW5,2023-05-24,nieob. uspraw.,8
3TM5,2022-09-01,obecność,152
3TM5,2022-09-02,obecność,109
3TM5,2022-09-05,obecność,124
3TM5,2022-09-06,obecność,120
3TM5,2022-09-07,obecność,136
3TM5,2022-09-08,obecność,48
3TM5,2022-09-09,obecność,128
3TM5,2022-09-12,obecność,124
3TM5,2022-09-13,obecność,114
3TM5,2022-09-14,obecność,105
3TM5,2022-09-15,obecność,45
3TM5,2022-09-16,obecność,106
3TM5,2022-09-19,obecność,98
3TM5,2022-09-20,obecność,105
3TM5,2022-09-21,obecność,129
3TM5,2022-09-22,obecność,53
3TM5,2022-09-22,nieob. uspr. p.s.,6
3TM5,2022-09-23,nieob. uspraw.,30
3TM5,2022-09-26,obecność,75
3TM5,2022-09-27,obecność,89
3TM5,2022-09-28,obecność,88
3TM5,2022-09-28,nieob. uspr. p.s.,42
3TM5,2022-09-29,obecność,36
3TM5,2022-09-30,nieob. uspraw.,58
3TM5,2022-10-03,obecność,110
3TM5,2022-10-04,obecność,80
3TM5,2022-10-05,obecność,109
3TM5,2022-10-05,nieob. uspr. p.s.,14
3TM5,2022-10-06,spóźnienie,1
3TM5,2022-10-06,obecność,33
3TM5,2022-10-07,obecność,77
3TM5,2022-10-10,obecność,102
3TM5,2022-10-11,obecność,55
3TM5,2022-10-12,obecność,90
3TM5,2022-10-12,nieobecność,13
3TM5,2022-10-13,obecność,24
3TM5,2022-10-17,obecność,111
3TM5,2022-10-18,nieobecność,8
3TM5,2022-10-19,obecność,134
3TM5,2022-10-20,obecność,48
3TM5,2022-10-21,obecność,91
3TM5,2022-10-24,obecność,107
3TM5,2022-10-25,obecność,140
3TM5,2022-10-26,obecność,89
3TM5,2022-10-26,nieobecność,6
3TM5,2022-10-27,spóźn. uspr.,1
3TM5,2022-10-27,obecność,46
3TM5,2022-10-28,obecność,97
3TM5,2022-11-02,obecność,130
3TM5,2022-11-03,obecność,35
3TM5,2022-11-04,nieobecność,6
3TM5,2022-11-07,obecność,114
3TM5,2022-11-08,obecność,131
3TM5,2022-11-09,obecność,130
3TM5,2022-11-09,nieob. uspr. p.s.,14
3TM5,2022-11-14,obecność,83
3TM5,2022-11-15,nieob. uspraw.,33
3TM5,2022-11-16,obecność,89
3TM5,2022-11-17,nieob. uspraw.,4
3TM5,2022-11-18,nieob. uspraw.,21
3TM5,2022-11-21,obecność,118
3TM5,2022-11-22,obecność,135
3TM5,2022-11-23,obecność,119
3TM5,2022-11-23,nieob. uspr. p.s.,2
3TM5,2022-11-24,nieob. uspr. p.s.,11
3TM5,2022-11-25,obecność,88
3TM5,2022-11-28,obecność,117
3TM5,2022-11-29,obecność,65
3TM5,2022-11-30,obecność,124
3TM5,2022-12-01,nieob. uspr. p.s.,6
3TM5,2022-12-02,obecność,88
3TM5,2022-12-05,nieob. uspraw.,34
3TM5,2022-12-06,nieob. uspraw.,10
3TM5,2022-12-07,nieob. uspraw.,14
3TM5,2022-12-08,nieob. uspraw.,6
3TM5,2022-12-09,nieob. uspraw.,16
3TM5,2022-12-12,spóźn. uspr.,5
3TM5,2022-12-12,obecność,88
3TM5,2022-12-13,obecność,140
3TM5,2022-12-13,nieob. uspr. p.s.,4
3TM5,2022-12-14,obecność,137
3TM5,2022-12-14,nieob. uspr. p.s.,6
3TM5,2022-12-15,obecność,56
3TM5,2022-12-16,obecność,123
3TM5,2022-12-19,obecność,97
3TM5,2022-12-20,obecność,83
3TM5,2022-12-21,obecność,115
3TM5,2022-12-22,nieob. uspraw.,15
3TM5,2023-01-02,obecność,110
3TM5,2023-01-03,obecność,140
3TM5,2023-01-04,obecność,83
3TM5,2023-01-05,obecność,32
3TM5,2023-01-09,obecność,75
3TM5,2023-01-09,nieobecność,6
3TM5,2023-01-10,obecność,119
3TM5,2023-01-11,obecność,136
3TM5,2023-01-12,obecność,51
3TM5,2023-01-13,obecność,104
3TM5,2023-01-16,obecność,114
3TM5,2023-01-17,obecność,103
3TM5,2023-01-18,obecność,108
3TM5,2023-01-18,nieobecność,5
3TM5,2023-01-19,obecność,43
3TM5,2023-01-20,obecność,113
3TM5,2023-01-23,obecność,105
3TM5,2023-01-24,obecność,133
3TM5,2023-01-25,obecność,101
3TM5,2023-01-26,obecność,51
3TM5,2023-01-27,nieobecność,15
3TM5,2023-01-30,nieobecność,6
3TM5,2023-01-31,nieobecność,5
3TM5,2023-02-01,nieobecność,8
3TM5,2023-02-02,nieobecność,8
3TM5,2023-02-03,nieobecność,7
3TM5,2023-02-06,obecność,95
3TM5,2023-02-07,obecność,94
3TM5,2023-02-08,obecność,114
3TM5,2023-02-09,obecność,47
3TM5,2023-02-10,obecność,94
3TM5,2023-02-27,obecność,115
3TM5,2023-02-28,obecność,103
3TM5,2023-03-01,obecność,111
3TM5,2023-03-02,nieobecność,3
3TM5,2023-03-03,obecność,82
3TM5,2023-03-06,nieobecność,13
3TM5,2023-03-07,obecność,129
3TM5,2023-03-08,nieobecność,8
3TM5,2023-03-08,obecność,103
3TM5,2023-03-09,obecność,42
3TM5,2023-03-10,obecność,60
3TM5,2023-03-13,obecność,87
3TM5,2023-03-14,obecność,102
3TM5,2023-03-15,obecność,56
3TM5,2023-03-16,obecność,29
3TM5,2023-03-17,nieob. uspraw.,37
3TM5,2023-03-20,obecność,24
3TM5,2023-03-20,nieob. uspraw.,83
3TM5,2023-03-21,nieob. uspraw.,111
3TM5,2023-03-22,obecność,74
3TM5,2023-03-22,nieob. uspraw.,26
3TM5,2023-03-23,nieob. uspraw.,21
3TM5,2023-03-24,obecność,74
3TM5,2023-03-27,nieob. uspraw.,22
3TM5,2023-03-28,nieob. uspraw.,8
3TM5,2023-03-29,obecność,125
3TM5,2023-03-30,obecność,46
3TM5,2023-03-31,obecność,96
3TM5,2023-04-03,obecność,84
3TM5,2023-04-03,nieob. uspraw.,2
3TM5,2023-04-04,nieob. uspr. p.s.,21
3TM5,2023-04-05,nieob. uspraw.,43
3TM5,2023-04-05,obecność,84
3TM5,2023-04-12,obecność,92
3TM5,2023-04-13,obecność,30
3TM5,2023-04-14,nieob. uspraw.,64
3TM5,2023-05-09,nieob. uspraw.,12
3TM5,2023-05-10,obecność,91
3TM5,2023-05-11,obecność,54
3TM5,2023-05-12,obecność,108
3TM5,2023-05-12,nieob. uspraw.,19
3TM5,2023-05-15,obecność,102
3TM5,2023-05-16,nieob. uspraw.,15
3TM5,2023-05-17,obecność,95
3TM5,2023-05-18,nieob. uspraw.,4
3TM5,2023-05-18,obecność,46
3TM5,2023-05-19,obecność,117
3TM5,2023-05-22,obecność,91
3TM5,2023-05-22,nieob. uspraw.,28
3TM5,2023-05-23,obecność,81
3TM5,2023-05-24,nieob. uspraw.,15
3TM5,2023-05-24,obecność,120
3TM5,2023-05-24,spóźnienie,3
3TM5,2023-05-25,obecność,39
3TM5,2023-05-29,nieob. uspraw.,22
3TM5,2023-05-29,nieobecność,1
3TM5,2023-05-30,obecność,79
3TM5,2023-05-30,nieob. uspraw.,32
3TM5,2023-05-31,nieob. uspraw.,44
3TM5,2023-05-31,obecność,50
3TM5,2023-06-01,obecność,50
3TM5,2023-06-02,obecność,56
3TM5,2023-06-05,nieob. uspraw.,20
3TM5,2023-06-05,obecność,99
3TM5,2023-06-06,obecność,19
3TM5,2023-06-07,nieob. uspraw.,51
3TM5,2023-06-07,obecność,62
3TM5,2023-06-12,obecność,86
3TM5,2023-06-13,nieobecność,8
3TM5,2023-06-13,spóźnienie,1
3TM5,2023-06-14,nieobecność,14
3TM5,2023-06-15,nieobecność,11
3TM5,2023-06-16,nieobecność,13
3TM5,2023-06-16,obecność,11
3TM5,2023-06-19,nieobecność,12
3TM5,2023-06-20,nieobecność,16
3TM5,2023-06-21,nieobecność,13
3TM5,2023-06-21,obecność,10
3TM5,2023-06-22,nieobecność,11
3TM5,2023-06-23,nieobecność,7
3TM5,2022-09-08,nieobecność,8
3TM5,2022-09-13,spóźnienie,9
3TM5,2022-09-16,nieobecność,9
3TM5,2022-09-23,nieobecność,6
3TM5,2022-09-26,nieobecność,7
3TM5,2022-09-28,nieobecność,6
3TM5,2022-09-29,nieobecność,8
3TM5,2022-09-30,nieobecność,8
3TM5,2022-10-05,nieobecność,1
3TM5,2022-10-06,nieob. uspraw.,7
3TM5,2022-10-07,nieobecność,14
3TM5,2022-10-10,nieobecność,7
3TM5,2022-10-12,nieob. uspr. p.s.,20
3TM5,2022-10-13,nieobecność,8
3TM5,2022-10-18,obecność,138
3TM5,2022-10-19,nieobecność,8
3TM5,2022-10-21,nieobecność,7
3TM5,2022-10-25,spóźnienie,1
3TM5,2022-10-27,nieob. uspraw.,15
3TM5,2022-10-28,nieob. uspraw.,33
3TM5,2022-11-02,nieob. uspraw.,19
3TM5,2022-11-03,nieob. uspraw.,20
3TM5,2022-11-04,nieob. uspraw.,24
3TM5,2022-11-07,nieobecność,1
3TM5,2022-11-15,spóźnienie,1
3TM5,2022-11-15,obecność,116
3TM5,2022-11-17,obecność,52
3TM5,2022-11-18,obecność,109
3TM5,2022-11-23,spóźnienie,1
3TM5,2022-11-24,obecność,45
3TM5,2022-11-25,nieobecność,19
3TM5,2022-11-28,nieobecność,2
3TM5,2022-11-29,spóźnienie,7
3TM5,2022-11-30,nieobecność,1
3TM5,2022-12-01,obecność,38
3TM5,2022-12-02,nieobecność,8
3TM5,2022-12-05,obecność,98
3TM5,2022-12-05,nieobecność,1
3TM5,2022-12-06,spóźnienie,1
3TM5,2022-12-06,obecność,138
3TM5,2022-12-07,nieobecność,3
3TM5,2022-12-07,obecność,134
3TM5,2022-12-08,obecność,53
3TM5,2022-12-09,obecność,110
3TM5,2022-12-13,spóźnienie,1
3TM5,2022-12-14,spóźnienie,2
3TM5,2022-12-15,spóźnienie,3
3TM5,2022-12-19,spóźnienie,3
3TM5,2022-12-19,nieob. uspr. p.s.,6
3TM5,2022-12-19,zwolniony,2
3TM5,2022-12-20,nieob. uspr. p.s.,3
3TM5,2022-12-21,nieobecność,5
3TM5,2022-12-22,obecność,47
3TM5,2023-01-02,spóźnienie,3
3TM5,2023-01-02,nieobecność,1
3TM5,2023-01-05,nieobecność,11
3TM5,2023-01-09,spóźnienie,1
3TM5,2023-01-12,spóźnienie,3
3TM5,2023-01-16,spóźnienie,1
3TM5,2023-01-19,nieobecność,1
3TM5,2023-01-20,nieobecność,5
3TM5,2023-01-23,spóźnienie,1
3TM5,2023-01-25,nieobecność,13
3TM5,2023-01-27,obecność,88
3TM5,2023-01-30,obecność,84
3TM5,2023-01-31,obecność,84
3TM5,2023-02-01,obecność,116
3TM5,2023-02-01,spóźnienie,8
3TM5,2023-02-01,nieob. uspr. p.s.,8
3TM5,2023-02-02,nieob. uspr. p.s.,3
3TM5,2023-02-03,nieob. uspr. p.s.,8
3TM5,2023-02-03,spóźnienie,8
3TM5,2023-02-03,obecność,98
3TM5,2023-02-06,spóźnienie,1
3TM5,2023-02-06,nieob. uspr. p.s.,6
3TM5,2023-02-07,nieob. uspr. p.s.,17
3TM5,2023-02-09,nieob. uspr. p.s.,11
3TM5,2023-02-10,spóźnienie,2
3TM5,2023-02-10,nieobecność,21
3TM5,2023-02-27,nieob. uspr. p.s.,16
3TM5,2023-03-01,nieob. uspr. p.s.,17
3TM5,2023-03-02,obecność,38
3TM5,2023-03-03,nieob. uspr. p.s.,16
3TM5,2023-03-07,nieob. uspr. p.s.,14
3TM5,2023-03-09,nieob. uspr. p.s.,11
3TM5,2023-03-13,nieob. uspr. p.s.,21
3TM5,2023-03-17,nieobecność,7
3TM5,2023-03-20,nieobecność,12
3TM5,2023-03-21,nieobecność,16
3TM5,2023-03-22,nieobecność,2
3TM5,2023-03-23,nieobecność,8
3TM5,2023-03-24,nieobecność,13
3TM5,2023-03-27,spóźnienie,1
3TM5,2023-03-27,obecność,96
3TM5,2023-03-28,obecność,99
3TM5,2023-03-29,nieobecność,8
3TM5,2023-03-31,nieobecność,4
3TM5,2023-04-04,obecność,107
3TM5,2023-04-05,nieobecność,18
3TM5,2023-04-14,obecność,37
3TM5,2023-04-14,nieobecność,11
3TM5,2023-05-09,obecność,96
3TM5,2023-05-11,nieobecność,1
3TM5,2023-05-12,spóźnienie,1
3TM5,2023-05-12,nieobecność,5
3TM5,2023-05-15,nieobecność,1
3TM5,2023-05-16,obecność,80
3TM5,2023-05-17,nieobecność,12
3TM5,2023-05-18,nieobecność,9
3TM5,2023-05-19,nieobecność,9
3TM5,2023-05-23,nieob. uspraw.,21
3TM5,2023-05-24,nieobecność,1
3TM5,2023-05-25,nieob. uspraw.,20
3TM5,2023-05-29,obecność,90
3TM5,2023-06-01,nieob. uspraw.,10
3TM5,2023-06-02,nieob. uspraw.,44
3TM5,2023-06-02,spóźnienie,7
3TM5,2023-06-07,nieobecność,1
3TM5,2023-06-12,nieobecność,10
3TM5,2023-06-13,obecność,50
3TM5,2023-06-19,obecność,4
3TM5,2023-06-23,nieob. uspraw.,21
3TM5,2022-09-05,nieob. uspraw.,1
3TM5,2022-09-14,nieob. uspraw.,47
3TM5,2022-09-15,nieob. uspraw.,17
3TM5,2022-09-16,nieob. uspr. p.s.,8
3TM5,2022-09-20,nieob. uspraw.,28
3TM5,2022-09-26,nieob. uspraw.,49
3TM5,2022-09-28,nieob. uspraw.,34
3TM5,2022-10-04,nieob. uspraw.,17
3TM5,2022-10-05,nieob. uspraw.,9
3TM5,2022-10-07,nieob. uspraw.,24
3TM5,2022-10-12,nieob. uspraw.,10
3TM5,2022-10-13,nieob. uspraw.,18
3TM5,2022-10-17,nieob. uspraw.,22
3TM5,2022-10-21,nieob. uspraw.,23
3TM5,2022-10-26,nieob. uspraw.,25
3TM5,2022-11-04,obecność,83
3TM5,2022-11-21,nieob. uspraw.,15
3TM5,2022-11-22,nieob. uspraw.,16
3TM5,2022-11-23,nieob. uspraw.,16
3TM5,2022-11-24,nieob. uspraw.,3
3TM5,2022-11-25,nieob. uspraw.,15
3TM5,2022-11-30,nieob. uspraw.,24
3TM5,2022-12-01,nieob. uspraw.,18
3TM5,2022-12-02,spóźn. uspr.,1
3TM5,2022-12-02,nieob. uspraw.,36
3TM5,2022-12-06,nieob. uspr. p.s.,2
3TM5,2023-01-04,nieob. uspraw.,7
3TM5,2023-01-09,nieob. uspraw.,17
3TM5,2023-01-12,spóźn. uspr.,2
3TM5,2023-01-13,nieob. uspraw.,11
3TM5,2023-01-18,nieob. uspraw.,11
3TM5,2023-01-25,nieob. uspraw.,9
3TM5,2023-01-27,nieob. uspraw.,16
3TM5,2023-02-02,obecność,42
3TM5,2023-02-10,zwolniony,2
3TM5,2023-02-27,nieob. uspraw.,1
3TM5,2023-02-28,nieob. uspr. p.s.,13
3TM5,2023-03-06,obecność,79
3TM5,2023-03-08,nieob. uspr. p.s.,24
3TM5,2023-03-14,nieob. uspraw.,22
3TM5,2023-03-15,nieob. uspr. p.s.,14
3TM5,2023-03-17,obecność,52
3TM5,2023-03-20,nieob. uspr. p.s.,14
3TM5,2023-03-22,nieob. uspr. p.s.,12
3TM5,2023-03-23,obecność,23
3TM5,2023-03-24,nieob. uspr. p.s.,20
3TM5,2023-03-31,zwolniony,1
3TM5,2023-04-14,nieob. uspr. p.s.,21
3TM5,2023-05-10,nieob. uspr. p.s.,5
3TM5,2023-05-15,spóźnienie,3
3TM5,2023-05-23,nieob. uspr. p.s.,30
3TM5,2023-05-24,nieob. uspr. p.s.,13
3TM5,2023-05-30,nieob. uspr. p.s.,3
3TM5,2023-06-12,nieob. uspraw.,36
3TM5,2023-06-13,nieob. uspraw.,55
3TM5,2023-06-14,nieob. uspraw.,105
3TM5,2023-06-15,nieob. uspraw.,51
3TM5,2023-06-16,nieob. uspraw.,109
3TM5,2023-06-19,nieob. uspraw.,116
3TM5,2023-06-20,nieob. uspraw.,132
3TM5,2023-06-21,nieob. uspraw.,129
3TM5,2023-06-22,nieob. uspraw.,48
3TM5,2023-06-23,obecność,105
3TM5,2022-09-06,nieob. uspraw.,8
3TM5,2022-09-21,nieob. uspraw.,18
3TM5,2022-09-23,nieob. uspr. p.s.,72
3TM5,2022-09-27,nieob. uspraw.,42
3TM5,2022-09-30,obecność,86
3TM5,2022-10-03,nieobecność,1
3TM5,2022-10-06,nieob. uspr. p.s.,20
3TM5,2022-10-11,nieob. uspr. p.s.,29
3TM5,2022-10-13,nieob. uspr. p.s.,12
3TM5,2022-11-03,nieob. uspr. p.s.,7
3TM5,2022-11-16,nieob. uspraw.,6
3TM5,2022-11-29,nieob. uspr. p.s.,23
3TM5,2022-11-30,nieob. uspr. p.s.,3
3TM5,2022-12-08,nieob. uspr. p.s.,3
3TM5,2022-12-16,nieobecność,4
3TM5,2023-01-05,nieob. uspraw.,10
3TM5,2023-01-13,nieobecność,4
3TM5,2023-01-19,nieob. uspraw.,12
3TM5,2023-02-06,nieob. uspraw.,12
3TM5,2023-02-07,nieob. uspraw.,14
3TM5,2023-02-28,nieob. uspraw.,15
3TM5,2023-03-03,nieob. uspraw.,32
3TM5,2023-03-06,nieob. uspraw.,8
3TM5,2023-03-13,nieob. uspraw.,6
3TM5,2023-03-24,nieob. uspraw.,26
3TM5,2023-04-13,nieob. uspraw.,15
3TM5,2023-05-19,nieob. uspraw.,6
3TM5,2023-06-05,nieobecność,9
3TM5,2022-09-13,nieob. uspr. p.s.,1
3TM5,2022-09-19,nieob. uspr. p.s.,12
3TM5,2022-09-21,nieob. uspr. p.s.,5
3TM5,2022-09-23,obecność,6
3TM5,2022-09-27,nieob. uspr. p.s.,2
3TM5,2022-10-03,nieob. uspr. p.s.,7
3TM5,2022-10-26,nieob. uspr. p.s.,32
3TM5,2022-11-15,nieobecność,1
3TM5,2022-11-24,nieobecność,3
3TM5,2023-01-17,nieob. uspraw.,29
3TM5,2023-01-18,nieob. uspr. p.s.,28
3TM5,2023-03-08,spóźnienie,1
3TM5,2023-03-16,nieob. uspr. p.s.,4
3TM5,2023-03-23,nieob. uspr. p.s.,6
3TM5,2023-03-27,nieob. uspr. p.s.,13
3TM5,2023-03-29,spóźnienie,6
3TM5,2023-03-29,zwolniony,1
3TM5,2023-03-29,nieob. uspr. p.s.,1
3TM5,2023-03-30,nieob. uspr. p.s.,11
3TM5,2023-03-31,nieob. uspraw.,23
3TM5,2023-04-03,nieob. uspr. p.s.,10
3TM5,2023-04-12,spóźnienie,2
3TM5,2023-04-12,nieob. uspr. p.s.,11
3TM5,2023-04-13,nieob. uspr. p.s.,14
3TM5,2023-05-15,nieob. uspr. p.s.,18
3TM5,2023-05-17,nieob. uspr. p.s.,15
3TM5,2023-05-31,nieobecność,1
3TM5,2023-06-02,nieobecność,7
3TM5,2022-09-06,spóźnienie,4
3TM5,2022-10-11,nieobecność,6
3TM5,2022-12-20,nieob. uspraw.,64
3TM5,2023-01-02,nieob. uspr. p.s.,11
3TM5,2023-01-03,nieob. uspr. p.s.,9
3TM5,2023-01-05,nieob. uspr. p.s.,9
3TM5,2023-01-09,nieob. uspr. p.s.,31
3TM5,2023-01-10,nieob. uspraw.,2
3TM5,2023-01-11,nieob. uspr. p.s.,16
3TM5,2023-01-13,nieob. uspr. p.s.,14
3TM5,2023-01-17,nieob. uspr. p.s.,19
3TM5,2023-01-19,nieob. uspr. p.s.,6
3TM5,2023-01-25,nieob. uspr. p.s.,29
3TM5,2023-01-27,nieob. uspr. p.s.,14
3TM5,2023-01-31,nieob. uspr. p.s.,12
3TM5,2023-03-10,nieobecność,2
3TM5,2023-03-15,nieob. uspraw.,25
3TM5,2023-03-16,nieob. uspraw.,10
3TM5,2023-04-12,nieob. uspraw.,39
3TM5,2023-05-11,nieob. uspraw.,7
3TM5,2023-05-22,nieobecność,4
3TM5,2023-05-23,spóźnienie,1
3TM5,2023-06-14,obecność,14
3TM5,2022-09-09,nieob. uspraw.,24
3TM5,2022-09-19,nieob. uspraw.,22
3TM5,2023-01-09,zwolniony,3
3TM5,2023-03-01,nieob. uspraw.,24
3TM5,2023-03-02,nieob. uspraw.,15
3TM5,2023-03-14,nieob. uspr. p.s.,6
3TM5,2023-03-21,obecność,8
3TM5,2023-03-28,nieob. uspr. p.s.,6
3TM5,2023-03-31,nieob. uspr. p.s.,9
3TM5,2023-04-05,nieob. uspr. p.s.,7
3TM5,2023-05-09,nieob. uspr. p.s.,6
3TM5,2023-05-25,nieob. uspr. p.s.,2
3TM5,2023-06-01,spóźn. uspr.,1
3TM5,2022-09-07,nieob. uspraw.,16
3TM5,2022-09-16,nieob. uspraw.,28
3TM5,2022-09-22,nieob. uspraw.,3
3TM5,2022-10-03,nieob. uspraw.,15
3TM5,2022-10-10,nieob. uspraw.,6
3TM5,2022-10-11,nieob. uspraw.,5
3TM5,2022-10-20,nieob. uspraw.,7
3TM5,2022-10-25,nieobecność,2
3TM5,2022-11-23,nieobecność,14
3TM5,2022-11-29,nieob. uspraw.,12
3TM5,2022-12-12,nieob. uspraw.,2
3TM5,2022-12-14,nieobecność,7
3TM5,2022-12-16,spóźnienie,2
3TM5,2022-12-19,nieob. uspraw.,22
3TM5,2022-12-21,nieob. uspraw.,32
3TM5,2023-01-04,nieob. uspr. p.s.,5
3TM5,2023-01-10,nieob. uspr. p.s.,28
3TM5,2023-01-12,nieob. uspr. p.s.,6
3TM5,2023-01-16,nieob. uspr. p.s.,14
3TM5,2023-01-20,nieob. uspr. p.s.,14
3TM5,2023-01-23,nieob. uspraw.,13
3TM5,2023-01-24,nieob. uspraw.,16
3TM5,2023-01-26,spóźnienie,2
3TM5,2023-01-30,spóźnienie,1
3TM5,2023-02-08,nieobecność,14
3TM5,2023-02-28,nieobecność,2
3TM5,2023-03-06,spóźnienie,2
3TM5,2023-03-08,nieob. uspraw.,16
3TM5,2023-03-23,spóźnienie,3
3TM5,2023-04-12,nieobecność,8
3TM5,2023-04-13,nieobecność,3
3TM5,2023-05-10,nieob. uspraw.,18
3TM5,2022-09-26,nieob. uspr. p.s.,1
3TM5,2022-09-29,nieob. uspr. p.s.,6
3TM5,2022-10-04,nieob. uspr. p.s.,16
3TM5,2022-10-07,nieob. uspr. p.s.,16
3TM5,2022-10-07,spóźn. uspr.,2
3TM5,2022-10-18,nieob. uspraw.,5
3TM5,2022-11-07,nieob. uspraw.,15
3TM5,2022-11-07,nieob. uspr. p.s.,4
3TM5,2022-11-08,nieob. uspr. p.s.,6
3TM5,2022-11-08,nieob. uspraw.,14
3TM5,2022-11-14,spóźnienie,2
3TM5,2022-11-17,nieob. uspr. p.s.,6
3TM5,2022-11-28,nieob. uspr. p.s.,9
3TM5,2022-11-28,nieob. uspraw.,5
3TM5,2022-12-20,spóźnienie,1
3TM5,2023-01-10,nieobecność,1
3TM5,2023-01-10,spóźnienie,1
3TM5,2023-01-16,zwolniony,1
3TM5,2023-02-01,spóźn. uspr.,1
3TM5,2023-02-02,nieob. uspraw.,9
3TM5,2023-02-03,spóźn. uspr.,1
3TM5,2023-02-27,spóźnienie,2
3TM5,2023-03-10,nieob. uspraw.,12
3TM5,2023-03-17,nieob. uspr. p.s.,18
3TM5,2023-04-04,nieob. uspraw.,1
3TM5,2023-05-17,spóźnienie,1
3TM5,2023-05-18,nieob. uspr. p.s.,1
3TM5,2023-05-19,spóźnienie,1
3TM5,2023-05-22,spóźnienie,4
3TM5,2022-10-25,nieob. uspraw.,8
3TM5,2022-10-28,nieob. uspr. p.s.,2
3TM5,2022-11-02,nieob. uspr. p.s.,2
3TM5,2022-11-14,nieob. uspraw.,10
3TM5,2022-11-25,spóźnienie,1
3TM5,2022-12-13,nieobecność,2
3TM5,2023-03-03,spóźnienie,2
3TM5,2023-03-09,nieob. uspraw.,9
3TM5,2023-03-10,spóźnienie,2
3TM5,2023-03-29,nieob. uspraw.,10
3TM5,2023-04-04,nieobecność,4
3TM5,2023-05-17,nieob. uspraw.,10
3TM5,2023-05-18,spóźn. uspr.,1
3TM5,2022-09-08,nieob. uspraw.,6
3TM5,2022-10-20,spóźnienie,1
3TM5,2022-10-21,nieob. uspr. p.s.,12
3TM5,2023-01-23,nieob. uspr. p.s.,14
3TM5,2023-01-26,nieob. uspr. p.s.,6
3TM5,2023-01-30,nieob. uspr. p.s.,10
3TM5,2023-02-01,nieob. uspraw.,11
3TM5,2023-02-03,nieob. uspraw.,11
3TM5,2023-03-10,nieob. uspr. p.s.,19
3TM5,2023-03-30,nieob. uspraw.,5
3TM5,2023-05-18,spóźnienie,1
3TM5,2023-06-01,spóźnienie,1
3TM5,2022-09-02,nieob. uspraw.,17
3TM5,2022-09-06,spóźn. uspr.,1
3TM5,2022-09-12,nieob. uspraw.,8
3TM5,2022-09-13,nieob. uspraw.,9
3TM5,2022-09-16,spóźn. uspr.,1
3TM5,2022-09-29,nieob. uspraw.,12
3TM5,2022-10-06,spóźn. uspr.,1
3TM5,2022-10-19,nieob. uspraw.,9
3TM5,2022-10-28,spóźnienie,1
3TM5,2022-12-09,nieobecność,7
3TM5,2022-12-13,nieob. uspraw.,4
3TM5,2022-12-19,nieobecność,3
3TM5,2023-01-02,nieob. uspraw.,8
3TM5,2023-01-03,nieob. uspraw.,2
3TM5,2023-01-16,nieob. uspraw.,3
3TM5,2023-01-30,spóźn. uspr.,1
3TM5,2023-01-31,nieob. uspraw.,12
3TM5,2023-02-08,nieob. uspr. p.s.,14
3TM5,2023-02-08,nieob. uspraw.,10
3TM5,2023-02-10,nieob. uspr. p.s.,14
3TM5,2023-03-02,nieob. uspr. p.s.,6
3TM5,2023-03-06,nieob. uspr. p.s.,12
3TM5,2023-03-23,spóźn. uspr.,1
3TM5,2023-03-29,spóźn. uspr.,1
3TM5,2023-05-15,nieob. uspraw.,8
3TM5,2022-09-28,nauka zdalna,1
3TM5,2022-11-18,nieob. uspr. p.s.,3
3TM5,2022-11-25,nieob. uspr. p.s.,10
3TM5,2022-12-16,nieob. uspraw.,2
3TM5,2023-01-20,nieob. uspraw.,1
3TM5,2023-01-30,nieob. uspraw.,12
3TM5,2022-10-24,nieob. uspraw.,7
3TM5,2022-11-02,spóźnienie,1
3TM5,2022-09-05,nieob. uspr. p.s.,7
3TM5,2022-11-04,nieob. uspr. p.s.,1
3TM5,2022-12-16,nieob. uspr. p.s.,2
3TM5,2023-01-24,nieob. uspr. p.s.,2
3TM5,2023-03-21,nieob. uspr. p.s.,16
3TM5,2023-05-22,nieob. uspr. p.s.,5
3TM5,2023-06-05,nieob. uspr. p.s.,4
3TM5,2023-06-20,obecność,4
3TM5,2023-06-22,obecność,3
3TM5,2022-10-20,nieob. uspr. p.s.,6
3TM5,2022-11-29,nieobecność,6
3TM5,2022-12-15,nieob. uspraw.,3
3TM5,2023-02-09,nieobecność,4
3TM5,2022-10-19,nieob. uspr. p.s.,1
3TM5,2022-11-09,nieob. uspraw.,8
3TM5,2022-12-07,nieob. uspr. p.s.,1
3TM5,2023-01-26,nieob. uspraw.,3
3TM5,2023-02-07,nieobecność,7
3TM5,2023-03-07,nieob. uspraw.,8
3TM5,2023-05-25,nieobecność,1
3TM5,2023-03-14,nieobecność,2
3TM5,2022-09-02,nieobecność,7
3TM5,2023-03-03,nieobecność,1
3TM5,2023-03-27,nieobecność,1
3TW5,2022-09-02,obecność,103
3TW5,2022-09-05,obecność,103
3TW5,2022-09-06,obecność,91
3TW5,2022-09-07,obecność,96
3TW5,2022-09-08,obecność,104
3TW5,2022-09-09,obecność,101
3TW5,2022-09-12,obecność,94
3TW5,2022-09-13,obecność,83
3TW5,2022-09-14,obecność,79
3TW5,2022-09-15,obecność,88
3TW5,2022-09-16,obecność,94
3TW5,2022-09-19,obecność,96
3TW5,2022-09-20,obecność,84
3TW5,2022-09-21,obecność,88
3TW5,2022-09-22,obecność,40
3TW5,2022-09-23,obecność,72
3TW5,2022-09-26,obecność,88
3TW5,2022-09-27,obecność,76
3TW5,2022-09-28,obecność,90
3TW5,2022-09-29,obecność,88
3TW5,2022-09-30,obecność,87
3TW5,2022-10-03,obecność,99
3TW5,2022-10-03,nieob. uspr. p.s.,5
3TW5,2022-10-04,obecność,59
3TW5,2022-10-04,nieob. uspr. p.s.,36
3TW5,2022-10-05,obecność,83
3TW5,2022-10-06,obecność,93
3TW5,2022-10-07,obecność,91
3TW5,2022-10-10,nieob. uspraw.,12
3TW5,2022-10-11,obecność,96
3TW5,2022-10-12,nieob. uspr. p.s.,13
3TW5,2022-10-12,obecność,78
3TW5,2022-10-13,obecność,72
3TW5,2022-10-17,obecność,87
3TW5,2022-10-18,obecność,100
3TW5,2022-10-18,spóźn. uspr.,1
3TW5,2022-10-19,obecność,84
3TW5,2022-10-20,obecność,104
3TW5,2022-10-21,obecność,78
3TW5,2022-10-21,nieob. uspraw.,8
3TW5,2022-10-24,obecność,83
3TW5,2022-10-24,nieob. uspr. p.s.,4
3TW5,2022-10-25,obecność,95
3TW5,2022-10-26,obecność,74
3TW5,2022-10-26,spóźn. uspr.,1
3TW5,2022-10-27,obecność,96
3TW5,2022-10-28,obecność,89
3TW5,2022-10-28,nieob. uspraw.,12
3TW5,2022-11-02,nieob. uspraw.,16
3TW5,2022-11-02,obecność,74
3TW5,2022-11-03,obecność,94
3TW5,2022-11-04,obecność,77
3TW5,2022-11-04,nieob. uspr. p.s.,24
3TW5,2022-11-07,obecność,86
3TW5,2022-11-08,nieob. uspr. p.s.,3
3TW5,2022-11-08,obecność,85
3TW5,2022-11-09,nieob. uspraw.,6
3TW5,2022-11-09,obecność,28
3TW5,2022-11-10,nieob. uspraw.,20
3TW5,2022-11-14,obecność,95
3TW5,2022-11-15,obecność,97
3TW5,2022-11-16,obecność,77
3TW5,2022-11-17,obecność,94
3TW5,2022-11-18,obecność,93
3TW5,2022-11-18,nieob. uspraw.,7
3TW5,2022-11-21,obecność,80
3TW5,2022-11-21,nieob. uspraw.,24
3TW5,2022-11-22,obecność,98
3TW5,2022-11-23,obecność,91
3TW5,2022-11-24,nieob. uspr. p.s.,32
3TW5,2022-11-25,obecność,89
3TW5,2022-11-28,obecność,92
3TW5,2022-11-29,obecność,82
3TW5,2022-11-29,nieob. uspr. p.s.,14
3TW5,2022-11-30,obecność,81
3TW5,2022-12-01,obecność,88
3TW5,2022-12-02,nieob. uspr. p.s.,15
3TW5,2022-12-02,obecność,62
3TW5,2022-12-05,obecność,104
3TW5,2022-12-06,obecność,103
3TW5,2022-12-07,obecność,91
3TW5,2022-12-08,obecność,85
3TW5,2022-12-09,obecność,96
3TW5,2022-12-12,obecność,76
3TW5,2022-12-13,obecność,90
3TW5,2022-12-13,nieob. uspr. p.s.,11
3TW5,2022-12-14,obecność,70
3TW5,2022-12-15,obecność,102
3TW5,2022-12-16,obecność,96
3TW5,2022-12-19,obecność,95
3TW5,2022-12-20,obecność,69
3TW5,2022-12-21,obecność,85
3TW5,2022-12-22,obecność,104
3TW5,2023-01-02,obecność,62
3TW5,2023-01-03,obecność,86
3TW5,2023-01-04,obecność,78
3TW5,2023-01-05,obecność,84
3TW5,2023-01-09,obecność,96
3TW5,2023-01-10,obecność,88
3TW5,2023-01-11,obecność,87
3TW5,2023-01-12,obecność,78
3TW5,2023-01-13,nieob. uspraw.,35
3TW5,2023-01-16,obecność,69
3TW5,2023-01-17,obecność,65
3TW5,2023-01-18,obecność,63
3TW5,2023-01-19,obecność,72
3TW5,2023-01-20,obecność,61
3TW5,2023-01-23,obecność,92
3TW5,2023-01-24,obecność,93
3TW5,2023-01-25,obecność,84
3TW5,2023-01-26,obecność,83
3TW5,2023-01-27,nieob. uspr. p.s.,12
3TW5,2023-01-27,obecność,73
3TW5,2023-01-30,obecność,71
3TW5,2023-01-31,obecność,66
3TW5,2023-02-01,obecność,20
3TW5,2023-02-02,obecność,83
3TW5,2023-02-03,obecność,102
3TW5,2023-02-06,obecność,75
3TW5,2023-02-07,nieob. uspr. p.s.,10
3TW5,2023-02-07,obecność,90
3TW5,2023-02-07,spóźnienie,3
3TW5,2023-02-08,obecność,87
3TW5,2023-02-09,obecność,88
3TW5,2023-02-10,obecność,68
3TW5,2023-02-27,nieob. uspraw.,17
3TW5,2023-02-28,obecność,100
3TW5,2023-03-01,obecność,75
3TW5,2023-03-01,nieob. uspr. p.s.,6
3TW5,2023-03-02,obecność,89
3TW5,2023-03-03,obecność,74
3TW5,2023-03-06,obecność,100
3TW5,2023-03-07,obecność,94
3TW5,2023-03-08,obecność,87
3TW5,2023-03-09,obecność,94
3TW5,2023-03-10,obecność,60
3TW5,2023-03-13,obecność,98
3TW5,2023-03-14,obecność,81
3TW5,2023-03-15,obecność,58
3TW5,2023-03-16,obecność,61
3TW5,2023-03-17,obecność,58
3TW5,2023-03-20,obecność,81
3TW5,2023-03-21,nieob. uspraw.,83
3TW5,2023-03-22,obecność,70
3TW5,2023-03-23,obecność,33
3TW5,2023-03-24,obecność,72
3TW5,2023-03-27,obecność,70
3TW5,2023-03-28,obecność,81
3TW5,2023-03-29,obecność,73
3TW5,2023-03-30,obecność,42
3TW5,2023-03-31,obecność,76
3TW5,2023-04-03,obecność,84
3TW5,2023-04-04,obecność,88
3TW5,2023-04-05,obecność,56
3TW5,2023-04-12,obecność,48
3TW5,2023-04-13,obecność,81
3TW5,2023-04-13,spóźnienie,3
3TW5,2023-04-14,nieob. uspr. p.s.,14
3TW5,2023-04-17,obecność,18
3TW5,2023-04-18,obecność,54
3TW5,2023-04-18,nieob. uspr. p.s.,30
3TW5,2023-04-19,obecność,27
3TW5,2023-04-20,nieob. uspr. p.s.,43
3TW5,2023-04-20,obecność,35
3TW5,2023-04-21,obecność,54
3TW5,2023-04-21,nieob. uspraw.,2
3TW5,2023-04-24,obecność,46
3TW5,2023-04-25,obecność,48
3TW5,2023-04-25,nieob. uspr. p.s.,32
3TW5,2023-04-26,obecność,49
3TW5,2023-04-27,obecność,40
3TW5,2023-04-28,nieob. uspr. p.s.,48
3TW5,2023-05-09,obecność,85
3TW5,2023-05-10,obecność,80
3TW5,2023-05-11,obecność,81
3TW5,2023-05-12,obecność,65
3TW5,2023-05-15,obecność,60
3TW5,2023-05-16,obecność,51
3TW5,2023-05-16,nieob. uspraw.,27
3TW5,2023-05-17,obecność,94
3TW5,2023-05-18,obecność,66
3TW5,2023-05-19,obecność,69
3TW5,2023-05-19,nieob. uspraw.,19
3TW5,2023-05-22,obecność,45
3TW5,2023-05-23,obecność,80
3TW5,2023-05-24,obecność,100
3TW5,2023-05-24,nieob. uspr. p.s.,4
3TW5,2023-05-25,nieob. uspr. p.s.,12
3TW5,2023-05-25,obecność,76
3TW5,2023-05-29,obecność,75
3TW5,2023-05-29,nieob. uspraw.,2
3TW5,2023-05-30,obecność,101
3TW5,2023-05-31,obecność,96
3TW5,2023-06-01,obecność,83
3TW5,2023-06-01,nieob. uspr. p.s.,4
3TW5,2023-06-02,obecność,68
3TW5,2023-06-02,nieob. uspr. p.s.,12
3TW5,2023-06-05,obecność,74
3TW5,2023-06-06,obecność,69
3TW5,2023-06-06,nieob. uspraw.,35
3TW5,2023-06-07,nieob. uspraw.,28
3TW5,2023-06-12,obecność,52
3TW5,2023-06-12,nieob. uspraw.,25
3TW5,2023-06-13,obecność,85
3TW5,2023-06-13,nieob. uspraw.,19
3TW5,2023-06-14,obecność,48
3TW5,2023-06-14,nieobecność,42
3TW5,2023-06-15,nieobecność,72
3TW5,2023-06-15,obecność,16
3TW5,2023-06-16,nieob. uspr. p.s.,23
3TW5,2023-06-16,nieobecność,63
3TW5,2023-06-16,obecność,4
3TW5,2023-06-19,obecność,48
3TW5,2023-06-19,nieobecność,36
3TW5,2023-06-20,obecność,17
3TW5,2023-06-20,nieobecność,79
3TW5,2023-06-21,nieobecność,58
3TW5,2023-06-22,nieobecność,76
3TW5,2023-06-22,obecność,20
3TW5,2023-06-23,obecność,104
3TW5,2022-09-12,nieob. uspraw.,8
3TW5,2022-09-13,nieob. uspraw.,7
3TW5,2022-09-14,nieob. uspraw.,24
3TW5,2022-10-07,nieob. uspr. p.s.,10
3TW5,2022-10-10,obecność,86
3TW5,2022-10-11,nieob. uspr. p.s.,5
3TW5,2022-10-21,nieob. uspr. p.s.,13
3TW5,2022-10-26,spóźnienie,2
3TW5,2022-10-28,nieob. uspr. p.s.,2
3TW5,2022-11-07,nieob. uspr. p.s.,8
3TW5,2022-11-09,nieob. uspr. p.s.,44
3TW5,2022-11-10,obecność,36
3TW5,2022-11-10,nieob. uspr. p.s.,9
3TW5,2022-11-18,nieob. uspr. p.s.,4
3TW5,2023-01-13,obecność,53
3TW5,2023-01-24,nieob. uspr. p.s.,3
3TW5,2023-01-26,nieob. uspr. p.s.,13
3TW5,2023-01-27,nieob. uspraw.,18
3TW5,2023-01-30,nieob. uspraw.,33
3TW5,2023-01-31,nieob. uspraw.,12
3TW5,2023-02-01,nieob. uspraw.,28
3TW5,2023-02-02,nieob. uspr. p.s.,12
3TW5,2023-02-06,nieob. uspraw.,28
3TW5,2023-02-10,nieob. uspraw.,25
3TW5,2023-02-27,obecność,83
3TW5,2023-03-15,nieob. uspr. p.s.,6
3TW5,2023-03-16,nieob. uspr. p.s.,16
3TW5,2023-03-17,nieob. uspr. p.s.,35
3TW5,2023-03-22,nieob. uspr. p.s.,8
3TW5,2023-03-23,nieob. uspr. p.s.,26
3TW5,2023-03-27,nieob. uspraw.,16
3TW5,2023-03-28,nieob. uspraw.,18
3TW5,2023-04-03,nieob. uspr. p.s.,4
3TW5,2023-04-04,nieob. uspr. p.s.,2
3TW5,2023-04-17,nieob. uspr. p.s.,42
3TW5,2023-04-19,nieob. uspr. p.s.,37
3TW5,2023-04-21,nieob. uspr. p.s.,35
3TW5,2023-04-24,nieob. uspr. p.s.,28
3TW5,2023-04-26,nieob. uspr. p.s.,28
3TW5,2023-04-27,nieob. uspr. p.s.,48
3TW5,2023-05-09,nieob. uspr. p.s.,10
3TW5,2023-05-11,nieob. uspr. p.s.,12
3TW5,2023-05-12,nieob. uspr. p.s.,26
3TW5,2023-05-15,nieob. uspr. p.s.,12
3TW5,2023-05-16,nieob. uspr. p.s.,26
3TW5,2023-05-17,nieob. uspr. p.s.,4
3TW5,2023-05-18,nieob. uspr. p.s.,12
3TW5,2023-05-22,nieob. uspr. p.s.,20
3TW5,2023-06-02,nieob. uspraw.,22
3TW5,2023-06-05,nieob. uspraw.,17
3TW5,2023-06-07,obecność,74
3TW5,2023-06-12,nieob. uspr. p.s.,14
3TW5,2023-06-21,nieob. uspr. p.s.,32
3TW5,2022-09-09,nieob. uspraw.,1
3TW5,2022-09-22,nieob. uspraw.,25
3TW5,2022-09-28,nieob. uspraw.,11
3TW5,2022-09-30,nieob. uspraw.,16
3TW5,2022-10-07,nieob. uspraw.,3
3TW5,2022-10-13,nieob. uspraw.,24
3TW5,2022-10-17,nieob. uspraw.,17
3TW5,2022-10-18,spóźnienie,3
3TW5,2022-10-28,nieobecność,1
3TW5,2022-11-07,nieob. uspraw.,10
3TW5,2022-11-25,nieob. uspraw.,11
3TW5,2022-12-02,nieob. uspraw.,14
3TW5,2022-12-08,nieob. uspraw.,19
3TW5,2022-12-13,nieob. uspraw.,2
3TW5,2022-12-14,nieob. uspraw.,21
3TW5,2022-12-20,nieob. uspraw.,35
3TW5,2022-12-21,nieob. uspraw.,11
3TW5,2023-01-03,nieob. uspraw.,18
3TW5,2023-01-04,nieob. uspraw.,13
3TW5,2023-01-05,nieob. uspraw.,20
3TW5,2023-01-09,nieob. uspraw.,8
3TW5,2023-01-10,nieob. uspraw.,16
3TW5,2023-01-11,nieob. uspraw.,17
3TW5,2023-01-16,nieob. uspraw.,34
3TW5,2023-01-17,nieob. uspraw.,39
3TW5,2023-01-19,nieob. uspraw.,32
3TW5,2023-01-20,nieob. uspraw.,29
3TW5,2023-01-24,nieob. uspraw.,8
3TW5,2023-02-07,nieobecność,1
3TW5,2023-02-08,nieobecność,1
3TW5,2023-02-09,nieob. uspraw.,8
3TW5,2023-03-09,nieob. uspraw.,1
3TW5,2023-03-10,nieob. uspraw.,7
3TW5,2023-03-17,nieob. uspraw.,11
3TW5,2023-03-23,nieob. uspraw.,30
3TW5,2023-03-24,nieob. uspraw.,32
3TW5,2023-03-29,nieob. uspraw.,7
3TW5,2023-03-29,nieob. uspr. p.s.,11
3TW5,2023-03-30,nieob. uspr. p.s.,25
3TW5,2023-03-31,nieob. uspraw.,15
3TW5,2023-04-04,nieob. uspraw.,14
3TW5,2023-04-05,nieob. uspraw.,28
3TW5,2023-04-12,nieob. uspraw.,29
3TW5,2023-04-14,nieob. uspraw.,28
3TW5,2023-04-20,nieob. uspraw.,26
3TW5,2023-04-28,obecność,48
3TW5,2023-05-17,nieob. uspraw.,6
3TW5,2023-05-18,nieob. uspraw.,10
3TW5,2022-09-16,nieobecność,8
3TW5,2022-09-23,nieob. uspraw.,24
3TW5,2022-09-28,nieob. uspr. p.s.,3
3TW5,2022-10-21,spóźnienie,5
3TW5,2022-11-17,nieob. uspraw.,10
3TW5,2022-11-22,spóźnienie,5
3TW5,2022-11-24,obecność,63
3TW5,2023-01-02,nieob. uspraw.,29
3TW5,2023-01-12,nieob. uspraw.,26
3TW5,2023-01-18,nieob. uspraw.,28
3TW5,2023-02-01,nieobecność,4
3TW5,2023-02-09,nieobecność,8
3TW5,2023-02-10,nieobecność,10
3TW5,2023-03-13,nieob. uspraw.,5
3TW5,2023-03-15,nieob. uspraw.,14
3TW5,2023-03-21,nieobecność,7
3TW5,2023-03-30,nieob. uspraw.,11
3TW5,2023-04-14,obecność,49
3TW5,2023-04-24,nieob. uspraw.,4
3TW5,2023-04-28,nieob. uspraw.,8
3TW5,2023-06-21,obecność,6
3TW5,2022-09-23,nieob. uspr. p.s.,8
3TW5,2022-10-05,nieob. uspr. p.s.,6
3TW5,2022-10-10,nieob. uspr. p.s.,5
3TW5,2022-10-13,nieob. uspr. p.s.,8
3TW5,2022-11-16,nieob. uspr. p.s.,1
3TW5,2022-11-22,spóźn. uspr.,1
3TW5,2022-11-25,nieob. uspr. p.s.,4
3TW5,2022-11-28,spóźn. uspr.,1
3TW5,2022-11-30,nieob. uspr. p.s.,3
3TW5,2022-12-06,nieob. uspr. p.s.,1
3TW5,2022-12-12,nieob. uspr. p.s.,1
3TW5,2022-12-16,nieob. uspraw.,8
3TW5,2022-12-21,nieob. uspr. p.s.,8
3TW5,2023-02-08,nieob. uspraw.,1
3TW5,2023-02-10,nieob. uspr. p.s.,1
3TW5,2023-02-28,nieob. uspr. p.s.,4
3TW5,2023-03-02,spóźn. uspr.,1
3TW5,2023-03-03,nieob. uspr. p.s.,14
3TW5,2023-03-06,nieob. uspraw.,2
3TW5,2023-03-06,nieob. uspr. p.s.,2
3TW5,2023-03-09,nieob. uspr. p.s.,9
3TW5,2023-03-14,nieob. uspraw.,2
3TW5,2023-03-20,nieob. uspr. p.s.,14
3TW5,2023-04-17,nieob. uspraw.,18
3TW5,2023-04-18,nieob. uspraw.,7
3TW5,2023-04-19,nieob. uspraw.,27
3TW5,2023-04-25,nieob. uspraw.,11
3TW5,2023-05-09,nieob. uspraw.,8
3TW5,2023-05-10,nieob. uspraw.,10
3TW5,2023-05-11,nieob. uspraw.,9
3TW5,2023-05-12,nieob. uspraw.,10
3TW5,2023-05-19,spóźn. uspr.,1
3TW5,2023-05-25,nieob. uspraw.,16
3TW5,2023-06-01,nieob. uspraw.,3
3TW5,2023-06-14,nieob. uspraw.,14
3TW5,2023-06-15,nieob. uspraw.,16
3TW5,2023-06-16,nieob. uspraw.,14
3TW5,2022-09-09,spóźnienie,2
3TW5,2022-09-12,spóźnienie,2
3TW5,2022-09-27,spóźnienie,1
3TW5,2022-10-06,nieob. uspr. p.s.,3
3TW5,2022-10-19,nieob. uspraw.,7
3TW5,2022-10-26,nieob. uspraw.,14
3TW5,2022-11-04,nieob. uspraw.,3
3TW5,2022-11-15,spóźnienie,2
3TW5,2022-11-28,spóźnienie,2
3TW5,2022-12-12,nieob. uspraw.,14
3TW5,2023-01-23,spóźnienie,3
3TW5,2023-02-27,spóźnienie,4
3TW5,2023-03-01,spóźnienie,3
3TW5,2023-03-02,spóźnienie,5
3TW5,2023-03-14,nieob. uspr. p.s.,5
3TW5,2023-03-23,spóźnienie,2
3TW5,2023-03-27,spóźnienie,2
3TW5,2023-05-11,spóźnienie,2
3TW5,2023-05-12,spóźnienie,2
3TW5,2023-05-18,nieobecność,3
3TW5,2023-05-19,spóźnienie,3
3TW5,2023-05-22,nieob. uspraw.,12
3TW5,2023-06-02,spóźnienie,2
3TW5,2022-09-21,nieob. uspraw.,16
3TW5,2023-03-02,nieob. uspraw.,9
3TW5,2023-03-03,nieob. uspraw.,16
3TW5,2023-03-28,nieob. uspr. p.s.,5
3TW5,2023-03-31,nieob. uspr. p.s.,13
3TW5,2023-04-12,nieob. uspr. p.s.,14
3TW5,2023-05-10,nieob. uspr. p.s.,14
3TW5,2023-05-19,nieob. uspr. p.s.,12
3TW5,2023-05-23,nieob. uspr. p.s.,16
3TW5,2023-05-31,nieob. uspr. p.s.,8
3TW5,2023-02-08,nieob. uspr. p.s.,2
3TW5,2023-03-07,nieob. uspr. p.s.,4
3TW5,2023-03-10,nieob. uspr. p.s.,21
3TW5,2023-03-27,nieob. uspr. p.s.,16
3TW5,2022-11-28,nieob. uspraw.,9
3TW5,2022-11-29,nieob. uspraw.,8
3TW5,2022-11-30,nieob. uspraw.,7
3TW5,2022-12-01,nieob. uspraw.,16
3TW5,2022-12-15,nieob. uspraw.,2
3TW5,2023-03-20,nieob. uspraw.,9
3TW5,2023-03-22,nieob. uspraw.,13
3TW5,2022-09-02,nieob. uspraw.,1
3TW5,2022-09-05,nieob. uspraw.,1
3TW5,2022-09-13,spóźnienie,1
3TW5,2022-09-14,spóźnienie,1
3TW5,2022-09-16,spóźnienie,1
3TW5,2022-09-29,nieob. uspraw.,16
3TW5,2022-09-30,spóźnienie,1
3TW5,2022-10-04,nieob. uspraw.,9
3TW5,2022-10-05,nieob. uspraw.,1
3TW5,2022-10-05,spóźnienie,1
3TW5,2022-10-06,nieob. uspraw.,8
3TW5,2022-10-10,spóźnienie,1
3TW5,2022-10-11,nieob. uspraw.,3
3TW5,2022-10-24,spóźnienie,1
3TW5,2022-10-25,nieob. uspraw.,9
3TW5,2022-10-27,nieob. uspraw.,8
3TW5,2022-11-02,spóźnienie,1
3TW5,2022-11-03,nieob. uspraw.,10
3TW5,2022-11-14,nieob. uspraw.,9
3TW5,2022-11-15,nieobecność,1
3TW5,2022-11-15,nieob. uspraw.,4
3TW5,2022-11-24,nieob. uspraw.,9
3TW5,2022-12-09,nieob. uspraw.,8
3TW5,2022-12-13,spóźnienie,1
3TW5,2022-12-19,spóźnienie,1
3TW5,2023-01-13,spóźnienie,1
3TW5,2023-01-16,spóźnienie,1
3TW5,2023-01-20,spóźnienie,1
3TW5,2023-01-23,nieob. uspraw.,9
3TW5,2023-01-25,nieob. uspraw.,7
3TW5,2023-01-26,nieob. uspraw.,8
3TW5,2023-01-27,spóźnienie,1
3TW5,2023-02-02,nieob. uspraw.,9
3TW5,2023-02-03,spóźnienie,1
3TW5,2023-02-06,nieobecność,1
3TW5,2023-03-08,nieob. uspraw.,4
3TW5,2023-03-10,spóźnienie,3
3TW5,2023-03-13,spóźn. uspr.,1
3TW5,2023-03-14,nieobecność,3
3TW5,2023-03-16,nieob. uspraw.,14
3TW5,2023-04-26,nieob. uspraw.,14
3TW5,2023-05-09,spóźnienie,1
3TW5,2023-05-15,nieob. uspraw.,6
3TW5,2023-05-23,nieob. uspraw.,8
3TW5,2023-05-29,nieobecność,1
3TW5,2023-06-01,spóźnienie,1
3TW5,2023-06-19,nieob. uspraw.,7
3TW5,2023-06-20,nieob. uspraw.,8
3TW5,2023-06-21,nieob. uspraw.,8
3TW5,2023-06-22,nieob. uspraw.,8
3TW5,2022-09-15,nieob. uspraw.,16
3TW5,2022-09-16,nieob. uspraw.,1
3TW5,2022-09-26,nieob. uspraw.,16
3TW5,2022-09-27,nieob. uspraw.,14
3TW5,2022-11-08,nieob. uspraw.,16
3TW5,2022-12-19,nieob. uspraw.,8
3TW5,2023-01-13,nieob. uspr. p.s.,2
3TW5,2023-02-03,nieob. uspraw.,1
3TW5,2023-03-01,nieob. uspraw.,7
3TW5,2023-03-07,nieob. uspraw.,6
3TW5,2023-04-03,nieob. uspraw.,16
3TW5,2023-04-27,nieob. uspraw.,16
3TW5,2023-05-12,nieobecność,1
3TW5,2023-05-22,spóźnienie,1
3TW5,2023-05-30,nieob. uspraw.,3
3TW5,2023-06-07,nieob. uspr. p.s.,2
3TW5,2022-10-24,nieob. uspraw.,16
3TW5,2022-09-07,nieob. uspraw.,8
3TW5,2022-09-19,nieob. uspraw.,8
3TW5,2022-09-20,nieob. uspraw.,7
3TW5,2023-03-21,nieob. uspr. p.s.,1
3TW5,2023-04-05,nieob. uspr. p.s.,7
3TW5,2023-04-13,nieob. uspraw.,7
3TŻ5,2022-09-02,nieobecność,8
3TŻ5,2022-09-05,nieob. uspraw.,11
3TŻ5,2022-09-06,nieob. uspraw.,16
3TŻ5,2022-09-07,nieob. uspraw.,16
3TŻ5,2022-09-08,nieob. uspraw.,16
3TŻ5,2022-09-09,nieob. uspraw.,29
3TŻ5,2022-09-12,obecność,88
3TŻ5,2022-09-13,obecność,92
3TŻ5,2022-09-14,obecność,80
3TŻ5,2022-09-14,nieob. uspraw.,19
3TŻ5,2022-09-15,obecność,76
3TŻ5,2022-09-16,obecność,84
3TŻ5,2022-09-19,obecność,72
3TŻ5,2022-09-20,obecność,61
3TŻ5,2022-09-21,obecność,54
3TŻ5,2022-09-22,obecność,42
3TŻ5,2022-09-23,nieobecność,8
3TŻ5,2022-09-26,nieob. uspraw.,32
3TŻ5,2022-09-27,spóźnienie,2
3TŻ5,2022-09-27,obecność,72
3TŻ5,2022-09-28,obecność,90
3TŻ5,2022-09-28,nieobecność,4
3TŻ5,2022-09-29,obecność,80
3TŻ5,2022-09-29,nieobecność,1
3TŻ5,2022-09-30,obecność,87
3TŻ5,2022-10-03,obecność,99
3TŻ5,2022-10-03,nieob. uspr. p.s.,2
3TŻ5,2022-10-04,spóźnienie,1
3TŻ5,2022-10-04,obecność,70
3TŻ5,2022-10-05,obecność,68
3TŻ5,2022-10-05,spóźnienie,4
3TŻ5,2022-10-06,spóźnienie,3
3TŻ5,2022-10-06,obecność,86
3TŻ5,2022-10-06,nieobecność,1
3TŻ5,2022-10-07,nieob. uspraw.,32
3TŻ5,2022-10-10,nieob. uspraw.,32
3TŻ5,2022-10-11,obecność,65
3TŻ5,2022-10-11,nieobecność,1
3TŻ5,2022-10-12,obecność,70
3TŻ5,2022-10-12,spóźnienie,3
3TŻ5,2022-10-13,obecność,87
3TŻ5,2022-10-17,nieob. uspraw.,30
3TŻ5,2022-10-18,obecność,87
3TŻ5,2022-10-19,nieobecność,7
3TŻ5,2022-10-19,obecność,52
3TŻ5,2022-10-19,spóźnienie,5
3TŻ5,2022-10-20,obecność,46
3TŻ5,2022-10-21,nieobecność,8
3TŻ5,2022-10-24,obecność,83
3TŻ5,2022-10-25,nieob. uspraw.,25
3TŻ5,2022-10-26,nieob. uspr. p.s.,20
3TŻ5,2022-10-27,nieobecność,9
3TŻ5,2022-10-28,nieobecność,13
3TŻ5,2022-11-02,nieobecność,8
3TŻ5,2022-11-03,obecność,71
3TŻ5,2022-11-04,obecność,85
3TŻ5,2022-11-07,obecność,94
3TŻ5,2022-11-07,spóźnienie,2
3TŻ5,2022-11-08,obecność,94
3TŻ5,2022-11-09,obecność,76
3TŻ5,2022-11-10,obecność,69
3TŻ5,2022-11-14,obecność,89
3TŻ5,2022-11-15,nieob. uspraw.,8
3TŻ5,2022-11-15,obecność,86
3TŻ5,2022-11-16,obecność,80
3TŻ5,2022-11-17,obecność,77
3TŻ5,2022-11-17,spóźnienie,5
3TŻ5,2022-11-18,obecność,91
3TŻ5,2022-11-21,obecność,53
3TŻ5,2022-11-21,spóźnienie,9
3TŻ5,2022-11-22,nieob. uspraw.,18
3TŻ5,2022-11-23,nieob. uspraw.,15
3TŻ5,2022-11-24,nieobecność,3
3TŻ5,2022-11-24,obecność,80
3TŻ5,2022-11-25,nieobecność,8
3TŻ5,2022-11-28,nieobecność,9
3TŻ5,2022-11-29,obecność,74
3TŻ5,2022-11-30,nieobecność,2
3TŻ5,2022-11-30,obecność,69
3TŻ5,2022-11-30,spóźnienie,4
3TŻ5,2022-12-01,obecność,90
3TŻ5,2022-12-02,obecność,80
3TŻ5,2022-12-02,nieobecność,2
3TŻ5,2022-12-05,nieobecność,5
3TŻ5,2022-12-05,obecność,92
3TŻ5,2022-12-06,obecność,71
3TŻ5,2022-12-07,nieobecność,7
3TŻ5,2022-12-08,nieobecność,6
3TŻ5,2022-12-09,obecność,104
3TŻ5,2022-12-12,obecność,72
3TŻ5,2022-12-12,spóźnienie,3
3TŻ5,2022-12-12,nieobecność,2
3TŻ5,2022-12-13,obecność,75
3TŻ5,2022-12-14,obecność,84
3TŻ5,2022-12-15,obecność,58
3TŻ5,2022-12-16,obecność,99
3TŻ5,2022-12-19,nieobecność,7
3TŻ5,2022-12-19,obecność,47
3TŻ5,2022-12-20,nieobecność,10
3TŻ5,2022-12-21,nieobecność,10
3TŻ5,2022-12-22,obecność,95
3TŻ5,2023-01-02,nieobecność,8
3TŻ5,2023-01-03,obecność,76
3TŻ5,2023-01-04,spóźnienie,2
3TŻ5,2023-01-04,obecność,81
3TŻ5,2023-01-05,spóźnienie,2
3TŻ5,2023-01-05,obecność,66
3TŻ5,2023-01-09,obecność,70
3TŻ5,2023-01-09,spóźnienie,2
3TŻ5,2023-01-10,nieobecność,7
3TŻ5,2023-01-10,obecność,71
3TŻ5,2023-01-11,obecność,53
3TŻ5,2023-01-12,obecność,58
3TŻ5,2023-01-13,obecność,74
3TŻ5,2023-01-13,nieobecność,2
3TŻ5,2023-01-16,nieobecność,9
3TŻ5,2023-01-17,obecność,80
3TŻ5,2023-01-18,nieobecność,7
3TŻ5,2023-01-19,obecność,95
3TŻ5,2023-01-20,nieobecność,10
3TŻ5,2023-01-23,spóźnienie,5
3TŻ5,2023-01-23,obecność,90
3TŻ5,2023-01-24,spóźnienie,9
3TŻ5,2023-01-24,nieob. uspr. p.s.,3
3TŻ5,2023-01-24,obecność,86
3TŻ5,2023-01-25,obecność,80
3TŻ5,2023-01-26,nieobecność,6
3TŻ5,2023-01-26,obecność,74
3TŻ5,2023-01-27,obecność,69
3TŻ5,2023-01-30,obecność,49
3TŻ5,2023-01-31,obecność,77
3TŻ5,2023-01-31,nieobecność,1
3TŻ5,2023-02-01,obecność,79
3TŻ5,2023-02-02,obecność,86
3TŻ5,2023-02-03,spóźnienie,2
3TŻ5,2023-02-03,obecność,81
3TŻ5,2023-02-06,spóźnienie,2
3TŻ5,2023-02-06,obecność,64
3TŻ5,2023-02-07,obecność,87
3TŻ5,2023-02-08,obecność,72
3TŻ5,2023-02-08,spóźnienie,4
3TŻ5,2023-02-09,obecność,86
3TŻ5,2023-02-10,obecność,104
3TŻ5,2023-02-27,spóźnienie,5
3TŻ5,2023-02-27,obecność,78
3TŻ5,2023-02-28,spóźnienie,4
3TŻ5,2023-02-28,obecność,88
3TŻ5,2023-02-28,nieobecność,1
3TŻ5,2023-03-01,nieobecność,7
3TŻ5,2023-03-02,obecność,62
3TŻ5,2023-03-03,nieobecność,18
3TŻ5,2023-03-06,obecność,83
3TŻ5,2023-03-07,spóźnienie,6
3TŻ5,2023-03-07,obecność,94
3TŻ5,2023-03-07,nieob. uspr. p.s.,2
3TŻ5,2023-03-08,obecność,68
3TŻ5,2023-03-08,spóźnienie,2
3TŻ5,2023-03-09,nieobecność,9
3TŻ5,2023-03-10,nieobecność,10
3TŻ5,2023-03-13,obecność,85
3TŻ5,2023-03-13,nieob. uspraw.,14
3TŻ5,2023-03-14,obecność,83
3TŻ5,2023-03-15,nieob. uspraw.,7
3TŻ5,2023-03-15,obecność,64
3TŻ5,2023-03-16,obecność,72
3TŻ5,2023-03-17,obecność,93
3TŻ5,2023-03-20,obecność,101
3TŻ5,2023-03-21,nieob. uspraw.,96
3TŻ5,2023-03-22,nieob. uspraw.,7
3TŻ5,2023-03-23,obecność,66
3TŻ5,2023-03-24,nieob. uspraw.,36
3TŻ5,2023-03-27,obecność,60
3TŻ5,2023-03-27,nieob. uspraw.,25
3TŻ5,2023-03-28,nieob. uspraw.,28
3TŻ5,2023-03-29,obecność,61
3TŻ5,2023-03-29,nieob. uspraw.,14
3TŻ5,2023-03-30,obecność,59
3TŻ5,2023-03-30,nieob. uspraw.,18
3TŻ5,2023-03-31,nieobecność,8
3TŻ5,2023-04-03,nieob. uspraw.,11
3TŻ5,2023-04-03,obecność,60
3TŻ5,2023-04-04,nieob. uspraw.,4
3TŻ5,2023-04-04,obecność,72
3TŻ5,2023-04-05,nieob. uspraw.,17
3TŻ5,2023-04-12,obecność,60
3TŻ5,2023-04-12,spóźnienie,7
3TŻ5,2023-04-13,obecność,77
3TŻ5,2023-04-14,obecność,83
3TŻ5,2023-05-09,spóźnienie,4
3TŻ5,2023-05-09,obecność,83
3TŻ5,2023-05-10,obecność,66
3TŻ5,2023-05-10,spóźnienie,5
3TŻ5,2023-05-10,nieobecność,1
3TŻ5,2023-05-11,obecność,94
3TŻ5,2023-05-12,obecność,74
3TŻ5,2023-05-15,obecność,91
3TŻ5,2023-05-16,nieobecność,7
3TŻ5,2023-05-17,obecność,67
3TŻ5,2023-05-18,obecność,15
3TŻ5,2023-05-18,spóźnienie,2
3TŻ5,2023-05-19,obecność,93
3TŻ5,2023-05-19,nieobecność,2
3TŻ5,2023-05-22,nieob. uspraw.,12
3TŻ5,2023-05-22,spóźn. uspr.,1
3TŻ5,2023-05-22,obecność,86
3TŻ5,2023-05-23,spóźn. uspr.,2
3TŻ5,2023-05-23,obecność,83
3TŻ5,2023-05-24,obecność,73
3TŻ5,2023-05-24,nieobecność,3
3TŻ5,2023-05-25,obecność,95
3TŻ5,2023-05-29,nieob. uspraw.,26
3TŻ5,2023-05-29,obecność,67
3TŻ5,2023-05-29,spóźn. uspr.,2
3TŻ5,2023-05-30,nieob. uspraw.,41
3TŻ5,2023-05-31,obecność,66
3TŻ5,2023-06-01,obecność,63
3TŻ5,2023-06-01,nieob. uspraw.,24
3TŻ5,2023-06-02,obecność,104
3TŻ5,2023-06-05,obecność,72
3TŻ5,2023-06-05,nieob. uspr. p.s.,5
3TŻ5,2023-06-06,obecność,91
3TŻ5,2023-06-07,nieob. uspraw.,33
3TŻ5,2023-06-07,spóźn. uspr.,4
3TŻ5,2023-06-07,obecność,49
3TŻ5,2023-06-12,nieob. uspraw.,14
3TŻ5,2023-06-12,spóźn. uspr.,2
3TŻ5,2023-06-12,obecność,67
3TŻ5,2023-06-13,nieob. uspraw.,15
3TŻ5,2023-06-13,spóźn. uspr.,3
3TŻ5,2023-06-13,obecność,50
3TŻ5,2023-06-14,obecność,49
3TŻ5,2023-06-14,nieob. uspraw.,14
3TŻ5,2023-06-15,obecność,21
3TŻ5,2023-06-15,nieob. uspraw.,26
3TŻ5,2023-06-16,nieobecność,75
3TŻ5,2023-06-19,nieobecność,60
3TŻ5,2023-06-20,nieobecność,51
3TŻ5,2023-06-20,obecność,22
3TŻ5,2023-06-21,nieobecność,60
3TŻ5,2023-06-22,nieobecność,87
3TŻ5,2023-06-23,obecność,104
3TŻ5,2022-09-02,obecność,69
3TŻ5,2022-09-05,obecność,81
3TŻ5,2022-09-06,obecność,73
3TŻ5,2022-09-07,obecność,88
3TŻ5,2022-09-08,obecność,88
3TŻ5,2022-09-09,obecność,75
3TŻ5,2022-09-23,obecność,40
3TŻ5,2022-09-26,obecność,70
3TŻ5,2022-10-06,spóźn. uspr.,2
3TŻ5,2022-10-10,obecność,72
3TŻ5,2022-10-21,obecność,51
3TŻ5,2022-10-25,obecność,57
3TŻ5,2022-10-26,obecność,27
3TŻ5,2022-10-27,obecność,77
3TŻ5,2022-10-28,obecność,64
3TŻ5,2022-11-02,obecność,32
3TŻ5,2022-11-10,nieob. uspraw.,27
3TŻ5,2022-11-22,obecność,76
3TŻ5,2022-11-23,obecność,46
3TŻ5,2022-11-25,obecność,74
3TŻ5,2022-11-28,obecność,76
3TŻ5,2022-12-07,obecność,63
3TŻ5,2022-12-08,obecność,47
3TŻ5,2022-12-20,nieob. uspraw.,84
3TŻ5,2022-12-21,obecność,24
3TŻ5,2022-12-22,nieob. uspraw.,8
3TŻ5,2023-01-02,obecność,12
3TŻ5,2023-01-02,nieob. uspraw.,83
3TŻ5,2023-01-16,obecność,83
3TŻ5,2023-01-18,obecność,64
3TŻ5,2023-01-20,obecność,75
3TŻ5,2023-03-01,obecność,67
3TŻ5,2023-03-03,nieob. uspraw.,59
3TŻ5,2023-03-09,obecność,94
3TŻ5,2023-03-10,obecność,82
3TŻ5,2023-03-22,obecność,6
3TŻ5,2023-03-28,obecność,61
3TŻ5,2023-03-31,obecność,18
3TŻ5,2023-04-05,obecność,60
3TŻ5,2023-05-16,obecność,76
3TŻ5,2023-05-18,nieob. uspraw.,31
3TŻ5,2023-05-30,obecność,51
3TŻ5,2023-06-16,nieob. uspraw.,8
3TŻ5,2023-06-19,nieob. uspraw.,16
3TŻ5,2023-06-20,nieob. uspraw.,8
3TŻ5,2023-06-21,nieob. uspraw.,7
3TŻ5,2023-06-22,nieob. uspraw.,8
3TŻ5,2022-09-05,spóźnienie,3
3TŻ5,2022-09-06,spóźnienie,1
3TŻ5,2022-09-16,nieob. uspraw.,20
3TŻ5,2022-09-23,nieob. uspraw.,56
3TŻ5,2022-09-26,spóźnienie,2
3TŻ5,2022-10-17,obecność,72
3TŻ5,2022-10-21,nieob. uspraw.,45
3TŻ5,2022-10-24,spóźnienie,3
3TŻ5,2022-10-26,nieobecność,4
3TŻ5,2022-11-02,nieob. uspraw.,51
3TŻ5,2022-11-03,nieob. uspraw.,32
3TŻ5,2022-11-04,nieob. uspraw.,18
3TŻ5,2022-11-15,nieobecność,2
3TŻ5,2022-11-18,nieob. uspraw.,10
3TŻ5,2022-11-23,spóźnienie,3
3TŻ5,2022-11-25,nieob. uspraw.,22
3TŻ5,2022-11-28,spóźnienie,6
3TŻ5,2022-11-29,nieob. uspraw.,22
3TŻ5,2022-12-01,nieob. uspraw.,12
3TŻ5,2022-12-02,nieob. uspraw.,20
3TŻ5,2022-12-12,nieob. uspraw.,26
3TŻ5,2022-12-16,nieob. uspraw.,3
3TŻ5,2022-12-19,spóźnienie,6
3TŻ5,2022-12-19,nieob. uspraw.,29
3TŻ5,2022-12-21,nieob. uspraw.,57
3TŻ5,2023-01-09,spóźn. uspr.,2
3TŻ5,2023-01-10,spóźn. uspr.,2
3TŻ5,2023-01-18,spóźnienie,3
3TŻ5,2023-01-26,spóźnienie,4
3TŻ5,2023-01-27,nieobecność,1
3TŻ5,2023-01-30,nieobecność,9
3TŻ5,2023-02-03,nieobecność,2
3TŻ5,2023-02-27,nieob. uspraw.,12
3TŻ5,2023-03-08,nieob. uspr. p.s.,20
3TŻ5,2023-03-10,nieob. uspraw.,12
3TŻ5,2023-03-15,spóźnienie,5
3TŻ5,2023-03-17,nieob. uspraw.,11
3TŻ5,2023-03-23,nieob. uspraw.,12
3TŻ5,2023-03-29,spóźnienie,2
3TŻ5,2023-03-30,nieob. uspr. p.s.,1
3TŻ5,2023-03-31,nieob. uspraw.,26
3TŻ5,2023-04-03,spóźnienie,4
3TŻ5,2023-04-12,nieob. uspraw.,11
3TŻ5,2023-04-13,nieobecność,2
3TŻ5,2023-04-14,nieob. uspraw.,19
3TŻ5,2023-05-10,nieob. uspr. p.s.,11
3TŻ5,2023-05-12,nieob. uspraw.,30
3TŻ5,2023-05-17,nieobecność,4
3TŻ5,2023-05-18,nieobecność,2
3TŻ5,2023-05-23,nieobecność,1
3TŻ5,2023-05-29,spóźnienie,3
3TŻ5,2023-06-12,spóźnienie,8
3TŻ5,2023-06-13,nieobecność,35
3TŻ5,2023-06-14,nieobecność,28
3TŻ5,2023-06-15,nieobecność,56
3TŻ5,2022-09-02,nieob. uspraw.,27
3TŻ5,2022-09-12,nieob. uspraw.,16
3TŻ5,2022-09-13,nieob. uspraw.,11
3TŻ5,2022-09-15,nieob. uspraw.,15
3TŻ5,2022-09-20,nieob. uspraw.,30
3TŻ5,2022-09-21,nieob. uspraw.,24
3TŻ5,2022-09-22,nieob. uspraw.,49
3TŻ5,2022-09-27,nieob. uspraw.,15
3TŻ5,2022-09-29,nieob. uspraw.,10
3TŻ5,2022-10-04,nieob. uspraw.,7
3TŻ5,2022-10-05,nieob. uspraw.,17
3TŻ5,2022-10-06,nieob. uspraw.,12
3TŻ5,2022-10-17,nieobecność,2
3TŻ5,2022-10-18,nieobecność,1
3TŻ5,2022-10-19,spóźn. uspr.,2
3TŻ5,2022-10-24,nieob. uspraw.,17
3TŻ5,2022-10-26,nieob. uspraw.,14
3TŻ5,2022-10-27,nieob. uspraw.,18
3TŻ5,2022-10-28,nieob. uspraw.,27
3TŻ5,2022-11-04,nieobecność,1
3TŻ5,2022-11-09,nieobecność,8
3TŻ5,2022-11-10,nieobecność,6
3TŻ5,2022-11-14,nieob. uspraw.,14
3TŻ5,2022-11-18,nieob. uspr. p.s.,2
3TŻ5,2022-11-28,spóźn. uspr.,3
3TŻ5,2022-11-30,nieob. uspraw.,15
3TŻ5,2022-12-01,nieobecność,2
3TŻ5,2022-12-06,nieob. uspraw.,25
3TŻ5,2022-12-07,nieob. uspraw.,21
3TŻ5,2022-12-08,nieob. uspraw.,24
3TŻ5,2022-12-13,nieobecność,1
3TŻ5,2022-12-14,nieobecność,1
3TŻ5,2022-12-16,nieobecność,2
3TŻ5,2023-01-03,nieob. uspraw.,26
3TŻ5,2023-01-09,nieob. uspraw.,27
3TŻ5,2023-01-10,nieob. uspraw.,23
3TŻ5,2023-01-11,nieob. uspraw.,25
3TŻ5,2023-01-12,nieob. uspraw.,19
3TŻ5,2023-01-13,nieob. uspraw.,28
3TŻ5,2023-01-16,nieob. uspraw.,11
3TŻ5,2023-01-17,nieob. uspraw.,21
3TŻ5,2023-01-18,nieob. uspraw.,15
3TŻ5,2023-01-19,nieob. uspraw.,8
3TŻ5,2023-01-20,nieob. uspraw.,19
3TŻ5,2023-01-25,nieob. uspraw.,8
3TŻ5,2023-01-30,nieob. uspraw.,44
3TŻ5,2023-02-02,nieob. uspraw.,18
3TŻ5,2023-02-03,nieob. uspraw.,19
3TŻ5,2023-02-06,nieob. uspraw.,36
3TŻ5,2023-02-07,nieob. uspraw.,17
3TŻ5,2023-02-08,nieob. uspraw.,14
3TŻ5,2023-02-09,nieob. uspraw.,18
3TŻ5,2023-03-01,spóźnienie,3
3TŻ5,2023-03-03,obecność,1
3TŻ5,2023-03-06,nieob. uspraw.,17
3TŻ5,2023-03-13,nieobecność,3
3TŻ5,2023-03-27,nieobecność,4
3TŻ5,2023-03-28,nieobecność,2
3TŻ5,2023-04-04,spóźnienie,3
3TŻ5,2023-04-13,nieob. uspraw.,12
3TŻ5,2023-05-23,spóźnienie,7
3TŻ5,2023-05-29,nieobecność,3
3TŻ5,2023-05-31,nieob. uspraw.,12
3TŻ5,2023-06-01,nieobecność,3
3TŻ5,2023-06-05,nieob. uspraw.,10
3TŻ5,2023-06-05,nieobecność,1
3TŻ5,2023-06-13,spóźnienie,2
3TŻ5,2023-06-16,obecność,21
3TŻ5,2023-06-19,nieob. uspr. p.s.,24
3TŻ5,2023-06-20,nieob. uspr. p.s.,24
3TŻ5,2023-06-21,nieob. uspr. p.s.,21
3TŻ5,2023-06-22,nieob. uspr. p.s.,6
3TŻ5,2022-09-19,nieob. uspraw.,32
3TŻ5,2022-10-03,nieob. uspraw.,3
3TŻ5,2022-10-07,nieob. uspr. p.s.,64
3TŻ5,2022-10-12,nieob. uspr. p.s.,9
3TŻ5,2022-10-13,nieob. uspr. p.s.,9
3TŻ5,2022-10-18,nieob. uspraw.,8
3TŻ5,2022-10-19,nieob. uspr. p.s.,9
3TŻ5,2022-10-20,nieob. uspr. p.s.,18
3TŻ5,2022-11-07,nieob. uspraw.,8
3TŻ5,2022-11-16,nieob. uspraw.,10
3TŻ5,2022-11-17,nieob. uspraw.,20
3TŻ5,2022-11-18,nieobecność,1
3TŻ5,2022-11-21,spóźn. uspr.,1
3TŻ5,2022-11-21,nieob. uspraw.,40
3TŻ5,2022-11-24,nieob. uspr. p.s.,9
3TŻ5,2022-11-28,nieob. uspraw.,10
3TŻ5,2022-12-05,nieob. uspraw.,6
3TŻ5,2022-12-13,nieob. uspraw.,21
3TŻ5,2022-12-14,nieob. uspraw.,6
3TŻ5,2023-01-05,nieob. uspraw.,9
3TŻ5,2023-01-24,spóźn. uspr.,2
3TŻ5,2023-01-24,nieob. uspraw.,4
3TŻ5,2023-01-26,nieob. uspraw.,20
3TŻ5,2023-01-27,nieob. uspraw.,34
3TŻ5,2023-01-31,nieob. uspraw.,26
3TŻ5,2023-02-28,nieob. uspraw.,11
3TŻ5,2023-03-06,nieobecność,2
3TŻ5,2023-03-14,nieob. uspraw.,7
3TŻ5,2023-03-15,spóźn. uspr.,1
3TŻ5,2023-03-20,nieob. uspraw.,1
3TŻ5,2023-04-12,nieob. uspr. p.s.,12
3TŻ5,2023-04-13,nieob. uspr. p.s.,12
3TŻ5,2023-05-15,nieobecność,4
3TŻ5,2023-05-22,nieobecność,2
3TŻ5,2023-06-12,nieobecność,2
3TŻ5,2022-09-05,nieob. uspr. p.s.,8
3TŻ5,2022-09-27,spóźn. uspr.,1
3TŻ5,2022-09-28,nieob. uspraw.,5
3TŻ5,2022-10-04,nieob. uspr. p.s.,10
3TŻ5,2022-10-12,spóźn. uspr.,1
3TŻ5,2022-10-19,nieob. uspraw.,3
3TŻ5,2022-10-24,nieobecność,1
3TŻ5,2022-11-10,nieob. uspr. p.s.,2
3TŻ5,2022-11-14,zwolniony,1
3TŻ5,2022-11-17,nieobecność,2
3TŻ5,2022-11-21,nieobecność,1
3TŻ5,2022-11-23,spóźn. uspr.,1
3TŻ5,2022-11-24,nieob. uspraw.,12
3TŻ5,2022-12-15,nieob. uspr. p.s.,8
3TŻ5,2022-12-19,spóźn. uspr.,1
3TŻ5,2023-01-17,nieob. uspr. p.s.,2
3TŻ5,2023-01-18,spóźn. uspr.,1
3TŻ5,2023-02-27,spóźn. uspr.,2
3TŻ5,2023-02-28,spóźn. uspr.,1
3TŻ5,2023-03-09,nieob. uspr. p.s.,1
3TŻ5,2023-05-09,nieob. uspraw.,18
3TŻ5,2023-05-11,nieob. uspraw.,9
3TŻ5,2023-05-17,nieob. uspraw.,18
3TŻ5,2023-05-23,nieob. uspraw.,1
3TŻ5,2023-05-23,nieob. uspr. p.s.,11
3TŻ5,2023-06-19,obecność,1
3TŻ5,2023-06-21,obecność,3
3TŻ5,2022-12-15,nieob. uspraw.,11
3TŻ5,2022-12-20,obecność,10
3TŻ5,2023-03-21,nieobecność,8
3TŻ5,2023-03-24,nieobecność,3
3TŻ5,2022-09-30,nieob. uspraw.,16
3TŻ5,2022-10-20,nieob. uspraw.,12
3TŻ5,2023-01-04,nieob. uspraw.,8
3TŻ5,2023-01-23,nieob. uspraw.,7
3TŻ5,2023-02-01,nieob. uspraw.,6
3TŻ5,2023-03-07,nieob. uspraw.,1
3TŻ5,2023-03-16,nieob. uspraw.,5
3TŻ5,2023-05-10,nieob. uspraw.,8
3TŻ5,2023-05-15,nieob. uspraw.,4
3TŻ5,2023-05-19,nieob. uspraw.,9
3TŻ5,2023-05-24,nieob. uspraw.,1
3TŻ5,2022-09-14,nieob. uspr. p.s.,5
3TŻ5,2022-09-27,nieob. uspr. p.s.,6
3TŻ5,2022-09-28,nieob. uspr. p.s.,4
3TŻ5,2022-10-11,nieob. uspraw.,12
3TŻ5,2022-11-08,nieob. uspraw.,2
3TŻ5,2022-11-09,nieob. uspraw.,7
3TŻ5,2022-11-30,nieob. uspr. p.s.,1
3TŻ5,2022-12-02,nieob. uspr. p.s.,2
3TŻ5,2023-01-25,nieob. uspr. p.s.,2
3TŻ5,2023-02-01,nieob. uspr. p.s.,5
3TŻ5,2023-02-27,nieob. uspr. p.s.,6
3TŻ5,2023-03-01,nieob. uspr. p.s.,6
3TŻ5,2023-03-02,nieob. uspraw.,11
3TŻ5,2023-03-02,nieob. uspr. p.s.,5
3TŻ5,2023-05-16,nieob. uspraw.,9
3TŻ5,2023-05-24,nieob. uspr. p.s.,14
3TŻ5,2023-06-12,nieob. uspr. p.s.,8
3TŻ5,2022-10-20,zwolniony,2
3TŻ5,2023-05-25,nieob. uspraw.,8
3TŻ5,2023-01-03,nieob. uspr. p.s.,2
3TŻ5,2023-06-22,obecność,2
3TŻ5,2022-09-05,spóźn. uspr.,1
3TŻ5,2022-09-06,spóźn. uspr.,1
3TŻ5,2022-09-28,spóźn. uspr.,1
3TŻ5,2022-10-04,spóźn. uspr.,1
3TŻ5,2022-10-05,spóźn. uspr.,2
3TŻ5,2022-10-12,nieobecność,1
3TŻ5,2022-10-13,nieob. uspraw.,8
3TŻ5,2022-11-16,nieobecność,1
3TŻ5,2023-01-10,spóźnienie,1
3TŻ5,2023-04-03,nieobecność,2
3TŻ5,2023-06-07,nieobecność,3
3TŻ5,2023-06-07,spóźnienie,2
3TŻ5,2022-09-13,nieobecność,1
3TŻ5,2022-09-30,spóźnienie,1
3TŻ5,2022-10-07,nieobecność,8
3TŻ5,2022-10-12,nieob. uspraw.,7
3TŻ5,2022-10-25,spóźnienie,1
3TŻ5,2022-11-03,nieobecność,1
3TŻ5,2022-11-22,spóźnienie,1
3TŻ5,2022-11-22,nieobecność,1
3TŻ5,2022-12-06,nieobecność,1
3TŻ5,2023-03-01,nieob. uspraw.,7
3TŻ5,2023-03-07,nieobecność,1
3TŻ5,2023-04-14,nieobecność,2
4RŻ5,2022-09-01,obecność,224
4RŻ5,2022-09-02,obecność,118
4RŻ5,2022-10-03,obecność,178
4RŻ5,2022-10-04,obecność,146
4RŻ5,2022-10-05,obecność,156
4RŻ5,2022-10-06,obecność,66
4RŻ5,2022-10-07,obecność,142
4RŻ5,2022-10-10,obecność,132
4RŻ5,2022-10-11,obecność,144
4RŻ5,2022-10-12,obecność,152
4RŻ5,2022-10-13,obecność,56
4RŻ5,2022-10-17,obecność,162
4RŻ5,2022-10-18,obecność,178
4RŻ5,2022-10-19,obecność,155
4RŻ5,2022-10-20,obecność,67
4RŻ5,2022-10-21,obecność,115
4RŻ5,2022-10-24,obecność,161
4RŻ5,2022-10-25,obecność,150
4RŻ5,2022-10-26,nieob. uspr. p.s.,56
4RŻ5,2022-10-27,obecność,79
4RŻ5,2022-10-28,obecność,106
4RŻ5,2022-10-28,nieob. uspr. p.s.,4
4RŻ5,2022-11-02,obecność,156
4RŻ5,2022-11-03,obecność,58
4RŻ5,2022-11-04,obecność,118
4RŻ5,2022-11-07,obecność,191
4RŻ5,2022-11-08,obecność,176
4RŻ5,2022-11-09,obecność,175
4RŻ5,2022-11-10,obecność,37
4RŻ5,2022-11-14,obecność,169
4RŻ5,2022-11-15,obecność,177
4RŻ5,2022-11-16,obecność,183
4RŻ5,2022-11-17,obecność,55
4RŻ5,2022-11-18,obecność,179
4RŻ5,2022-11-21,obecność,188
4RŻ5,2022-11-22,obecność,191
4RŻ5,2022-11-22,nieob. uspraw.,17
4RŻ5,2022-11-23,nieob. uspraw.,48
4RŻ5,2022-11-24,nieob. uspraw.,10
4RŻ5,2022-11-25,nieob. uspraw.,36
4RŻ5,2022-11-28,obecność,166
4RŻ5,2022-11-29,obecność,163
4RŻ5,2022-11-30,obecność,175
4RŻ5,2022-11-30,nieob. uspraw.,31
4RŻ5,2022-12-01,obecność,95
4RŻ5,2022-12-02,obecność,136
4RŻ5,2022-12-05,obecność,179
4RŻ5,2022-12-06,obecność,177
4RŻ5,2022-12-07,obecność,179
4RŻ5,2022-12-08,obecność,94
4RŻ5,2022-12-09,obecność,160
4RŻ5,2022-12-09,spóźnienie,2
4RŻ5,2022-12-12,obecność,145
4RŻ5,2022-12-13,obecność,175
4RŻ5,2022-12-14,obecność,184
4RŻ5,2022-12-14,nieob. uspraw.,39
4RŻ5,2022-12-15,nieob. uspraw.,11
4RŻ5,2022-12-16,obecność,111
4RŻ5,2022-12-19,obecność,148
4RŻ5,2022-12-20,obecność,59
4RŻ5,2022-12-20,nieob. uspraw.,138
4RŻ5,2022-12-21,obecność,150
4RŻ5,2022-12-21,nieob. uspraw.,68
4RŻ5,2022-12-22,obecność,94
4RŻ5,2023-01-02,obecność,111
4RŻ5,2023-01-02,nieob. uspraw.,70
4RŻ5,2023-01-03,obecność,184
4RŻ5,2023-01-04,obecność,191
4RŻ5,2023-01-05,obecność,77
4RŻ5,2023-01-09,nieob. uspraw.,25
4RŻ5,2023-01-10,obecność,184
4RŻ5,2023-01-11,obecność,188
4RŻ5,2023-01-12,obecność,91
4RŻ5,2023-01-13,obecność,120
4RŻ5,2023-01-16,obecność,122
4RŻ5,2023-01-17,obecność,172
4RŻ5,2023-01-18,obecność,154
4RŻ5,2023-01-19,obecność,11
4RŻ5,2023-01-20,obecność,130
4RŻ5,2023-01-23,obecność,145
4RŻ5,2023-01-24,obecność,163
4RŻ5,2023-01-25,obecność,151
4RŻ5,2023-01-25,nieob. uspraw.,55
4RŻ5,2023-01-26,obecność,12
4RŻ5,2023-01-27,obecność,152
4RŻ5,2023-01-30,obecność,132
4RŻ5,2023-01-31,nieob. uspraw.,34
4RŻ5,2023-02-01,obecność,190
4RŻ5,2023-02-02,obecność,80
4RŻ5,2023-02-03,obecność,147
4RŻ5,2023-02-06,obecność,149
4RŻ5,2023-02-07,obecność,170
4RŻ5,2023-02-07,nieob. uspraw.,33
4RŻ5,2023-02-08,obecność,147
4RŻ5,2023-02-09,obecność,91
4RŻ5,2023-02-10,obecność,109
4RŻ5,2023-02-27,obecność,149
4RŻ5,2023-02-28,obecność,165
4RŻ5,2023-03-01,obecność,166
4RŻ5,2023-03-02,obecność,78
4RŻ5,2023-03-03,obecność,155
4RŻ5,2023-03-06,obecność,160
4RŻ5,2023-03-07,obecność,188
4RŻ5,2023-03-08,obecność,156
4RŻ5,2023-03-08,nieob. uspraw.,63
4RŻ5,2023-03-09,obecność,77
4RŻ5,2023-03-10,obecność,172
4RŻ5,2023-03-13,obecność,119
4RŻ5,2023-03-14,obecność,110
4RŻ5,2023-03-15,obecność,98
4RŻ5,2023-03-16,obecność,47
4RŻ5,2023-03-17,nieob. uspraw.,105
4RŻ5,2023-03-20,obecność,118
4RŻ5,2023-03-21,nieob. uspraw.,111
4RŻ5,2023-03-21,obecność,88
4RŻ5,2023-03-22,nieob. uspraw.,58
4RŻ5,2023-03-23,obecność,86
4RŻ5,2023-03-24,obecność,133
4RŻ5,2023-03-24,nieob. uspr. p.s.,2
4RŻ5,2023-03-27,obecność,163
4RŻ5,2023-03-28,obecność,154
4RŻ5,2023-03-29,obecność,124
4RŻ5,2023-03-29,nieob. uspr. p.s.,11
4RŻ5,2023-03-30,nieob. uspr. p.s.,2
4RŻ5,2023-03-31,obecność,100
4RŻ5,2023-04-03,obecność,151
4RŻ5,2023-04-04,nieob. uspraw.,34
4RŻ5,2023-04-05,nieob. uspraw.,82
4RŻ5,2023-04-12,obecność,148
4RŻ5,2023-04-12,nieob. uspr. p.s.,8
4RŻ5,2023-04-13,obecność,58
4RŻ5,2023-04-14,obecność,68
4RŻ5,2023-04-14,nieob. uspraw.,131
4RŻ5,2023-04-17,nieob. uspr. p.s.,31
4RŻ5,2023-04-18,nieob. uspr. p.s.,28
4RŻ5,2023-04-19,nieob. uspr. p.s.,28
4RŻ5,2023-04-20,nieob. uspr. p.s.,11
4RŻ5,2023-04-21,nieob. uspr. p.s.,31
4RŻ5,2023-04-24,nieob. uspr. p.s.,30
4RŻ5,2023-04-25,nieob. uspr. p.s.,32
4RŻ5,2023-04-26,nieob. uspr. p.s.,34
4RŻ5,2023-04-27,nieob. uspr. p.s.,11
4RŻ5,2023-04-28,nieob. uspr. p.s.,31
4RŻ5,2023-05-09,obecność,151
4RŻ5,2023-05-10,obecność,139
4RŻ5,2023-05-11,obecność,109
4RŻ5,2023-05-12,obecność,137
4RŻ5,2023-05-12,nieob. uspraw.,63
4RŻ5,2023-05-15,obecność,131
4RŻ5,2023-05-16,obecność,122
4RŻ5,2023-05-17,obecność,157
4RŻ5,2023-05-18,nieob. uspraw.,39
4RŻ5,2023-05-19,nieob. uspraw.,73
4RŻ5,2023-05-22,obecność,115
4RŻ5,2023-05-23,obecność,100
4RŻ5,2023-05-24,obecność,165
4RŻ5,2023-05-24,nieob. uspraw.,59
4RŻ5,2023-05-25,nieob. uspraw.,41
4RŻ5,2023-05-29,nieob. uspraw.,58
4RŻ5,2023-05-30,nieob. uspraw.,100
4RŻ5,2023-05-31,obecność,110
4RŻ5,2023-06-01,obecność,51
4RŻ5,2023-06-02,obecność,83
4RŻ5,2023-06-05,obecność,94
4RŻ5,2023-06-05,nieob. uspraw.,96
4RŻ5,2023-06-06,obecność,70
4RŻ5,2023-06-06,nieob. uspr. p.s.,20
4RŻ5,2023-06-07,obecność,86
4RŻ5,2023-06-12,nieob. uspraw.,141
4RŻ5,2023-06-13,nieob. uspraw.,151
4RŻ5,2023-06-14,obecność,25
4RŻ5,2023-06-15,nieob. uspraw.,102
4RŻ5,2023-06-16,obecność,45
4RŻ5,2023-06-16,nieob. uspraw.,166
4RŻ5,2023-06-19,obecność,35
4RŻ5,2023-06-20,obecność,37
4RŻ5,2023-06-21,obecność,28
4RŻ5,2023-06-22,obecność,34
4RŻ5,2023-06-23,obecność,232
4RŻ5,2022-09-02,zwolniony,8
4RŻ5,2022-10-03,nieob. uspraw.,33
4RŻ5,2022-10-06,nieob. uspraw.,29
4RŻ5,2022-10-19,nieob. uspraw.,39
4RŻ5,2022-10-26,obecność,122
4RŻ5,2022-11-03,nieob. uspraw.,36
4RŻ5,2022-11-16,nieob. uspraw.,40
4RŻ5,2022-11-23,obecność,141
4RŻ5,2022-11-24,obecność,82
4RŻ5,2022-11-25,obecność,155
4RŻ5,2022-12-15,obecność,86
4RŻ5,2023-01-09,obecność,185
4RŻ5,2023-01-17,nieob. uspraw.,34
4RŻ5,2023-01-31,obecność,148
4RŻ5,2023-02-10,nieob. uspraw.,91
4RŻ5,2023-03-01,nieob. uspraw.,54
4RŻ5,2023-03-14,nieob. uspraw.,65
4RŻ5,2023-03-17,obecność,25
4RŻ5,2023-03-22,obecność,151
4RŻ5,2023-03-24,nieob. uspraw.,66
4RŻ5,2023-03-30,obecność,48
4RŻ5,2023-04-04,obecność,169
4RŻ5,2023-04-05,obecność,133
4RŻ5,2023-04-17,obecność,140
4RŻ5,2023-04-18,obecność,85
4RŻ5,2023-04-19,obecność,94
4RŻ5,2023-04-20,obecność,83
4RŻ5,2023-04-21,obecność,94
4RŻ5,2023-04-24,obecność,120
4RŻ5,2023-04-25,obecność,155
4RŻ5,2023-04-26,obecność,101
4RŻ5,2023-04-27,obecność,64
4RŻ5,2023-04-28,obecność,97
4RŻ5,2023-05-18,obecność,83
4RŻ5,2023-05-19,obecność,126
4RŻ5,2023-05-22,nieob. uspraw.,74
4RŻ5,2023-05-25,obecność,65
4RŻ5,2023-05-29,obecność,102
4RŻ5,2023-05-30,obecność,103
4RŻ5,2023-05-31,nieob. uspraw.,75
4RŻ5,2023-06-02,nieob. uspraw.,86
4RŻ5,2023-06-06,nieob. uspraw.,107
4RŻ5,2023-06-13,obecność,42
4RŻ5,2023-06-15,obecność,22
4RŻ5,2022-10-03,nieobecność,7
4RŻ5,2022-10-05,nieobecność,10
4RŻ5,2022-10-06,spóźnienie,4
4RŻ5,2022-10-06,nieobecność,5
4RŻ5,2022-10-07,nieobecność,4
4RŻ5,2022-10-10,spóźnienie,3
4RŻ5,2022-10-11,nieobecność,3
4RŻ5,2022-10-12,spóźnienie,2
4RŻ5,2022-10-12,nieobecność,11
4RŻ5,2022-10-17,nieobecność,4
4RŻ5,2022-10-19,spóźnienie,4
4RŻ5,2022-10-19,nieobecność,17
4RŻ5,2022-10-20,nieobecność,9
4RŻ5,2022-10-21,nieobecność,23
4RŻ5,2022-10-24,nieobecność,5
4RŻ5,2022-10-24,spóźnienie,9
4RŻ5,2022-10-25,spóźnienie,7
4RŻ5,2022-10-25,nieobecność,1
4RŻ5,2022-10-26,nieobecność,6
4RŻ5,2022-10-27,nieobecność,9
4RŻ5,2022-10-28,nieobecność,14
4RŻ5,2022-11-02,nieobecność,22
4RŻ5,2022-11-03,nieobecność,12
4RŻ5,2022-11-04,nieobecność,25
4RŻ5,2022-11-07,nieobecność,3
4RŻ5,2022-11-09,spóźnienie,4
4RŻ5,2022-11-09,nieobecność,4
4RŻ5,2022-11-10,nieobecność,18
4RŻ5,2022-11-15,spóźnienie,6
4RŻ5,2022-11-16,nieobecność,7
4RŻ5,2022-11-17,nieobecność,3
4RŻ5,2022-11-22,nieobecność,14
4RŻ5,2022-11-29,nieobecność,16
4RŻ5,2022-11-30,nieobecność,10
4RŻ5,2022-12-02,nieobecność,17
4RŻ5,2022-12-05,nieobecność,7
4RŻ5,2022-12-07,nieobecność,15
4RŻ5,2022-12-09,nieobecność,18
4RŻ5,2022-12-12,nieobecność,9
4RŻ5,2022-12-14,nieobecność,9
4RŻ5,2022-12-15,nieobecność,9
4RŻ5,2022-12-21,nieobecność,8
4RŻ5,2022-12-21,spóźnienie,4
4RŻ5,2023-01-02,nieobecność,18
4RŻ5,2023-01-03,nieobecność,5
4RŻ5,2023-01-04,nieobecność,11
4RŻ5,2023-01-13,nieobecność,26
4RŻ5,2023-01-16,nieobecność,29
4RŻ5,2023-01-17,nieobecność,16
4RŻ5,2023-01-18,spóźnienie,2
4RŻ5,2023-01-19,nieobecność,17
4RŻ5,2023-01-20,nieobecność,12
4RŻ5,2023-01-23,nieob. uspraw.,56
4RŻ5,2023-01-24,nieobecność,1
4RŻ5,2023-01-26,nieob. uspraw.,58
4RŻ5,2023-01-30,nieob. uspraw.,76
4RŻ5,2023-01-31,nieobecność,1
4RŻ5,2023-02-01,spóźnienie,4
4RŻ5,2023-02-01,nieob. uspraw.,38
4RŻ5,2023-02-02,nieob. uspraw.,25
4RŻ5,2023-02-03,nieob. uspraw.,55
4RŻ5,2023-02-07,spóźnienie,1
4RŻ5,2023-02-08,nieobecność,10
4RŻ5,2023-02-08,spóźnienie,6
4RŻ5,2023-02-10,nieobecność,11
4RŻ5,2023-02-27,spóźnienie,10
4RŻ5,2023-02-28,nieobecność,2
4RŻ5,2023-02-28,spóźnienie,1
4RŻ5,2023-03-01,spóźnienie,9
4RŻ5,2023-03-02,nieob. uspraw.,28
4RŻ5,2023-03-07,nieob. uspraw.,15
4RŻ5,2023-03-08,nieobecność,6
4RŻ5,2023-03-09,nieob. uspraw.,20
4RŻ5,2023-03-10,nieobecność,2
4RŻ5,2023-03-10,nieob. uspraw.,36
4RŻ5,2023-03-13,spóźnienie,2
4RŻ5,2023-03-13,nieob. uspraw.,53
4RŻ5,2023-03-15,nieob. uspraw.,96
4RŻ5,2023-03-20,nieob. uspraw.,89
4RŻ5,2023-03-22,spóźnienie,2
4RŻ5,2023-03-24,spóźnienie,3
4RŻ5,2023-03-28,nieob. uspraw.,48
4RŻ5,2023-03-29,nieob. uspraw.,71
4RŻ5,2023-03-30,nieob. uspraw.,54
4RŻ5,2023-04-03,nieob. uspraw.,54
4RŻ5,2023-04-05,spóźnienie,7
4RŻ5,2023-04-12,nieob. uspraw.,74
4RŻ5,2023-04-17,nieob. uspraw.,44
4RŻ5,2023-04-18,nieob. uspraw.,74
4RŻ5,2023-04-19,nieob. uspraw.,79
4RŻ5,2023-04-20,nieob. uspraw.,12
4RŻ5,2023-04-21,nieob. uspraw.,84
4RŻ5,2023-04-25,nieob. uspraw.,34
4RŻ5,2023-05-09,nieobecność,4
4RŻ5,2023-05-12,spóźnienie,6
4RŻ5,2023-05-16,nieob. uspraw.,68
4RŻ5,2023-05-17,nieob. uspraw.,34
4RŻ5,2023-05-19,spóźnienie,2
4RŻ5,2023-05-23,nieob. uspraw.,106
4RŻ5,2023-05-30,spóźnienie,6
4RŻ5,2023-05-31,spóźnienie,6
4RŻ5,2023-06-01,nieob. uspraw.,44
4RŻ5,2023-06-07,nieob. uspraw.,99
4RŻ5,2023-06-12,obecność,56
4RŻ5,2023-06-14,nieob. uspraw.,172
4RŻ5,2023-06-19,nieob. uspraw.,133
4RŻ5,2023-06-20,nieob. uspraw.,141
4RŻ5,2023-06-21,nieob. uspraw.,154
4RŻ5,2023-06-22,nieob. uspraw.,90
4RŻ5,2022-09-02,nieob. uspraw.,94
4RŻ5,2022-10-07,nieob. uspraw.,50
4RŻ5,2022-10-21,nieob. uspraw.,49
4RŻ5,2022-10-24,nieob. uspraw.,39
4RŻ5,2022-10-26,nieob. uspraw.,46
4RŻ5,2022-10-28,nieob. uspraw.,86
4RŻ5,2022-11-02,nieob. uspraw.,52
4RŻ5,2022-11-04,nieob. uspraw.,62
4RŻ5,2022-11-09,nieob. uspraw.,48
4RŻ5,2022-11-10,nieob. uspraw.,51
4RŻ5,2022-11-15,nieob. uspraw.,38
4RŻ5,2022-11-28,nieobecność,9
4RŻ5,2022-12-06,nieob. uspraw.,22
4RŻ5,2022-12-08,nieobecność,2
4RŻ5,2022-12-12,nieob. uspraw.,28
4RŻ5,2022-12-16,nieob. uspraw.,21
4RŻ5,2023-01-09,nieobecność,9
4RŻ5,2023-01-30,nieobecność,2
4RŻ5,2023-02-08,nieob. uspraw.,68
4RŻ5,2023-02-27,nieob. uspraw.,44
4RŻ5,2023-02-28,nieob. uspraw.,36
4RŻ5,2023-03-03,nieob. uspraw.,53
4RŻ5,2023-03-08,nieob. uspr. p.s.,5
4RŻ5,2023-03-15,nieob. uspr. p.s.,20
4RŻ5,2023-03-29,spóźnienie,3
4RŻ5,2023-03-29,nieobecność,22
4RŻ5,2023-06-07,nieobecność,18
4RŻ5,2022-10-05,nieob. uspraw.,61
4RŻ5,2022-10-12,nieob. uspraw.,55
4RŻ5,2022-10-13,nieob. uspraw.,46
4RŻ5,2022-10-17,nieob. uspraw.,55
4RŻ5,2022-10-18,nieob. uspraw.,8
4RŻ5,2022-10-20,nieob. uspraw.,28
4RŻ5,2022-10-25,nieob. uspraw.,35
4RŻ5,2022-11-17,nieob. uspraw.,48
4RŻ5,2022-11-21,nieob. uspraw.,23
4RŻ5,2022-11-29,nieob. uspraw.,27
4RŻ5,2022-12-01,nieob. uspraw.,11
4RŻ5,2022-12-02,nieob. uspraw.,38
4RŻ5,2023-01-03,nieob. uspraw.,32
4RŻ5,2023-01-05,nieob. uspraw.,17
4RŻ5,2023-01-11,nieob. uspraw.,27
4RŻ5,2023-01-16,nieob. uspraw.,58
4RŻ5,2023-01-18,nieob. uspraw.,39
4RŻ5,2023-01-19,nieob. uspraw.,45
4RŻ5,2023-01-20,nieob. uspraw.,69
4RŻ5,2023-01-24,nieob. uspraw.,37
4RŻ5,2023-01-27,nieob. uspraw.,57
4RŻ5,2023-02-06,nieob. uspraw.,49
4RŻ5,2023-02-09,nieob. uspraw.,6
4RŻ5,2023-03-06,nieobecność,7
4RŻ5,2023-03-09,nieobecność,9
4RŻ5,2023-03-13,nieobecność,7
4RŻ5,2023-03-17,nieobecność,4
4RŻ5,2023-03-21,nieobecność,5
4RŻ5,2023-03-22,nieobecność,16
4RŻ5,2023-03-23,nieobecność,1
4RŻ5,2023-03-24,nieobecność,7
4RŻ5,2023-03-30,nieobecność,2
4RŻ5,2023-04-27,nieob. uspraw.,31
4RŻ5,2023-04-28,nieob. uspraw.,76
4RŻ5,2023-05-10,nieob. uspraw.,87
4RŻ5,2023-05-15,nieob. uspraw.,59
4RŻ5,2023-06-02,spóźn. uspr.,1
4RŻ5,2023-06-20,nieobecność,44
4RŻ5,2023-06-21,nieobecność,21
4RŻ5,2022-10-18,spóźnienie,6
4RŻ5,2022-10-21,spóźnienie,3
4RŻ5,2022-11-18,nieob. uspraw.,27
4RŻ5,2022-12-05,nieob. uspraw.,33
4RŻ5,2023-01-12,nieob. uspraw.,14
4RŻ5,2023-01-13,nieob. uspraw.,46
4RŻ5,2023-04-26,nieob. uspraw.,60
4RŻ5,2023-05-09,nieob. uspraw.,66
4RŻ5,2023-05-19,zwolniony,2
4RŻ5,2022-10-10,nieob. uspraw.,77
4RŻ5,2022-11-24,nieobecność,12
4RŻ5,2022-11-28,spóźnienie,2
4RŻ5,2022-12-05,spóźnienie,2
4RŻ5,2022-12-06,nieobecność,20
4RŻ5,2022-12-13,nieobecność,8
4RŻ5,2022-12-19,nieob. uspraw.,70
4RŻ5,2023-01-04,nieob. uspraw.,25
4RŻ5,2023-01-10,nieob. uspraw.,31
4RŻ5,2023-02-06,nieobecność,8
4RŻ5,2023-03-06,nieob. uspraw.,42
4RŻ5,2023-03-16,nieob. uspraw.,59
4RŻ5,2023-03-31,nieob. uspraw.,32
4RŻ5,2023-04-13,nieob. uspraw.,41
4RŻ5,2023-04-14,nieobecność,12
4RŻ5,2023-04-24,nieob. uspraw.,59
4RŻ5,2022-10-07,nieob. uspr. p.s.,14
4RŻ5,2022-10-12,nieob. uspr. p.s.,11
4RŻ5,2022-11-08,nieobecność,2
4RŻ5,2022-11-18,nieobecność,3
4RŻ5,2022-11-21,nieobecność,10
4RŻ5,2022-11-23,nieobecność,2
4RŻ5,2022-12-08,nieob. uspraw.,8
4RŻ5,2022-12-09,nieob. uspraw.,31
4RŻ5,2022-12-22,nieob. uspraw.,12
4RŻ5,2023-01-26,spóźnienie,2
4RŻ5,2023-03-20,nieob. uspr. p.s.,3
4RŻ5,2023-03-22,nieob. uspr. p.s.,4
4RŻ5,2023-04-03,nieob. uspr. p.s.,4
4RŻ5,2023-04-13,nieob. uspr. p.s.,6
4RŻ5,2023-05-11,nieob. uspraw.,15
4RŻ5,2022-10-03,spóźnienie,2
4RŻ5,2022-10-04,nieobecność,7
4RŻ5,2022-10-05,spóźnienie,2
4RŻ5,2022-10-07,spóźnienie,1
4RŻ5,2022-10-10,nieobecność,8
4RŻ5,2022-10-13,nieobecność,2
4RŻ5,2022-10-26,spóźnienie,2
4RŻ5,2022-11-02,spóźnienie,2
4RŻ5,2022-11-07,nieob. uspraw.,26
4RŻ5,2022-11-08,spóźnienie,1
4RŻ5,2022-11-14,nieobecność,2
4RŻ5,2022-11-14,spóźnienie,2
4RŻ5,2022-11-23,spóźnienie,1
4RŻ5,2022-11-25,nieobecność,4
4RŻ5,2022-11-28,nieob. uspraw.,42
4RŻ5,2022-12-13,spóźnienie,1
4RŻ5,2022-12-19,nieobecność,2
4RŻ5,2023-01-02,spóźnienie,1
4RŻ5,2023-01-09,spóźnienie,2
4RŻ5,2023-01-18,nieobecność,2
4RŻ5,2023-01-23,spóźnienie,2
4RŻ5,2023-01-24,spóźnienie,1
4RŻ5,2023-01-27,nieobecność,1
4RŻ5,2023-01-27,spóźnienie,1
4RŻ5,2023-01-31,spóźnienie,1
4RŻ5,2023-02-09,nieobecność,9
4RŻ5,2023-03-03,spóźnienie,1
4RŻ5,2023-03-07,spóźnienie,1
4RŻ5,2023-03-23,nieob. uspraw.,19
4RŻ5,2023-03-27,nieobecność,4
4RŻ5,2023-03-31,spóźnienie,2
4RŻ5,2023-04-05,nieobecność,8
4RŻ5,2023-04-12,nieobecność,1
4RŻ5,2023-04-12,spóźnienie,1
4RŻ5,2023-04-13,nieobecność,1
4RŻ5,2023-04-24,spóźnienie,1
4RŻ5,2023-04-25,nieobecność,1
4RŻ5,2023-04-26,nieobecność,7
4RŻ5,2023-04-28,nieobecność,7
4RŻ5,2023-05-10,nieobecność,6
4RŻ5,2023-05-15,nieobecność,5
4RŻ5,2023-05-17,nieobecność,12
4RŻ5,2023-05-18,nieobecność,2
4RŻ5,2023-05-19,nieobecność,8
4RŻ5,2023-05-24,spóźnienie,1
4RŻ5,2023-05-25,nieobecność,18
4RŻ5,2023-05-30,nieobecność,12
4RŻ5,2023-06-01,nieobecność,10
4RŻ5,2023-06-02,nieobecność,23
4RŻ5,2023-06-05,nieobecność,13
4RŻ5,2023-06-06,nieobecność,23
4RŻ5,2023-06-12,nieobecność,6
4RŻ5,2023-06-14,nieobecność,6
4RŻ5,2023-06-19,nieobecność,35
4RŻ5,2022-11-14,nieob. uspraw.,48
4RŻ5,2023-01-04,nieob. uspr. p.s.,4
4RŻ5,2023-03-27,nieob. uspraw.,42
4RŻ5,2022-12-07,nieob. uspraw.,30
4RŻ5,2022-12-13,nieob. uspraw.,9
4RŻ5,2023-03-01,spóźn. uspr.,1
4RŻ5,2023-03-22,spóźn. uspr.,1
4RŻ5,2023-03-29,spóźn. uspr.,1
4RŻ5,2022-10-11,nieob. uspraw.,31
4RŻ5,2022-10-27,nieob. uspraw.,18
4RŻ5,2022-11-15,nieobecność,1
4RŻ5,2022-12-02,spóźnienie,1
4RŻ5,2022-12-12,spóźnienie,1
4RŻ5,2023-01-04,spóźnienie,1
4RŻ5,2023-01-23,nieobecność,6
4RŻ5,2023-02-06,spóźnienie,2
4RŻ5,2023-02-27,nieobecność,6
4RŻ5,2023-03-08,spóźnienie,2
4RŻ5,2023-03-10,spóźnienie,1
4RŻ5,2023-03-27,spóźnienie,1
4RŻ5,2023-04-03,spóźnienie,1
4RŻ5,2023-04-04,spóźnienie,1
4RŻ5,2023-04-17,nieobecność,6
4RŻ5,2023-04-18,nieobecność,6
4RŻ5,2023-04-19,spóźnienie,2
4RŻ5,2023-04-21,spóźnienie,2
4RŻ5,2023-05-12,nieobecność,5
4RŻ5,2023-06-01,spóźnienie,1
4RŻ5,2022-10-04,nieob. uspr. p.s.,19
4RŻ5,2022-10-04,nieob. uspraw.,21
4RŻ5,2022-10-12,spóźn. uspr.,1
4RŻ5,2022-10-19,spóźn. uspr.,1
4RŻ5,2022-11-08,nieob. uspraw.,14
4RŻ5,2022-11-25,nieob. uspr. p.s.,16
4RŻ5,2022-12-16,nieob. uspr. p.s.,2
4RŻ5,2023-01-31,spóźn. uspr.,1
4RŻ5,2023-02-08,spóźn. uspr.,1
4RŻ5,2023-04-05,spóźn. uspr.,2
4RŻ5,2023-05-22,nieobecność,14
4RŻ5,2023-05-23,nieobecność,16
4RŻ5,2023-05-24,nieobecność,7
4RŻ5,2023-05-29,nieobecność,7
4RŻ5,2023-05-31,nieobecność,12
4RŻ5,2022-12-20,zwolniony,6
4RŻ5,2023-01-03,nieob. uspr. p.s.,1
4RŻ5,2023-01-25,spóźnienie,1
4RŻ5,2023-03-17,spóźnienie,1
4RŻ5,2023-05-15,spóźnienie,1
4RŻ5,2023-06-06,zwolniony,2
4RŻ5,2022-10-18,nieobecność,1
4RŻ5,2023-01-05,nieobecność,9
4RŻ5,2023-01-12,nieobecność,1
4RŻ5,2023-01-10,nieobecność,7
4RŻ5,2023-01-11,nieobecność,9
4RŻ5,2023-01-24,nieob. uspr. p.s.,2
4RŻ5,2023-02-06,zwolniony,1
4RŻ5,2022-10-28,spóźnienie,1
4RŻ5,2022-11-30,spóźnienie,1
4RŻ5,2023-01-18,nieob. uspr. p.s.,24
4RŻ5,2023-04-26,spóźnienie,1
4RŻ5,2022-10-06,nieob. uspr. p.s.,2
4RŻ5,2022-10-11,nieob. uspr. p.s.,15
4RŻ5,2022-10-13,nieob. uspr. p.s.,2
4RŻ5,2022-10-19,nieob. uspr. p.s.,16
4RŻ5,2022-10-20,nieob. uspr. p.s.,2
4RŻ5,2022-10-21,nieob. uspr. p.s.,21
4RŻ5,2022-11-18,nieob. uspr. p.s.,2
4RŻ5,2022-11-24,nieob. uspr. p.s.,2
4RŻ5,2022-11-28,nieob. uspr. p.s.,2
4RŻ5,2022-11-30,nieob. uspr. p.s.,15
4RŻ5,2022-12-06,nieob. uspr. p.s.,3
4RŻ5,2022-12-08,nieob. uspr. p.s.,2
4RŻ5,2023-01-11,nieob. uspr. p.s.,8
4RŻ5,2023-01-16,nieob. uspr. p.s.,12
4RŻ5,2023-01-25,nieob. uspr. p.s.,3
4RŻ5,2023-05-16,nieob. uspr. p.s.,2
4RŻ5,2022-12-16,nieobecność,1
4RŻ5,2022-10-24,nieob. uspr. p.s.,7
4RŻ5,2023-03-03,nieob. uspr. p.s.,2
4RŻ5,2023-03-28,spóźnienie,2
4RŻ5,2023-05-09,spóźnienie,1
4RŻ5,2023-05-16,nieobecność,1
4RŻ5,2023-02-02,nieobecność,1
4RŻ5,2023-02-03,nieobecność,8
4RŻ5,2022-09-01,nieob. uspraw.,8
4RŻ5,2022-09-02,nieob. uspr. p.s.,1
4RŻ5,2022-10-10,nieob. uspr. p.s.,1
4RŻ5,2022-11-04,nieob. uspr. p.s.,6
4RŻ5,2022-11-29,nieob. uspr. p.s.,16
4RŻ5,2023-02-03,spóźnienie,1
4RŻ5,2022-10-03,nieob. uspr. p.s.,1
4RŻ5,2022-10-05,nieob. uspr. p.s.,3
4RŻ5,2022-11-07,nieob. uspr. p.s.,1
4RŻ5,2022-11-09,nieob. uspr. p.s.,1
4RŻ5,2022-11-16,nieob. uspr. p.s.,2
4RŻ5,2022-12-07,nieob. uspr. p.s.,8
4RŻ5,2022-12-12,nieob. uspr. p.s.,2
4RŻ5,2022-12-19,nieob. uspr. p.s.,1
4RŻ5,2022-12-21,nieob. uspr. p.s.,2
4RŻ5,2023-01-02,nieob. uspr. p.s.,3
4RŻ5,2023-01-05,nieob. uspr. p.s.,3
4RŻ5,2023-01-23,nieob. uspr. p.s.,1
4RŻ5,2023-02-27,nieob. uspr. p.s.,1
4RŻ5,2023-03-01,nieob. uspr. p.s.,2
4RŻ5,2023-03-06,spóźnienie,1
4RŻ5,2023-05-30,spóźn. uspr.,1
4RŻ5,2023-01-26,spóźn. uspr.,1
4RŻ5,2023-02-06,spóźn. uspr.,1
4TM5,2022-09-01,obecność,176
4TM5,2022-09-02,obecność,121
4TM5,2022-10-03,obecność,137
4TM5,2022-10-04,obecność,147
4TM5,2022-10-05,obecność,19
4TM5,2022-10-06,obecność,135
4TM5,2022-10-07,obecność,145
4TM5,2022-10-10,obecność,148
4TM5,2022-10-11,obecność,154
4TM5,2022-10-12,obecność,18
4TM5,2022-10-13,obecność,93
4TM5,2022-10-17,obecność,140
4TM5,2022-10-18,obecność,168
4TM5,2022-10-19,obecność,21
4TM5,2022-10-20,obecność,125
4TM5,2022-10-21,obecność,141
4TM5,2022-10-24,nieob. uspraw.,7
4TM5,2022-10-25,nieob. uspraw.,35
4TM5,2022-10-27,obecność,144
4TM5,2022-10-28,nieob. uspraw.,53
4TM5,2022-11-02,nieob. uspraw.,5
4TM5,2022-11-03,nieob. uspraw.,22
4TM5,2022-11-04,nieob. uspraw.,29
4TM5,2022-11-07,obecność,127
4TM5,2022-11-08,obecność,148
4TM5,2022-11-09,obecność,20
4TM5,2022-11-10,obecność,90
4TM5,2022-11-14,obecność,131
4TM5,2022-11-15,obecność,114
4TM5,2022-11-16,nieob. uspraw.,32
4TM5,2022-11-17,nieob. uspraw.,56
4TM5,2022-11-18,obecność,132
4TM5,2022-11-21,obecność,128
4TM5,2022-11-22,obecność,142
4TM5,2022-11-23,obecność,20
4TM5,2022-11-24,obecność,142
4TM5,2022-11-25,nieob. uspraw.,38
4TM5,2022-11-28,obecność,138
4TM5,2022-11-29,obecność,163
4TM5,2022-11-30,obecność,17
4TM5,2022-12-01,obecność,95
4TM5,2022-12-02,obecność,135
4TM5,2022-12-05,obecność,142
4TM5,2022-12-06,obecność,171
4TM5,2022-12-07,obecność,20
4TM5,2022-12-08,obecność,152
4TM5,2022-12-09,obecność,145
4TM5,2022-12-12,obecność,163
4TM5,2022-12-13,obecność,154
4TM5,2022-12-14,obecność,20
4TM5,2022-12-15,obecność,149
4TM5,2022-12-16,obecność,125
4TM5,2022-12-19,obecność,141
4TM5,2022-12-20,obecność,72
4TM5,2022-12-21,obecność,18
4TM5,2022-12-22,obecność,176
4TM5,2023-01-02,obecność,149
4TM5,2023-01-03,obecność,167
4TM5,2023-01-04,obecność,21
4TM5,2023-01-05,obecność,148
4TM5,2023-01-09,obecność,145
4TM5,2023-01-10,obecność,147
4TM5,2023-01-11,obecność,16
4TM5,2023-01-12,obecność,152
4TM5,2023-01-13,obecność,107
4TM5,2023-01-16,obecność,146
4TM5,2023-01-17,obecność,144
4TM5,2023-01-18,obecność,20
4TM5,2023-01-19,obecność,152
4TM5,2023-01-20,obecność,116
4TM5,2023-01-23,obecność,149
4TM5,2023-01-24,obecność,165
4TM5,2023-01-25,obecność,18
4TM5,2023-01-26,obecność,146
4TM5,2023-01-27,obecność,104
4TM5,2023-01-30,obecność,124
4TM5,2023-01-31,obecność,127
4TM5,2023-02-01,obecność,17
4TM5,2023-02-02,obecność,134
4TM5,2023-02-03,obecność,80
4TM5,2023-02-06,obecność,146
4TM5,2023-02-07,obecność,166
4TM5,2023-02-08,obecność,17
4TM5,2023-02-09,obecność,141
4TM5,2023-02-10,obecność,100
4TM5,2023-02-27,obecność,166
4TM5,2023-02-28,obecność,153
4TM5,2023-03-01,obecność,18
4TM5,2023-03-02,obecność,157
4TM5,2023-03-03,obecność,120
4TM5,2023-03-06,nieob. uspraw.,21
4TM5,2023-03-07,obecność,163
4TM5,2023-03-08,obecność,17
4TM5,2023-03-09,obecność,133
4TM5,2023-03-10,obecność,105
4TM5,2023-03-13,obecność,133
4TM5,2023-03-14,obecność,145
4TM5,2023-03-16,obecność,89
4TM5,2023-03-17,nieob. uspraw.,66
4TM5,2023-03-20,obecność,125
4TM5,2023-03-21,nieob. uspraw.,100
4TM5,2023-03-21,obecność,47
4TM5,2023-03-22,nieob. uspraw.,6
4TM5,2023-03-23,obecność,151
4TM5,2023-03-24,nieob. uspraw.,42
4TM5,2023-03-27,obecność,158
4TM5,2023-03-28,obecność,147
4TM5,2023-03-29,obecność,15
4TM5,2023-03-30,obecność,109
4TM5,2023-03-31,obecność,90
4TM5,2023-04-03,obecność,153
4TM5,2023-04-04,obecność,150
4TM5,2023-04-05,obecność,16
4TM5,2023-04-12,nieob. uspraw.,10
4TM5,2023-04-13,obecność,137
4TM5,2023-04-14,obecność,84
4TM5,2023-04-17,nieob. uspraw.,32
4TM5,2023-04-18,obecność,96
4TM5,2023-04-19,nieob. uspraw.,6
4TM5,2023-04-20,obecność,57
4TM5,2023-04-21,obecność,62
4TM5,2023-04-24,nieob. uspraw.,54
4TM5,2023-04-25,nieob. uspraw.,13
4TM5,2023-04-26,nieob. uspraw.,3
4TM5,2023-04-27,nieob. uspraw.,17
4TM5,2023-04-28,nieob. uspraw.,48
4TM5,2023-05-09,obecność,107
4TM5,2023-05-10,obecność,13
4TM5,2023-05-11,obecność,130
4TM5,2023-05-12,obecność,122
4TM5,2023-05-15,obecność,109
4TM5,2023-05-16,obecność,139
4TM5,2023-05-17,obecność,18
4TM5,2023-05-18,obecność,116
4TM5,2023-05-19,obecność,116
4TM5,2023-05-22,obecność,142
4TM5,2023-05-23,obecność,112
4TM5,2023-05-24,nieob. uspraw.,7
4TM5,2023-05-25,obecność,81
4TM5,2023-05-29,obecność,134
4TM5,2023-05-30,nieob. uspraw.,55
4TM5,2023-05-30,obecność,93
4TM5,2023-05-31,nieob. uspraw.,8
4TM5,2023-06-01,obecność,117
4TM5,2023-06-02,spóźnienie,1
4TM5,2023-06-02,nieobecność,2
4TM5,2023-06-02,obecność,95
4TM5,2023-06-06,obecność,57
4TM5,2023-06-07,obecność,13
4TM5,2023-06-12,obecność,124
4TM5,2023-06-13,spóźn. uspr.,1
4TM5,2023-06-13,obecność,70
4TM5,2023-06-14,nieob. uspraw.,11
4TM5,2023-06-15,nieob. uspraw.,140
4TM5,2023-06-16,nieob. uspraw.,117
4TM5,2023-06-19,nieob. uspraw.,168
4TM5,2023-06-20,nieobecność,14
4TM5,2023-06-21,nieob. uspraw.,18
4TM5,2023-06-22,nieob. uspraw.,168
4TM5,2023-06-23,obecność,154
4TM5,2022-09-02,nieob. uspraw.,32
4TM5,2022-10-12,nieob. uspraw.,3
4TM5,2022-10-13,nieob. uspraw.,54
4TM5,2022-10-24,obecność,144
4TM5,2022-11-02,obecność,17
4TM5,2022-11-03,obecność,127
4TM5,2022-11-04,obecność,145
4TM5,2022-11-07,nieob. uspraw.,27
4TM5,2022-11-08,nieob. uspraw.,23
4TM5,2022-11-09,nieob. uspraw.,2
4TM5,2022-11-10,nieob. uspraw.,56
4TM5,2022-11-16,nieob. uspr. p.s.,56
4TM5,2022-11-18,nieob. uspraw.,40
4TM5,2022-11-21,nieob. uspraw.,26
4TM5,2022-11-25,obecność,137
4TM5,2022-11-29,spóźn. uspr.,1
4TM5,2022-11-30,nieob. uspraw.,5
4TM5,2022-12-02,nieob. uspraw.,41
4TM5,2022-12-13,nieob. uspraw.,9
4TM5,2022-12-20,nieob. uspraw.,92
4TM5,2022-12-21,nieob. uspraw.,3
4TM5,2023-01-05,nieob. uspraw.,22
4TM5,2023-01-11,nieob. uspraw.,6
4TM5,2023-01-23,spóźn. uspr.,3
4TM5,2023-01-24,spóźnienie,1
4TM5,2023-01-25,nieob. uspraw.,4
4TM5,2023-01-27,nieob. uspraw.,28
4TM5,2023-03-03,spóźnienie,1
4TM5,2023-03-06,obecność,129
4TM5,2023-03-07,nieob. uspraw.,11
4TM5,2023-03-09,nieob. uspraw.,40
4TM5,2023-03-10,spóźn. uspr.,1
4TM5,2023-03-17,obecność,64
4TM5,2023-03-17,spóźnienie,2
4TM5,2023-03-22,obecność,16
4TM5,2023-03-23,spóźn. uspr.,1
4TM5,2023-03-23,nieob. uspraw.,18
4TM5,2023-03-31,nieob. uspraw.,16
4TM5,2023-04-03,nieob. uspraw.,18
4TM5,2023-04-04,nieob. uspraw.,24
4TM5,2023-04-05,nieob. uspraw.,6
4TM5,2023-04-14,nieob. uspraw.,42
4TM5,2023-04-17,obecność,117
4TM5,2023-04-19,obecność,9
4TM5,2023-04-21,nieob. uspraw.,51
4TM5,2023-04-24,obecność,94
4TM5,2023-04-25,obecność,114
4TM5,2023-04-26,obecność,15
4TM5,2023-04-27,spóźn. uspr.,1
4TM5,2023-04-27,obecność,126
4TM5,2023-05-09,nieob. uspraw.,42
4TM5,2023-05-10,nieob. uspraw.,7
4TM5,2023-05-12,nieob. uspraw.,29
4TM5,2023-05-12,spóźn. uspr.,1
4TM5,2023-05-15,nieobecność,4
4TM5,2023-05-18,nieobecność,3
4TM5,2023-05-19,nieob. uspraw.,37
4TM5,2023-05-23,nieobecność,8
4TM5,2023-05-25,nieob. uspraw.,42
4TM5,2023-05-29,nieob. uspraw.,36
4TM5,2023-05-31,obecność,13
4TM5,2023-06-12,nieob. uspraw.,47
4TM5,2023-06-13,nieob. uspraw.,83
4TM5,2023-06-14,obecność,6
4TM5,2023-06-16,nieobecność,27
4TM5,2023-06-16,obecność,8
4TM5,2022-09-02,spóźnienie,1
4TM5,2022-10-18,nieob. uspraw.,3
4TM5,2022-10-21,nieob. uspraw.,26
4TM5,2022-10-25,obecność,136
4TM5,2022-10-28,obecność,117
4TM5,2022-10-28,nieob. uspr. p.s.,2
4TM5,2022-10-28,zwolniony,1
4TM5,2022-11-03,spóźnienie,2
4TM5,2022-11-16,obecność,87
4TM5,2022-11-17,obecność,32
4TM5,2022-12-20,nieobecność,10
4TM5,2023-03-16,spóźnienie,1
4TM5,2023-03-21,nieob. uspr. p.s.,28
4TM5,2023-03-24,obecność,87
4TM5,2023-03-29,nieob. uspr. p.s.,4
4TM5,2023-04-12,obecność,12
4TM5,2023-04-13,nieob. uspraw.,20
4TM5,2023-04-17,nieob. uspr. p.s.,23
4TM5,2023-04-18,nieob. uspr. p.s.,21
4TM5,2023-04-19,nieob. uspr. p.s.,4
4TM5,2023-04-20,nieob. uspr. p.s.,24
4TM5,2023-04-21,nieob. uspr. p.s.,18
4TM5,2023-04-24,nieob. uspr. p.s.,24
4TM5,2023-04-25,nieob. uspr. p.s.,24
4TM5,2023-04-26,nieob. uspr. p.s.,3
4TM5,2023-04-27,nieob. uspr. p.s.,27
4TM5,2023-04-28,obecność,71
4TM5,2023-04-28,nieob. uspr. p.s.,12
4TM5,2023-05-24,obecność,15
4TM5,2023-05-25,nieob. uspr. p.s.,30
4TM5,2023-05-29,spóźnienie,1
4TM5,2023-06-12,spóźnienie,2
4TM5,2023-06-20,nieob. uspraw.,127
4TM5,2022-10-21,nieob. uspr. p.s.,2
4TM5,2022-11-24,nieob. uspr. p.s.,1
4TM5,2023-03-08,spóźnienie,1
4TM5,2023-03-09,spóźnienie,1
4TM5,2023-03-20,spóźnienie,3
4TM5,2023-03-29,spóźnienie,1
4TM5,2023-04-17,zwolniony,1
4TM5,2023-05-17,nieob. uspr. p.s.,1
4TM5,2023-06-15,obecność,8
4TM5,2023-06-19,obecność,8
4TM5,2023-06-20,obecność,7
4TM5,2023-06-21,obecność,2
4TM5,2023-06-22,obecność,8
4TM5,2022-10-03,nieob. uspraw.,14
4TM5,2022-10-04,nieob. uspraw.,14
4TM5,2022-10-05,nieob. uspraw.,3
4TM5,2022-10-06,nieob. uspraw.,14
4TM5,2022-10-07,nieob. uspraw.,30
4TM5,2022-10-17,nieob. uspraw.,14
4TM5,2022-11-28,nieob. uspraw.,16
4TM5,2022-11-29,nieob. uspraw.,10
4TM5,2022-12-01,nieob. uspraw.,15
4TM5,2022-12-16,nieob. uspraw.,24
4TM5,2023-02-02,nieob. uspraw.,41
4TM5,2023-02-09,nieob. uspraw.,32
4TM5,2023-02-10,nieob. uspraw.,31
4TM5,2023-03-02,nieob. uspraw.,17
4TM5,2023-03-28,nieob. uspraw.,28
4TM5,2023-04-18,nieob. uspraw.,34
4TM5,2023-05-15,nieob. uspraw.,63
4TM5,2023-05-23,nieob. uspraw.,34
4TM5,2023-06-01,nieob. uspraw.,51
4TM5,2023-06-02,nieob. uspraw.,56
4TM5,2022-09-02,nieobecność,22
4TM5,2022-10-11,nieob. uspraw.,4
4TM5,2022-10-20,nieob. uspraw.,23
4TM5,2022-10-24,spóźn. uspr.,1
4TM5,2022-10-25,spóźn. uspr.,1
4TM5,2022-12-12,spóźn. uspr.,4
4TM5,2022-12-15,nieob. uspraw.,2
4TM5,2022-12-20,spóźn. uspr.,1
4TM5,2023-01-20,nieob. uspraw.,37
4TM5,2023-01-23,nieob. uspraw.,17
4TM5,2023-01-24,nieob. uspraw.,9
4TM5,2023-02-06,spóźnienie,3
4TM5,2023-02-08,spóźnienie,2
4TM5,2023-03-08,nieob. uspraw.,3
4TM5,2023-03-10,spóźnienie,2
4TM5,2023-03-13,nieob. uspraw.,21
4TM5,2023-03-23,spóźnienie,3
4TM5,2023-04-20,nieob. uspraw.,95
4TM5,2022-11-14,nieob. uspraw.,21
4TM5,2022-12-07,nieob. uspraw.,2
4TM5,2022-12-09,nieob. uspraw.,29
4TM5,2023-01-26,nieobecność,5
4TM5,2023-03-10,nieob. uspraw.,20
4TM5,2023-03-14,nieob. uspraw.,29
4TM5,2023-03-16,nieob. uspraw.,20
4TM5,2023-03-20,nieob. uspraw.,25
4TM5,2023-06-01,nieobecność,8
4TM5,2023-06-07,nieob. uspraw.,8
4TM5,2023-06-14,nieobecność,5
4TM5,2022-10-04,nieob. uspr. p.s.,8
4TM5,2022-10-10,nieob. uspr. p.s.,2
4TM5,2022-10-11,nieob. uspr. p.s.,8
4TM5,2022-10-12,nieob. uspr. p.s.,1
4TM5,2022-10-13,nieob. uspr. p.s.,7
4TM5,2022-10-20,spóźnienie,2
4TM5,2022-10-28,nieobecność,3
4TM5,2022-11-08,nieob. uspr. p.s.,4
4TM5,2022-11-10,nieob. uspr. p.s.,7
4TM5,2022-11-15,nieob. uspraw.,35
4TM5,2022-12-06,nieob. uspr. p.s.,4
4TM5,2022-12-09,nieob. uspr. p.s.,1
4TM5,2022-12-13,nieob. uspr. p.s.,7
4TM5,2022-12-19,spóźnienie,1
4TM5,2022-12-20,nieob. uspr. p.s.,1
4TM5,2023-01-02,spóźnienie,1
4TM5,2023-01-10,nieob. uspraw.,24
4TM5,2023-01-12,nieob. uspraw.,21
4TM5,2023-01-13,nieob. uspraw.,23
4TM5,2023-01-16,nieob. uspraw.,29
4TM5,2023-01-17,nieob. uspraw.,32
4TM5,2023-01-26,nieob. uspraw.,24
4TM5,2023-01-30,nieob. uspraw.,49
4TM5,2023-01-31,nieob. uspraw.,48
4TM5,2023-02-01,nieob. uspraw.,5
4TM5,2023-02-03,nieob. uspraw.,30
4TM5,2023-02-06,nieob. uspraw.,25
4TM5,2023-02-07,nieob. uspraw.,8
4TM5,2023-02-08,nieob. uspraw.,2
4TM5,2023-03-06,spóźnienie,4
4TM5,2023-03-07,nieob. uspr. p.s.,2
4TM5,2023-03-08,nieob. uspr. p.s.,1
4TM5,2023-03-31,nieob. uspr. p.s.,1
4TM5,2023-04-14,nieob. uspr. p.s.,3
4TM5,2023-05-29,nieob. uspr. p.s.,1
4TM5,2023-05-30,zwolniony,1
4TM5,2023-06-15,spóźnienie,4
4TM5,2022-10-19,nieob. uspraw.,1
4TM5,2022-10-24,spóźnienie,2
4TM5,2022-10-25,spóźnienie,1
4TM5,2022-11-22,nieob. uspraw.,33
4TM5,2023-01-02,nieob. uspraw.,24
4TM5,2023-01-03,nieob. uspraw.,8
4TM5,2023-01-23,spóźnienie,3
4TM5,2023-01-23,nieobecność,4
4TM5,2023-02-28,nieob. uspraw.,20
4TM5,2023-03-01,nieob. uspraw.,4
4TM5,2023-03-03,nieob. uspr. p.s.,6
4TM5,2023-03-27,nieob. uspraw.,17
4TM5,2023-03-30,nieobecność,1
4TM5,2023-03-31,nieobecność,3
4TM5,2023-04-18,spóźn. uspr.,1
4TM5,2023-04-21,nieobecność,1
4TM5,2023-05-11,nieob. uspraw.,1
4TM5,2023-05-16,nieob. uspraw.,14
4TM5,2023-05-17,nieob. uspraw.,3
4TM5,2023-05-22,nieob. uspraw.,32
4TM5,2023-06-16,spóźnienie,2
4TM5,2022-11-24,nieob. uspraw.,9
4TM5,2022-12-19,nieob. uspraw.,31
4TM5,2023-06-06,nieob. uspraw.,31
4TM5,2022-10-04,nieobecność,4
4TM5,2022-10-04,spóźnienie,2
4TM5,2022-10-06,spóźnienie,3
4TM5,2022-10-06,nieobecność,1
4TM5,2022-10-11,nieobecność,6
4TM5,2022-10-18,nieobecność,3
4TM5,2022-10-20,nieobecność,4
4TM5,2022-10-21,nieobecność,7
4TM5,2022-10-25,nieobecność,3
4TM5,2022-10-27,nieobecność,6
4TM5,2022-11-03,nieobecność,2
4TM5,2022-11-04,nieobecność,2
4TM5,2022-11-15,nieobecność,5
4TM5,2022-11-22,nieobecność,1
4TM5,2022-11-24,nieobecność,2
4TM5,2022-11-29,nieobecność,1
4TM5,2022-12-05,nieobecność,4
4TM5,2022-12-12,nieobecność,2
4TM5,2022-12-13,spóźnienie,1
4TM5,2022-12-13,nieobecność,2
4TM5,2022-12-15,nieobecność,1
4TM5,2023-01-02,nieobecność,1
4TM5,2023-01-05,nieobecność,5
4TM5,2023-01-10,nieobecność,5
4TM5,2023-01-19,nieob. uspraw.,24
4TM5,2023-01-30,nieobecność,3
4TM5,2023-02-09,nieobecność,3
4TM5,2023-02-28,nieobecność,3
4TM5,2023-03-02,nieobecność,2
4TM5,2023-03-09,nieobecność,2
4TM5,2023-03-10,nieobecność,4
4TM5,2023-03-14,nieobecność,2
4TM5,2023-03-21,zwolniony,1
4TM5,2023-03-23,nieobecność,2
4TM5,2023-04-03,nieobecność,4
4TM5,2023-04-13,nieobecność,7
4TM5,2023-04-18,nieobecność,2
4TM5,2023-04-25,nieobecność,2
4TM5,2023-04-27,nieobecność,5
4TM5,2023-05-09,nieobecność,5
4TM5,2023-05-16,nieobecność,1
4TM5,2023-05-18,nieob. uspraw.,13
4TM5,2023-05-31,nieobecność,1
4TM5,2023-06-15,nieobecność,24
4TM5,2022-10-03,spóźn. uspr.,1
4TM5,2022-10-04,spóźn. uspr.,1
4TM5,2023-01-18,nieob. uspraw.,2
4TM5,2023-03-24,nieobecność,3
4TM5,2023-06-12,spóźn. uspr.,3
4TM5,2022-10-07,nieobecność,1
4TM5,2022-11-03,spóźn. uspr.,1
4TM5,2022-11-08,nieobecność,1
4TM5,2022-11-23,nieob. uspraw.,2
4TM5,2022-12-13,spóźn. uspr.,3
4TM5,2022-12-16,spóźn. uspr.,1
4TM5,2023-02-06,nieobecność,1
4TM5,2023-04-19,nieobecność,2
4TM5,2023-06-07,nieobecność,1
4TM5,2022-10-11,spóźn. uspr.,3
4TM5,2022-10-27,nieob. uspraw.,2
4TM5,2022-12-08,nieob. uspraw.,2
4TM5,2022-12-15,spóźnienie,1
4TM5,2023-01-09,nieob. uspraw.,7
4TM5,2023-02-27,nieob. uspraw.,10
4TM5,2023-03-03,nieob. uspraw.,5
4TM5,2023-05-19,nieobecność,1
4TM5,2023-06-20,spóźnienie,6
4TM5,2022-10-03,nieobecność,1
4TM5,2022-10-03,spóźnienie,1
4TM5,2022-10-18,spóźnienie,2
4TM5,2022-10-27,spóźnienie,2
4TM5,2022-12-05,nieob. uspraw.,7
4TM5,2022-12-06,nieob. uspraw.,1
4TM5,2022-12-15,spóźn. uspr.,1
4TM5,2023-03-20,nieobecność,1
4TM5,2023-03-23,zwolniony,1
4TM5,2023-04-03,spóźnienie,1
4TM5,2023-04-13,nieob. uspr. p.s.,6
4TM5,2023-04-17,spóźnienie,2
4TM5,2023-04-19,spóźnienie,1
4TM5,2023-04-24,nieobecność,4
4TM5,2023-04-25,spóźnienie,1
4TM5,2023-04-26,nieobecność,1
4TM5,2023-05-10,spóźn. uspr.,1
4TM5,2023-05-22,nieobecność,2
4TM5,2023-05-29,nieobecność,4
4TM5,2023-05-30,nieobecność,4
4TM5,2022-11-25,nieobecność,1
4TM5,2022-12-09,nieobecność,1
4TM5,2023-01-20,nieobecność,1
4TM5,2023-03-29,nieob. uspraw.,2
4TM5,2023-04-28,nieobecność,1
4TM5,2023-05-30,spóźn. uspr.,1
4TM5,2022-10-11,zwolniony,1
4TM5,2022-11-10,zwolniony,1
4TM5,2022-12-12,nieob. uspraw.,6
4TM5,2022-12-14,nieob. uspraw.,1
4TM5,2023-01-05,spóźn. uspr.,1
4TM5,2023-01-16,spóźn. uspr.,1
4TM5,2023-01-26,spóźnienie,1
4TM5,2022-10-06,spóźn. uspr.,1
4TM5,2022-10-10,spóźn. uspr.,2
4TM5,2022-11-14,spóźn. uspr.,1
4TM5,2022-12-19,spóźn. uspr.,1
4TM5,2023-01-02,spóźn. uspr.,1
4TM5,2023-01-09,spóźn. uspr.,1
4TM5,2023-01-24,spóźn. uspr.,1
4TM5,2023-02-06,spóźn. uspr.,1
4TM5,2023-02-08,spóźn. uspr.,1
4TM5,2023-02-10,nieobecność,1
4TM5,2023-03-27,spóźnienie,1
4TM5,2023-04-14,nieobecność,3
4TM5,2023-04-17,spóźn. uspr.,1
4TM5,2023-05-25,nieobecność,1
4TM5,2023-06-21,nieobecność,2
4TM5,2022-10-10,nieob. uspraw.,2
4TM5,2022-11-14,spóźnienie,1
4TM5,2022-11-16,nieobecność,1
4TM5,2022-11-18,nieobecność,4
4TM5,2022-11-29,spóźnienie,1
4TM5,2022-12-05,spóźnienie,1
4TM5,2022-12-12,spóźnienie,1
4TM5,2022-12-14,nieobecność,1
4TM5,2022-12-16,nieobecność,4
4TM5,2022-12-19,nieobecność,2
4TM5,2022-12-21,nieobecność,1
4TM5,2023-01-03,nieobecność,1
4TM5,2023-01-04,nieobecność,1
4TM5,2023-01-09,spóźnienie,1
4TM5,2023-01-12,nieobecność,3
4TM5,2023-01-13,nieobecność,2
4TM5,2023-01-31,spóźn. uspr.,1
4TM5,2023-02-02,nieobecność,1
4TM5,2023-02-07,nieobecność,2
4TM5,2023-03-28,nieobecność,1
4TM5,2023-04-04,nieobecność,2
4TM5,2023-04-13,spóźnienie,1
4TM5,2023-05-10,spóźnienie,1
4TM5,2023-05-11,nieobecność,1
4TM5,2023-04-13,zwolniony,5
4TM5,2023-05-12,nieob. uspr. p.s.,2
1MK,2022-09-01,obecność,260
1MK,2022-09-02,obecność,188
1MK,2022-09-05,obecność,165
1MK,2022-09-06,obecność,164
1MK,2022-09-07,obecność,182
1MK,2022-09-08,obecność,176
1MK,2022-09-08,nieob. uspraw.,19
1MK,2022-09-09,obecność,200
1MK,2022-09-12,obecność,144
1MK,2022-09-13,obecność,138
1MK,2022-09-14,obecność,145
1MK,2022-09-15,obecność,144
1MK,2022-09-16,obecność,137
1MK,2022-09-19,obecność,136
1MK,2022-09-20,obecność,128
1MK,2022-09-21,obecność,104
1MK,2022-09-22,obecność,136
1MK,2022-09-23,obecność,144
1MK,2022-09-26,nieob. uspraw.,44
1MK,2022-09-27,nieob. uspraw.,36
1MK,2022-09-28,nieob. uspraw.,25
1MK,2022-09-29,obecność,148
1MK,2022-09-29,nieob. uspraw.,18
1MK,2022-09-30,nieob. uspraw.,32
1MK,2022-10-03,obecność,124
1MK,2022-10-04,obecność,128
1MK,2022-10-05,obecność,129
1MK,2022-10-06,obecność,136
1MK,2022-10-07,obecność,140
1MK,2022-10-10,obecność,137
1MK,2022-10-11,obecność,137
1MK,2022-10-12,obecność,109
1MK,2022-10-13,obecność,100
1MK,2022-10-17,obecność,139
1MK,2022-10-18,obecność,134
1MK,2022-10-19,obecność,106
1MK,2022-10-20,obecność,147
1MK,2022-10-21,obecność,168
1MK,2022-10-24,obecność,113
1MK,2022-10-25,obecność,135
1MK,2022-10-26,obecność,70
1MK,2022-10-27,obecność,154
1MK,2022-10-28,obecność,190
1MK,2022-11-02,nieob. uspraw.,40
1MK,2022-11-03,nieob. uspraw.,56
1MK,2022-11-04,nieob. uspraw.,53
1MK,2022-11-07,obecność,142
1MK,2022-11-08,obecność,135
1MK,2022-11-09,obecność,132
1MK,2022-11-10,obecność,134
1MK,2022-11-10,nieobecność,9
1MK,2022-11-14,obecność,101
1MK,2022-11-15,obecność,134
1MK,2022-11-16,obecność,141
1MK,2022-11-17,obecność,149
1MK,2022-11-18,obecność,184
1MK,2022-11-21,nieob. uspraw.,37
1MK,2022-11-22,obecność,115
1MK,2022-11-23,obecność,71
1MK,2022-11-24,obecność,124
1MK,2022-11-25,obecność,126
1MK,2022-11-28,obecność,123
1MK,2022-11-29,obecność,123
1MK,2022-11-29,nieobecność,3
1MK,2022-11-30,obecność,134
1MK,2022-11-30,nieobecność,4
1MK,2022-12-01,obecność,136
1MK,2022-12-01,nieob. uspraw.,31
1MK,2022-12-02,nieob. uspraw.,40
1MK,2022-12-05,nieob. uspraw.,37
1MK,2022-12-06,nieob. uspraw.,33
1MK,2022-12-07,nieob. uspraw.,24
1MK,2022-12-08,nieob. uspraw.,32
1MK,2022-12-09,nieob. uspraw.,56
1MK,2022-12-12,obecność,123
1MK,2022-12-13,obecność,113
1MK,2022-12-14,obecność,125
1MK,2022-12-15,obecność,137
1MK,2022-12-16,obecność,176
1MK,2022-12-19,obecność,116
1MK,2022-12-20,obecność,60
1MK,2022-12-21,obecność,96
1MK,2022-12-22,obecność,150
1MK,2023-01-02,obecność,114
1MK,2023-01-02,spóźnienie,2
1MK,2023-01-03,obecność,120
1MK,2023-01-04,obecność,115
1MK,2023-01-04,spóźnienie,5
1MK,2023-01-05,obecność,126
1MK,2023-01-09,obecność,133
1MK,2023-01-10,obecność,150
1MK,2023-01-10,nieobecność,6
1MK,2023-01-11,obecność,149
1MK,2023-01-12,obecność,145
1MK,2023-01-13,nieob. uspraw.,72
1MK,2023-01-16,obecność,107
1MK,2023-01-17,obecność,129
1MK,2023-01-18,obecność,120
1MK,2023-01-18,nieobecność,9
1MK,2023-01-18,nieob. uspr. p.s.,8
1MK,2023-01-19,obecność,148
1MK,2023-01-19,spóźnienie,2
1MK,2023-01-20,obecność,169
1MK,2023-01-23,obecność,129
1MK,2023-01-24,obecność,94
1MK,2023-01-25,obecność,126
1MK,2023-01-26,obecność,130
1MK,2023-01-27,obecność,144
1MK,2023-01-30,nieob. uspraw.,28
1MK,2023-01-31,nieob. uspraw.,4
1MK,2023-02-01,nieob. uspraw.,5
1MK,2023-02-01,obecność,156
1MK,2023-02-02,nieob. uspraw.,20
1MK,2023-02-03,nieob. uspraw.,18
1MK,2023-02-06,obecność,144
1MK,2023-02-07,obecność,107
1MK,2023-02-08,obecność,127
1MK,2023-02-09,obecność,135
1MK,2023-02-10,nieob. uspraw.,17
1MK,2023-02-27,obecność,161
1MK,2023-02-28,obecność,115
1MK,2023-03-01,obecność,157
1MK,2023-03-01,spóźnienie,6
1MK,2023-03-02,obecność,167
1MK,2023-03-03,obecność,194
1MK,2023-03-06,nieob. uspraw.,35
1MK,2023-03-07,obecność,115
1MK,2023-03-08,obecność,130
1MK,2023-03-09,obecność,156
1MK,2023-03-09,nieobecność,5
1MK,2023-03-10,nieob. uspraw.,40
1MK,2023-03-13,obecność,121
1MK,2023-03-14,obecność,92
1MK,2023-03-15,obecność,88
1MK,2023-03-15,spóźnienie,3
1MK,2023-03-16,obecność,146
1MK,2023-03-17,obecność,152
1MK,2023-03-20,nieob. uspraw.,28
1MK,2023-03-21,nieob. uspraw.,59
1MK,2023-03-22,obecność,119
1MK,2023-03-22,nieobecność,12
1MK,2023-03-23,obecność,147
1MK,2023-03-23,nieobecność,21
1MK,2023-03-24,obecność,147
1MK,2023-03-27,obecność,140
1MK,2023-03-27,nieobecność,22
1MK,2023-03-28,obecność,74
1MK,2023-03-29,obecność,118
1MK,2023-03-30,obecność,99
1MK,2023-03-30,nieobecność,15
1MK,2023-03-31,obecność,136
1MK,2023-04-03,obecność,175
1MK,2023-04-04,obecność,110
1MK,2023-04-05,obecność,119
1MK,2023-04-12,obecność,99
1MK,2023-04-12,nieobecność,15
1MK,2023-04-13,obecność,158
1MK,2023-04-14,obecność,159
1MK,2023-04-17,obecność,147
1MK,2023-04-18,obecność,148
1MK,2023-04-19,obecność,159
1MK,2023-04-19,nieobecność,15
1MK,2023-04-20,obecność,170
1MK,2023-04-21,obecność,170
1MK,2023-04-24,obecność,146
1MK,2023-04-24,nieobecność,34
1MK,2023-04-25,obecność,152
1MK,2023-04-26,obecność,152
1MK,2023-04-26,nieobecność,22
1MK,2023-04-27,obecność,143
1MK,2023-04-28,obecność,137
1MK,2023-05-09,obecność,128
1MK,2023-05-10,obecność,115
1MK,2023-05-11,obecność,129
1MK,2023-05-11,nieobecność,9
1MK,2023-05-12,obecność,147
1MK,2023-05-15,obecność,155
1MK,2023-05-16,obecność,124
1MK,2023-05-17,obecność,122
1MK,2023-05-18,obecność,144
1MK,2023-05-18,nieobecność,14
1MK,2023-05-19,obecność,142
1MK,2023-05-22,obecność,138
1MK,2023-05-22,nieobecność,14
1MK,2023-05-23,obecność,130
1MK,2023-05-24,obecność,106
1MK,2023-05-24,nieobecność,15
1MK,2023-05-25,obecność,95
1MK,2023-05-29,obecność,141
1MK,2023-05-29,nieobecność,22
1MK,2023-05-30,obecność,97
1MK,2023-05-31,obecność,114
1MK,2023-05-31,nieobecność,12
1MK,2023-06-01,obecność,121
1MK,2023-06-02,obecność,168
1MK,2023-06-05,obecność,126
1MK,2023-06-06,obecność,121
1MK,2023-06-07,obecność,103
1MK,2023-06-12,nieob. uspraw.,69
1MK,2023-06-13,nieob. uspraw.,44
1MK,2023-06-14,nieob. uspraw.,94
1MK,2023-06-15,nieobecność,124
1MK,2023-06-16,obecność,184
1MK,2023-06-19,obecność,208
1MK,2023-06-20,obecność,172
1MK,2023-06-21,nieob. uspraw.,130
1MK,2023-06-22,nieob. uspraw.,120
1MK,2023-06-23,obecność,240
1MK,2022-09-15,nieob. uspraw.,25
1MK,2022-09-26,obecność,105
1MK,2022-09-28,obecność,123
1MK,2022-09-30,obecność,160
1MK,2022-10-04,nieob. uspraw.,14
1MK,2022-10-05,nieob. uspraw.,24
1MK,2022-10-06,nieob. uspraw.,28
1MK,2022-10-13,nieob. uspraw.,74
1MK,2022-11-02,obecność,109
1MK,2022-11-04,obecność,139
1MK,2022-11-17,nieob. uspraw.,20
1MK,2022-11-21,obecność,117
1MK,2022-11-23,nieob. uspraw.,32
1MK,2022-12-02,obecność,152
1MK,2022-12-05,obecność,113
1MK,2022-12-06,obecność,117
1MK,2022-12-07,obecność,126
1MK,2022-12-08,obecność,139
1MK,2022-12-19,nieob. uspraw.,36
1MK,2022-12-20,nieob. uspraw.,96
1MK,2022-12-21,nieob. uspraw.,60
1MK,2023-01-11,nieob. uspraw.,6
1MK,2023-01-12,nieobecność,11
1MK,2023-01-19,nieob. uspraw.,23
1MK,2023-01-30,obecność,140
1MK,2023-01-31,obecność,89
1MK,2023-02-02,obecność,139
1MK,2023-02-10,nieobecność,42
1MK,2023-02-28,nieob. uspraw.,16
1MK,2023-03-03,nieob. uspraw.,16
1MK,2023-03-06,obecność,152
1MK,2023-03-08,nieob. uspraw.,42
1MK,2023-03-09,nieob. uspraw.,34
1MK,2023-03-13,nieob. uspraw.,60
1MK,2023-03-14,nieob. uspraw.,41
1MK,2023-03-15,nieob. uspraw.,41
1MK,2023-03-16,nieob. uspraw.,29
1MK,2023-03-17,nieob. uspraw.,52
1MK,2023-03-20,obecność,122
1MK,2023-03-21,nieob. uspr. p.s.,20
1MK,2023-03-21,obecność,50
1MK,2023-03-28,nieobecność,15
1MK,2023-03-28,nieob. uspraw.,48
1MK,2023-04-03,nieob. uspraw.,16
1MK,2023-04-04,nieob. uspraw.,19
1MK,2023-04-05,nieob. uspraw.,44
1MK,2023-04-12,nieob. uspraw.,32
1MK,2023-04-20,nieobecność,23
1MK,2023-04-21,nieobecność,45
1MK,2023-04-28,nieobecność,78
1MK,2023-05-09,nieob. uspraw.,25
1MK,2023-05-10,nieob. uspraw.,15
1MK,2023-05-11,nieob. uspraw.,36
1MK,2023-05-12,nieobecność,27
1MK,2023-05-23,nieob. uspraw.,29
1MK,2023-05-24,nieob. uspraw.,32
1MK,2023-05-25,nieob. uspraw.,60
1MK,2023-06-01,nieob. uspraw.,30
1MK,2023-06-02,nieob. uspraw.,64
1MK,2023-06-06,nieob. uspraw.,29
1MK,2023-06-07,nieob. uspraw.,27
1MK,2023-06-12,obecność,104
1MK,2023-06-13,obecność,106
1MK,2023-06-13,nieobecność,21
1MK,2022-09-07,nieob. uspraw.,5
1MK,2022-09-14,nieob. uspraw.,19
1MK,2022-09-20,nieob. uspraw.,14
1MK,2022-09-21,nieobecność,9
1MK,2022-09-27,obecność,118
1MK,2022-10-03,nieobecność,4
1MK,2022-10-04,nieobecność,14
1MK,2022-10-05,nieobecność,3
1MK,2022-10-10,nieobecność,3
1MK,2022-10-11,nieobecność,7
1MK,2022-10-12,nieobecność,3
1MK,2022-10-12,spóźnienie,7
1MK,2022-10-18,nieobecność,15
1MK,2022-10-25,nieobecność,14
1MK,2022-10-26,nieob. uspraw.,28
1MK,2022-10-27,nieobecność,6
1MK,2022-11-02,nieobecność,2
1MK,2022-11-03,obecność,117
1MK,2022-11-07,nieob. uspraw.,12
1MK,2022-11-08,nieobecność,9
1MK,2022-11-09,nieobecność,4
1MK,2022-11-10,nieob. uspraw.,28
1MK,2022-11-14,nieobecność,9
1MK,2022-11-15,nieobecność,4
1MK,2022-11-16,nieobecność,3
1MK,2022-11-17,nieobecność,4
1MK,2022-11-22,nieobecność,5
1MK,2022-11-29,nieob. uspraw.,30
1MK,2022-12-06,nieobecność,5
1MK,2022-12-07,nieobecność,4
1MK,2022-12-12,nieob. uspraw.,30
1MK,2022-12-13,nieob. uspraw.,42
1MK,2022-12-14,nieob. uspraw.,30
1MK,2022-12-19,nieobecność,2
1MK,2023-01-02,nieobecność,2
1MK,2023-01-03,nieob. uspraw.,33
1MK,2023-01-09,nieob. uspraw.,12
1MK,2023-01-16,nieobecność,26
1MK,2023-01-17,nieobecność,6
1MK,2023-01-23,nieobecność,16
1MK,2023-01-24,nieobecność,9
1MK,2023-01-26,nieobecność,18
1MK,2023-01-31,nieobecność,7
1MK,2023-02-02,nieobecność,24
1MK,2023-02-03,obecność,183
1MK,2023-02-06,nieob. uspraw.,37
1MK,2023-02-08,nieobecność,17
1MK,2023-02-10,obecność,154
1MK,2023-02-27,nieob. uspraw.,28
1MK,2023-03-01,nieob. uspraw.,8
1MK,2023-03-02,nieobecność,13
1MK,2023-03-06,nieobecność,14
1MK,2023-03-07,nieobecność,7
1MK,2023-03-08,nieobecność,10
1MK,2023-03-10,obecność,176
1MK,2023-03-13,nieobecność,17
1MK,2023-03-14,nieobecność,4
1MK,2023-03-16,nieobecność,19
1MK,2023-03-20,nieobecność,17
1MK,2023-03-27,nieob. uspraw.,39
1MK,2023-03-29,spóźnienie,7
1MK,2023-03-30,nieob. uspraw.,80
1MK,2023-04-03,nieobecność,6
1MK,2023-04-13,nieobecność,37
1MK,2023-04-14,nieobecność,54
1MK,2023-04-17,nieob. uspraw.,18
1MK,2023-05-09,nieobecność,12
1MK,2023-05-10,nieobecność,20
1MK,2023-05-16,nieob. uspraw.,29
1MK,2023-05-17,nieobecność,14
1MK,2023-05-19,nieob. uspraw.,48
1MK,2023-05-22,nieob. uspraw.,49
1MK,2023-05-30,nieobecność,9
1MK,2023-06-01,nieobecność,7
1MK,2023-06-05,nieobecność,7
1MK,2023-06-06,nieobecność,16
1MK,2023-06-07,nieobecność,19
1MK,2023-06-12,nieobecność,34
1MK,2023-06-15,obecność,34
1MK,2023-02-08,nieob. uspraw.,38
1MK,2023-02-27,spóźnienie,2
1MK,2023-03-15,nieobecność,13
1MK,2023-03-20,spóźnienie,5
1MK,2023-03-22,spóźnienie,1
1MK,2023-03-31,nieobecność,80
1MK,2023-04-05,nieobecność,8
1MK,2023-04-20,spóźnienie,2
1MK,2023-05-09,spóźnienie,1
1MK,2023-05-12,nieob. uspraw.,42
1MK,2023-05-15,nieobecność,11
1MK,2023-05-16,nieobecność,12
1MK,2023-05-25,spóźnienie,6
1MK,2022-10-17,nieob. uspraw.,12
1MK,2022-10-18,nieob. uspraw.,6
1MK,2022-10-19,nieob. uspraw.,20
1MK,2022-10-20,nieob. uspraw.,21
1MK,2022-10-21,nieob. uspraw.,16
1MK,2022-10-26,nieobecność,2
1MK,2022-11-10,nieob. uspr. p.s.,3
1MK,2022-11-22,nieob. uspraw.,34
1MK,2022-11-24,nieob. uspraw.,41
1MK,2022-11-25,nieob. uspraw.,64
1MK,2022-12-01,nieobecność,5
1MK,2022-12-15,nieob. uspraw.,33
1MK,2022-12-16,nieob. uspraw.,16
1MK,2022-12-22,nieobecność,18
1MK,2023-01-13,obecność,72
1MK,2023-01-17,nieob. uspraw.,20
1MK,2023-01-23,nieob. uspraw.,34
1MK,2023-01-24,nieob. uspraw.,14
1MK,2023-01-25,nieob. uspraw.,32
1MK,2023-01-26,nieob. uspraw.,33
1MK,2023-01-27,nieob. uspraw.,40
1MK,2023-02-03,nieobecność,23
1MK,2023-02-07,nieob. uspraw.,20
1MK,2023-02-09,nieob. uspraw.,30
1MK,2023-03-13,spóźnienie,3
1MK,2023-04-05,spóźnienie,5
1MK,2023-04-12,spóźnienie,7
1MK,2023-04-17,spóźnienie,5
1MK,2023-04-25,nieobecność,14
1MK,2023-05-30,nieob. uspraw.,35
1MK,2023-06-14,obecność,57
1MK,2022-10-20,nieobecność,6
1MK,2022-10-21,nieobecność,8
1MK,2022-12-09,nieobecność,8
1MK,2023-01-16,nieob. uspraw.,19
1MK,2023-01-18,nieob. uspraw.,18
1MK,2023-01-20,nieob. uspraw.,16
1MK,2023-02-09,nieobecność,9
1MK,2023-03-07,nieob. uspraw.,15
1MK,2023-05-29,spóźnienie,3
1MK,2023-06-07,spóźnienie,1
1MK,2023-06-13,spóźnienie,1
1MK,2023-06-16,nieobecność,56
1MK,2023-06-22,obecność,60
1MK,2022-09-13,spóźnienie,3
1MK,2022-09-19,nieobecność,12
1MK,2022-09-20,nieobecność,16
1MK,2022-09-22,nieobecność,10
1MK,2022-09-23,nieobecność,24
1MK,2022-10-10,nieob. uspraw.,13
1MK,2022-10-26,spóźnienie,4
1MK,2022-12-09,obecność,128
1MK,2023-01-02,nieob. uspraw.,36
1MK,2023-04-28,nieob. uspraw.,1
1MK,2023-05-29,nieob. uspraw.,35
1MK,2022-09-05,nieobecność,3
1MK,2022-09-22,nieob. uspraw.,30
1MK,2022-10-03,spóźnienie,3
1MK,2022-10-06,spóźnienie,1
1MK,2022-12-12,spóźnienie,1
1MK,2022-12-22,nieob. uspraw.,6
1MK,2023-01-30,spóźnienie,7
1MK,2023-03-22,nieob. uspraw.,21
1MK,2023-05-17,nieob. uspraw.,17
1MK,2023-05-18,nieob. uspraw.,28
1MK,2023-05-25,nieobecność,11
1MK,2022-10-12,nieob. uspr. p.s.,1
1MK,2022-11-09,nieob. uspr. p.s.,2
1MK,2022-11-28,nieob. uspraw.,30
1MK,2022-11-30,nieob. uspraw.,18
1MK,2023-01-24,nieob. uspr. p.s.,2
1MK,2023-03-29,nieob. uspraw.,51
1MK,2023-04-27,nieobecność,23
1MK,2023-05-31,nieob. uspraw.,30
1MK,2022-09-26,spóźnienie,3
1MK,2022-10-06,nieobecność,9
1MK,2022-10-17,spóźnienie,3
1MK,2022-11-02,spóźnienie,5
1MK,2022-11-17,spóźnienie,1
1MK,2022-12-01,spóźnienie,2
1MK,2022-12-15,spóźnienie,2
1MK,2023-01-09,spóźnienie,2
1MK,2023-03-30,spóźnienie,1
1MK,2023-04-03,spóźnienie,4
1MK,2023-04-04,spóźnienie,2
1MK,2023-05-30,spóźnienie,4
1MK,2023-06-05,spóźnienie,2
1MK,2022-09-06,nieobecność,4
1MK,2022-09-07,nieobecność,1
1MK,2022-09-13,nieobecność,2
1MK,2022-09-14,nieobecność,5
1MK,2022-09-15,nieobecność,7
1MK,2022-09-21,spóźnienie,2
1MK,2022-09-26,nieobecność,2
1MK,2022-09-27,nieobecność,1
1MK,2022-09-28,nieobecność,3
1MK,2022-12-08,nieobecność,1
1MK,2022-12-13,nieobecność,1
1MK,2022-12-14,nieobecność,1
1MK,2022-12-15,nieobecność,2
1MK,2023-01-05,nieobecność,1
1MK,2023-01-09,nieobecność,7
1MK,2023-01-11,nieobecność,1
1MK,2023-01-24,spóźnienie,3
1MK,2023-01-30,nieobecność,12
1MK,2023-03-01,nieobecność,11
1MK,2023-04-18,nieob. uspraw.,6
1MK,2023-05-25,nieob. uspr. p.s.,2
1MK,2022-09-12,nieobecność,13
1MK,2022-09-23,nieob. uspraw.,40
1MK,2022-09-27,spóźnienie,1
1MK,2022-10-10,spóźnienie,1
1MK,2022-10-18,spóźnienie,1
1MK,2022-10-25,spóźnienie,1
1MK,2022-11-23,nieobecność,1
1MK,2023-01-17,spóźnienie,1
1MK,2023-01-18,spóźnienie,1
1MK,2023-01-19,nieobecność,1
1MK,2023-01-25,nieobecność,8
1MK,2023-02-01,nieobecność,8
1MK,2023-02-28,spóźnienie,1
1MK,2023-03-16,spóźnienie,1
1MK,2023-03-21,zwolniony,2
1MK,2023-05-10,spóźnienie,3
1MK,2023-05-16,spóźnienie,1
1MK,2023-05-31,spóźnienie,2
1MK,2022-09-12,spóźnienie,2
1MK,2022-09-21,nieob. uspraw.,15
1MK,2022-10-03,nieob. uspraw.,23
1MK,2022-10-19,spóźnienie,4
1MK,2022-10-27,nieob. uspraw.,14
1MK,2022-11-09,nieob. uspraw.,18
1MK,2022-11-22,spóźnienie,2
1MK,2023-01-03,nieobecność,3
1MK,2023-01-04,nieob. uspraw.,36
1MK,2023-01-05,nieob. uspraw.,47
1MK,2023-02-06,nieobecność,8
1MK,2023-02-07,nieobecność,7
1MK,2023-02-27,nieobecność,9
1MK,2023-02-28,nieobecność,5
1MK,2023-03-17,nieobecność,12
1MK,2023-03-21,nieobecność,6
1MK,2023-03-24,nieobecność,12
1MK,2023-03-29,nieobecność,6
1MK,2023-04-04,nieobecność,6
1MK,2023-04-17,nieobecność,10
1MK,2023-04-18,nieobecność,9
1MK,2023-05-19,nieobecność,26
1MK,2023-05-23,nieobecność,7
1MK,2023-06-02,nieobecność,8
1MK,2023-06-05,nieob. uspraw.,21
1MK,2023-06-14,nieobecność,7
1MK,2023-06-21,nieobecność,8
1MK,2022-09-12,nieob. uspraw.,4
1MK,2022-09-13,nieob. uspraw.,23
1MK,2023-03-23,nieob. uspraw.,27
1MK,2023-03-24,nieob. uspraw.,56
1MK,2023-04-05,zwolniony,6
1MK,2023-06-21,obecność,20
1MK,2023-03-03,nieobecność,4
1MK,2022-09-19,nieob. uspraw.,18
1MK,2022-10-07,nieobecność,6
1MK,2022-10-24,nieob. uspraw.,15
1MK,2022-10-25,nieob. uspraw.,6
1MK,2022-11-14,nieob. uspraw.,20
1MK,2022-11-15,nieob. uspraw.,18
1MK,2022-11-16,nieob. uspraw.,12
1MK,2023-04-18,spóźnienie,3
1MK,2023-05-15,nieob. uspraw.,35
1MK,2022-10-11,nieob. uspraw.,12
1MK,2023-02-01,spóźnienie,1
1MK,2023-03-24,zwolniony,1
1MK,2023-04-14,zwolniony,3
1MK,2023-06-06,nieob. uspr. p.s.,6
1MK,2022-09-12,nieob. uspr. p.s.,5
1MK,2022-09-13,nieob. uspr. p.s.,2
1MK,2022-09-14,nieob. uspr. p.s.,9
1MK,2022-09-16,nieob. uspr. p.s.,1
1MK,2022-09-28,nieob. uspr. p.s.,13
1MK,2022-10-12,nieob. uspraw.,10
1MK,2022-12-08,nieob. uspr. p.s.,2
1MK,2023-01-16,nieob. uspr. p.s.,2
1MK,2023-03-02,spóźnienie,1
1MK,2022-09-08,nieobecność,1
1MK,2022-10-28,nieob. uspraw.,2
1MK,2022-11-03,nieobecność,1
1MK,2022-11-25,zwolniony,2
1MK,2022-12-05,nieobecność,1
1MK,2023-02-06,spóźnienie,3
1MK,2023-03-02,nieob. uspraw.,14
1MK,2022-09-09,nieob. uspraw.,8
1MK,2023-01-27,nieobecność,16
1MK,2022-11-08,nieob. uspraw.,12
1MK,2022-11-18,nieob. uspraw.,8
1MK,2022-11-24,nieobecność,1
1MK,2022-11-28,spóźnienie,1
1MK,2022-12-07,spóźnienie,1
1MK,2023-01-23,spóźnienie,1
1MK,2023-02-10,zwolniony,3
1MK,2023-05-18,spóźnienie,1
1MK,2023-03-03,zwolniony,2
1MK,2023-06-12,spóźnienie,1
1MK,2023-04-21,zwolniony,1
2M,2022-09-01,obecność,70
2M,2022-09-02,obecność,66
2M,2022-09-05,obecność,77
2M,2022-09-05,nieob. uspr. p.s.,7
2M,2022-09-06,obecność,96
2M,2022-09-07,obecność,85
2M,2022-09-08,obecność,98
2M,2022-09-09,obecność,57
2M,2022-09-09,nieobecność,12
2M,2022-09-12,obecność,47
2M,2022-09-12,nieob. uspraw.,25
2M,2022-09-13,obecność,70
2M,2022-09-14,nieob. uspr. p.s.,8
2M,2022-09-14,obecność,69
2M,2022-09-15,obecność,107
2M,2022-09-16,obecność,73
2M,2022-09-16,nieob. uspraw.,7
2M,2022-09-19,obecność,48
2M,2022-09-19,nieobecność,18
2M,2022-09-20,obecność,70
2M,2022-09-21,obecność,60
2M,2022-09-22,obecność,72
2M,2022-09-23,nieob. uspraw.,30
2M,2022-09-26,nieob. uspr. p.s.,5
2M,2022-09-26,obecność,55
2M,2022-09-27,nieob. uspraw.,21
2M,2022-09-28,nieob. uspraw.,6
2M,2022-09-29,obecność,112
2M,2022-09-30,nieob. uspraw.,7
2M,2022-10-03,obecność,73
2M,2022-10-04,nieobecność,2
2M,2022-10-04,obecność,93
2M,2022-10-05,obecność,72
2M,2022-10-06,nieobecność,8
2M,2022-10-07,nieobecność,8
2M,2022-10-10,obecność,58
2M,2022-10-11,obecność,97
2M,2022-10-12,obecność,42
2M,2022-10-12,nieob. uspr. p.s.,4
2M,2022-10-13,obecność,96
2M,2022-10-17,obecność,58
2M,2022-10-18,nieobecność,1
2M,2022-10-18,obecność,87
2M,2022-10-18,nieob. uspr. p.s.,2
2M,2022-10-19,obecność,67
2M,2022-10-20,obecność,87
2M,2022-10-20,nieobecność,11
2M,2022-10-21,nieob. uspr. p.s.,4
2M,2022-10-21,obecność,76
2M,2022-10-21,nieobecność,10
2M,2022-10-24,obecność,58
2M,2022-10-24,nieobecność,7
2M,2022-10-25,nieobecność,10
2M,2022-10-25,obecność,73
2M,2022-10-26,obecność,62
2M,2022-10-27,nieobecność,8
2M,2022-10-28,obecność,71
2M,2022-10-28,nieob. uspr. p.s.,10
2M,2022-11-02,obecność,54
2M,2022-11-03,obecność,88
2M,2022-11-04,obecność,62
2M,2022-11-07,nieobecność,6
2M,2022-11-08,nieobecność,1
2M,2022-11-08,obecność,75
2M,2022-11-09,nieobecność,16
2M,2022-11-09,obecność,58
2M,2022-11-10,obecność,80
2M,2022-11-14,obecność,63
2M,2022-11-14,nieobecność,6
2M,2022-11-15,obecność,92
2M,2022-11-16,nieob. uspr. p.s.,13
2M,2022-11-16,obecność,62
2M,2022-11-17,obecność,97
2M,2022-11-18,obecność,86
2M,2022-11-18,nieobecność,4
2M,2022-11-21,nieob. uspraw.,6
2M,2022-11-22,obecność,89
2M,2022-11-23,nieob. uspraw.,16
2M,2022-11-24,obecność,95
2M,2022-11-25,obecność,77
2M,2022-11-25,nieobecność,1
2M,2022-11-28,obecność,46
2M,2022-11-29,obecność,62
2M,2022-11-30,nieob. uspraw.,17
2M,2022-12-01,obecność,91
2M,2022-12-01,nieobecność,15
2M,2022-12-02,obecność,91
2M,2022-12-05,obecność,60
2M,2022-12-05,nieob. uspr. p.s.,6
2M,2022-12-06,nieob. uspraw.,31
2M,2022-12-07,nieob. uspraw.,18
2M,2022-12-08,nieob. uspraw.,16
2M,2022-12-09,nieob. uspraw.,23
2M,2022-12-12,obecność,54
2M,2022-12-13,nieobecność,13
2M,2022-12-13,obecność,54
2M,2022-12-13,nieob. uspr. p.s.,1
2M,2022-12-14,nieob. uspr. p.s.,2
2M,2022-12-14,obecność,49
2M,2022-12-15,obecność,61
2M,2022-12-15,nieob. uspraw.,35
2M,2022-12-16,obecność,56
2M,2022-12-16,nieobecność,9
2M,2022-12-19,obecność,57
2M,2022-12-20,nieob. uspraw.,23
2M,2022-12-21,nieobecność,8
2M,2022-12-21,obecność,66
2M,2022-12-22,nieobecność,24
2M,2023-01-02,obecność,49
2M,2023-01-03,nieobecność,14
2M,2023-01-04,nieobecność,12
2M,2023-01-04,obecność,70
2M,2023-01-05,obecność,104
2M,2023-01-05,nieobecność,7
2M,2023-01-09,obecność,54
2M,2023-01-09,nieobecność,9
2M,2023-01-10,obecność,91
2M,2023-01-11,nieobecność,6
2M,2023-01-11,obecność,68
2M,2023-01-12,obecność,89
2M,2023-01-12,nieobecność,6
2M,2023-01-13,nieobecność,6
2M,2023-01-16,obecność,36
2M,2023-01-17,obecność,65
2M,2023-01-18,obecność,69
2M,2023-01-18,nieobecność,5
2M,2023-01-19,nieobecność,14
2M,2023-01-19,obecność,66
2M,2023-01-20,obecność,53
2M,2023-01-20,nieobecność,14
2M,2023-01-23,obecność,66
2M,2023-01-24,nieobecność,9
2M,2023-01-24,obecność,75
2M,2023-01-25,obecność,63
2M,2023-01-26,obecność,89
2M,2023-01-26,nieobecność,6
2M,2023-01-27,obecność,59
2M,2023-01-30,obecność,77
2M,2023-01-31,obecność,68
2M,2023-01-31,nieobecność,7
2M,2023-02-01,obecność,65
2M,2023-02-01,nieobecność,3
2M,2023-02-02,obecność,67
2M,2023-02-02,nieobecność,10
2M,2023-02-03,nieob. uspraw.,18
2M,2023-02-06,obecność,51
2M,2023-02-07,nieobecność,1
2M,2023-02-07,obecność,90
2M,2023-02-08,nieobecność,9
2M,2023-02-09,obecność,36
2M,2023-02-10,nieobecność,20
2M,2023-02-27,obecność,71
2M,2023-02-28,nieobecność,2
2M,2023-02-28,obecność,75
2M,2023-03-01,obecność,88
2M,2023-03-01,nieobecność,2
2M,2023-03-02,obecność,100
2M,2023-03-03,nieob. uspraw.,30
2M,2023-03-06,obecność,49
2M,2023-03-07,obecność,79
2M,2023-03-07,nieobecność,5
2M,2023-03-08,nieob. uspraw.,22
2M,2023-03-09,obecność,93
2M,2023-03-09,nieobecność,6
2M,2023-03-10,nieob. uspraw.,45
2M,2023-03-13,obecność,46
2M,2023-03-14,obecność,80
2M,2023-03-14,nieobecność,7
2M,2023-03-15,obecność,57
2M,2023-03-16,obecność,69
2M,2023-03-16,nieob. uspraw.,42
2M,2023-03-17,nieob. uspraw.,42
2M,2023-03-20,obecność,41
2M,2023-03-20,nieobecność,1
2M,2023-03-21,nieob. uspraw.,57
2M,2023-03-22,obecność,48
2M,2023-03-22,nieobecność,3
2M,2023-03-23,obecność,41
2M,2023-03-23,nieobecność,4
2M,2023-03-24,nieob. uspraw.,47
2M,2023-03-27,obecność,56
2M,2023-03-27,nieob. uspraw.,22
2M,2023-03-28,obecność,78
2M,2023-03-29,obecność,89
2M,2023-03-30,obecność,97
2M,2023-03-31,nieob. uspraw.,21
2M,2023-04-03,obecność,72
2M,2023-04-03,nieob. uspraw.,2
2M,2023-04-04,nieobecność,6
2M,2023-04-04,obecność,85
2M,2023-04-05,obecność,73
2M,2023-04-05,nieobecność,16
2M,2023-04-12,obecność,56
2M,2023-04-12,nieobecność,4
2M,2023-04-13,nieobecność,22
2M,2023-04-14,obecność,39
2M,2023-04-14,nieobecność,14
2M,2023-04-17,obecność,49
2M,2023-04-17,nieobecność,15
2M,2023-04-18,nieobecność,14
2M,2023-04-19,obecność,35
2M,2023-04-20,obecność,71
2M,2023-04-20,nieobecność,37
2M,2023-04-21,obecność,71
2M,2023-04-24,nieobecność,30
2M,2023-04-25,obecność,91
2M,2023-04-26,obecność,36
2M,2023-04-26,nieobecność,10
2M,2023-04-27,obecność,69
2M,2023-04-28,obecność,59
2M,2023-05-09,obecność,58
2M,2023-05-09,nieob. uspraw.,19
2M,2023-05-10,obecność,59
2M,2023-05-11,obecność,44
2M,2023-05-12,obecność,47
2M,2023-05-15,obecność,57
2M,2023-05-15,nieob. uspraw.,17
2M,2023-05-16,obecność,64
2M,2023-05-17,nieobecność,13
2M,2023-05-18,obecność,61
2M,2023-05-18,nieobecność,25
2M,2023-05-19,obecność,67
2M,2023-05-22,obecność,54
2M,2023-05-23,obecność,62
2M,2023-05-23,nieob. uspraw.,22
2M,2023-05-24,obecność,61
2M,2023-05-25,obecność,88
2M,2023-05-29,obecność,51
2M,2023-05-30,nieobecność,26
2M,2023-05-31,obecność,31
2M,2023-05-31,nieobecność,16
2M,2023-06-01,nieob. uspraw.,50
2M,2023-06-02,obecność,66
2M,2023-06-05,nieob. uspr. p.s.,104
2M,2023-06-06,obecność,66
2M,2023-06-07,nieob. uspraw.,52
2M,2023-06-12,nieob. uspraw.,38
2M,2023-06-13,obecność,17
2M,2023-06-13,nieobecność,51
2M,2023-06-14,nieobecność,42
2M,2023-06-15,nieobecność,29
2M,2023-06-16,nieobecność,49
2M,2023-06-19,nieobecność,77
2M,2023-06-20,nieobecność,77
2M,2023-06-21,nieobecność,65
2M,2023-06-22,nieobecność,80
2M,2023-06-23,obecność,66
2M,2022-09-09,nieob. uspraw.,24
2M,2022-09-13,spóźnienie,3
2M,2022-09-16,nieob. uspr. p.s.,10
2M,2022-09-19,nieob. uspr. p.s.,6
2M,2022-09-20,spóźnienie,4
2M,2022-09-23,obecność,22
2M,2022-09-23,nieob. uspr. p.s.,7
2M,2022-09-27,obecność,69
2M,2022-09-28,obecność,71
2M,2022-09-30,obecność,69
2M,2022-09-30,nieob. uspr. p.s.,9
2M,2022-10-03,spóźnienie,4
2M,2022-10-06,obecność,36
2M,2022-10-06,spóźnienie,6
2M,2022-10-07,obecność,66
2M,2022-10-07,nieob. uspraw.,23
2M,2022-10-17,spóźnienie,3
2M,2022-10-24,nieob. uspraw.,12
2M,2022-10-25,nieob. uspraw.,14
2M,2022-10-26,nieob. uspraw.,12
2M,2022-10-27,nieob. uspraw.,9
2M,2022-10-28,nieob. uspraw.,7
2M,2022-11-02,spóźnienie,3
2M,2022-11-04,spóźnienie,2
2M,2022-11-07,obecność,67
2M,2022-11-14,spóźnienie,3
2M,2022-11-17,nieob. uspraw.,12
2M,2022-11-21,obecność,66
2M,2022-11-23,obecność,26
2M,2022-11-28,nieob. uspraw.,24
2M,2022-11-30,obecność,57
2M,2022-11-30,spóźnienie,4
2M,2022-12-01,spóźnienie,4
2M,2022-12-05,nieobecność,12
2M,2022-12-06,obecność,47
2M,2022-12-06,nieobecność,19
2M,2022-12-07,obecność,62
2M,2022-12-08,obecność,88
2M,2022-12-08,nieobecność,8
2M,2022-12-09,obecność,71
2M,2022-12-12,spóźnienie,8
2M,2022-12-12,nieobecność,1
2M,2022-12-20,obecność,75
2M,2022-12-22,obecność,72
2M,2023-01-02,spóźnienie,3
2M,2023-01-03,obecność,68
2M,2023-01-13,obecność,60
2M,2023-01-16,nieob. uspraw.,25
2M,2023-01-20,nieob. uspraw.,30
2M,2023-01-23,spóźnienie,2
2M,2023-01-24,nieob. uspr. p.s.,3
2M,2023-01-27,spóźnienie,4
2M,2023-02-03,obecność,58
2M,2023-02-08,obecność,67
2M,2023-02-09,nieob. uspraw.,36
2M,2023-02-10,nieob. uspraw.,40
2M,2023-03-06,spóźnienie,4
2M,2023-03-08,obecność,72
2M,2023-03-08,nieob. uspr. p.s.,1
2M,2023-03-08,nieobecność,2
2M,2023-03-10,obecność,11
2M,2023-03-13,nieob. uspraw.,21
2M,2023-03-15,spóźnienie,2
2M,2023-03-17,nieob. uspr. p.s.,25
2M,2023-03-20,nieob. uspraw.,25
2M,2023-03-24,obecność,21
2M,2023-03-24,spóźnienie,2
2M,2023-03-30,nieob. uspraw.,8
2M,2023-04-03,nieobecność,10
2M,2023-04-12,nieob. uspraw.,17
2M,2023-04-13,nieob. uspraw.,38
2M,2023-04-14,nieob. uspraw.,31
2M,2023-04-17,spóźnienie,6
2M,2023-04-18,obecność,77
2M,2023-04-20,spóźnienie,3
2M,2023-05-10,nieob. uspraw.,7
2M,2023-05-11,nieob. uspraw.,25
2M,2023-05-12,nieob. uspraw.,24
2M,2023-05-15,nieobecność,24
2M,2023-05-17,obecność,43
2M,2023-05-18,nieob. uspraw.,25
2M,2023-05-19,spóźnienie,4
2M,2023-05-22,spóźnienie,5
2M,2023-05-29,nieob. uspraw.,19
2M,2023-05-30,nieob. uspraw.,29
2M,2023-05-31,nieob. uspraw.,36
2M,2023-06-02,nieob. uspraw.,8
2M,2023-06-07,obecność,5
2M,2023-06-12,nieobecność,29
2M,2022-09-09,nieob. uspr. p.s.,5
2M,2022-09-26,nieob. uspraw.,12
2M,2022-09-30,zwolniony,2
2M,2022-10-05,zwolniony,2
2M,2022-10-06,nieob. uspraw.,20
2M,2022-10-10,nieob. uspr. p.s.,5
2M,2022-10-10,zwolniony,1
2M,2022-10-12,zwolniony,2
2M,2022-10-17,nieob. uspr. p.s.,4
2M,2022-10-18,nieob. uspraw.,7
2M,2022-10-19,nieob. uspr. p.s.,5
2M,2022-10-19,nieob. uspraw.,5
2M,2022-10-20,nieob. uspraw.,12
2M,2022-10-21,nieob. uspraw.,7
2M,2022-10-26,zwolniony,2
2M,2022-10-27,obecność,95
2M,2022-11-02,zwolniony,2
2M,2022-11-09,zwolniony,2
2M,2022-11-16,zwolniony,2
2M,2022-11-29,nieob. uspraw.,28
2M,2022-11-30,zwolniony,2
2M,2022-12-12,nieob. uspraw.,19
2M,2022-12-13,nieob. uspraw.,29
2M,2022-12-14,nieob. uspraw.,27
2M,2022-12-19,zwolniony,1
2M,2022-12-21,zwolniony,2
2M,2023-01-04,zwolniony,2
2M,2023-01-09,zwolniony,2
2M,2023-01-11,nieob. uspr. p.s.,3
2M,2023-01-16,nieob. uspr. p.s.,2
2M,2023-01-18,nieob. uspr. p.s.,3
2M,2023-01-18,nieob. uspraw.,20
2M,2023-01-19,nieob. uspraw.,32
2M,2023-01-27,nieob. uspr. p.s.,3
2M,2023-01-30,nieob. uspraw.,6
2M,2023-01-31,nieob. uspr. p.s.,3
2M,2023-02-01,nieob. uspr. p.s.,4
2M,2023-03-03,obecność,54
2M,2023-03-15,zwolniony,2
2M,2023-03-22,nieob. uspraw.,46
2M,2023-03-23,nieob. uspraw.,38
2M,2023-03-31,obecność,30
2M,2023-04-12,zwolniony,4
2M,2023-04-13,obecność,51
2M,2023-04-24,obecność,65
2M,2023-05-16,nieob. uspraw.,27
2M,2023-05-24,nieob. uspraw.,17
2M,2023-05-25,nieob. uspraw.,18
2M,2023-05-30,obecność,43
2M,2023-06-12,obecność,30
2M,2023-06-13,nieob. uspraw.,28
2M,2023-06-14,nieob. uspraw.,21
2M,2023-06-15,nieob. uspraw.,6
2M,2023-06-16,nieob. uspraw.,10
2M,2023-06-19,nieob. uspraw.,14
2M,2023-06-20,nieob. uspraw.,14
2M,2023-06-21,nieob. uspraw.,12
2M,2023-06-22,nieob. uspraw.,16
2M,2022-09-01,nieob. uspraw.,21
2M,2022-09-02,nieob. uspraw.,18
2M,2022-09-12,spóźnienie,3
2M,2022-09-13,nieob. uspr. p.s.,10
2M,2022-09-20,nieob. uspraw.,16
2M,2022-10-04,nieob. uspr. p.s.,2
2M,2022-10-19,spóźn. uspr.,1
2M,2022-10-24,spóźnienie,7
2M,2022-10-26,spóźnienie,5
2M,2022-11-14,nieob. uspraw.,9
2M,2022-11-23,nieob. uspr. p.s.,5
2M,2022-12-07,nieob. uspr. p.s.,2
2M,2022-12-09,nieob. uspr. p.s.,2
2M,2022-12-12,nieob. uspr. p.s.,2
2M,2022-12-19,nieob. uspraw.,11
2M,2023-01-02,nieob. uspraw.,15
2M,2023-01-09,nieob. uspraw.,5
2M,2023-01-10,nieob. uspraw.,7
2M,2023-01-11,nieob. uspraw.,7
2M,2023-01-12,nieob. uspraw.,17
2M,2023-01-13,nieob. uspraw.,18
2M,2023-01-17,nieob. uspraw.,21
2M,2023-01-25,nieob. uspraw.,6
2M,2023-02-03,spóźnienie,2
2M,2023-02-06,nieob. uspraw.,24
2M,2023-02-08,nieob. uspraw.,14
2M,2023-03-13,spóźnienie,3
2M,2023-03-14,nieob. uspraw.,11
2M,2023-03-21,obecność,13
2M,2023-04-17,nieob. uspraw.,14
2M,2023-04-18,nieob. uspraw.,7
2M,2023-04-19,nieob. uspraw.,9
2M,2023-05-22,nieob. uspraw.,23
2M,2023-06-01,obecność,41
2M,2023-06-13,spóźnienie,2
2M,2023-06-14,obecność,6
2M,2023-06-15,obecność,6
2M,2023-06-16,obecność,11
2M,2023-06-19,obecność,7
2M,2023-06-20,obecność,7
2M,2023-06-21,obecność,6
2M,2023-06-22,obecność,15
2M,2022-09-19,nieob. uspraw.,12
2M,2022-09-21,nieob. uspraw.,17
2M,2022-09-22,nieob. uspraw.,24
2M,2022-10-19,spóźnienie,1
2M,2022-10-26,nieobecność,3
2M,2022-11-21,nieob. uspr. p.s.,9
2M,2022-11-25,nieob. uspr. p.s.,5
2M,2022-11-28,spóźnienie,2
2M,2023-01-23,nieobecność,4
2M,2023-01-27,nieob. uspraw.,18
2M,2023-02-06,spóźnienie,9
2M,2023-03-09,nieob. uspraw.,12
2M,2023-03-15,nieobecność,5
2M,2023-03-28,nieob. uspraw.,13
2M,2023-04-28,spóźnienie,4
2M,2023-05-10,nieobecność,13
2M,2023-05-10,spóźnienie,4
2M,2023-05-11,nieobecność,14
2M,2023-05-22,nieobecność,16
2M,2023-05-24,nieobecność,5
2M,2023-05-29,nieobecność,24
2M,2023-06-01,nieobecność,20
2M,2022-09-21,nieobecność,1
2M,2022-09-23,spóźnienie,1
2M,2022-10-20,spóźnienie,2
2M,2022-11-02,nieobecność,6
2M,2022-11-03,nieobecność,8
2M,2022-11-04,nieobecność,6
2M,2022-11-16,spóźnienie,1
2M,2022-11-17,spóźnienie,1
2M,2022-11-24,spóźnienie,1
2M,2022-12-19,nieobecność,1
2M,2023-01-16,nieobecność,5
2M,2023-01-17,nieobecność,12
2M,2023-01-30,spóźnienie,1
2M,2023-02-09,nieobecność,11
2M,2023-02-27,nieob. uspraw.,12
2M,2023-02-28,nieob. uspraw.,21
2M,2023-03-01,nieob. uspraw.,6
2M,2023-03-02,nieob. uspraw.,7
2M,2023-03-06,nieob. uspraw.,15
2M,2023-03-07,nieob. uspraw.,14
2M,2023-03-15,nieob. uspraw.,17
2M,2023-03-27,nieobecność,6
2M,2023-03-28,nieobecność,7
2M,2023-03-29,nieobecność,6
2M,2023-03-30,nieobecność,6
2M,2023-03-31,nieobecność,5
2M,2023-04-19,nieobecność,11
2M,2023-04-21,nieobecność,13
2M,2023-04-25,nieobecność,7
2M,2023-04-27,nieobecność,26
2M,2023-04-28,nieobecność,15
2M,2023-05-09,nieobecność,6
2M,2023-05-12,nieobecność,13
2M,2023-05-16,nieobecność,7
2M,2023-05-19,nieobecność,7
2M,2023-05-23,nieobecność,14
2M,2023-05-25,nieobecność,5
2M,2023-06-02,nieobecność,10
2M,2023-06-05,nieobecność,8
2M,2023-06-06,nieobecność,20
2M,2023-06-07,nieobecność,26
2M,2023-06-23,nieobecność,18
2M,2022-09-15,nieob. uspraw.,5
2M,2022-09-28,nieob. uspr. p.s.,6
2M,2022-10-17,nieobecność,13
2M,2022-11-21,nieobecność,3
2M,2022-11-23,nieobecność,9
2M,2022-11-28,nieob. uspr. p.s.,3
2M,2022-11-30,nieob. uspr. p.s.,2
2M,2022-12-07,nieobecność,2
2M,2023-02-10,obecność,10
2M,2023-04-26,nieob. uspraw.,9
2M,2023-06-06,nieob. uspraw.,12
2M,2023-06-12,spóźnienie,1
2M,2022-09-12,nieob. uspr. p.s.,7
2M,2022-10-03,nieob. uspr. p.s.,7
2M,2022-11-02,nieob. uspr. p.s.,6
2M,2022-11-04,nieob. uspraw.,22
2M,2022-11-07,nieob. uspr. p.s.,5
2M,2022-12-21,nieob. uspraw.,21
2M,2023-01-03,nieob. uspraw.,14
2M,2023-01-04,nieob. uspraw.,10
2M,2023-02-08,nieob. uspr. p.s.,3
2M,2023-02-08,spóźnienie,4
2M,2023-04-27,nieob. uspraw.,16
2M,2023-05-29,spóźnienie,3
2M,2022-10-05,nieob. uspr. p.s.,8
2M,2022-11-02,spóźn. uspr.,1
2M,2022-11-24,nieob. uspraw.,16
2M,2022-11-25,nieob. uspraw.,14
2M,2022-12-01,nieob. uspraw.,1
2M,2022-12-01,spóźn. uspr.,1
2M,2022-12-05,nieob. uspraw.,6
2M,2022-12-16,nieob. uspraw.,18
2M,2022-12-22,nieob. uspraw.,16
2M,2023-01-02,spóźn. uspr.,1
2M,2023-01-24,nieob. uspraw.,11
2M,2023-04-05,nieob. uspraw.,8
2M,2023-05-19,nieob. uspraw.,6
2M,2022-09-06,spóźnienie,1
2M,2022-09-07,nieob. uspr. p.s.,8
2M,2022-09-12,nieobecność,2
2M,2022-09-13,nieobecność,14
2M,2022-09-16,nieobecność,8
2M,2022-09-22,nieobecność,16
2M,2022-09-26,nieobecność,12
2M,2022-09-30,nieobecność,11
2M,2022-10-17,nieob. uspraw.,6
2M,2022-10-19,nieobecność,5
2M,2022-11-04,nieob. uspr. p.s.,5
2M,2022-11-08,nieob. uspraw.,21
2M,2022-11-10,nieob. uspraw.,24
2M,2022-11-14,nieob. uspr. p.s.,3
2M,2022-11-18,nieob. uspr. p.s.,6
2M,2022-11-18,nieob. uspraw.,1
2M,2022-11-22,nieobecność,8
2M,2022-11-28,nieobecność,9
2M,2023-01-23,nieob. uspraw.,12
2M,2023-01-26,nieob. uspraw.,16
2M,2023-02-01,nieob. uspraw.,12
2M,2023-02-02,nieob. uspraw.,21
2M,2023-03-02,nieobecność,4
2M,2023-03-06,nieobecność,2
2M,2023-03-20,spóźnienie,3
2M,2023-03-29,nieob. uspraw.,2
2M,2023-04-12,spóźnienie,2
2M,2023-05-17,nieob. uspraw.,13
2M,2022-09-21,nieob. uspr. p.s.,5
2M,2022-10-12,nieob. uspraw.,4
2M,2022-10-13,nieob. uspraw.,8
2M,2022-11-02,nieob. uspraw.,12
2M,2022-11-15,nieob. uspr. p.s.,5
2M,2023-01-05,nieob. uspraw.,1
2M,2023-01-31,nieob. uspraw.,6
2M,2023-02-07,nieob. uspraw.,7
2M,2023-04-28,nieob. uspraw.,6
2M,2023-05-29,spóźn. uspr.,1
2M,2022-09-07,nieobecność,4
2M,2022-09-14,nieob. uspraw.,6
2M,2022-09-20,nieobecność,7
2M,2022-09-23,nieobecność,10
2M,2022-09-27,nieobecność,7
2M,2022-10-05,nieobecność,2
2M,2022-10-10,nieobecność,1
2M,2022-10-13,nieobecność,8
2M,2022-10-28,nieobecność,9
2M,2022-11-03,nieob. uspraw.,16
2M,2022-11-10,nieobecność,8
2M,2022-11-16,nieobecność,6
2M,2022-11-29,nieobecność,7
2M,2022-11-30,nieobecność,2
2M,2022-12-09,nieobecność,1
2M,2022-12-14,nieobecność,6
2M,2022-12-15,nieobecność,16
2M,2023-01-02,nieob. uspr. p.s.,2
2M,2023-01-03,nieob. uspr. p.s.,2
2M,2023-01-04,nieob. uspr. p.s.,3
2M,2023-01-16,spóźnienie,2
2M,2023-02-03,nieobecność,6
2M,2023-04-04,nieob. uspraw.,7
2M,2023-04-24,spóźnienie,3
2M,2023-05-09,spóźnienie,1
2M,2022-10-10,nieob. uspraw.,5
2M,2022-11-07,nieob. uspraw.,6
2M,2022-11-09,nieob. uspraw.,6
2M,2022-09-01,nieobecność,7
2M,2022-10-12,nieobecność,4
2M,2022-11-09,nieob. uspr. p.s.,2
2M,2022-11-17,nieobecność,2
2M,2022-12-02,nieob. uspraw.,7
2M,2023-02-27,spóźnienie,1
2M,2023-03-01,spóźnienie,1
2M,2023-03-17,obecność,3
3M,2022-09-01,obecność,98
3M,2022-09-02,obecność,61
3M,2022-09-05,nieob. uspraw.,24
3M,2022-09-06,obecność,66
3M,2022-09-07,obecność,84
3M,2022-09-08,nieobecność,23
3M,2022-09-09,nieobecność,8
3M,2022-09-12,obecność,79
3M,2022-09-13,obecność,56
3M,2022-09-14,obecność,88
3M,2022-09-15,nieobecność,12
3M,2022-09-16,obecność,34
3M,2022-09-19,nieobecność,8
3M,2022-09-20,nieobecność,9
3M,2022-09-21,obecność,69
3M,2022-09-21,nieob. uspraw.,40
3M,2022-09-22,obecność,48
3M,2022-09-22,nieobecność,6
3M,2022-09-23,nieobecność,9
3M,2022-09-26,nieob. uspraw.,48
3M,2022-09-27,nieob. uspraw.,19
3M,2022-09-28,nieob. uspraw.,27
3M,2022-09-29,obecność,65
3M,2022-09-29,nieobecność,10
3M,2022-09-30,nieobecność,18
3M,2022-10-03,nieob. uspraw.,31
3M,2022-10-04,obecność,62
3M,2022-10-05,obecność,83
3M,2022-10-05,nieobecność,11
3M,2022-10-06,nieobecność,25
3M,2022-10-07,nieobecność,21
3M,2022-10-10,nieobecność,14
3M,2022-10-11,obecność,58
3M,2022-10-12,obecność,80
3M,2022-10-13,obecność,70
3M,2022-10-17,nieobecność,21
3M,2022-10-18,obecność,75
3M,2022-10-19,nieobecność,24
3M,2022-10-20,obecność,68
3M,2022-10-21,nieobecność,14
3M,2022-10-24,nieobecność,7
3M,2022-10-25,obecność,79
3M,2022-10-26,obecność,92
3M,2022-10-27,nieob. uspraw.,19
3M,2022-10-27,obecność,60
3M,2022-10-28,nieobecność,17
3M,2022-10-28,obecność,67
3M,2022-11-02,nieob. uspraw.,34
3M,2022-11-03,nieob. uspraw.,15
3M,2022-11-04,nieob. uspraw.,12
3M,2022-11-07,obecność,77
3M,2022-11-08,obecność,81
3M,2022-11-09,nieobecność,37
3M,2022-11-10,nieobecność,43
3M,2022-11-14,nieobecność,7
3M,2022-11-15,obecność,76
3M,2022-11-16,obecność,92
3M,2022-11-17,nieobecność,10
3M,2022-11-18,nieobecność,15
3M,2022-11-21,nieobecność,7
3M,2022-11-22,obecność,68
3M,2022-11-22,nieobecność,8
3M,2022-11-22,nieob. uspr. p.s.,5
3M,2022-11-23,obecność,86
3M,2022-11-23,nieob. uspr. p.s.,2
3M,2022-11-24,nieobecność,14
3M,2022-11-25,obecność,47
3M,2022-11-28,obecność,72
3M,2022-11-29,obecność,57
3M,2022-11-30,nieobecność,16
3M,2022-12-01,nieobecność,10
3M,2022-12-02,obecność,60
3M,2022-12-05,nieobecność,21
3M,2022-12-06,nieobecność,23
3M,2022-12-07,obecność,98
3M,2022-12-08,nieobecność,13
3M,2022-12-08,obecność,53
3M,2022-12-09,nieobecność,18
3M,2022-12-12,obecność,70
3M,2022-12-13,nieobecność,10
3M,2022-12-14,obecność,102
3M,2022-12-15,nieobecność,24
3M,2022-12-16,nieobecność,41
3M,2022-12-19,obecność,50
3M,2022-12-19,nieob. uspr. p.s.,4
3M,2022-12-20,nieobecność,44
3M,2022-12-21,nieobecność,42
3M,2022-12-21,obecność,38
3M,2022-12-22,obecność,80
3M,2023-01-02,nieobecność,21
3M,2023-01-03,nieobecność,15
3M,2023-01-04,nieobecność,24
3M,2023-01-05,nieobecność,19
3M,2023-01-09,nieobecność,39
3M,2023-01-10,nieobecność,19
3M,2023-01-11,nieobecność,16
3M,2023-01-12,nieobecność,25
3M,2023-01-13,nieobecność,20
3M,2023-01-16,nieobecność,7
3M,2023-01-17,nieobecność,9
3M,2023-01-18,nieobecność,16
3M,2023-01-19,obecność,88
3M,2023-01-20,nieobecność,7
3M,2023-01-23,nieobecność,24
3M,2023-01-24,obecność,40
3M,2023-01-25,nieobecność,16
3M,2023-01-26,obecność,76
3M,2023-01-27,nieobecność,16
3M,2023-01-30,nieob. uspraw.,48
3M,2023-01-31,nieob. uspraw.,36
3M,2023-02-01,nieob. uspraw.,60
3M,2023-02-02,nieobecność,36
3M,2023-02-03,nieobecność,42
3M,2023-02-06,nieobecność,42
3M,2023-02-07,obecność,23
3M,2023-02-08,obecność,53
3M,2023-02-09,nieobecność,27
3M,2023-02-10,nieobecność,30
3M,2023-02-27,nieobecność,25
3M,2023-02-28,obecność,51
3M,2023-03-01,obecność,100
3M,2023-03-01,nieobecność,1
3M,2023-03-02,nieobecność,16
3M,2023-03-03,nieobecność,15
3M,2023-03-06,obecność,64
3M,2023-03-07,nieobecność,6
3M,2023-03-08,obecność,104
3M,2023-03-09,obecność,61
3M,2023-03-10,obecność,54
3M,2023-03-13,nieobecność,41
3M,2023-03-14,nieobecność,17
3M,2023-03-15,obecność,88
3M,2023-03-16,obecność,64
3M,2023-03-17,nieobecność,58
3M,2023-03-20,obecność,81
3M,2023-03-21,nieobecność,22
3M,2023-03-22,nieobecność,23
3M,2023-03-23,obecność,49
3M,2023-03-24,nieobecność,39
3M,2023-03-27,obecność,91
3M,2023-03-28,obecność,49
3M,2023-03-29,nieobecność,8
3M,2023-03-30,nieobecność,19
3M,2023-03-31,obecność,53
3M,2023-04-03,nieobecność,24
3M,2023-04-04,nieobecność,14
3M,2023-04-05,nieobecność,24
3M,2023-04-12,nieobecność,49
3M,2023-04-13,nieobecność,25
3M,2023-04-14,nieobecność,32
3M,2023-04-17,obecność,55
3M,2023-04-17,nieobecność,35
3M,2023-04-18,nieobecność,29
3M,2023-04-19,nieobecność,32
3M,2023-04-20,obecność,45
3M,2023-04-21,nieobecność,31
3M,2023-04-24,obecność,69
3M,2023-04-25,nieob. uspraw.,5
3M,2023-04-25,obecność,43
3M,2023-04-26,obecność,74
3M,2023-04-27,nieobecność,25
3M,2023-04-28,nieobecność,44
3M,2023-05-09,nieobecność,30
3M,2023-05-10,nieobecność,37
3M,2023-05-11,obecność,57
3M,2023-05-12,nieobecność,14
3M,2023-05-15,nieob. uspraw.,8
3M,2023-05-16,nieob. uspraw.,10
3M,2023-05-17,obecność,87
3M,2023-05-18,obecność,72
3M,2023-05-19,nieobecność,20
3M,2023-05-22,nieobecność,24
3M,2023-05-23,obecność,49
3M,2023-05-23,nieobecność,42
3M,2023-05-24,obecność,91
3M,2023-05-25,nieobecność,36
3M,2023-05-29,nieobecność,51
3M,2023-05-30,nieobecność,49
3M,2023-05-30,obecność,29
3M,2023-05-31,obecność,91
3M,2023-06-01,nieobecność,32
3M,2023-06-02,obecność,16
3M,2023-06-02,nieobecność,70
3M,2023-06-05,obecność,104
3M,2023-06-06,obecność,91
3M,2023-06-07,obecność,78
3M,2023-06-07,,26
3M,2023-06-12,nieobecność,97
3M,2023-06-13,nieobecność,72
3M,2023-06-14,nieobecność,63
3M,2023-06-15,nieobecność,68
3M,2023-06-16,nieobecność,66
3M,2023-06-19,nieobecność,97
3M,2023-06-20,nieobecność,61
3M,2023-06-20,obecność,30
3M,2023-06-21,nieobecność,14
3M,2023-06-22,nieobecność,71
3M,2023-06-23,nieobecność,14
3M,2022-09-05,obecność,88
3M,2022-09-08,obecność,47
3M,2022-09-09,obecność,46
3M,2022-09-15,obecność,44
3M,2022-09-19,obecność,66
3M,2022-09-20,obecność,36
3M,2022-09-22,nieob. uspraw.,44
3M,2022-09-23,nieob. uspraw.,28
3M,2022-09-26,obecność,57
3M,2022-09-27,obecność,75
3M,2022-09-28,obecność,68
3M,2022-09-30,obecność,40
3M,2022-10-03,obecność,48
3M,2022-10-06,obecność,45
3M,2022-10-07,obecność,36
3M,2022-10-07,nieob. uspraw.,20
3M,2022-10-10,obecność,65
3M,2022-10-17,obecność,70
3M,2022-10-19,obecność,83
3M,2022-10-21,obecność,64
3M,2022-10-24,obecność,84
3M,2022-11-02,obecność,56
3M,2022-11-03,obecność,60
3M,2022-11-04,nieob. uspr. p.s.,9
3M,2022-11-08,nieob. uspr. p.s.,11
3M,2022-11-09,nieob. uspraw.,21
3M,2022-11-09,obecność,54
3M,2022-11-10,nieob. uspr. p.s.,14
3M,2022-11-14,obecność,68
3M,2022-11-17,nieob. uspr. p.s.,14
3M,2022-11-18,obecność,52
3M,2022-11-21,nieob. uspr. p.s.,12
3M,2022-11-21,obecność,72
3M,2022-11-22,nieob. uspraw.,16
3M,2022-11-23,nieob. uspraw.,24
3M,2022-11-24,nieob. uspraw.,16
3M,2022-11-25,nieob. uspraw.,6
3M,2022-11-29,nieob. uspr. p.s.,12
3M,2022-11-30,nieob. uspr. p.s.,16
3M,2022-12-01,obecność,62
3M,2022-12-02,nieob. uspr. p.s.,6
3M,2022-12-05,obecność,70
3M,2022-12-06,obecność,40
3M,2022-12-09,obecność,44
3M,2022-12-12,nieob. uspraw.,21
3M,2022-12-13,obecność,65
3M,2022-12-15,obecność,72
3M,2022-12-16,obecność,43
3M,2022-12-20,nieob. uspraw.,23
3M,2023-01-02,obecność,56
3M,2023-01-03,obecność,65
3M,2023-01-04,obecność,80
3M,2023-01-05,obecność,85
3M,2023-01-09,nieob. uspraw.,44
3M,2023-01-10,obecność,63
3M,2023-01-11,obecność,72
3M,2023-01-12,obecność,73
3M,2023-01-13,obecność,35
3M,2023-01-16,obecność,62
3M,2023-01-17,obecność,71
3M,2023-01-18,obecność,72
3M,2023-01-20,obecność,42
3M,2023-01-23,obecność,85
3M,2023-01-25,obecność,79
3M,2023-01-27,obecność,50
3M,2023-01-30,obecność,56
3M,2023-02-07,nieobecność,21
3M,2023-02-08,nieobecność,26
3M,2023-02-27,obecność,71
3M,2023-03-02,obecność,71
3M,2023-03-03,obecność,69
3M,2023-03-07,obecność,53
3M,2023-03-10,nieob. uspraw.,26
3M,2023-03-13,obecność,55
3M,2023-03-14,obecność,31
3M,2023-03-17,nieob. uspraw.,6
3M,2023-03-21,nieob. uspraw.,8
3M,2023-03-22,nieob. uspraw.,20
3M,2023-03-23,nieob. uspraw.,5
3M,2023-03-24,nieob. uspraw.,13
3M,2023-03-29,obecność,96
3M,2023-03-30,obecność,45
3M,2023-04-03,obecność,80
3M,2023-04-04,obecność,51
3M,2023-04-05,obecność,56
3M,2023-04-12,obecność,52
3M,2023-04-13,obecność,60
3M,2023-04-14,obecność,53
3M,2023-04-18,obecność,34
3M,2023-04-19,obecność,64
3M,2023-04-21,obecność,30
3M,2023-04-27,obecność,40
3M,2023-04-28,obecność,21
3M,2023-05-09,obecność,45
3M,2023-05-10,obecność,53
3M,2023-05-12,obecność,69
3M,2023-05-15,obecność,50
3M,2023-05-19,obecność,68
3M,2023-05-22,obecność,80
3M,2023-05-25,obecność,40
3M,2023-05-25,nieob. uspraw.,2
3M,2023-05-29,nieob. uspraw.,17
3M,2023-05-30,nieob. uspraw.,13
3M,2023-06-01,nieob. uspraw.,4
3M,2023-06-21,obecność,77
3M,2023-06-23,obecność,77
3M,2022-09-08,nieob. uspraw.,28
3M,2022-09-09,nieob. uspraw.,28
3M,2022-09-12,nieob. uspraw.,33
3M,2022-09-13,nieob. uspraw.,31
3M,2022-09-14,nieob. uspraw.,22
3M,2022-09-15,nieob. uspraw.,38
3M,2022-09-16,nieob. uspraw.,30
3M,2022-09-27,nieobecność,3
3M,2022-09-28,nieobecność,11
3M,2022-09-29,nieob. uspr. p.s.,4
3M,2022-10-03,nieobecność,19
3M,2022-10-04,nieobecność,5
3M,2022-10-04,nieob. uspraw.,27
3M,2022-10-10,nieob. uspraw.,19
3M,2022-10-11,nieob. uspraw.,17
3M,2022-10-12,nieob. uspr. p.s.,1
3M,2022-10-12,nieob. uspraw.,31
3M,2022-10-13,nieob. uspraw.,28
3M,2022-10-18,nieob. uspraw.,14
3M,2022-10-19,nieob. uspraw.,5
3M,2022-10-20,nieob. uspraw.,8
3M,2022-10-25,nieobecność,9
3M,2022-10-26,nieobecność,8
3M,2022-10-27,nieobecność,13
3M,2022-11-02,nieobecność,22
3M,2022-11-04,obecność,51
3M,2022-11-04,nieobecność,12
3M,2022-11-10,obecność,36
3M,2022-11-15,nieob. uspraw.,7
3M,2022-11-17,nieob. uspraw.,28
3M,2022-11-25,nieobecność,9
3M,2022-11-29,nieobecność,27
3M,2022-11-30,obecność,72
3M,2022-12-01,nieob. uspraw.,16
3M,2022-12-02,nieob. uspraw.,18
3M,2022-12-13,nieob. uspraw.,9
3M,2022-12-19,nieob. uspraw.,37
3M,2022-12-22,nieob. uspraw.,32
3M,2023-01-02,nieob. uspraw.,21
3M,2023-01-03,nieob. uspraw.,17
3M,2023-01-16,nieob. uspraw.,29
3M,2023-01-24,nieobecność,20
3M,2023-01-31,obecność,16
3M,2023-02-02,nieob. uspraw.,20
3M,2023-02-03,nieob. uspraw.,21
3M,2023-02-06,nieob. uspraw.,9
3M,2023-02-07,nieob. uspraw.,5
3M,2023-02-08,nieob. uspraw.,25
3M,2023-02-09,nieob. uspraw.,21
3M,2023-02-10,nieob. uspraw.,28
3M,2023-03-03,spóźnienie,7
3M,2023-03-15,nieobecność,16
3M,2023-03-16,nieobecność,14
3M,2023-03-20,nieobecność,13
3M,2023-03-23,nieobecność,11
3M,2023-03-28,nieobecność,14
3M,2023-03-31,spóźnienie,9
3M,2023-03-31,nieobecność,22
3M,2023-04-20,nieobecność,20
3M,2023-04-24,nieobecność,22
3M,2023-04-25,nieobecność,17
3M,2023-04-26,nieobecność,28
3M,2023-05-09,spóźnienie,7
3M,2023-05-15,nieobecność,33
3M,2023-05-16,nieobecność,21
3M,2022-09-06,nieob. uspraw.,15
3M,2022-09-07,nieob. uspraw.,15
3M,2022-09-19,nieob. uspraw.,38
3M,2022-09-26,nieobecność,7
3M,2022-10-04,spóźnienie,4
3M,2022-11-03,nieobecność,23
3M,2022-11-17,obecność,46
3M,2022-11-24,obecność,43
3M,2022-11-24,spóźnienie,3
3M,2022-11-25,nieob. uspr. p.s.,22
3M,2022-11-28,nieobecność,16
3M,2022-12-08,nieob. uspr. p.s.,26
3M,2023-01-17,spóźnienie,1
3M,2023-02-06,obecność,53
3M,2023-03-02,nieob. uspr. p.s.,4
3M,2023-03-06,nieobecność,16
3M,2023-03-09,spóźnienie,4
3M,2023-03-10,spóźnienie,4
3M,2023-03-20,nieob. uspraw.,7
3M,2023-03-21,obecność,9
3M,2023-03-22,obecność,61
3M,2023-04-18,nieob. uspr. p.s.,12
3M,2023-05-12,nieob. uspr. p.s.,8
3M,2023-05-16,obecność,34
3M,2023-05-18,nieobecność,6
3M,2023-05-19,spóźnienie,2
3M,2022-09-02,nieob. uspraw.,6
3M,2022-09-07,nieobecność,11
3M,2022-09-20,nieob. uspraw.,49
3M,2022-09-29,nieob. uspraw.,19
3M,2022-09-30,nieob. uspraw.,12
3M,2022-11-10,spóźnienie,3
3M,2022-11-15,nieobecność,4
3M,2022-11-16,nieob. uspraw.,8
3M,2022-11-18,nieob. uspraw.,12
3M,2022-11-24,nieob. uspr. p.s.,8
3M,2022-11-30,nieob. uspraw.,8
3M,2022-12-01,nieob. uspr. p.s.,10
3M,2022-12-06,nieob. uspr. p.s.,34
3M,2022-12-13,nieob. uspr. p.s.,12
3M,2022-12-14,nieob. uspraw.,8
3M,2022-12-20,obecność,31
3M,2023-01-27,nieob. uspraw.,22
3M,2023-02-01,obecność,44
3M,2023-02-03,obecność,28
3M,2023-02-09,obecność,43
3M,2023-02-28,nieobecność,11
3M,2023-03-24,obecność,39
3M,2023-04-05,nieob. uspraw.,24
3M,2023-04-12,nieob. uspraw.,3
3M,2023-04-25,spóźnienie,13
3M,2023-05-17,nieobecność,4
3M,2022-09-06,nieobecność,1
3M,2022-09-15,nieob. uspr. p.s.,3
3M,2022-09-23,obecność,5
3M,2022-10-05,nieob. uspraw.,18
3M,2022-10-06,nieob. uspraw.,14
3M,2022-10-21,nieob. uspraw.,6
3M,2022-11-14,nieob. uspr. p.s.,9
3M,2022-11-29,spóźnienie,2
3M,2022-12-09,nieob. uspraw.,18
3M,2023-01-10,nieob. uspraw.,15
3M,2023-01-11,nieob. uspraw.,24
3M,2023-01-12,nieob. uspraw.,14
3M,2023-01-13,nieob. uspraw.,15
3M,2023-01-26,nieob. uspraw.,11
3M,2023-02-10,obecność,33
3M,2023-03-06,nieob. uspraw.,24
3M,2023-03-20,spóźnienie,3
3M,2023-03-28,nieob. uspr. p.s.,2
3M,2023-04-14,nieob. uspraw.,6
3M,2023-04-21,spóźnienie,3
3M,2023-05-29,obecność,36
3M,2023-06-01,obecność,16
3M,2023-06-13,obecność,15
3M,2023-06-15,obecność,10
3M,2023-06-16,obecność,25
3M,2023-06-22,obecność,7
3M,2022-09-06,nieob. uspr. p.s.,2
3M,2022-09-07,nieob. uspr. p.s.,2
3M,2022-09-13,nieob. uspr. p.s.,4
3M,2022-09-16,nieob. uspr. p.s.,5
3M,2022-09-28,nieob. uspr. p.s.,6
3M,2022-10-07,nieob. uspr. p.s.,7
3M,2022-10-17,nieob. uspraw.,7
3M,2022-10-24,nieob. uspraw.,7
3M,2022-11-08,nieob. uspraw.,1
3M,2022-11-10,nieob. uspraw.,2
3M,2022-11-28,nieob. uspraw.,7
3M,2022-12-05,nieob. uspraw.,7
3M,2022-12-08,nieob. uspraw.,6
3M,2022-12-15,nieob. uspraw.,1
3M,2022-12-21,nieob. uspraw.,32
3M,2023-01-18,nieob. uspraw.,24
3M,2023-01-23,nieob. uspraw.,3
3M,2023-02-27,nieob. uspraw.,8
3M,2023-03-01,nieob. uspraw.,3
3M,2023-03-07,nieob. uspraw.,5
3M,2023-03-09,nieob. uspraw.,7
3M,2023-03-10,spóźn. uspr.,2
3M,2023-03-14,nieob. uspraw.,4
3M,2023-03-17,nieob. uspr. p.s.,12
3M,2023-03-30,nieob. uspraw.,1
3M,2023-03-31,nieob. uspraw.,7
3M,2023-04-13,nieob. uspraw.,6
3M,2023-04-17,nieob. uspraw.,1
3M,2023-04-18,nieob. uspraw.,3
3M,2023-04-19,nieob. uspraw.,8
3M,2023-04-21,spóźn. uspr.,1
3M,2023-05-09,nieob. uspraw.,2
3M,2023-05-10,nieob. uspraw.,1
3M,2023-05-19,nieob. uspraw.,1
3M,2023-06-02,nieob. uspraw.,5
3M,2023-06-14,obecność,28
3M,2022-09-16,spóźn. uspr.,1
3M,2022-09-20,spóźn. uspr.,2
3M,2022-11-08,spóźnienie,2
3M,2022-11-14,nieob. uspraw.,14
3M,2022-11-22,spóźnienie,1
3M,2022-12-06,nieob. uspraw.,1
3M,2022-12-13,spóźn. uspr.,1
3M,2023-01-20,spóźn. uspr.,1
3M,2023-01-25,nieob. uspraw.,9
3M,2023-01-26,spóźn. uspr.,1
3M,2023-01-27,spóźn. uspr.,1
3M,2023-02-07,spóźn. uspr.,2
3M,2023-02-28,nieob. uspraw.,1
3M,2023-02-28,spóźnienie,2
3M,2023-03-13,nieob. uspraw.,8
3M,2023-04-26,spóźnienie,2
3M,2023-05-09,spóźn. uspr.,1
3M,2023-05-11,nieob. uspraw.,1
3M,2023-06-13,nieob. uspraw.,4
3M,2022-10-11,nieobecność,9
3M,2022-10-18,nieobecność,7
3M,2022-10-20,nieobecność,8
3M,2022-10-25,nieob. uspr. p.s.,1
3M,2022-10-26,nieob. uspraw.,12
3M,2022-10-27,nieob. uspr. p.s.,6
3M,2022-11-07,nieob. uspr. p.s.,21
3M,2022-11-08,nieobecność,3
3M,2022-11-15,nieob. uspr. p.s.,10
3M,2022-11-16,nieobecność,12
3M,2022-11-18,nieob. uspr. p.s.,5
3M,2023-01-09,obecność,15
3M,2023-01-17,nieob. uspraw.,17
3M,2023-01-19,nieob. uspraw.,24
3M,2023-01-20,nieob. uspraw.,20
3M,2023-01-24,nieob. uspraw.,10
3M,2023-01-26,spóźnienie,1
3M,2023-02-07,spóźnienie,1
3M,2023-03-07,spóźnienie,1
3M,2023-03-17,obecność,2
3M,2023-05-11,nieobecność,7
3M,2023-06-12,obecność,7
3M,2022-09-02,nieobecność,17
3M,2022-09-27,nieob. uspr. p.s.,1
3M,2022-12-14,nieobecność,2
3M,2022-12-19,nieobecność,7
3M,2022-09-09,nieob. uspr. p.s.,2
3M,2022-09-21,nieobecność,3
3M,2022-10-18,spóźnienie,2
3M,2022-11-15,spóźnienie,1
3M,2023-01-03,spóźnienie,1
3M,2023-01-26,nieobecność,2
3M,2023-01-27,spóźnienie,2
3M,2023-03-09,nieobecność,6
3M,2023-03-10,nieobecność,5
3M,2022-10-25,nieob. uspraw.,9
3M,2023-01-10,nieob. uspr. p.s.,1
3M,2023-02-02,obecność,9
3M,2023-05-09,nieob. uspr. p.s.,6
3M,2022-09-13,nieobecność,7
3M,2022-09-14,nieobecność,2
3M,2022-09-20,spóźnienie,2
3M,2022-11-21,nieob. uspraw.,7
3M,2022-11-28,nieob. uspr. p.s.,3
3M,2022-12-09,nieob. uspr. p.s.,4
3M,2022-12-12,nieob. uspr. p.s.,7
3M,2022-12-13,spóźnienie,1
3M,2022-12-15,nieob. uspr. p.s.,1
3M,2023-01-04,nieob. uspraw.,8
3M,2023-01-05,nieob. uspraw.,8
3M,2022-09-15,zwolniony,1
3M,2023-06-19,obecność,7
