Dziennik,Data,Wpis,Liczba
3TMR,2021-09-01,obecność,188
3TMR,2021-09-02,obecność,97
3TMR,2021-09-02,nieob. uspr. p.s.,4
3TMR,2021-09-03,obecność,83
3TMR,2021-09-03,nieob. uspr. p.s.,3
3TMR,2021-09-06,obecność,104
3TMR,2021-09-06,nieob. uspr. p.s.,16
3TMR,2021-09-07,obecność,109
3TMR,2021-09-07,nieob. uspr. p.s.,18
3TMR,2021-09-08,nieob. uspr. p.s.,49
3TMR,2021-09-08,obecność,47
3TMR,2021-09-09,nieob. uspr. p.s.,48
3TMR,2021-09-13,obecność,86
3TMR,2021-09-13,spóźnienie,5
3TMR,2021-09-14,obecność,92
3TMR,2021-09-15,nieob. uspr. p.s.,19
3TMR,2021-09-15,obecność,99
3TMR,2021-09-16,obecność,62
3TMR,2021-09-17,obecność,92
3TMR,2021-09-20,obecność,115
3TMR,2021-09-21,obecność,98
3TMR,2021-09-22,nieob. uspraw.,74
3TMR,2021-09-23,nieob. uspraw.,72
3TMR,2021-09-24,nieob. uspraw.,75
3TMR,2021-09-27,nieob. uspraw.,43
3TMR,2021-09-28,nieob. uspraw.,26
3TMR,2021-09-29,nieob. uspraw.,42
3TMR,2021-09-29,obecność,121
3TMR,2021-09-30,obecność,119
3TMR,2021-09-30,nieob. uspraw.,33
3TMR,2021-10-01,obecność,106
3TMR,2021-10-01,spóźnienie,6
3TMR,2021-10-04,obecność,101
3TMR,2021-10-05,obecność,102
3TMR,2021-10-05,spóźnienie,9
3TMR,2021-10-06,nieob. uspraw.,64
3TMR,2021-10-07,nieob. uspraw.,65
3TMR,2021-10-07,nieobecność,14
3TMR,2021-10-08,nieob. uspraw.,56
3TMR,2021-10-11,obecność,122
3TMR,2021-10-12,obecność,117
3TMR,2021-10-12,nieob. uspr. p.s.,8
3TMR,2021-10-13,nieob. uspr. p.s.,8
3TMR,2021-10-13,obecność,129
3TMR,2021-10-15,obecność,105
3TMR,2021-10-18,obecność,121
3TMR,2021-10-19,obecność,139
3TMR,2021-10-20,nieob. uspr. p.s.,17
3TMR,2021-10-21,obecność,119
3TMR,2021-10-22,obecność,119
3TMR,2021-10-22,nieobecność,12
3TMR,2021-10-22,spóźnienie,2
3TMR,2021-10-25,nieob. uspraw.,20
3TMR,2021-10-26,nieob. uspraw.,30
3TMR,2021-10-27,nieob. uspraw.,52
3TMR,2021-10-28,nieob. uspraw.,44
3TMR,2021-10-29,nieob. uspraw.,23
3TMR,2021-11-02,obecność,52
3TMR,2021-11-02,spóźnienie,9
3TMR,2021-11-03,obecność,149
3TMR,2021-11-03,nieobecność,17
3TMR,2021-11-04,obecność,128
3TMR,2021-11-04,nieob. uspraw.,26
3TMR,2021-11-05,obecność,113
3TMR,2021-11-08,nieob. uspraw.,23
3TMR,2021-11-09,obecność,84
3TMR,2021-11-10,obecność,99
3TMR,2021-11-15,obecność,116
3TMR,2021-11-16,obecność,128
3TMR,2021-11-17,nieob. uspr. p.s.,8
3TMR,2021-11-17,obecność,135
3TMR,2021-11-18,nieob. uspr. p.s.,4
3TMR,2021-11-18,obecność,122
3TMR,2021-11-19,obecność,123
3TMR,2021-11-22,obecność,90
3TMR,2021-11-23,obecność,108
3TMR,2021-11-23,nieob. uspr. p.s.,2
3TMR,2021-11-24,nieob. uspraw.,71
3TMR,2021-11-25,nieob. uspraw.,41
3TMR,2021-11-25,obecność,103
3TMR,2021-11-26,obecność,101
3TMR,2021-11-29,obecność,77
3TMR,2021-11-30,obecność,104
3TMR,2021-12-01,nieob. uspraw.,28
3TMR,2021-12-01,obecność,134
3TMR,2021-12-02,obecność,107
3TMR,2021-12-02,nieob. uspr. p.s.,1
3TMR,2021-12-03,obecność,106
3TMR,2021-12-06,obecność,103
3TMR,2021-12-07,obecność,93
3TMR,2021-12-08,obecność,118
3TMR,2021-12-08,nieob. uspraw.,54
3TMR,2021-12-09,obecność,98
3TMR,2021-12-10,obecność,113
3TMR,2021-12-13,obecność,96
3TMR,2021-12-14,obecność,127
3TMR,2021-12-15,obecność,135
3TMR,2021-12-16,obecność,115
3TMR,2021-12-17,obecność,123
3TMR,2021-12-20,nauka zdalna,109
3TMR,2021-12-20,nieobecność,58
3TMR,2021-12-21,nauka zdalna,113
3TMR,2021-12-21,nieobecność,19
3TMR,2021-12-22,nauka zdalna,148
3TMR,2022-01-03,nauka zdalna,94
3TMR,2022-01-03,nieob. uspraw.,33
3TMR,2022-01-04,nieob. uspraw.,24
3TMR,2022-01-05,nauka zdalna,114
3TMR,2022-01-10,obecność,158
3TMR,2022-01-11,obecność,109
3TMR,2022-01-12,obecność,144
3TMR,2022-01-13,obecność,126
3TMR,2022-01-14,obecność,93
3TMR,2022-01-17,obecność,122
3TMR,2022-01-18,obecność,109
3TMR,2022-01-18,nieobecność,22
3TMR,2022-01-19,obecność,138
3TMR,2022-01-20,obecność,131
3TMR,2022-01-21,obecność,53
3TMR,2022-01-21,nieobecność,60
3TMR,2022-01-24,obecność,34
3TMR,2022-01-24,nieobecność,79
3TMR,2022-01-25,obecność,120
3TMR,2022-01-26,obecność,8
3TMR,2022-01-26,nieobecność,84
3TMR,2022-01-27,nauka zdalna,91
3TMR,2022-01-28,nauka zdalna,85
3TMR,2022-02-14,nauka zdalna,104
3TMR,2022-02-15,nauka zdalna,120
3TMR,2022-02-16,nauka zdalna,102
3TMR,2022-02-17,nauka zdalna,87
3TMR,2022-02-18,nauka zdalna,107
3TMR,2022-02-21,obecność,115
3TMR,2022-02-22,obecność,106
3TMR,2022-02-23,obecność,103
3TMR,2022-02-24,obecność,97
3TMR,2022-02-25,obecność,115
3TMR,2022-02-28,obecność,139
3TMR,2022-03-01,obecność,133
3TMR,2022-03-02,obecność,154
3TMR,2022-03-03,obecność,129
3TMR,2022-03-04,obecność,147
3TMR,2022-03-07,nieob. uspr. p.s.,2
3TMR,2022-03-07,obecność,161
3TMR,2022-03-08,obecność,128
3TMR,2022-03-09,obecność,149
3TMR,2022-03-10,obecność,113
3TMR,2022-03-11,obecność,121
3TMR,2022-03-14,obecność,105
3TMR,2022-03-15,obecność,127
3TMR,2022-03-16,obecność,118
3TMR,2022-03-16,nieob. uspraw.,31
3TMR,2022-03-17,obecność,92
3TMR,2022-03-17,zwolniony,2
3TMR,2022-03-18,obecność,138
3TMR,2022-03-21,nieob. uspraw.,84
3TMR,2022-03-22,obecność,127
3TMR,2022-03-23,obecność,129
3TMR,2022-03-24,obecność,114
3TMR,2022-03-25,obecność,94
3TMR,2022-03-28,obecność,149
3TMR,2022-03-29,obecność,114
3TMR,2022-03-30,obecność,159
3TMR,2022-03-31,obecność,141
3TMR,2022-04-01,nieob. uspraw.,14
3TMR,2022-04-04,spóźnienie,2
3TMR,2022-04-04,obecność,146
3TMR,2022-04-05,obecność,133
3TMR,2022-04-06,obecność,159
3TMR,2022-04-07,obecność,110
3TMR,2022-04-08,obecność,122
3TMR,2022-04-11,obecność,130
3TMR,2022-04-12,nieob. uspraw.,26
3TMR,2022-04-13,obecność,141
3TMR,2022-04-13,nieob. uspr. p.s.,11
3TMR,2022-04-20,obecność,142
3TMR,2022-04-20,nieob. uspr. p.s.,1
3TMR,2022-04-21,obecność,31
3TMR,2022-04-21,nieob. uspr. p.s.,17
3TMR,2022-04-22,obecność,114
3TMR,2022-04-22,nieob. uspr. p.s.,12
3TMR,2022-04-25,obecność,142
3TMR,2022-04-25,nieob. uspr. p.s.,13
3TMR,2022-04-25,zwolniony,1
3TMR,2022-04-26,obecność,106
3TMR,2022-04-26,nieob. uspr. p.s.,19
3TMR,2022-04-27,obecność,148
3TMR,2022-04-27,nieob. uspr. p.s.,19
3TMR,2022-04-28,nieob. uspr. p.s.,18
3TMR,2022-04-29,nieob. uspr. p.s.,21
3TMR,2022-05-30,obecność,91
3TMR,2022-05-31,obecność,97
3TMR,2022-05-31,nieob. uspr. p.s.,3
3TMR,2022-06-01,nieob. uspraw.,62
3TMR,2022-06-02,obecność,87
3TMR,2022-06-02,nieobecność,17
3TMR,2022-06-06,nieob. uspraw.,53
3TMR,2022-06-07,spóźnienie,4
3TMR,2022-06-07,obecność,58
3TMR,2022-06-08,nieob. uspraw.,16
3TMR,2022-06-09,nieob. uspraw.,87
3TMR,2022-06-10,nieob. uspraw.,97
3TMR,2022-06-13,nieob. uspraw.,80
3TMR,2022-06-14,nieob. uspraw.,101
3TMR,2022-06-15,nieob. uspraw.,123
3TMR,2022-06-20,obecność,2
3TMR,2022-06-20,nieobecność,126
3TMR,2022-06-21,nieobecność,124
3TMR,2022-06-21,obecność,2
3TMR,2022-06-22,nieobecność,182
3TMR,2022-06-23,nieobecność,161
3TMR,2022-06-24,obecność,147
3TMR,2021-09-02,nieob. uspraw.,52
3TMR,2021-09-06,spóźnienie,6
3TMR,2021-09-09,nieob. uspraw.,72
3TMR,2021-09-13,nieob. uspraw.,44
3TMR,2021-09-14,nieob. uspraw.,44
3TMR,2021-09-15,nieob. uspraw.,45
3TMR,2021-09-16,nieob. uspraw.,54
3TMR,2021-09-21,nieob. uspraw.,52
3TMR,2021-09-22,obecność,90
3TMR,2021-09-23,obecność,88
3TMR,2021-09-27,obecność,99
3TMR,2021-09-28,obecność,123
3TMR,2021-10-01,nieob. uspraw.,35
3TMR,2021-10-04,nieobecność,13
3TMR,2021-10-05,nieobecność,5
3TMR,2021-10-06,obecność,111
3TMR,2021-10-07,obecność,76
3TMR,2021-10-07,spóźnienie,4
3TMR,2021-10-12,nieob. uspraw.,29
3TMR,2021-10-13,nieob. uspraw.,41
3TMR,2021-10-18,spóźnienie,6
3TMR,2021-10-18,nieobecność,9
3TMR,2021-10-20,obecność,151
3TMR,2021-10-22,nieob. uspraw.,25
3TMR,2021-10-25,nieobecność,26
3TMR,2021-10-25,obecność,107
3TMR,2021-10-26,obecność,109
3TMR,2021-10-27,obecność,99
3TMR,2021-10-28,obecność,101
3TMR,2021-10-29,obecność,91
3TMR,2021-11-02,nieob. uspraw.,32
3TMR,2021-11-08,obecność,111
3TMR,2021-11-08,zwolniony,2
3TMR,2021-11-10,spóźnienie,5
3TMR,2021-11-22,nieobecność,27
3TMR,2021-11-24,obecność,93
3TMR,2021-12-06,nieob. uspraw.,52
3TMR,2021-12-17,nieobecność,13
3TMR,2022-01-03,nieobecność,57
3TMR,2022-01-04,nauka zdalna,105
3TMR,2022-01-04,nieobecność,30
3TMR,2022-01-05,nieobecność,62
3TMR,2022-01-18,nieob. uspr. p.s.,4
3TMR,2022-01-25,nieobecność,26
3TMR,2022-02-14,nieobecność,53
3TMR,2022-02-17,nieobecność,34
3TMR,2022-03-08,nieobecność,7
3TMR,2022-03-08,spóźnienie,10
3TMR,2022-03-09,nieob. uspr. p.s.,6
3TMR,2022-03-10,nieobecność,12
3TMR,2022-03-14,nieob. uspr. p.s.,17
3TMR,2022-03-15,nieob. uspr. p.s.,6
3TMR,2022-03-17,nieob. uspraw.,39
3TMR,2022-03-21,obecność,56
3TMR,2022-03-22,spóźnienie,9
3TMR,2022-03-22,nieob. uspraw.,22
3TMR,2022-03-23,nieobecność,7
3TMR,2022-03-24,nieobecność,3
3TMR,2022-04-01,obecność,100
3TMR,2022-04-05,zwolniony,4
3TMR,2022-04-08,nieobecność,14
3TMR,2022-04-12,spóźnienie,11
3TMR,2022-04-12,obecność,107
3TMR,2022-04-25,spóźnienie,6
3TMR,2022-04-28,obecność,54
3TMR,2022-04-29,obecność,54
3TMR,2022-05-30,spóźnienie,9
3TMR,2022-05-31,nieobecność,13
3TMR,2022-06-06,obecność,25
3TMR,2022-06-06,nieobecność,14
3TMR,2022-06-07,nieob. uspraw.,49
3TMR,2022-06-08,obecność,147
3TMR,2022-06-09,obecność,60
3TMR,2021-09-09,obecność,7
3TMR,2021-09-21,nieobecność,11
3TMR,2021-09-24,nieobecność,23
3TMR,2021-09-24,obecność,40
3TMR,2021-09-27,spóźnienie,2
3TMR,2021-10-04,spóźnienie,2
3TMR,2021-10-05,nieob. uspraw.,43
3TMR,2021-10-08,obecność,96
3TMR,2021-10-11,spóźnienie,1
3TMR,2021-10-11,nieobecność,18
3TMR,2021-10-19,nieobecność,10
3TMR,2021-10-21,nieob. uspraw.,42
3TMR,2021-10-27,nieobecność,26
3TMR,2021-10-29,nieobecność,18
3TMR,2021-11-02,nieobecność,22
3TMR,2021-11-04,nieob. uspr. p.s.,3
3TMR,2021-11-05,spóźnienie,4
3TMR,2021-11-10,nieobecność,30
3TMR,2021-11-15,nieobecność,20
3TMR,2021-11-16,nieobecność,7
3TMR,2021-11-17,nieobecność,21
3TMR,2021-11-17,spóźnienie,4
3TMR,2021-11-19,nieobecność,8
3TMR,2021-11-19,spóźnienie,4
3TMR,2021-11-23,nieob. uspraw.,43
3TMR,2021-11-24,nieobecność,17
3TMR,2021-11-25,nieobecność,16
3TMR,2021-11-26,nieobecność,7
3TMR,2021-11-29,nieobecność,10
3TMR,2021-12-01,spóźnienie,11
3TMR,2021-12-02,nieobecność,11
3TMR,2021-12-03,nieobecność,30
3TMR,2021-12-07,spóźnienie,6
3TMR,2021-12-07,nieob. uspr. p.s.,3
3TMR,2021-12-09,nieob. uspraw.,39
3TMR,2021-12-10,nieobecność,9
3TMR,2021-12-13,nieob. uspraw.,16
3TMR,2021-12-14,nieob. uspraw.,22
3TMR,2021-12-15,nieobecność,9
3TMR,2021-12-22,nieobecność,25
3TMR,2022-01-11,spóźnienie,7
3TMR,2022-01-11,nieobecność,12
3TMR,2022-01-12,nieobecność,12
3TMR,2022-01-13,nieobecność,8
3TMR,2022-01-14,nieobecność,18
3TMR,2022-01-17,nieob. uspraw.,56
3TMR,2022-01-19,nieobecność,23
3TMR,2022-01-20,nieobecność,12
3TMR,2022-01-27,nieobecność,31
3TMR,2022-01-28,nieobecność,43
3TMR,2022-02-15,nieobecność,35
3TMR,2022-02-16,nieobecność,50
3TMR,2022-02-18,nieobecność,39
3TMR,2022-02-21,nieobecność,17
3TMR,2022-02-22,spóźnienie,7
3TMR,2022-02-24,nieobecność,10
3TMR,2022-02-24,spóźnienie,2
3TMR,2022-02-25,nieobecność,12
3TMR,2022-02-25,spóźnienie,1
3TMR,2022-02-28,nieobecność,6
3TMR,2022-02-28,spóźnienie,6
3TMR,2022-03-01,nieobecność,13
3TMR,2022-03-01,nieob. uspraw.,12
3TMR,2022-03-02,nieobecność,15
3TMR,2022-03-04,nieobecność,7
3TMR,2022-03-07,nieob. uspraw.,18
3TMR,2022-03-09,nieobecność,4
3TMR,2022-03-11,nieobecność,8
3TMR,2022-03-14,nieobecność,15
3TMR,2022-03-14,spóźnienie,2
3TMR,2022-03-15,spóźnienie,6
3TMR,2022-03-16,nieobecność,28
3TMR,2022-03-18,nieobecność,4
3TMR,2022-03-18,spóźnienie,5
3TMR,2022-03-23,nieob. uspraw.,48
3TMR,2022-03-24,nieob. uspraw.,44
3TMR,2022-03-25,nieob. uspraw.,39
3TMR,2022-03-29,nieob. uspr. p.s.,34
3TMR,2022-03-30,nieob. uspraw.,7
3TMR,2022-03-30,nieobecność,18
3TMR,2022-03-31,nieobecność,4
3TMR,2022-04-01,spóźnienie,4
3TMR,2022-04-06,spóźnienie,8
3TMR,2022-04-06,nieobecność,14
3TMR,2022-04-07,nieobecność,16
3TMR,2022-04-08,spóźnienie,10
3TMR,2022-04-12,nieobecność,16
3TMR,2022-04-20,nieobecność,17
3TMR,2022-04-21,nieobecność,16
3TMR,2022-04-22,spóźnienie,4
3TMR,2022-04-22,nieobecność,1
3TMR,2022-04-25,nieobecność,3
3TMR,2022-04-26,spóźnienie,8
3TMR,2022-04-26,nieobecność,7
3TMR,2022-04-28,nieobecność,12
3TMR,2022-04-29,nieobecność,10
3TMR,2022-05-30,nieobecność,17
3TMR,2022-06-01,obecność,66
3TMR,2022-06-01,nieobecność,24
3TMR,2022-06-07,nieobecność,25
3TMR,2022-06-08,nieobecność,15
3TMR,2022-06-09,spóźnienie,6
3TMR,2022-06-09,nieobecność,28
3TMR,2022-06-10,obecność,3
3TMR,2022-06-13,nieobecność,26
3TMR,2022-06-14,nieobecność,36
3TMR,2022-06-15,nieobecność,56
3TMR,2021-09-03,spóźnienie,2
3TMR,2021-09-07,spóźnienie,2
3TMR,2021-09-08,nieob. uspraw.,40
3TMR,2021-09-13,nieobecność,5
3TMR,2021-10-04,nieob. uspraw.,44
3TMR,2021-10-12,nieobecność,6
3TMR,2021-10-18,nieob. uspraw.,21
3TMR,2021-10-19,spóźnienie,7
3TMR,2021-10-26,spóźnienie,8
3TMR,2021-11-09,spóźnienie,4
3TMR,2021-11-10,nieob. uspraw.,23
3TMR,2021-11-15,spóźnienie,5
3TMR,2021-11-23,nieobecność,7
3TMR,2021-11-26,nieob. uspraw.,53
3TMR,2021-11-29,spóźnienie,7
3TMR,2021-12-07,nieob. uspraw.,26
3TMR,2021-12-10,nieob. uspraw.,36
3TMR,2021-12-21,spóźnienie,1
3TMR,2021-12-22,nieob. uspraw.,11
3TMR,2022-01-10,nieobecność,2
3TMR,2022-01-17,spóźnienie,3
3TMR,2022-01-24,nieob. uspraw.,61
3TMR,2022-01-26,nieob. uspraw.,46
3TMR,2022-01-28,nieob. uspraw.,31
3TMR,2022-02-14,nieob. uspraw.,26
3TMR,2022-02-16,nieob. uspraw.,30
3TMR,2022-02-21,nieob. uspraw.,52
3TMR,2022-03-09,nieob. uspraw.,25
3TMR,2022-03-10,zwolniony,1
3TMR,2022-03-16,zwolniony,2
3TMR,2022-04-01,zwolniony,2
3TMR,2022-04-06,nieob. uspraw.,2
3TMR,2022-04-08,nieob. uspraw.,10
3TMR,2022-04-21,nieob. uspraw.,74
3TMR,2022-04-26,nieob. uspraw.,19
3TMR,2022-04-28,nieob. uspraw.,54
3TMR,2022-04-29,nieob. uspraw.,76
3TMR,2022-05-31,spóźnienie,8
3TMR,2022-06-20,nieob. uspraw.,10
3TMR,2022-06-21,nieob. uspraw.,12
3TMR,2021-09-03,nieob. uspraw.,19
3TMR,2021-09-14,nieobecność,4
3TMR,2021-09-15,nieobecność,12
3TMR,2021-09-17,spóźnienie,1
3TMR,2021-09-20,nieob. uspraw.,42
3TMR,2021-09-22,spóźnienie,3
3TMR,2021-09-29,nieobecność,16
3TMR,2021-10-01,nieobecność,13
3TMR,2021-10-26,nieobecność,10
3TMR,2021-10-28,nieobecność,16
3TMR,2021-11-04,nieobecność,4
3TMR,2021-11-05,nieobecność,18
3TMR,2021-11-08,nieobecność,9
3TMR,2021-11-18,nieobecność,5
3TMR,2021-11-24,spóźnienie,3
3TMR,2021-11-30,nieobecność,4
3TMR,2021-12-01,nieobecność,8
3TMR,2021-12-07,nieobecność,8
3TMR,2021-12-15,nieob. uspraw.,39
3TMR,2021-12-16,nieob. uspraw.,19
3TMR,2022-01-18,spóźnienie,4
3TMR,2022-01-20,nieob. uspraw.,18
3TMR,2022-01-21,nieob. uspraw.,48
3TMR,2022-01-25,nieob. uspraw.,15
3TMR,2022-01-27,nieob. uspraw.,16
3TMR,2022-02-16,spóźnienie,2
3TMR,2022-02-22,nieob. uspraw.,38
3TMR,2022-02-23,nieob. uspraw.,72
3TMR,2022-02-24,nieob. uspraw.,28
3TMR,2022-02-25,nieob. uspraw.,32
3TMR,2022-03-01,spóźnienie,3
3TMR,2022-03-03,nieobecność,6
3TMR,2022-03-04,spóźnienie,2
3TMR,2022-03-11,spóźnienie,2
3TMR,2022-03-14,nieob. uspraw.,42
3TMR,2022-03-21,nieobecność,21
3TMR,2022-03-22,nieobecność,3
3TMR,2022-03-25,nieobecność,24
3TMR,2022-03-28,nieob. uspraw.,2
3TMR,2022-03-29,spóźnienie,2
3TMR,2022-03-31,nieob. uspraw.,16
3TMR,2022-04-01,nieobecność,14
3TMR,2022-04-04,nieobecność,10
3TMR,2022-04-05,spóźnienie,2
3TMR,2022-04-11,spóźnienie,3
3TMR,2022-04-11,nieob. uspraw.,23
3TMR,2021-09-06,spóźn. uspr.,1
3TMR,2021-09-07,nieob. uspraw.,15
3TMR,2021-09-27,nieob. uspr. p.s.,8
3TMR,2021-09-28,nieob. uspr. p.s.,2
3TMR,2021-10-04,spóźn. uspr.,1
3TMR,2021-10-05,spóźn. uspr.,1
3TMR,2021-10-11,nieob. uspr. p.s.,10
3TMR,2021-10-18,spóźn. uspr.,3
3TMR,2021-10-19,nieob. uspraw.,3
3TMR,2021-10-25,nieob. uspr. p.s.,8
3TMR,2021-10-26,nieob. uspr. p.s.,3
3TMR,2021-11-05,spóźn. uspr.,2
3TMR,2021-11-05,nieob. uspraw.,22
3TMR,2021-11-09,spóźn. uspr.,2
3TMR,2021-11-15,nieob. uspr. p.s.,8
3TMR,2021-11-15,spóźn. uspr.,2
3TMR,2021-11-16,nieob. uspr. p.s.,4
3TMR,2021-11-17,spóźn. uspr.,2
3TMR,2021-11-18,nieob. uspraw.,7
3TMR,2021-11-19,nieob. uspraw.,2
3TMR,2021-11-22,nieob. uspr. p.s.,4
3TMR,2021-11-29,nieob. uspraw.,42
3TMR,2021-12-01,spóźn. uspr.,2
3TMR,2021-12-03,nieob. uspraw.,24
3TMR,2021-12-07,spóźn. uspr.,2
3TMR,2021-12-14,spóźn. uspr.,2
3TMR,2021-12-20,nieob. uspraw.,17
3TMR,2021-12-21,spóźn. uspr.,1
3TMR,2021-12-21,nieob. uspraw.,4
3TMR,2022-01-05,nieob. uspraw.,8
3TMR,2022-01-10,nieob. uspraw.,23
3TMR,2022-01-11,nieob. uspraw.,8
3TMR,2022-01-12,spóźn. uspr.,1
3TMR,2022-01-14,nieob. uspraw.,3
3TMR,2022-01-18,nieob. uspraw.,22
3TMR,2022-01-19,nieob. uspraw.,20
3TMR,2022-02-15,nieob. uspraw.,4
3TMR,2022-02-17,nieob. uspraw.,16
3TMR,2022-02-18,nieob. uspraw.,15
3TMR,2022-02-28,nieob. uspraw.,31
3TMR,2022-03-02,nieob. uspraw.,15
3TMR,2022-03-07,nieobecność,2
3TMR,2022-03-08,nieob. uspraw.,16
3TMR,2022-03-14,zwolniony,3
3TMR,2022-03-15,nieob. uspraw.,8
3TMR,2022-04-11,nieobecność,3
3TMR,2022-04-20,nieob. uspraw.,19
3TMR,2022-04-22,nieob. uspraw.,29
3TMR,2022-04-27,nieob. uspraw.,16
3TMR,2022-05-30,nieob. uspraw.,19
3TMR,2022-05-31,spóźn. uspr.,1
3TMR,2022-05-31,nieob. uspraw.,16
3TMR,2022-06-02,nieob. uspraw.,56
3TMR,2021-09-02,nieobecność,20
3TMR,2021-09-03,nieobecność,3
3TMR,2021-09-15,spóźnienie,1
3TMR,2021-09-17,nieob. uspraw.,24
3TMR,2021-09-28,spóźnienie,3
3TMR,2021-09-30,spóźnienie,2
3TMR,2021-10-06,nieobecność,8
3TMR,2021-10-13,spóźnienie,3
3TMR,2021-10-27,spóźnienie,1
3TMR,2021-11-30,spóźnienie,3
3TMR,2021-12-06,nieobecność,6
3TMR,2021-12-08,spóźnienie,1
3TMR,2021-12-08,nieobecność,11
3TMR,2021-12-09,spóźnienie,1
3TMR,2021-12-14,nieobecność,7
3TMR,2021-12-16,nieobecność,4
3TMR,2022-01-12,spóźnienie,3
3TMR,2022-01-13,nieob. uspraw.,4
3TMR,2022-03-04,nieob. uspraw.,4
3TMR,2022-03-11,nieob. uspraw.,7
3TMR,2022-03-15,nieobecność,14
3TMR,2022-03-17,nieobecność,5
3TMR,2022-04-25,nieob. uspraw.,18
3TMR,2022-06-02,spóźnienie,1
3TMR,2021-10-11,nieob. uspraw.,8
3TMR,2021-10-15,nieob. uspraw.,35
3TMR,2021-11-22,nieob. uspraw.,38
3TMR,2021-11-30,nieob. uspraw.,25
3TMR,2021-12-02,nieob. uspraw.,19
3TMR,2022-01-12,nieob. uspraw.,22
3TMR,2022-04-05,nieobecność,9
3TMR,2021-09-06,nieob. uspraw.,20
3TMR,2021-09-08,nieobecność,16
3TMR,2021-09-27,nieobecność,8
3TMR,2021-10-06,spóźnienie,1
3TMR,2021-10-12,zwolniony,1
3TMR,2021-10-13,nieobecność,2
3TMR,2021-11-17,nieob. uspraw.,14
3TMR,2021-11-22,zwolniony,2
3TMR,2022-04-05,nieob. uspraw.,13
3TMR,2022-04-13,nieob. uspraw.,24
3TMR,2022-04-20,spóźnienie,5
3TMR,2021-09-02,spóźnienie,3
3TMR,2021-09-17,spóźn. uspr.,1
3TMR,2021-09-27,spóźn. uspr.,1
3TMR,2021-10-01,spóźn. uspr.,1
3TMR,2021-10-05,nieob. uspr. p.s.,1
3TMR,2021-10-07,nieob. uspr. p.s.,2
3TMR,2021-10-08,nieob. uspr. p.s.,8
3TMR,2021-10-11,spóźn. uspr.,1
3TMR,2021-10-13,spóźn. uspr.,1
3TMR,2021-10-20,spóźn. uspr.,1
3TMR,2021-10-26,spóźn. uspr.,1
3TMR,2021-11-03,nieob. uspraw.,17
3TMR,2021-11-08,nieob. uspr. p.s.,13
3TMR,2021-11-10,spóźn. uspr.,1
3TMR,2021-11-15,nieob. uspraw.,10
3TMR,2021-11-16,nieob. uspraw.,21
3TMR,2021-11-19,spóźn. uspr.,1
3TMR,2021-11-23,spóźn. uspr.,1
3TMR,2021-11-25,spóźn. uspr.,1
3TMR,2021-11-29,spóźn. uspr.,1
3TMR,2021-12-03,spóźn. uspr.,1
3TMR,2021-12-14,spóźnienie,3
3TMR,2021-12-17,nieob. uspraw.,23
3TMR,2022-01-11,spóźn. uspr.,1
3TMR,2022-01-24,spóźn. uspr.,1
3TMR,2022-02-22,spóźn. uspr.,2
3TMR,2022-02-24,spóźn. uspr.,1
3TMR,2022-02-25,spóźn. uspr.,1
3TMR,2022-03-18,nieob. uspraw.,14
3TMR,2022-04-01,spóźn. uspr.,2
3TMR,2022-04-12,spóźn. uspr.,1
3TMR,2022-04-22,spóźn. uspr.,1
3TMR,2022-04-25,spóźn. uspr.,1
3TMR,2022-04-26,spóźn. uspr.,1
3TMR,2021-10-11,zwolniony,1
3TMR,2022-01-24,spóźnienie,2
3TMR,2021-09-22,nieobecność,12
3TMR,2021-10-15,nieobecność,21
3TMR,2021-10-20,nieobecność,14
3TMR,2022-03-29,spóźn. uspr.,1
3TMR,2022-04-07,nieob. uspraw.,12
3TMR,2022-04-08,spóźn. uspr.,1
3TMR,2022-04-08,zwolniony,2
3TMR,2022-06-10,nieobecność,15
3TMR,2021-09-16,nieob. uspr. p.s.,16
3TMR,2021-09-17,nieobecność,8
3TMR,2021-10-27,nieob. uspr. p.s.,6
3TMR,2021-12-17,spóźnienie,2
3TMR,2022-03-03,nieob. uspraw.,3
3TMR,2022-06-09,zwolniony,3
3TMR,2021-09-08,zwolniony,2
3TMR,2021-09-13,nieob. uspr. p.s.,12
3TMR,2021-09-13,nauka zdalna,2
3TMR,2021-09-14,nieob. uspr. p.s.,14
3TMR,2021-09-17,nieob. uspr. p.s.,12
3TMR,2021-10-20,nieob. uspraw.,1
3TMR,2021-10-29,nieob. uspr. p.s.,5
3TMR,2021-11-08,spóźnienie,3
3TMR,2021-12-01,nieob. uspr. p.s.,1
3TMR,2022-01-04,spóźnienie,2
3TMR,2022-01-28,spóźn. uspr.,1
3TMR,2022-03-28,nieobecność,9
3TMR,2021-09-20,nieobecność,3
3TMR,2021-10-19,nieob. uspr. p.s.,2
3TMR,2021-10-29,spóźnienie,1
3TMR,2021-11-09,nieobecność,2
3TMR,2021-11-16,spóźnienie,1
3TMR,2021-12-13,nieob. uspr. p.s.,2
3TMR,2022-01-19,spóźnienie,1
3TMR,2022-02-23,nieobecność,9
3TMR,2022-03-25,spóźnienie,3
3TMR,2022-03-25,zwolniony,1
3TMR,2022-03-28,spóźnienie,1
3TMR,2022-04-08,nieob. uspr. p.s.,2
3TMR,2022-06-24,nieobecność,14
3TMR,2021-09-06,nieobecność,7
3TMR,2021-09-07,nieobecność,8
3TMR,2021-09-09,nieobecność,6
3TMR,2021-09-16,nieobecność,6
3TMR,2021-09-20,spóźnienie,1
3TMR,2021-09-23,nieobecność,1
3TMR,2021-09-28,nieobecność,7
3TMR,2021-09-30,nieobecność,7
3TMR,2021-12-10,spóźnienie,2
3TMR,2021-12-13,spóźnienie,1
3TMR,2022-02-22,nieobecność,8
3TMR,2022-03-29,nieobecność,9
3TMR,2022-04-13,nieobecność,8
3TMR,2022-06-01,spóźnienie,1
3TMR,2021-10-22,nieob. uspr. p.s.,3
3TMR,2022-03-07,zwolniony,1
3TMR,2022-03-10,nieob. uspraw.,12
3TMR,2022-01-28,spóźnienie,1
3TMR,2022-06-15,obecność,5
3TMR,2022-02-15,spóźnienie,2
3TMR,2022-04-27,nieobecność,1
3TMR,2022-02-17,spóźnienie,1
3TMR,2022-04-26,zwolniony,1
3TMR,2022-06-13,obecność,4
3TMR,2021-10-08,spóźnienie,1
3TMR,2021-12-15,spóźn. uspr.,1
3TMR,2022-06-01,zwolniony,2
3TMR,2022-06-14,obecność,1
3TMR,2021-10-18,nieob. uspr. p.s.,1
3TMR,2021-11-03,nieob. uspr. p.s.,1
3TMR,2021-11-05,nieob. uspr. p.s.,2
3TMR,2021-11-10,nieob. uspr. p.s.,3
3TMR,2021-11-29,nieob. uspr. p.s.,1
3TMR,2021-11-30,nieob. uspr. p.s.,2
3TMR,2021-12-10,nieob. uspr. p.s.,1
3TMR,2022-01-10,nieob. uspr. p.s.,1
3TMR,2022-01-11,nieob. uspr. p.s.,1
3TMR,2022-01-12,nieob. uspr. p.s.,2
3TMR,2022-01-14,nieob. uspr. p.s.,1
3TMR,2022-01-17,nieob. uspr. p.s.,2
3TMR,2022-01-19,nieob. uspr. p.s.,2
3TMR,2022-01-24,nieob. uspr. p.s.,7
3TMR,2022-02-28,nieob. uspr. p.s.,2
3TMR,2022-03-04,zwolniony,1
3TMR,2022-03-16,nieob. uspr. p.s.,5
3TMR,2022-04-01,nieob. uspr. p.s.,2
3TMR,2022-04-04,nieob. uspraw.,3
3TMR,2022-04-06,nieob. uspr. p.s.,1
3TMR,2022-04-11,nieob. uspr. p.s.,2
3TMR,2022-05-30,nieob. uspr. p.s.,2
3TMR,2022-06-01,nieob. uspr. p.s.,6
3TMR,2022-06-08,nieob. uspr. p.s.,6
3TMR,2022-06-13,nieob. uspr. p.s.,5
3TMR,2022-06-22,obecność,2
3TMR,2022-01-17,nieobecność,1
3TMR,2022-02-14,obecność,1
3TMR,2022-03-29,zwolniony,1
3TMR,2022-06-07,zwolniony,2
3TR,2021-09-01,obecność,119
3TR,2021-09-02,nieob. uspraw.,14
3TR,2021-09-02,obecność,119
3TR,2021-09-03,obecność,94
3TR,2021-09-06,obecność,74
3TR,2021-09-07,obecność,72
3TR,2021-09-08,nieob. uspr. p.s.,17
3TR,2021-09-09,nieob. uspr. p.s.,51
3TR,2021-09-13,obecność,103
3TR,2021-09-14,obecność,108
3TR,2021-09-15,obecność,46
3TR,2021-09-15,spóźn. uspr.,1
3TR,2021-09-16,obecność,84
3TR,2021-09-17,obecność,77
3TR,2021-09-20,obecność,96
3TR,2021-09-21,obecność,105
3TR,2021-09-22,obecność,89
3TR,2021-09-23,obecność,53
3TR,2021-09-24,obecność,88
3TR,2021-09-27,obecność,75
3TR,2021-09-28,obecność,110
3TR,2021-09-29,obecność,100
3TR,2021-09-30,obecność,101
3TR,2021-10-01,obecność,55
3TR,2021-10-04,obecność,88
3TR,2021-10-05,obecność,102
3TR,2021-10-06,obecność,104
3TR,2021-10-07,nieob. uspraw.,21
3TR,2021-10-08,obecność,76
3TR,2021-10-11,obecność,88
3TR,2021-10-12,obecność,90
3TR,2021-10-12,nieob. uspraw.,38
3TR,2021-10-13,obecność,94
3TR,2021-10-15,obecność,42
3TR,2021-10-15,nieob. uspraw.,56
3TR,2021-10-18,obecność,96
3TR,2021-10-19,obecność,116
3TR,2021-10-20,obecność,98
3TR,2021-10-21,nieob. uspraw.,28
3TR,2021-10-22,obecność,81
3TR,2021-10-25,obecność,127
3TR,2021-10-26,obecność,102
3TR,2021-10-27,obecność,88
3TR,2021-10-28,obecność,81
3TR,2021-10-29,obecność,58
3TR,2021-11-02,obecność,75
3TR,2021-11-03,obecność,84
3TR,2021-11-04,obecność,98
3TR,2021-11-05,obecność,89
3TR,2021-11-08,obecność,95
3TR,2021-11-09,obecność,91
3TR,2021-11-10,obecność,79
3TR,2021-11-15,obecność,95
3TR,2021-11-16,obecność,101
3TR,2021-11-17,obecność,101
3TR,2021-11-18,nieob. uspraw.,32
3TR,2021-11-19,obecność,78
3TR,2021-11-22,nieob. uspr. p.s.,16
3TR,2021-11-23,obecność,107
3TR,2021-11-24,nauka zdalna,86
3TR,2021-11-25,nauka zdalna,93
3TR,2021-11-26,nauka zdalna,88
3TR,2021-11-29,nauka zdalna,136
3TR,2021-11-30,nieob. uspraw.,30
3TR,2021-11-30,obecność,69
3TR,2021-12-01,obecność,106
3TR,2021-12-02,obecność,88
3TR,2021-12-02,spóźn. uspr.,1
3TR,2021-12-03,obecność,40
3TR,2021-12-06,obecność,106
3TR,2021-12-07,obecność,63
3TR,2021-12-08,obecność,88
3TR,2021-12-09,obecność,87
3TR,2021-12-09,spóźn. uspr.,1
3TR,2021-12-10,obecność,71
3TR,2021-12-13,obecność,91
3TR,2021-12-14,obecność,71
3TR,2021-12-15,obecność,71
3TR,2021-12-15,spóźn. uspr.,4
3TR,2021-12-15,nauka zdalna,12
3TR,2021-12-16,nieob. uspraw.,49
3TR,2021-12-17,obecność,53
3TR,2021-12-20,nauka zdalna,118
3TR,2021-12-21,nauka zdalna,91
3TR,2021-12-22,nauka zdalna,82
3TR,2022-01-03,nauka zdalna,97
3TR,2022-01-04,nauka zdalna,105
3TR,2022-01-05,nauka zdalna,102
3TR,2022-01-10,obecność,94
3TR,2022-01-11,obecność,112
3TR,2022-01-12,spóźn. uspr.,3
3TR,2022-01-12,obecność,59
3TR,2022-01-13,obecność,113
3TR,2022-01-13,nieob. uspraw.,18
3TR,2022-01-14,obecność,76
3TR,2022-01-14,nieob. uspraw.,16
3TR,2022-01-17,obecność,80
3TR,2022-01-18,obecność,91
3TR,2022-01-19,obecność,106
3TR,2022-01-20,nieob. uspraw.,18
3TR,2022-01-20,obecność,104
3TR,2022-01-21,obecność,70
3TR,2022-01-24,obecność,108
3TR,2022-01-25,obecność,78
3TR,2022-01-26,obecność,73
3TR,2022-01-27,nauka zdalna,103
3TR,2022-01-28,nauka zdalna,60
3TR,2022-01-28,nieob. uspraw.,36
3TR,2022-02-14,nauka zdalna,111
3TR,2022-02-15,nauka zdalna,84
3TR,2022-02-16,nauka zdalna,87
3TR,2022-02-16,nieob. uspraw.,17
3TR,2022-02-17,nauka zdalna,116
3TR,2022-02-17,nieob. uspraw.,4
3TR,2022-02-18,spóźn. uspr.,1
3TR,2022-02-18,nauka zdalna,68
3TR,2022-02-18,nieob. uspraw.,35
3TR,2022-02-21,nieob. uspraw.,35
3TR,2022-02-21,obecność,100
3TR,2022-02-22,obecność,91
3TR,2022-02-23,obecność,101
3TR,2022-02-23,nieob. uspr. p.s.,6
3TR,2022-02-24,nieob. uspraw.,33
3TR,2022-02-24,obecność,91
3TR,2022-02-25,obecność,88
3TR,2022-02-28,nieob. uspraw.,41
3TR,2022-03-01,obecność,89
3TR,2022-03-02,obecność,102
3TR,2022-03-03,nieob. uspraw.,40
3TR,2022-03-04,obecność,77
3TR,2022-03-07,obecność,88
3TR,2022-03-08,obecność,77
3TR,2022-03-08,nieob. uspraw.,21
3TR,2022-03-09,obecność,82
3TR,2022-03-10,obecność,84
3TR,2022-03-10,nieob. uspraw.,48
3TR,2022-03-11,obecność,74
3TR,2022-03-11,spóźn. uspr.,3
3TR,2022-03-14,obecność,98
3TR,2022-03-15,obecność,75
3TR,2022-03-16,obecność,86
3TR,2022-03-17,obecność,98
3TR,2022-03-17,nieob. uspraw.,33
3TR,2022-03-18,obecność,78
3TR,2022-03-21,obecność,104
3TR,2022-03-22,obecność,76
3TR,2022-03-22,nieob. uspraw.,48
3TR,2022-03-22,spóźn. uspr.,3
3TR,2022-03-23,nieob. uspraw.,25
3TR,2022-03-23,obecność,92
3TR,2022-03-24,nieob. uspraw.,46
3TR,2022-03-24,obecność,52
3TR,2022-03-25,obecność,87
3TR,2022-03-28,obecność,100
3TR,2022-03-29,obecność,108
3TR,2022-03-30,obecność,105
3TR,2022-03-31,obecność,88
3TR,2022-04-01,obecność,87
3TR,2022-04-04,obecność,98
3TR,2022-04-05,obecność,92
3TR,2022-04-05,nieob. uspraw.,31
3TR,2022-04-06,obecność,85
3TR,2022-04-07,spóźn. uspr.,1
3TR,2022-04-07,obecność,54
3TR,2022-04-07,nieob. uspraw.,31
3TR,2022-04-08,obecność,68
3TR,2022-04-11,obecność,105
3TR,2022-04-12,obecność,95
3TR,2022-04-12,nieob. uspraw.,29
3TR,2022-04-12,spóźnienie,3
3TR,2022-04-13,obecność,79
3TR,2022-04-13,nieob. uspraw.,36
3TR,2022-04-20,obecność,76
3TR,2022-04-20,nieob. uspraw.,31
3TR,2022-04-21,obecność,81
3TR,2022-04-21,nieob. uspraw.,15
3TR,2022-04-22,obecność,71
3TR,2022-04-25,nieob. uspraw.,25
3TR,2022-04-25,obecność,95
3TR,2022-04-26,obecność,62
3TR,2022-04-27,obecność,76
3TR,2022-04-27,spóźnienie,2
3TR,2022-04-28,nieob. uspraw.,20
3TR,2022-04-28,obecność,95
3TR,2022-04-29,obecność,71
3TR,2022-05-30,nieob. uspraw.,21
3TR,2022-05-31,nieob. uspraw.,25
3TR,2022-05-31,obecność,60
3TR,2022-05-31,spóźn. uspr.,2
3TR,2022-06-01,obecność,107
3TR,2022-06-01,nieob. uspraw.,15
3TR,2022-06-02,nieob. uspraw.,42
3TR,2022-06-03,obecność,79
3TR,2022-06-03,spóźnienie,2
3TR,2022-06-06,obecność,93
3TR,2022-06-06,nieob. uspr. p.s.,4
3TR,2022-06-07,obecność,56
3TR,2022-06-08,obecność,81
3TR,2022-06-08,nieob. uspraw.,49
3TR,2022-06-09,nieob. uspraw.,42
3TR,2022-06-09,obecność,45
3TR,2022-06-10,obecność,44
3TR,2022-06-10,nieob. uspraw.,50
3TR,2022-06-13,obecność,136
3TR,2022-06-14,obecność,23
3TR,2022-06-14,spóźn. uspr.,2
3TR,2022-06-15,nieob. uspraw.,26
3TR,2022-06-15,obecność,15
3TR,2022-06-20,nieob. uspraw.,2
3TR,2022-06-20,obecność,131
3TR,2022-06-21,nieob. uspraw.,82
3TR,2022-06-21,obecność,3
3TR,2022-06-22,obecność,20
3TR,2022-06-22,nieobecność,1
3TR,2022-06-22,nieob. uspraw.,115
3TR,2022-06-23,obecność,14
3TR,2022-06-24,obecność,34
3TR,2022-06-24,,102
3TR,2021-09-03,nieob. uspraw.,8
3TR,2021-09-06,nieob. uspraw.,44
3TR,2021-09-08,obecność,22
3TR,2021-09-09,nieob. uspraw.,49
3TR,2021-09-14,spóźnienie,1
3TR,2021-09-15,nieob. uspraw.,14
3TR,2021-09-16,spóźnienie,1
3TR,2021-09-20,nieob. uspraw.,40
3TR,2021-09-21,nieob. uspraw.,29
3TR,2021-09-22,nieob. uspraw.,13
3TR,2021-09-23,nieob. uspraw.,43
3TR,2021-09-27,nieob. uspraw.,44
3TR,2021-09-29,nieob. uspraw.,17
3TR,2021-09-30,nieob. uspraw.,16
3TR,2021-10-04,nieob. uspraw.,48
3TR,2021-10-05,nieob. uspraw.,31
3TR,2021-10-06,nieob. uspraw.,15
3TR,2021-10-07,obecność,94
3TR,2021-10-18,nieob. uspraw.,40
3TR,2021-10-21,obecność,91
3TR,2021-10-26,nieob. uspraw.,34
3TR,2021-10-27,nieob. uspraw.,29
3TR,2021-10-28,nieob. uspraw.,35
3TR,2021-10-29,nieob. uspraw.,41
3TR,2021-11-08,nieob. uspraw.,33
3TR,2021-11-09,nieob. uspraw.,21
3TR,2021-11-18,obecność,76
3TR,2021-11-19,nieob. uspraw.,24
3TR,2021-11-22,obecność,86
3TR,2021-11-24,nieob. uspraw.,4
3TR,2021-11-26,nieob. uspraw.,8
3TR,2021-12-01,nieob. uspraw.,11
3TR,2021-12-02,nieob. uspraw.,17
3TR,2021-12-03,nieob. uspraw.,40
3TR,2021-12-06,nieob. uspraw.,26
3TR,2021-12-07,nieob. uspraw.,36
3TR,2021-12-08,nieob. uspraw.,23
3TR,2021-12-09,nieob. uspraw.,28
3TR,2021-12-10,nieob. uspraw.,29
3TR,2021-12-13,nieob. uspraw.,21
3TR,2021-12-14,nieob. uspraw.,38
3TR,2021-12-15,nieob. uspraw.,29
3TR,2021-12-17,nieob. uspraw.,37
3TR,2022-01-05,nieobecność,13
3TR,2022-01-17,nieob. uspraw.,56
3TR,2022-01-21,nieob. uspraw.,28
3TR,2022-01-24,spóźnienie,1
3TR,2022-01-26,nieob. uspraw.,29
3TR,2022-01-27,nieob. uspraw.,26
3TR,2022-02-18,spóźnienie,2
3TR,2022-02-25,nieob. uspraw.,29
3TR,2022-02-28,obecność,94
3TR,2022-03-03,obecność,84
3TR,2022-03-04,nieob. uspraw.,40
3TR,2022-03-07,nieob. uspraw.,48
3TR,2022-03-11,nieob. uspraw.,12
3TR,2022-03-18,nieob. uspraw.,36
3TR,2022-03-21,nieob. uspraw.,32
3TR,2022-03-25,nieob. uspraw.,24
3TR,2022-03-28,nieob. uspraw.,28
3TR,2022-03-29,nieob. uspraw.,26
3TR,2022-03-31,nieob. uspraw.,12
3TR,2022-04-01,nieob. uspraw.,24
3TR,2022-04-04,nieob. uspraw.,32
3TR,2022-04-08,nieob. uspraw.,32
3TR,2022-04-21,nieobecność,19
3TR,2022-04-22,nieobecność,18
3TR,2022-04-26,nieob. uspraw.,7
3TR,2022-04-29,nieob. uspraw.,29
3TR,2022-05-30,obecność,97
3TR,2022-06-02,obecność,40
3TR,2022-06-03,nieob. uspraw.,25
3TR,2022-06-08,nieobecność,6
3TR,2022-06-09,nieobecność,29
3TR,2022-06-10,nieobecność,24
3TR,2022-06-14,nieob. uspraw.,56
3TR,2022-06-15,nieobecność,44
3TR,2022-06-23,nieob. uspraw.,105
3TR,2021-09-16,spóźn. uspr.,1
3TR,2021-10-08,nieob. uspraw.,23
3TR,2021-10-12,spóźn. uspr.,2
3TR,2021-10-19,spóźnienie,2
3TR,2021-10-22,nieob. uspraw.,15
3TR,2021-11-15,nieob. uspraw.,33
3TR,2021-11-16,nieob. uspraw.,25
3TR,2021-11-22,nieob. uspraw.,33
3TR,2021-11-23,nieob. uspraw.,26
3TR,2021-11-26,spóźnienie,2
3TR,2021-12-16,obecność,68
3TR,2022-01-03,nieob. uspraw.,31
3TR,2022-01-10,nieobecność,9
3TR,2022-01-11,nieob. uspraw.,7
3TR,2022-01-12,nieob. uspraw.,15
3TR,2022-01-18,nieob. uspraw.,28
3TR,2022-01-19,nieob. uspraw.,13
3TR,2022-01-24,nieob. uspraw.,25
3TR,2022-01-25,nieob. uspraw.,35
3TR,2022-01-27,nieobecność,6
3TR,2022-02-23,nieob. uspraw.,9
3TR,2022-03-09,nieob. uspraw.,10
3TR,2022-03-10,nieobecność,2
3TR,2022-03-14,nieob. uspraw.,21
3TR,2022-03-15,nieob. uspraw.,22
3TR,2022-03-16,nieob. uspraw.,28
3TR,2022-03-25,nieobecność,8
3TR,2022-04-06,nieob. uspraw.,22
3TR,2022-04-11,nieob. uspraw.,25
3TR,2022-04-28,spóźnienie,3
3TR,2022-06-01,nieobecność,14
3TR,2022-06-14,spóźnienie,1
3TR,2021-09-08,spóźnienie,2
3TR,2021-09-13,nieob. uspraw.,24
3TR,2021-09-14,nieob. uspraw.,18
3TR,2021-09-15,nieobecność,2
3TR,2021-09-15,spóźnienie,1
3TR,2021-09-16,nieobecność,3
3TR,2021-09-17,nieobecność,6
3TR,2021-09-23,nieobecność,6
3TR,2021-09-28,nieob. uspraw.,24
3TR,2021-09-29,nieobecność,2
3TR,2021-10-01,nieob. uspraw.,42
3TR,2021-10-07,nieobecność,2
3TR,2021-10-08,nieobecność,1
3TR,2021-10-11,nieob. uspraw.,48
3TR,2021-10-12,spóźnienie,2
3TR,2021-10-12,nieobecność,4
3TR,2021-10-13,nieob. uspraw.,24
3TR,2021-10-15,nieobecność,4
3TR,2021-10-19,nieobecność,4
3TR,2021-10-25,nieob. uspraw.,8
3TR,2021-10-28,nieobecność,1
3TR,2021-10-28,spóźnienie,1
3TR,2021-11-02,nieob. uspraw.,46
3TR,2021-11-03,nieob. uspraw.,18
3TR,2021-11-04,nieob. uspraw.,20
3TR,2021-11-05,nieob. uspraw.,13
3TR,2021-11-09,spóźnienie,1
3TR,2021-11-16,nieobecność,9
3TR,2021-11-17,spóźnienie,3
3TR,2021-11-18,nieobecność,11
3TR,2021-11-23,nieobecność,2
3TR,2021-11-24,nieobecność,12
3TR,2021-11-30,nieobecność,3
3TR,2021-12-02,nieobecność,10
3TR,2021-12-02,spóźnienie,3
3TR,2021-12-06,nieobecność,4
3TR,2021-12-08,nieobecność,4
3TR,2021-12-09,spóźnienie,2
3TR,2021-12-15,nieobecność,3
3TR,2021-12-22,nieobecność,12
3TR,2022-01-10,nieob. uspraw.,32
3TR,2022-01-12,spóźnienie,5
3TR,2022-01-13,nieobecność,5
3TR,2022-01-20,nieobecność,14
3TR,2022-01-21,spóźnienie,2
3TR,2022-01-24,nieobecność,2
3TR,2022-01-26,nieobecność,17
3TR,2022-01-28,nieobecność,4
3TR,2022-02-14,nieob. uspraw.,18
3TR,2022-02-15,nieobecność,3
3TR,2022-02-16,nieobecność,15
3TR,2022-02-17,nieobecność,14
3TR,2022-02-18,nieobecność,13
3TR,2022-02-21,nieobecność,1
3TR,2022-02-22,nieobecność,9
3TR,2022-02-25,nieobecność,2
3TR,2022-03-02,nieobecność,2
3TR,2022-03-08,nieobecność,4
3TR,2022-03-09,nieobecność,3
3TR,2022-03-11,spóźnienie,5
3TR,2022-03-17,nieobecność,5
3TR,2022-03-18,nieobecność,5
3TR,2022-03-28,nieobecność,8
3TR,2022-03-30,nieob. uspraw.,14
3TR,2022-04-05,nieobecność,11
3TR,2022-04-06,nieobecność,1
3TR,2022-04-07,spóźnienie,1
3TR,2022-04-07,nieobecność,9
3TR,2022-04-08,spóźnienie,2
3TR,2022-04-12,nieobecność,9
3TR,2022-04-13,nieobecność,4
3TR,2022-04-20,nieobecność,12
3TR,2022-04-25,nieobecność,16
3TR,2022-04-26,spóźnienie,4
3TR,2022-04-28,nieobecność,14
3TR,2022-04-29,nieobecność,16
3TR,2022-05-31,spóźnienie,3
3TR,2022-06-02,spóźnienie,4
3TR,2022-06-02,nieobecność,16
3TR,2022-06-03,nieob. uspr. p.s.,1
3TR,2022-06-03,nieobecność,12
3TR,2022-06-07,nieob. uspraw.,28
3TR,2022-06-14,nieobecność,20
3TR,2021-11-02,nieobecność,13
3TR,2021-12-20,nieobecność,10
3TR,2022-01-14,nieobecność,10
3TR,2022-01-27,spóźnienie,1
3TR,2022-01-28,spóźnienie,2
3TR,2022-02-15,nieob. uspraw.,9
3TR,2022-02-17,spóźnienie,2
3TR,2022-03-09,spóźnienie,5
3TR,2022-03-24,spóźnienie,3
3TR,2022-04-04,nieobecność,6
3TR,2022-04-27,nieobecność,6
3TR,2021-09-09,obecność,19
3TR,2021-09-24,nieob. uspraw.,14
3TR,2021-09-30,spóźnienie,2
3TR,2021-11-10,nieob. uspraw.,20
3TR,2021-12-08,nieob. uspr. p.s.,4
3TR,2022-01-25,spóźnienie,4
3TR,2022-02-24,spóźnienie,2
3TR,2022-03-02,nieob. uspraw.,15
3TR,2022-03-10,spóźn. uspr.,2
3TR,2022-03-11,nieob. uspr. p.s.,6
3TR,2022-03-22,spóźnienie,6
3TR,2022-04-26,nieob. uspr. p.s.,20
3TR,2022-04-26,nieobecność,9
3TR,2022-04-27,nieob. uspr. p.s.,28
3TR,2022-05-31,nieob. uspr. p.s.,5
3TR,2021-09-07,nieob. uspr. p.s.,12
3TR,2021-09-13,nieob. uspr. p.s.,8
3TR,2021-09-14,nieob. uspr. p.s.,8
3TR,2021-09-15,nieob. uspr. p.s.,4
3TR,2021-09-16,nieob. uspr. p.s.,7
3TR,2021-09-17,nieob. uspr. p.s.,6
3TR,2021-11-17,nieobecność,2
3TR,2021-12-14,nieobecność,8
3TR,2022-01-04,nieobecność,9
3TR,2022-03-03,spóźnienie,2
3TR,2022-03-29,nieobecność,2
3TR,2022-04-05,nieob. uspr. p.s.,1
3TR,2022-04-06,nieob. uspr. p.s.,11
3TR,2022-04-07,nieob. uspr. p.s.,6
3TR,2022-04-21,nieob. uspr. p.s.,20
3TR,2022-04-22,nieob. uspraw.,30
3TR,2022-04-28,nieob. uspr. p.s.,4
3TR,2022-06-06,nieob. uspraw.,36
3TR,2021-09-02,nieobecność,3
3TR,2021-09-21,nieobecność,2
3TR,2022-02-22,spóźnienie,2
3TR,2022-02-24,nieobecność,8
3TR,2022-03-03,nieobecność,8
3TR,2022-03-16,nieobecność,3
3TR,2022-03-23,nieobecność,2
3TR,2022-03-24,nieobecność,1
3TR,2022-03-31,nieobecność,2
3TR,2022-06-06,nieobecność,3
3TR,2021-09-08,nieob. uspraw.,24
3TR,2021-10-08,spóźn. uspr.,1
3TR,2021-10-20,nieob. uspraw.,21
3TR,2021-10-29,zwolniony,2
3TR,2021-11-02,spóźn. uspr.,1
3TR,2021-11-17,nieob. uspraw.,11
3TR,2021-11-17,spóźn. uspr.,2
3TR,2021-11-25,nieob. uspraw.,3
3TR,2021-11-26,spóźn. uspr.,1
3TR,2022-02-15,zwolniony,3
3TR,2022-02-24,spóźn. uspr.,2
3TR,2022-03-03,spóźn. uspr.,2
3TR,2022-03-09,spóźn. uspr.,2
3TR,2022-04-08,spóźn. uspr.,1
3TR,2021-09-16,nieob. uspraw.,23
3TR,2021-12-21,nieob. uspraw.,4
3TR,2021-12-22,nieob. uspraw.,7
3TR,2022-01-04,nieob. uspraw.,5
3TR,2022-01-05,nieob. uspraw.,4
3TR,2022-03-15,spóźn. uspr.,1
3TR,2021-09-07,nieob. uspraw.,18
3TR,2021-09-17,nieob. uspraw.,13
3TR,2021-09-28,spóźn. uspr.,1
3TR,2021-10-05,spóźn. uspr.,1
3TR,2021-10-19,spóźn. uspr.,2
3TR,2021-10-19,nieob. uspraw.,12
3TR,2021-11-09,spóźn. uspr.,1
3TR,2021-11-22,spóźnienie,1
3TR,2021-11-25,nieobecność,6
3TR,2021-12-14,spóźnienie,2
3TR,2021-12-16,nieobecność,2
3TR,2022-01-21,nieobecność,2
3TR,2022-02-15,spóźnienie,2
3TR,2022-03-15,spóźnienie,2
3TR,2022-04-29,spóźnienie,3
3TR,2021-10-05,spóźnienie,2
3TR,2021-10-07,nieob. uspr. p.s.,2
3TR,2021-10-13,nieob. uspr. p.s.,1
3TR,2021-10-27,spóźn. uspr.,1
3TR,2021-10-28,spóźn. uspr.,1
3TR,2021-12-01,spóźn. uspr.,1
3TR,2022-02-15,spóźn. uspr.,1
3TR,2022-03-01,nieob. uspraw.,13
3TR,2022-04-05,spóźn. uspr.,1
3TR,2022-04-08,nieob. uspr. p.s.,7
3TR,2021-10-01,nieobecność,5
3TR,2021-11-04,nieobecność,1
3TR,2021-11-10,nieobecność,3
3TR,2021-11-26,nieobecność,3
3TR,2021-12-17,nieobecność,12
3TR,2022-01-12,nieobecność,3
3TR,2022-02-23,nieobecność,3
3TR,2022-03-15,nieobecność,2
3TR,2022-03-22,nieobecność,3
3TR,2022-04-01,nieobecność,8
3TR,2022-04-08,nieobecność,9
3TR,2022-06-07,nieob. uspr. p.s.,18
3TR,2021-09-13,nieobecność,1
3TR,2021-09-14,spóźn. uspr.,1
3TR,2021-09-28,nieobecność,1
3TR,2021-10-27,spóźnienie,1
3TR,2021-11-16,spóźnienie,1
3TR,2021-11-23,spóźnienie,1
3TR,2021-12-21,nieobecność,7
3TR,2022-01-10,spóźn. uspr.,1
3TR,2022-02-28,nieobecność,1
3TR,2022-03-16,spóźnienie,2
3TR,2022-04-21,spóźnienie,1
3TR,2022-04-27,nieob. uspraw.,7
3TR,2021-12-20,nieob. uspraw.,8
3TR,2021-12-22,spóźn. uspr.,1
3TR,2022-01-25,nieobecność,2
3TR,2022-05-30,nieobecność,1
3TR,2022-05-31,nieobecność,7
3TR,2022-06-09,spóźnienie,3
3TR,2022-06-10,spóźnienie,1
3TR,2022-06-20,nieobecność,3
3TR,2021-09-08,nieobecność,3
3TR,2021-10-22,nieobecność,6
3TR,2021-10-25,nieobecność,1
3TR,2021-10-29,nieobecność,1
3TR,2021-11-08,nieobecność,8
3TR,2021-11-09,nieobecność,5
3TR,2021-11-15,nieobecność,8
3TR,2021-12-01,nieobecność,1
3TR,2021-12-03,nieobecność,5
3TR,2021-12-07,nieobecność,3
3TR,2021-12-09,nieobecność,1
3TR,2021-12-10,nieobecność,2
3TR,2021-12-13,nieobecność,7
3TR,2022-01-03,nieobecność,8
3TR,2022-02-14,nieobecność,7
3TR,2022-03-04,nieobecność,2
3TR,2022-03-11,nieobecność,2
3TR,2022-04-11,nieobecność,6
3TR,2021-10-08,spóźnienie,1
3TR,2021-11-02,spóźnienie,1
3TŻ,2021-09-01,obecność,144
3TŻ,2021-09-02,obecność,114
3TŻ,2021-09-03,obecność,148
3TŻ,2021-09-03,nieob. uspraw.,11
3TŻ,2021-09-06,nieob. uspraw.,16
3TŻ,2021-09-06,obecność,118
3TŻ,2021-09-07,nieob. uspraw.,19
3TŻ,2021-09-08,nieob. uspraw.,36
3TŻ,2021-09-09,nieob. uspraw.,50
3TŻ,2021-09-13,nieob. uspraw.,49
3TŻ,2021-09-14,obecność,90
3TŻ,2021-09-15,obecność,104
3TŻ,2021-09-15,nieob. uspraw.,33
3TŻ,2021-09-16,obecność,98
3TŻ,2021-09-17,nieob. uspraw.,59
3TŻ,2021-09-17,obecność,79
3TŻ,2021-09-20,obecność,118
3TŻ,2021-09-21,nieob. uspraw.,13
3TŻ,2021-09-21,obecność,112
3TŻ,2021-09-22,obecność,130
3TŻ,2021-09-23,obecność,108
3TŻ,2021-09-24,nieobecność,17
3TŻ,2021-09-27,obecność,126
3TŻ,2021-09-28,nieobecność,2
3TŻ,2021-09-28,obecność,71
3TŻ,2021-09-28,spóźnienie,2
3TŻ,2021-09-29,nieobecność,13
3TŻ,2021-09-30,obecność,115
3TŻ,2021-10-01,obecność,138
3TŻ,2021-10-04,obecność,101
3TŻ,2021-10-05,obecność,110
3TŻ,2021-10-06,obecność,143
3TŻ,2021-10-07,obecność,136
3TŻ,2021-10-08,obecność,123
3TŻ,2021-10-11,obecność,95
3TŻ,2021-10-11,nieobecność,7
3TŻ,2021-10-12,obecność,108
3TŻ,2021-10-13,obecność,101
3TŻ,2021-10-13,nieobecność,18
3TŻ,2021-10-15,nieobecność,61
3TŻ,2021-10-18,obecność,126
3TŻ,2021-10-19,obecność,116
3TŻ,2021-10-20,obecność,159
3TŻ,2021-10-21,obecność,126
3TŻ,2021-10-22,obecność,141
3TŻ,2021-10-25,obecność,91
3TŻ,2021-10-25,nieobecność,21
3TŻ,2021-10-26,obecność,114
3TŻ,2021-10-27,obecność,148
3TŻ,2021-10-28,obecność,117
3TŻ,2021-10-29,nieob. uspr. p.s.,4
3TŻ,2021-10-29,obecność,106
3TŻ,2021-11-02,nieobecność,42
3TŻ,2021-11-03,obecność,140
3TŻ,2021-11-04,obecność,126
3TŻ,2021-11-05,obecność,135
3TŻ,2021-11-08,obecność,108
3TŻ,2021-11-09,obecność,96
3TŻ,2021-11-10,obecność,94
3TŻ,2021-11-10,nieobecność,27
3TŻ,2021-11-15,nieob. uspraw.,21
3TŻ,2021-11-16,nieob. uspraw.,16
3TŻ,2021-11-17,nieob. uspraw.,32
3TŻ,2021-11-18,nieob. uspraw.,35
3TŻ,2021-11-19,nieob. uspraw.,49
3TŻ,2021-11-22,nieob. uspraw.,35
3TŻ,2021-11-23,obecność,89
3TŻ,2021-11-24,obecność,108
3TŻ,2021-11-24,nieob. uspraw.,40
3TŻ,2021-11-25,obecność,105
3TŻ,2021-11-26,nieob. uspraw.,64
3TŻ,2021-11-29,obecność,60
3TŻ,2021-11-30,nieob. uspraw.,20
3TŻ,2021-11-30,obecność,87
3TŻ,2021-12-01,obecność,83
3TŻ,2021-12-02,obecność,98
3TŻ,2021-12-03,obecność,112
3TŻ,2021-12-06,obecność,99
3TŻ,2021-12-07,obecność,86
3TŻ,2021-12-08,obecność,71
3TŻ,2021-12-09,obecność,88
3TŻ,2021-12-09,nieobecność,2
3TŻ,2021-12-10,nieob. uspr. p.s.,2
3TŻ,2021-12-10,obecność,44
3TŻ,2021-12-13,obecność,109
3TŻ,2021-12-14,obecność,79
3TŻ,2021-12-15,nauka zdalna,110
3TŻ,2021-12-16,nieobecność,7
3TŻ,2021-12-17,nieobecność,3
3TŻ,2021-12-20,nieobecność,27
3TŻ,2021-12-21,nieobecność,25
3TŻ,2021-12-22,nieobecność,12
3TŻ,2021-12-22,nauka zdalna,49
3TŻ,2022-01-03,nieobecność,29
3TŻ,2022-01-04,nieobecność,21
3TŻ,2022-01-05,nieobecność,21
3TŻ,2022-01-10,obecność,125
3TŻ,2022-01-11,obecność,58
3TŻ,2022-01-12,obecność,124
3TŻ,2022-01-13,obecność,150
3TŻ,2022-01-14,nieobecność,15
3TŻ,2022-01-14,obecność,120
3TŻ,2022-01-17,obecność,146
3TŻ,2022-01-18,obecność,115
3TŻ,2022-01-19,obecność,107
3TŻ,2022-01-20,nieobecność,26
3TŻ,2022-01-21,obecność,125
3TŻ,2022-01-24,nieobecność,37
3TŻ,2022-01-25,nieobecność,19
3TŻ,2022-01-26,nieobecność,31
3TŻ,2022-01-26,obecność,58
3TŻ,2022-01-27,nieobecność,37
3TŻ,2022-01-28,nieobecność,38
3TŻ,2022-02-14,nieobecność,25
3TŻ,2022-02-15,nieobecność,20
3TŻ,2022-02-16,nauka zdalna,134
3TŻ,2022-02-17,nauka zdalna,134
3TŻ,2022-02-17,nieobecność,4
3TŻ,2022-02-18,nieobecność,32
3TŻ,2022-02-21,obecność,133
3TŻ,2022-02-22,obecność,111
3TŻ,2022-02-23,obecność,132
3TŻ,2022-02-24,obecność,148
3TŻ,2022-02-25,obecność,80
3TŻ,2022-02-28,obecność,116
3TŻ,2022-03-01,obecność,106
3TŻ,2022-03-02,obecność,120
3TŻ,2022-03-03,obecność,141
3TŻ,2022-03-04,obecność,149
3TŻ,2022-03-07,obecność,121
3TŻ,2022-03-08,obecność,93
3TŻ,2022-03-09,obecność,100
3TŻ,2022-03-09,nieobecność,9
3TŻ,2022-03-10,obecność,110
3TŻ,2022-03-11,nieobecność,28
3TŻ,2022-03-14,nieobecność,38
3TŻ,2022-03-15,obecność,111
3TŻ,2022-03-16,obecność,139
3TŻ,2022-03-17,obecność,150
3TŻ,2022-03-18,obecność,142
3TŻ,2022-03-21,nieobecność,50
3TŻ,2022-03-22,nieobecność,19
3TŻ,2022-03-22,obecność,96
3TŻ,2022-03-23,nieobecność,33
3TŻ,2022-03-24,nieobecność,24
3TŻ,2022-03-24,obecność,127
3TŻ,2022-03-25,nieobecność,40
3TŻ,2022-03-28,obecność,133
3TŻ,2022-03-29,nieobecność,27
3TŻ,2022-03-30,obecność,124
3TŻ,2022-03-31,obecność,138
3TŻ,2022-03-31,nieobecność,23
3TŻ,2022-04-01,obecność,122
3TŻ,2022-04-01,nieobecność,28
3TŻ,2022-04-04,obecność,104
3TŻ,2022-04-04,nieobecność,15
3TŻ,2022-04-05,obecność,78
3TŻ,2022-04-06,obecność,124
3TŻ,2022-04-06,nieobecność,15
3TŻ,2022-04-07,obecność,129
3TŻ,2022-04-07,nieobecność,11
3TŻ,2022-04-08,obecność,108
3TŻ,2022-04-11,nieobecność,9
3TŻ,2022-04-12,obecność,90
3TŻ,2022-04-13,obecność,102
3TŻ,2022-04-13,nieobecność,13
3TŻ,2022-04-20,obecność,86
3TŻ,2022-04-21,obecność,61
3TŻ,2022-04-21,nieob. uspr. p.s.,78
3TŻ,2022-04-22,obecność,110
3TŻ,2022-04-25,nieobecność,20
3TŻ,2022-04-26,nieobecność,11
3TŻ,2022-04-27,obecność,106
3TŻ,2022-04-27,nieobecność,7
3TŻ,2022-04-28,obecność,96
3TŻ,2022-04-28,spóźnienie,7
3TŻ,2022-04-29,nieobecność,56
3TŻ,2022-05-30,obecność,98
3TŻ,2022-05-31,obecność,116
3TŻ,2022-06-01,obecność,138
3TŻ,2022-06-02,obecność,100
3TŻ,2022-06-02,,20
3TŻ,2022-06-03,obecność,71
3TŻ,2022-06-06,obecność,71
3TŻ,2022-06-07,obecność,82
3TŻ,2022-06-08,nieobecność,14
3TŻ,2022-06-08,obecność,96
3TŻ,2022-06-09,obecność,78
3TŻ,2022-06-10,obecność,72
3TŻ,2022-06-13,nieobecność,37
3TŻ,2022-06-14,obecność,54
3TŻ,2022-06-14,nieobecność,59
3TŻ,2022-06-15,nieobecność,83
3TŻ,2022-06-20,nieobecność,117
3TŻ,2022-06-20,obecność,23
3TŻ,2022-06-21,nieobecność,138
3TŻ,2022-06-22,nieobecność,137
3TŻ,2022-06-23,nieobecność,119
3TŻ,2022-06-24,nieobecność,64
3TŻ,2021-09-03,nieobecność,9
3TŻ,2021-09-07,obecność,98
3TŻ,2021-09-07,nieobecność,2
3TŻ,2021-09-08,nieobecność,13
3TŻ,2021-09-09,obecność,76
3TŻ,2021-09-09,nieobecność,11
3TŻ,2021-09-13,obecność,91
3TŻ,2021-09-15,nieobecność,3
3TŻ,2021-09-17,nieobecność,22
3TŻ,2021-09-24,obecność,114
3TŻ,2021-09-29,obecność,115
3TŻ,2021-10-06,nieobecność,2
3TŻ,2021-10-07,nieobecność,2
3TŻ,2021-10-08,nieobecność,9
3TŻ,2021-10-19,nieobecność,3
3TŻ,2021-11-22,obecność,98
3TŻ,2021-11-24,nieobecność,19
3TŻ,2021-11-26,obecność,65
3TŻ,2021-11-26,nieobecność,38
3TŻ,2021-11-29,nieobecność,24
3TŻ,2021-11-30,nieobecność,19
3TŻ,2021-12-02,nieobecność,14
3TŻ,2021-12-07,nieob. uspraw.,33
3TŻ,2021-12-08,nieob. uspraw.,53
3TŻ,2021-12-09,nieob. uspraw.,57
3TŻ,2021-12-10,nieob. uspraw.,65
3TŻ,2021-12-13,nieob. uspraw.,37
3TŻ,2021-12-14,nieob. uspraw.,21
3TŻ,2021-12-15,nieobecność,8
3TŻ,2021-12-15,nieob. uspraw.,7
3TŻ,2021-12-16,nieob. uspraw.,7
3TŻ,2021-12-17,nieob. uspraw.,2
3TŻ,2022-01-03,nauka zdalna,100
3TŻ,2022-01-05,nauka zdalna,118
3TŻ,2022-01-11,nieobecność,8
3TŻ,2022-01-18,nieobecność,4
3TŻ,2022-01-19,nieobecność,12
3TŻ,2022-01-20,obecność,126
3TŻ,2022-01-21,nieobecność,27
3TŻ,2022-01-25,obecność,87
3TŻ,2022-02-14,nieob. uspraw.,34
3TŻ,2022-02-15,nieob. uspraw.,21
3TŻ,2022-02-17,nieob. uspraw.,30
3TŻ,2022-02-18,nieob. uspraw.,37
3TŻ,2022-02-22,nieob. uspraw.,8
3TŻ,2022-02-25,nieob. uspraw.,64
3TŻ,2022-02-28,nieobecność,16
3TŻ,2022-03-02,nieobecność,14
3TŻ,2022-03-07,nieobecność,18
3TŻ,2022-03-07,nieob. uspraw.,8
3TŻ,2022-03-08,nieob. uspraw.,21
3TŻ,2022-03-09,nieob. uspraw.,37
3TŻ,2022-03-11,obecność,84
3TŻ,2022-03-15,nieobecność,14
3TŻ,2022-03-23,obecność,105
3TŻ,2022-03-29,obecność,81
3TŻ,2022-04-05,nieobecność,12
3TŻ,2022-04-11,obecność,117
3TŻ,2022-04-20,nieob. uspraw.,28
3TŻ,2022-04-21,nieob. uspraw.,18
3TŻ,2022-04-22,nieob. uspraw.,41
3TŻ,2022-04-25,obecność,76
3TŻ,2022-04-26,obecność,76
3TŻ,2022-04-28,nieobecność,27
3TŻ,2022-05-31,nieobecność,6
3TŻ,2022-06-03,nieob. uspraw.,80
3TŻ,2022-06-06,nieobecność,24
3TŻ,2022-06-08,nieob. uspraw.,50
3TŻ,2022-06-09,nieob. uspraw.,40
3TŻ,2021-09-01,nieob. uspraw.,24
3TŻ,2021-09-14,nieob. uspraw.,30
3TŻ,2021-09-16,nieob. uspraw.,35
3TŻ,2021-09-20,nieobecność,14
3TŻ,2021-10-04,nieob. uspraw.,18
3TŻ,2021-10-05,nieob. uspraw.,12
3TŻ,2021-10-06,nieob. uspraw.,20
3TŻ,2021-10-11,nieob. uspraw.,24
3TŻ,2021-10-12,nieob. uspraw.,18
3TŻ,2021-10-13,nieob. uspraw.,48
3TŻ,2021-10-15,nieob. uspraw.,51
3TŻ,2021-10-18,nieob. uspraw.,14
3TŻ,2021-10-19,nieob. uspraw.,7
3TŻ,2021-10-26,nieobecność,6
3TŻ,2021-10-27,nieobecność,16
3TŻ,2021-10-28,nieobecność,15
3TŻ,2021-10-29,nieobecność,24
3TŻ,2021-11-03,nieobecność,18
3TŻ,2021-11-04,nieobecność,7
3TŻ,2021-11-05,nieobecność,16
3TŻ,2021-11-08,nieobecność,7
3TŻ,2021-11-09,nieobecność,6
3TŻ,2021-11-15,nieobecność,7
3TŻ,2021-11-16,nieobecność,9
3TŻ,2021-11-17,nieobecność,15
3TŻ,2021-11-18,nieobecność,14
3TŻ,2021-11-19,nieobecność,24
3TŻ,2021-11-22,nieobecność,7
3TŻ,2021-11-23,nieobecność,6
3TŻ,2021-11-25,nieobecność,7
3TŻ,2021-12-01,nieobecność,19
3TŻ,2021-12-03,nieobecność,20
3TŻ,2021-12-06,nieob. uspraw.,29
3TŻ,2021-12-16,nauka zdalna,49
3TŻ,2021-12-17,nauka zdalna,16
3TŻ,2021-12-20,nauka zdalna,99
3TŻ,2021-12-21,nauka zdalna,97
3TŻ,2022-01-04,nauka zdalna,98
3TŻ,2022-01-10,nieob. uspraw.,15
3TŻ,2022-01-11,nieob. uspraw.,18
3TŻ,2022-01-12,nieob. uspraw.,21
3TŻ,2022-01-13,nieob. uspraw.,16
3TŻ,2022-01-14,nieob. uspraw.,33
3TŻ,2022-01-27,nauka zdalna,93
3TŻ,2022-01-28,nauka zdalna,109
3TŻ,2022-02-14,nauka zdalna,88
3TŻ,2022-02-16,nieobecność,3
3TŻ,2022-02-18,nauka zdalna,99
3TŻ,2022-02-21,nieobecność,7
3TŻ,2022-02-22,nieobecność,7
3TŻ,2022-02-23,nieobecność,7
3TŻ,2022-02-24,nieobecność,9
3TŻ,2022-02-25,nieobecność,24
3TŻ,2022-03-01,nieobecność,6
3TŻ,2022-03-03,nieobecność,8
3TŻ,2022-03-04,nieobecność,8
3TŻ,2022-03-08,nieobecność,12
3TŻ,2022-03-10,nieobecność,16
3TŻ,2022-03-16,nieobecność,7
3TŻ,2022-03-17,nieobecność,16
3TŻ,2022-03-18,nieobecność,16
3TŻ,2022-03-28,nieobecność,7
3TŻ,2022-03-30,nieobecność,21
3TŻ,2022-04-08,nieobecność,17
3TŻ,2021-09-02,nieob. uspraw.,5
3TŻ,2021-09-02,nieobecność,7
3TŻ,2021-09-08,obecność,65
3TŻ,2021-09-22,spóźnienie,2
3TŻ,2021-09-24,nieob. uspraw.,37
3TŻ,2021-10-07,nieob. uspraw.,9
3TŻ,2021-10-08,nieob. uspraw.,36
3TŻ,2021-10-15,obecność,56
3TŻ,2021-10-22,nieob. uspraw.,24
3TŻ,2021-10-25,nieob. uspraw.,35
3TŻ,2021-10-26,nieob. uspraw.,6
3TŻ,2021-10-28,nieob. uspraw.,15
3TŻ,2021-10-29,spóźnienie,2
3TŻ,2021-11-02,obecność,58
3TŻ,2021-11-04,nieob. uspraw.,14
3TŻ,2021-11-08,nieob. uspraw.,27
3TŻ,2021-11-10,nieob. uspraw.,46
3TŻ,2021-11-15,obecność,119
3TŻ,2021-11-16,obecność,80
3TŻ,2021-11-17,obecność,99
3TŻ,2021-11-18,obecność,98
3TŻ,2021-11-29,nieob. uspraw.,42
3TŻ,2021-12-01,nieob. uspraw.,23
3TŻ,2021-12-02,nieob. uspraw.,35
3TŻ,2021-12-06,spóźnienie,3
3TŻ,2021-12-21,nieob. uspraw.,4
3TŻ,2021-12-22,nieob. uspraw.,2
3TŻ,2022-01-03,nieob. uspraw.,18
3TŻ,2022-01-04,nieob. uspraw.,7
3TŻ,2022-01-05,nieob. uspraw.,7
3TŻ,2022-01-24,obecność,73
3TŻ,2022-01-26,nieob. uspraw.,36
3TŻ,2022-01-27,nieob. uspraw.,14
3TŻ,2022-01-28,nieob. uspraw.,21
3TŻ,2022-02-15,nauka zdalna,85
3TŻ,2022-02-16,nieob. uspraw.,9
3TŻ,2022-02-24,nieob. uspraw.,11
3TŻ,2022-02-28,nieob. uspraw.,15
3TŻ,2022-03-03,spóźn. uspr.,1
3TŻ,2022-03-10,nieob. uspraw.,41
3TŻ,2022-03-11,nieob. uspraw.,35
3TŻ,2022-03-14,obecność,73
3TŻ,2022-03-21,nieob. uspraw.,69
3TŻ,2022-03-25,obecność,112
3TŻ,2022-04-07,nieob. uspraw.,22
3TŻ,2022-04-11,nieob. uspraw.,14
3TŻ,2022-04-25,nieob. uspraw.,28
3TŻ,2022-04-26,nieob. uspraw.,9
3TŻ,2022-04-28,nieob. uspr. p.s.,16
3TŻ,2022-04-28,nieob. uspraw.,14
3TŻ,2022-04-29,nieob. uspraw.,58
3TŻ,2022-05-30,nieob. uspraw.,42
3TŻ,2022-06-06,nieob. uspraw.,45
3TŻ,2022-06-07,nieob. uspraw.,31
3TŻ,2022-06-10,nieob. uspraw.,72
3TŻ,2022-06-13,nieob. uspraw.,25
3TŻ,2022-06-24,obecność,96
3TŻ,2021-09-06,spóźnienie,3
3TŻ,2021-09-23,nieob. uspraw.,18
3TŻ,2021-10-06,spóźnienie,2
3TŻ,2021-10-29,nieob. uspraw.,32
3TŻ,2021-11-02,nieob. uspraw.,24
3TŻ,2021-12-03,nieob. uspraw.,15
3TŻ,2022-03-18,nieob. uspraw.,10
3TŻ,2022-04-04,nieob. uspraw.,28
3TŻ,2022-04-08,nieob. uspraw.,43
3TŻ,2022-04-21,nieobecność,3
3TŻ,2022-04-27,nieob. uspraw.,6
3TŻ,2022-06-13,obecność,38
3TŻ,2021-09-22,nieobecność,16
3TŻ,2021-09-27,nieobecność,7
3TŻ,2021-09-30,nieobecność,9
3TŻ,2021-10-21,nieobecność,14
3TŻ,2021-11-05,nieob. uspr. p.s.,1
3TŻ,2021-11-19,obecność,94
3TŻ,2022-01-24,nieob. uspraw.,37
3TŻ,2022-03-03,spóźnienie,1
3TŻ,2022-03-14,nieob. uspraw.,36
3TŻ,2022-03-29,nieob. uspraw.,18
3TŻ,2022-04-20,nieob. uspr. p.s.,18
3TŻ,2022-04-22,nieobecność,9
3TŻ,2022-04-26,nieob. uspr. p.s.,24
3TŻ,2021-09-21,nieobecność,1
3TŻ,2021-11-19,nieob. uspr. p.s.,1
3TŻ,2021-12-10,nieobecność,15
3TŻ,2021-09-22,zwolniony,3
3TŻ,2021-09-29,zwolniony,1
3TŻ,2021-10-01,nieob. uspraw.,28
3TŻ,2021-10-06,zwolniony,1
3TŻ,2021-10-13,zwolniony,1
3TŻ,2021-10-20,zwolniony,1
3TŻ,2021-10-27,zwolniony,1
3TŻ,2021-11-03,zwolniony,1
3TŻ,2021-11-10,zwolniony,1
3TŻ,2021-11-17,zwolniony,1
3TŻ,2021-11-24,zwolniony,1
3TŻ,2021-11-25,nieob. uspraw.,35
3TŻ,2021-12-01,zwolniony,1
3TŻ,2021-12-08,zwolniony,1
3TŻ,2021-12-15,zwolniony,1
3TŻ,2022-01-05,zwolniony,1
3TŻ,2022-01-12,zwolniony,1
3TŻ,2022-01-19,zwolniony,1
3TŻ,2022-01-26,zwolniony,1
3TŻ,2022-01-27,spóźnienie,3
3TŻ,2022-02-16,zwolniony,1
3TŻ,2022-02-23,zwolniony,1
3TŻ,2022-03-02,zwolniony,1
3TŻ,2022-03-09,zwolniony,1
3TŻ,2022-03-10,spóźnienie,1
3TŻ,2022-03-16,zwolniony,1
3TŻ,2022-03-22,nieob. uspraw.,11
3TŻ,2022-03-23,zwolniony,1
3TŻ,2022-03-30,zwolniony,1
3TŻ,2022-04-06,zwolniony,1
3TŻ,2022-04-13,zwolniony,1
3TŻ,2022-04-20,zwolniony,1
3TŻ,2022-04-27,zwolniony,1
3TŻ,2022-04-29,obecność,40
3TŻ,2022-05-31,nieob. uspraw.,16
3TŻ,2022-05-31,zwolniony,1
3TŻ,2022-06-01,nieob. uspraw.,17
3TŻ,2022-06-07,nieobecność,7
3TŻ,2022-06-09,nieobecność,2
3TŻ,2022-06-14,nieob. uspr. p.s.,1
3TŻ,2022-06-14,nieob. uspraw.,26
3TŻ,2022-06-15,obecność,31
3TŻ,2022-06-21,obecność,1
3TŻ,2022-06-21,zwolniony,1
3TŻ,2022-06-22,obecność,3
3TŻ,2022-06-23,obecność,1
3TŻ,2021-09-08,nieob. uspr. p.s.,12
3TŻ,2021-09-09,nieob. uspr. p.s.,10
3TŻ,2021-09-16,nieobecność,7
3TŻ,2021-10-04,nieobecność,7
3TŻ,2021-10-22,nieobecność,3
3TŻ,2021-11-26,nieob. uspr. p.s.,1
3TŻ,2021-12-06,spóźn. uspr.,2
3TŻ,2022-01-25,nieob. uspraw.,20
3TŻ,2022-03-21,obecność,28
3TŻ,2022-06-03,nieobecność,9
3TŻ,2022-06-15,nieob. uspraw.,46
3TŻ,2021-09-29,nieob. uspraw.,18
3TŻ,2021-09-30,nieob. uspraw.,23
3TŻ,2021-10-05,spóźnienie,4
3TŻ,2021-11-23,nieob. uspraw.,31
3TŻ,2022-04-13,nieob. uspraw.,24
3TŻ,2021-09-27,nieob. uspraw.,14
3TŻ,2021-09-28,nieob. uspraw.,9
3TŻ,2021-11-05,nieob. uspraw.,16
3TŻ,2021-11-09,nieob. uspraw.,24
3TŻ,2022-01-21,nieob. uspraw.,16
3TŻ,2022-04-12,nieob. uspraw.,10
3TŻ,2021-11-02,nieob. uspr. p.s.,1
3TŻ,2022-03-01,nieob. uspraw.,12
3TŻ,2022-03-03,nieob. uspraw.,17
3TŻ,2022-03-17,nieob. uspraw.,2
3TŻ,2022-04-01,nieob. uspraw.,18
3TŻ,2022-04-07,zwolniony,4
3TŻ,2021-11-03,nieob. uspraw.,9
3TŻ,2022-01-18,nieob. uspraw.,7
3TŻ,2022-03-02,nieob. uspraw.,12
3TŻ,2022-03-04,nieob. uspraw.,10
3TŻ,2022-06-10,nieobecność,16
3TŻ,2021-09-06,nieob. uspr. p.s.,10
3TŻ,2021-09-07,nieob. uspr. p.s.,7
3TŻ,2021-09-20,spóźnienie,1
3TŻ,2022-03-01,nieob. uspr. p.s.,2
3TŻ,2022-03-04,nieob. uspr. p.s.,1
3TŻ,2022-04-05,nieob. uspr. p.s.,24
3TŻ,2022-04-25,nieob. uspr. p.s.,16
3TŻ,2022-04-27,nieob. uspr. p.s.,20
3TŻ,2022-04-29,nieob. uspr. p.s.,6
3TŻ,2022-06-01,nieobecność,5
3TŻ,2021-09-20,nieob. uspraw.,14
3TŻ,2021-10-20,nieob. uspraw.,7
3TŻ,2021-10-27,nieob. uspraw.,3
3TŻ,2022-02-23,nieob. uspraw.,7
3TŻ,2022-03-15,nieob. uspraw.,1
3TŻ,2022-03-24,nieob. uspraw.,17
3TŻ,2022-03-31,nieob. uspraw.,7
3TŻ,2022-04-06,nieob. uspraw.,7
3TŻ,2021-09-13,nieob. uspr. p.s.,7
3TŻ,2021-09-14,nieob. uspr. p.s.,6
3TŻ,2021-09-15,nieob. uspr. p.s.,7
3TŻ,2021-09-16,nieob. uspr. p.s.,7
3TŻ,2021-09-17,nieob. uspr. p.s.,8
3TŻ,2021-09-22,nieob. uspraw.,17
3TŻ,2021-10-20,nieobecność,1
3TŻ,2021-11-22,nieob. uspr. p.s.,7
3TŻ,2021-12-06,nieobecność,14
3TŻ,2021-12-08,spóźnienie,1
3TŻ,2021-12-13,nieobecność,1
3TŻ,2022-01-12,nieobecność,1
3TŻ,2022-03-23,nieob. uspraw.,8
3TŻ,2022-03-25,nieob. uspraw.,16
3TŻ,2021-10-01,nieobecność,2
3TŻ,2021-10-18,nieobecność,7
3TŻ,2021-11-08,nieob. uspr. p.s.,5
3TŻ,2021-12-07,nieobecność,7
3TŻ,2022-01-10,nieobecność,7
3TŻ,2022-01-20,nieob. uspraw.,16
3TŻ,2022-04-05,nieob. uspraw.,12
3TŻ,2021-12-14,nieobecność,5
3TŻ,2022-04-20,nieobecność,7
3TŻ,2022-01-13,spóźnienie,1
3TŻ,2022-01-17,nieob. uspraw.,1
3TŻ,2022-02-21,nieob. uspraw.,7
3TŻ,2021-10-21,nieob. uspraw.,7
3TŻ,2021-11-02,spóźn. uspr.,1
3TŻ,2022-01-13,spóźn. uspr.,1
3TŻ,2022-01-19,nieob. uspraw.,6
3TŻ,2022-05-31,spóźnienie,1
3TŻ,2022-03-28,nieob. uspraw.,7
3TŻ,2022-03-30,nieob. uspr. p.s.,1
3TŻ,2022-04-07,nieob. uspr. p.s.,2
4TRM,2021-09-01,obecność,147
4TRM,2021-09-02,obecność,115
4TRM,2021-09-03,obecność,127
4TRM,2021-09-03,nieobecność,12
4TRM,2021-09-06,obecność,129
4TRM,2021-09-07,obecność,102
4TRM,2021-09-07,nieob. uspr. p.s.,15
4TRM,2021-09-08,obecność,121
4TRM,2021-09-08,nieob. uspraw.,28
4TRM,2021-09-09,obecność,54
4TRM,2021-09-13,nieob. uspraw.,41
4TRM,2021-09-14,nieob. uspraw.,36
4TRM,2021-09-15,nieob. uspraw.,84
4TRM,2021-09-16,nieob. uspraw.,82
4TRM,2021-09-17,nieob. uspraw.,76
4TRM,2021-09-20,nieob. uspraw.,35
4TRM,2021-09-21,nieob. uspraw.,42
4TRM,2021-09-22,obecność,126
4TRM,2021-09-22,spóźnienie,6
4TRM,2021-09-23,obecność,92
4TRM,2021-09-23,spóźnienie,4
4TRM,2021-09-24,nieob. uspraw.,102
4TRM,2021-09-27,nieobecność,7
4TRM,2021-09-27,obecność,77
4TRM,2021-09-28,spóźnienie,2
4TRM,2021-09-28,nieobecność,13
4TRM,2021-09-28,obecność,111
4TRM,2021-09-29,obecność,108
4TRM,2021-09-29,nieobecność,27
4TRM,2021-09-30,obecność,95
4TRM,2021-10-01,nieob. uspraw.,58
4TRM,2021-10-04,nieobecność,1
4TRM,2021-10-04,obecność,117
4TRM,2021-10-05,obecność,134
4TRM,2021-10-06,obecność,141
4TRM,2021-10-06,nieobecność,16
4TRM,2021-10-07,nieob. uspraw.,25
4TRM,2021-10-08,obecność,147
4TRM,2021-10-11,nieob. uspraw.,24
4TRM,2021-10-12,nieob. uspraw.,30
4TRM,2021-10-13,nieobecność,21
4TRM,2021-10-13,obecność,112
4TRM,2021-10-13,spóźnienie,7
4TRM,2021-10-15,obecność,165
4TRM,2021-10-18,spóźnienie,9
4TRM,2021-10-18,obecność,94
4TRM,2021-10-19,nieobecność,11
4TRM,2021-10-19,obecność,108
4TRM,2021-10-19,spóźnienie,8
4TRM,2021-10-20,obecność,114
4TRM,2021-10-20,nieobecność,18
4TRM,2021-10-20,spóźnienie,5
4TRM,2021-10-21,obecność,115
4TRM,2021-10-22,obecność,139
4TRM,2021-10-25,obecność,125
4TRM,2021-10-26,obecność,132
4TRM,2021-10-27,obecność,104
4TRM,2021-10-27,nieobecność,17
4TRM,2021-10-28,obecność,127
4TRM,2021-10-29,nieobecność,27
4TRM,2021-10-29,obecność,103
4TRM,2021-11-02,nieob. uspraw.,15
4TRM,2021-11-03,nieob. uspraw.,14
4TRM,2021-11-04,obecność,136
4TRM,2021-11-05,spóźnienie,6
4TRM,2021-11-05,obecność,148
4TRM,2021-11-08,obecność,132
4TRM,2021-11-09,obecność,102
4TRM,2021-11-10,nieob. uspraw.,33
4TRM,2021-11-15,obecność,132
4TRM,2021-11-16,obecność,115
4TRM,2021-11-17,nieob. uspraw.,42
4TRM,2021-11-18,nieob. uspraw.,32
4TRM,2021-11-19,spóźnienie,8
4TRM,2021-11-19,obecność,81
4TRM,2021-11-19,nieobecność,30
4TRM,2021-11-22,nieob. uspraw.,7
4TRM,2021-11-23,obecność,90
4TRM,2021-11-23,nieobecność,7
4TRM,2021-11-24,nieob. uspraw.,24
4TRM,2021-11-25,obecność,97
4TRM,2021-11-26,obecność,57
4TRM,2021-11-26,nieobecność,24
4TRM,2021-11-29,obecność,66
4TRM,2021-11-30,obecność,109
4TRM,2021-12-01,nieob. uspraw.,43
4TRM,2021-12-02,obecność,81
4TRM,2021-12-02,nieobecność,11
4TRM,2021-12-03,obecność,116
4TRM,2021-12-03,nieobecność,9
4TRM,2021-12-06,obecność,108
4TRM,2021-12-07,nieob. uspraw.,44
4TRM,2021-12-08,obecność,105
4TRM,2021-12-08,nieobecność,14
4TRM,2021-12-09,nieob. uspraw.,48
4TRM,2021-12-10,obecność,109
4TRM,2021-12-13,nieob. uspraw.,45
4TRM,2021-12-14,obecność,97
4TRM,2021-12-14,nieobecność,36
4TRM,2021-12-15,nieobecność,68
4TRM,2021-12-15,obecność,63
4TRM,2021-12-16,nieobecność,58
4TRM,2021-12-17,obecność,47
4TRM,2021-12-17,nieobecność,86
4TRM,2021-12-20,nieobecność,41
4TRM,2021-12-21,nieobecność,27
4TRM,2021-12-21,nauka zdalna,130
4TRM,2021-12-22,nieobecność,38
4TRM,2021-12-22,nauka zdalna,112
4TRM,2022-01-03,nieobecność,23
4TRM,2022-01-03,nauka zdalna,114
4TRM,2022-01-04,nauka zdalna,124
4TRM,2022-01-04,nieobecność,27
4TRM,2022-01-05,nieob. uspraw.,21
4TRM,2022-01-10,obecność,175
4TRM,2022-01-11,obecność,175
4TRM,2022-01-12,nieobecność,20
4TRM,2022-01-12,obecność,134
4TRM,2022-01-13,nieob. uspraw.,34
4TRM,2022-01-14,obecność,120
4TRM,2022-01-14,nieobecność,20
4TRM,2022-01-17,obecność,122
4TRM,2022-01-18,obecność,138
4TRM,2022-01-19,obecność,109
4TRM,2022-01-19,nieobecność,24
4TRM,2022-01-20,nieob. uspraw.,42
4TRM,2022-01-21,nieob. uspraw.,110
4TRM,2022-01-24,nieobecność,85
4TRM,2022-01-25,nieob. uspraw.,60
4TRM,2022-01-26,nieob. uspraw.,15
4TRM,2022-01-27,nieob. uspraw.,21
4TRM,2022-01-28,nieobecność,44
4TRM,2022-02-14,nieob. uspraw.,26
4TRM,2022-02-15,nauka zdalna,125
4TRM,2022-02-15,nieobecność,23
4TRM,2022-02-16,nauka zdalna,137
4TRM,2022-02-16,nieobecność,27
4TRM,2022-02-17,nauka zdalna,104
4TRM,2022-02-17,nieobecność,40
4TRM,2022-02-18,nieobecność,36
4TRM,2022-02-21,obecność,129
4TRM,2022-02-21,nieobecność,22
4TRM,2022-02-22,obecność,135
4TRM,2022-02-23,obecność,162
4TRM,2022-02-24,obecność,140
4TRM,2022-02-24,nieobecność,18
4TRM,2022-02-25,nieobecność,34
4TRM,2022-02-28,obecność,94
4TRM,2022-02-28,nieobecność,14
4TRM,2022-03-01,obecność,117
4TRM,2022-03-02,obecność,124
4TRM,2022-03-03,nieob. uspraw.,32
4TRM,2022-03-04,nieob. uspraw.,49
4TRM,2022-03-07,obecność,117
4TRM,2022-03-08,obecność,128
4TRM,2022-03-09,nieob. uspraw.,18
4TRM,2022-03-10,nieobecność,8
4TRM,2022-03-10,obecność,137
4TRM,2022-03-11,spóźnienie,1
4TRM,2022-03-11,obecność,140
4TRM,2022-03-14,obecność,100
4TRM,2022-03-14,nieobecność,13
4TRM,2022-03-15,obecność,128
4TRM,2022-03-16,obecność,143
4TRM,2022-03-17,nieobecność,29
4TRM,2022-03-18,nieob. uspraw.,21
4TRM,2022-03-21,nieob. uspr. p.s.,14
4TRM,2022-03-21,obecność,70
4TRM,2022-03-22,obecność,122
4TRM,2022-03-23,nieob. uspraw.,24
4TRM,2022-03-24,obecność,154
4TRM,2022-03-24,nieobecność,44
4TRM,2022-03-25,nieobecność,33
4TRM,2022-03-25,obecność,112
4TRM,2022-03-28,obecność,89
4TRM,2022-03-29,nieob. uspraw.,44
4TRM,2022-03-30,nieob. uspraw.,46
4TRM,2022-03-31,nieob. uspraw.,14
4TRM,2022-04-01,nieob. uspraw.,50
4TRM,2022-04-04,nieob. uspraw.,66
4TRM,2022-04-05,nieob. uspraw.,45
4TRM,2022-04-06,nieob. uspraw.,60
4TRM,2022-04-07,obecność,132
4TRM,2022-04-07,nieobecność,44
4TRM,2022-04-08,nieob. uspraw.,115
4TRM,2022-04-11,nieob. uspraw.,30
4TRM,2022-04-12,nieob. uspraw.,83
4TRM,2022-04-13,nieob. uspraw.,66
4TRM,2022-04-20,nieobecność,152
4TRM,2022-04-21,nieobecność,150
4TRM,2022-04-22,nieobecność,150
4TRM,2022-04-25,nieobecność,148
4TRM,2022-04-26,nieobecność,161
4TRM,2022-04-27,obecność,60
4TRM,2022-04-27,nieobecność,115
4TRM,2022-04-28,nieobecność,152
4TRM,2022-04-28,obecność,7
4TRM,2022-04-29,nieobecność,125
4TRM,2022-04-29,obecność,50
4TRM,2021-09-02,nieob. uspraw.,30
4TRM,2021-09-17,nieobecność,34
4TRM,2021-09-20,obecność,99
4TRM,2021-09-22,nieob. uspraw.,34
4TRM,2021-09-23,nieob. uspraw.,28
4TRM,2021-09-27,nieob. uspraw.,66
4TRM,2021-09-28,nieob. uspraw.,24
4TRM,2021-09-29,nieob. uspraw.,21
4TRM,2021-09-30,nieob. uspraw.,18
4TRM,2021-10-04,nieob. uspraw.,30
4TRM,2021-10-06,nieob. uspraw.,24
4TRM,2021-10-07,spóźnienie,3
4TRM,2021-10-07,obecność,117
4TRM,2021-10-08,nieob. uspraw.,36
4TRM,2021-10-12,obecność,103
4TRM,2021-10-19,nieob. uspraw.,21
4TRM,2021-10-21,spóźnienie,3
4TRM,2021-10-26,nieob. uspraw.,12
4TRM,2021-10-27,nieob. uspraw.,33
4TRM,2021-10-28,nieob. uspraw.,18
4TRM,2021-11-02,obecność,129
4TRM,2021-11-03,obecność,134
4TRM,2021-11-04,nieobecność,5
4TRM,2021-11-09,nieobecność,8
4TRM,2021-11-10,obecność,131
4TRM,2021-11-18,obecność,66
4TRM,2021-11-19,nieob. uspraw.,56
4TRM,2021-11-22,obecność,97
4TRM,2021-11-24,obecność,71
4TRM,2021-11-24,nieobecność,42
4TRM,2021-12-01,obecność,104
4TRM,2021-12-07,obecność,102
4TRM,2021-12-09,obecność,91
4TRM,2021-12-16,obecność,61
4TRM,2022-01-03,nieob. uspraw.,12
4TRM,2022-01-13,obecność,129
4TRM,2022-01-26,nauka zdalna,77
4TRM,2022-01-27,nauka zdalna,116
4TRM,2022-01-28,nauka zdalna,97
4TRM,2022-02-18,nauka zdalna,116
4TRM,2022-02-25,obecność,125
4TRM,2022-03-01,nieobecność,6
4TRM,2022-03-02,nieobecność,14
4TRM,2022-03-03,obecność,110
4TRM,2022-03-03,nieobecność,17
4TRM,2022-03-04,obecność,111
4TRM,2022-03-09,obecność,118
4TRM,2022-03-09,nieobecność,13
4TRM,2022-03-14,nieob. uspraw.,43
4TRM,2022-03-16,nieobecność,25
4TRM,2022-03-17,obecność,104
4TRM,2022-03-18,obecność,106
4TRM,2022-03-21,nieob. uspraw.,54
4TRM,2022-03-23,obecność,114
4TRM,2022-03-29,obecność,106
4TRM,2022-03-29,nieobecność,7
4TRM,2022-03-30,obecność,100
4TRM,2022-03-30,nieobecność,19
4TRM,2022-03-31,obecność,154
4TRM,2022-04-04,obecność,84
4TRM,2022-04-05,obecność,101
4TRM,2022-04-06,obecność,59
4TRM,2022-04-06,nieobecność,31
4TRM,2022-04-13,obecność,20
4TRM,2022-04-13,nieobecność,74
4TRM,2022-04-21,obecność,9
4TRM,2022-04-25,obecność,9
4TRM,2021-09-08,spóźnienie,2
4TRM,2021-09-09,nieob. uspraw.,56
4TRM,2021-09-13,obecność,87
4TRM,2021-09-14,obecność,104
4TRM,2021-09-14,nieobecność,10
4TRM,2021-09-16,obecność,88
4TRM,2021-09-17,obecność,74
4TRM,2021-09-21,obecność,94
4TRM,2021-10-01,obecność,107
4TRM,2021-10-11,obecność,115
4TRM,2021-10-22,nieobecność,8
4TRM,2021-11-10,nieobecność,7
4TRM,2021-11-16,nieob. uspraw.,24
4TRM,2021-11-17,obecność,116
4TRM,2021-11-23,spóźnienie,3
4TRM,2021-12-01,nieobecność,8
4TRM,2021-12-02,nieob. uspraw.,40
4TRM,2021-12-08,spóźnienie,4
4TRM,2021-12-10,nieob. uspraw.,61
4TRM,2021-12-13,nieobecność,14
4TRM,2021-12-13,obecność,65
4TRM,2021-12-14,spóźnienie,5
4TRM,2022-01-05,nauka zdalna,119
4TRM,2022-01-13,spóźnienie,4
4TRM,2022-01-18,nieob. uspraw.,13
4TRM,2022-01-20,obecność,113
4TRM,2022-01-26,nieobecność,33
4TRM,2022-01-27,nieobecność,38
4TRM,2022-02-14,nieobecność,9
4TRM,2022-02-14,nauka zdalna,112
4TRM,2022-02-18,nieob. uspraw.,23
4TRM,2022-03-11,nieobecność,14
4TRM,2022-03-18,nieobecność,20
4TRM,2022-03-25,nieob. uspraw.,21
4TRM,2022-04-11,nieobecność,85
4TRM,2022-04-11,obecność,35
4TRM,2021-09-08,nieobecność,10
4TRM,2021-09-15,nieobecność,9
4TRM,2021-09-16,nieobecność,3
4TRM,2021-09-21,nieobecność,14
4TRM,2021-09-22,nieobecność,16
4TRM,2021-09-24,obecność,69
4TRM,2021-09-24,spóźnienie,4
4TRM,2021-09-24,nieobecność,9
4TRM,2021-09-30,nieobecność,19
4TRM,2021-10-05,nieobecność,7
4TRM,2021-10-07,nieobecność,3
4TRM,2021-10-08,nieobecność,1
4TRM,2021-10-11,nieobecność,9
4TRM,2021-10-15,nieobecność,19
4TRM,2021-10-18,nieobecność,11
4TRM,2021-10-21,nieobecność,6
4TRM,2021-10-25,nieobecność,4
4TRM,2021-10-26,nieobecność,4
4TRM,2021-10-28,nieobecność,3
4TRM,2021-10-29,nieob. uspraw.,53
4TRM,2021-11-02,nieobecność,5
4TRM,2021-11-03,nieobecność,6
4TRM,2021-11-05,nieobecność,23
4TRM,2021-11-16,nieobecność,11
4TRM,2021-11-17,nieobecność,7
4TRM,2021-11-18,nieobecność,2
4TRM,2021-11-22,nieobecność,10
4TRM,2021-11-23,nauka zdalna,32
4TRM,2021-11-24,nauka zdalna,45
4TRM,2021-11-25,nauka zdalna,26
4TRM,2021-11-26,nauka zdalna,68
4TRM,2021-11-29,nauka zdalna,38
4TRM,2021-11-29,nieobecność,2
4TRM,2021-12-01,spóźnienie,2
4TRM,2021-12-07,nieobecność,4
4TRM,2021-12-08,nieob. uspraw.,34
4TRM,2021-12-10,nieobecność,14
4TRM,2021-12-20,spóźnienie,1
4TRM,2022-01-05,nieobecność,35
4TRM,2022-01-14,nieob. uspraw.,26
4TRM,2022-01-17,nieobecność,8
4TRM,2022-01-18,nieobecność,7
4TRM,2022-01-21,nieobecność,31
4TRM,2022-01-25,nieobecność,51
4TRM,2022-01-25,obecność,48
4TRM,2022-02-22,nieobecność,15
4TRM,2022-02-28,nieob. uspraw.,49
4TRM,2022-03-01,nieob. uspraw.,34
4TRM,2022-03-04,nieobecność,15
4TRM,2022-03-08,nieobecność,11
4TRM,2022-03-15,nieobecność,10
4TRM,2022-03-21,nieobecność,12
4TRM,2022-03-22,nieobecność,13
4TRM,2022-03-28,nieob. uspraw.,48
4TRM,2022-03-31,nieobecność,7
4TRM,2022-04-01,obecność,84
4TRM,2022-04-05,nieobecność,10
4TRM,2022-04-08,nieobecność,29
4TRM,2022-04-12,nieobecność,63
4TRM,2022-04-22,obecność,25
4TRM,2021-09-20,nieobecność,6
4TRM,2021-10-20,nieob. uspraw.,20
4TRM,2021-11-04,nieob. uspraw.,7
4TRM,2021-12-16,nieob. uspraw.,29
4TRM,2021-12-17,nieob. uspraw.,51
4TRM,2021-12-20,nauka zdalna,80
4TRM,2022-01-12,nieob. uspraw.,21
4TRM,2022-02-14,obecność,10
4TRM,2022-02-15,nieob. uspraw.,11
4TRM,2022-02-16,nieob. uspraw.,10
4TRM,2022-02-17,nieob. uspraw.,15
4TRM,2022-02-23,nieobecność,2
4TRM,2022-03-07,nieobecność,6
4TRM,2021-09-02,nieobecność,2
4TRM,2021-09-13,nieobecność,13
4TRM,2021-09-15,obecność,83
4TRM,2021-10-05,nieob. uspraw.,6
4TRM,2021-11-25,nieobecność,7
4TRM,2021-11-29,nieob. uspraw.,35
4TRM,2021-12-15,nieob. uspraw.,26
4TRM,2022-01-04,nieob. uspraw.,6
4TRM,2022-01-24,nieob. uspraw.,40
4TRM,2022-02-22,nieob. uspraw.,9
4TRM,2022-03-02,nieob. uspraw.,37
4TRM,2022-03-17,nieob. uspraw.,26
4TRM,2021-09-01,nieob. uspraw.,21
4TRM,2021-09-03,nieob. uspraw.,38
4TRM,2021-09-15,spóźnienie,6
4TRM,2021-10-01,nieobecność,19
4TRM,2021-10-12,nieobecność,12
4TRM,2021-11-03,spóźnienie,3
4TRM,2021-11-08,nieobecność,2
4TRM,2021-11-22,nauka zdalna,27
4TRM,2021-11-30,nieobecność,5
4TRM,2021-12-09,nieobecność,9
4TRM,2021-12-21,spóźnienie,2
4TRM,2022-01-04,spóźnienie,2
4TRM,2022-01-17,nieob. uspraw.,19
4TRM,2022-01-20,nieobecność,20
4TRM,2022-03-01,spóźnienie,2
4TRM,2022-03-07,nieob. uspraw.,34
4TRM,2022-03-08,nieob. uspraw.,20
4TRM,2022-03-10,nieob. uspraw.,14
4TRM,2022-03-11,nieob. uspraw.,14
4TRM,2022-03-14,spóźnienie,1
4TRM,2022-03-15,spóźnienie,8
4TRM,2022-03-28,nieobecność,12
4TRM,2021-09-08,nieob. uspr. p.s.,12
4TRM,2021-09-09,nieob. uspr. p.s.,44
4TRM,2021-10-19,nieob. uspr. p.s.,2
4TRM,2021-11-30,nieob. uspraw.,36
4TRM,2021-12-03,nieob. uspraw.,59
4TRM,2021-12-14,nieob. uspraw.,12
4TRM,2022-01-03,spóźnienie,1
4TRM,2022-01-17,spóźnienie,1
4TRM,2022-01-19,nieob. uspraw.,17
4TRM,2022-02-25,nieob. uspraw.,16
4TRM,2022-03-16,nieob. uspraw.,7
4TRM,2022-04-20,obecność,23
4TRM,2022-04-26,obecność,7
4TRM,2021-09-06,nieob. uspraw.,5
4TRM,2021-09-07,nieob. uspraw.,16
4TRM,2021-09-20,spóźnienie,1
4TRM,2021-09-23,nieobecność,8
4TRM,2021-10-13,nieob. uspraw.,12
4TRM,2021-10-21,nieob. uspraw.,8
4TRM,2021-10-27,spóźnienie,3
4TRM,2021-10-29,spóźnienie,1
4TRM,2021-11-15,nieob. uspraw.,18
4TRM,2022-03-24,spóźnienie,2
4TRM,2022-04-08,obecność,3
4TRM,2021-10-05,nieob. uspr. p.s.,1
4TRM,2021-10-11,nieob. uspr. p.s.,2
4TRM,2021-10-12,nieob. uspr. p.s.,4
4TRM,2021-10-13,nieob. uspr. p.s.,5
4TRM,2021-11-08,nieob. uspraw.,16
4TRM,2021-11-26,nieob. uspraw.,35
4TRM,2021-12-06,nieob. uspraw.,36
4TRM,2021-09-29,nieob. uspr. p.s.,1
4TRM,2021-11-10,nieob. uspr. p.s.,2
4TRM,2021-12-20,nieob. uspraw.,3
4TRM,2022-04-07,nieob. uspraw.,24
4TRM,2022-04-08,nieob. uspr. p.s.,19
4TRM,2022-04-13,nieob. uspr. p.s.,6
4TRM,2021-09-03,nieob. uspr. p.s.,7
4TRM,2021-09-06,nieob. uspr. p.s.,4
4TRM,2021-10-18,nieob. uspraw.,36
4TRM,2021-11-09,nieob. uspraw.,15
4TRM,2022-02-23,nieob. uspraw.,9
4TRM,2022-03-11,nieob. uspr. p.s.,6
4TRM,2022-03-18,nieob. uspr. p.s.,28
4TRM,2022-03-22,nieob. uspraw.,24
4TRM,2022-04-12,obecność,13
4TRM,2021-09-06,spóźnienie,3
4TRM,2021-10-04,spóźnienie,2
4TRM,2021-10-22,nieob. uspraw.,28
4TRM,2021-10-25,spóźnienie,3
4TRM,2021-11-05,nieob. uspraw.,7
4TRM,2022-03-23,spóźnienie,3
4TRM,2022-03-29,spóźnienie,2
4TRM,2022-04-05,spóźnienie,3
4TRM,2021-09-01,nieobecność,7
4TRM,2021-09-09,nieobecność,19
4TRM,2021-09-02,nieob. uspr. p.s.,1
4TRM,2021-10-25,nieob. uspraw.,18
4TRM,2022-02-21,nieob. uspraw.,6
4TRM,2022-02-24,nieob. uspraw.,1
4TRM,2022-04-01,spóźnienie,1
4TRM,2022-01-13,nieobecność,8
4TRM,2021-11-25,nieob. uspraw.,18
4TRM,2022-02-16,zwolniony,1
4TRM,2022-03-09,spóźnienie,1
4TRM,2022-03-15,nieob. uspraw.,13
4TRM,2022-03-23,nieobecność,9
4TRM,2022-03-30,spóźnienie,1
4TRM,2021-09-07,spóźnienie,1
4TRM,2021-12-13,spóźnienie,1
4TRM,2022-03-28,spóźnienie,1
4TRM,2021-10-05,spóźnienie,2
4TRM,2021-10-26,spóźnienie,2
4TRM,2021-12-06,nieobecność,6
4TRM,2022-02-23,spóźnienie,2
4TRM,2022-04-01,nieobecność,6
4TRM,2021-10-12,spóźnienie,1
4TRM,2021-11-02,spóźnienie,1
4TRM,2021-11-17,spóźnienie,1
4TRM,2022-01-18,spóźnienie,1
4TRM,2021-10-06,spóźnienie,1
4TŻ,2021-09-01,obecność,160
4TŻ,2021-09-02,nieob. uspr. p.s.,5
4TŻ,2021-09-02,obecność,109
4TŻ,2021-09-03,obecność,113
4TŻ,2021-09-06,nieob. uspr. p.s.,3
4TŻ,2021-09-07,nieob. uspr. p.s.,15
4TŻ,2021-09-08,nieob. uspr. p.s.,30
4TŻ,2021-09-08,obecność,114
4TŻ,2021-09-09,nieob. uspr. p.s.,60
4TŻ,2021-09-13,nieob. uspr. p.s.,24
4TŻ,2021-09-14,nieob. uspr. p.s.,12
4TŻ,2021-09-15,nieob. uspr. p.s.,24
4TŻ,2021-09-16,nieob. uspr. p.s.,18
4TŻ,2021-09-17,nieob. uspr. p.s.,21
4TŻ,2021-09-20,obecność,129
4TŻ,2021-09-21,obecność,86
4TŻ,2021-09-21,zwolniony,2
4TŻ,2021-09-22,nieob. uspraw.,22
4TŻ,2021-09-23,nieob. uspraw.,6
4TŻ,2021-09-24,nieob. uspraw.,34
4TŻ,2021-09-27,nieob. uspraw.,30
4TŻ,2021-09-28,obecność,93
4TŻ,2021-09-29,obecność,138
4TŻ,2021-09-30,obecność,106
4TŻ,2021-10-01,obecność,80
4TŻ,2021-10-04,obecność,142
4TŻ,2021-10-04,spóźnienie,5
4TŻ,2021-10-05,nieobecność,7
4TŻ,2021-10-05,obecność,87
4TŻ,2021-10-06,obecność,136
4TŻ,2021-10-07,obecność,110
4TŻ,2021-10-07,nieobecność,3
4TŻ,2021-10-08,obecność,122
4TŻ,2021-10-08,spóźnienie,2
4TŻ,2021-10-11,obecność,114
4TŻ,2021-10-11,nieobecność,3
4TŻ,2021-10-12,nieob. uspraw.,30
4TŻ,2021-10-13,obecność,123
4TŻ,2021-10-15,obecność,112
4TŻ,2021-10-18,nieob. uspraw.,32
4TŻ,2021-10-19,obecność,64
4TŻ,2021-10-19,nieob. uspr. p.s.,2
4TŻ,2021-10-20,obecność,117
4TŻ,2021-10-21,obecność,83
4TŻ,2021-10-21,nieobecność,7
4TŻ,2021-10-22,obecność,92
4TŻ,2021-10-25,obecność,131
4TŻ,2021-10-25,spóźnienie,1
4TŻ,2021-10-26,nieobecność,16
4TŻ,2021-10-27,obecność,133
4TŻ,2021-10-28,nieob. uspr. p.s.,3
4TŻ,2021-10-28,obecność,103
4TŻ,2021-10-29,nieobecność,29
4TŻ,2021-11-02,obecność,75
4TŻ,2021-11-03,obecność,114
4TŻ,2021-11-04,obecność,100
4TŻ,2021-11-05,obecność,131
4TŻ,2021-11-05,nieobecność,25
4TŻ,2021-11-08,nieob. uspraw.,25
4TŻ,2021-11-09,nieobecność,2
4TŻ,2021-11-09,obecność,98
4TŻ,2021-11-10,obecność,148
4TŻ,2021-11-15,obecność,138
4TŻ,2021-11-16,nieobecność,10
4TŻ,2021-11-16,obecność,84
4TŻ,2021-11-17,nieobecność,2
4TŻ,2021-11-17,obecność,120
4TŻ,2021-11-18,obecność,85
4TŻ,2021-11-19,obecność,133
4TŻ,2021-11-19,nieobecność,3
4TŻ,2021-11-22,obecność,129
4TŻ,2021-11-22,nieob. uspraw.,29
4TŻ,2021-11-23,nieob. uspraw.,29
4TŻ,2021-11-24,obecność,128
4TŻ,2021-11-25,obecność,100
4TŻ,2021-11-26,nieob. uspraw.,34
4TŻ,2021-11-29,nieob. uspraw.,41
4TŻ,2021-11-29,obecność,119
4TŻ,2021-11-30,obecność,95
4TŻ,2021-12-01,nieobecność,2
4TŻ,2021-12-01,obecność,114
4TŻ,2021-12-02,obecność,53
4TŻ,2021-12-02,spóźnienie,2
4TŻ,2021-12-03,obecność,103
4TŻ,2021-12-06,nieobecność,14
4TŻ,2021-12-06,obecność,122
4TŻ,2021-12-07,nieob. uspraw.,12
4TŻ,2021-12-08,nieob. uspraw.,34
4TŻ,2021-12-09,nieob. uspraw.,15
4TŻ,2021-12-10,nieobecność,64
4TŻ,2021-12-13,nieobecność,84
4TŻ,2021-12-13,obecność,76
4TŻ,2021-12-14,nauka zdalna,48
4TŻ,2021-12-15,nieobecność,8
4TŻ,2021-12-16,nauka zdalna,72
4TŻ,2021-12-17,nieobecność,19
4TŻ,2021-12-17,nauka zdalna,81
4TŻ,2021-12-20,nauka zdalna,99
4TŻ,2021-12-21,nauka zdalna,81
4TŻ,2021-12-22,nauka zdalna,109
4TŻ,2022-01-03,nauka zdalna,137
4TŻ,2022-01-04,nauka zdalna,79
4TŻ,2022-01-05,nieob. uspraw.,11
4TŻ,2022-01-05,nauka zdalna,140
4TŻ,2022-01-10,obecność,20
4TŻ,2022-01-11,obecność,20
4TŻ,2022-01-12,nieob. uspraw.,22
4TŻ,2022-01-12,obecność,119
4TŻ,2022-01-13,nieobecność,24
4TŻ,2022-01-13,obecność,126
4TŻ,2022-01-14,obecność,104
4TŻ,2022-01-14,nieobecność,10
4TŻ,2022-01-17,nieob. uspraw.,21
4TŻ,2022-01-18,obecność,89
4TŻ,2022-01-19,obecność,115
4TŻ,2022-01-19,nieob. uspraw.,17
4TŻ,2022-01-20,nieob. uspraw.,21
4TŻ,2022-01-21,nieobecność,96
4TŻ,2022-01-24,nieobecność,125
4TŻ,2022-01-25,nieobecność,41
4TŻ,2022-01-26,nauka zdalna,71
4TŻ,2022-01-27,nauka zdalna,73
4TŻ,2022-01-28,nauka zdalna,54
4TŻ,2022-02-14,nauka zdalna,128
4TŻ,2022-02-15,nauka zdalna,66
4TŻ,2022-02-16,nauka zdalna,125
4TŻ,2022-02-17,nauka zdalna,141
4TŻ,2022-02-18,nauka zdalna,122
4TŻ,2022-02-21,obecność,133
4TŻ,2022-02-22,nieobecność,9
4TŻ,2022-02-22,obecność,91
4TŻ,2022-02-23,obecność,139
4TŻ,2022-02-23,nieob. uspraw.,12
4TŻ,2022-02-24,nieobecność,27
4TŻ,2022-02-24,obecność,99
4TŻ,2022-02-25,obecność,79
4TŻ,2022-02-25,nieob. uspraw.,40
4TŻ,2022-02-28,obecność,110
4TŻ,2022-03-01,nieobecność,11
4TŻ,2022-03-01,obecność,97
4TŻ,2022-03-02,obecność,113
4TŻ,2022-03-02,zwolniony,2
4TŻ,2022-03-03,obecność,117
4TŻ,2022-03-03,nieob. uspr. p.s.,4
4TŻ,2022-03-04,obecność,125
4TŻ,2022-03-04,nieobecność,12
4TŻ,2022-03-07,nieobecność,10
4TŻ,2022-03-07,obecność,123
4TŻ,2022-03-08,nieob. uspraw.,54
4TŻ,2022-03-09,obecność,87
4TŻ,2022-03-10,obecność,108
4TŻ,2022-03-10,nieob. uspr. p.s.,2
4TŻ,2022-03-10,nieob. uspraw.,36
4TŻ,2022-03-11,obecność,103
4TŻ,2022-03-14,obecność,104
4TŻ,2022-03-15,obecność,93
4TŻ,2022-03-15,nieob. uspr. p.s.,1
4TŻ,2022-03-16,obecność,110
4TŻ,2022-03-16,nieob. uspr. p.s.,1
4TŻ,2022-03-17,nieobecność,17
4TŻ,2022-03-17,obecność,126
4TŻ,2022-03-17,nieob. uspraw.,10
4TŻ,2022-03-18,nieob. uspraw.,21
4TŻ,2022-03-21,nieobecność,144
4TŻ,2022-03-22,obecność,126
4TŻ,2022-03-23,obecność,120
4TŻ,2022-03-24,obecność,74
4TŻ,2022-03-24,nieobecność,31
4TŻ,2022-03-25,obecność,69
4TŻ,2022-03-25,spóźnienie,3
4TŻ,2022-03-25,nieobecność,13
4TŻ,2022-03-28,obecność,150
4TŻ,2022-03-29,nieob. uspraw.,21
4TŻ,2022-03-30,obecność,117
4TŻ,2022-03-31,obecność,117
4TŻ,2022-04-01,nieob. uspraw.,32
4TŻ,2022-04-04,obecność,136
4TŻ,2022-04-05,nieob. uspr. p.s.,49
4TŻ,2022-04-06,nieob. uspraw.,16
4TŻ,2022-04-07,obecność,116
4TŻ,2022-04-08,nieob. uspr. p.s.,9
4TŻ,2022-04-08,obecność,63
4TŻ,2022-04-08,zwolniony,5
4TŻ,2022-04-11,obecność,123
4TŻ,2022-04-12,nieob. uspraw.,20
4TŻ,2022-04-13,nieob. uspraw.,71
4TŻ,2022-04-20,nieobecność,112
4TŻ,2022-04-21,nieobecność,132
4TŻ,2022-04-22,nieobecność,80
4TŻ,2022-04-22,obecność,53
4TŻ,2022-04-25,nieobecność,114
4TŻ,2022-04-26,nieobecność,89
4TŻ,2022-04-27,nieobecność,124
4TŻ,2022-04-27,obecność,9
4TŻ,2022-04-28,nieobecność,127
4TŻ,2022-04-29,obecność,133
4TŻ,2021-09-06,obecność,135
4TŻ,2021-09-07,obecność,75
4TŻ,2021-09-09,obecność,50
4TŻ,2021-09-13,obecność,109
4TŻ,2021-09-14,nieob. uspraw.,8
4TŻ,2021-09-15,obecność,124
4TŻ,2021-09-16,obecność,85
4TŻ,2021-09-17,obecność,105
4TŻ,2021-09-22,obecność,91
4TŻ,2021-09-23,obecność,112
4TŻ,2021-09-24,obecność,122
4TŻ,2021-09-27,obecność,129
4TŻ,2021-10-12,obecność,67
4TŻ,2021-10-18,obecność,120
4TŻ,2021-10-26,obecność,79
4TŻ,2021-10-29,obecność,111
4TŻ,2021-11-08,obecność,127
4TŻ,2021-11-23,obecność,66
4TŻ,2021-11-26,obecność,104
4TŻ,2021-12-07,obecność,100
4TŻ,2021-12-15,nauka zdalna,29
4TŻ,2022-01-17,obecność,110
4TŻ,2022-01-24,obecność,15
4TŻ,2022-01-25,obecność,59
4TŻ,2022-02-15,nieobecność,8
4TŻ,2022-02-25,nieobecność,21
4TŻ,2022-02-28,nieob. uspraw.,23
4TŻ,2022-03-01,nieob. uspraw.,12
4TŻ,2022-03-03,zwolniony,9
4TŻ,2022-03-08,nieob. uspr. p.s.,1
4TŻ,2022-03-08,obecność,59
4TŻ,2022-03-18,obecność,96
4TŻ,2022-03-29,obecność,103
4TŻ,2022-04-05,obecność,57
4TŻ,2022-04-06,obecność,135
4TŻ,2022-04-12,obecność,74
4TŻ,2022-04-20,obecność,21
4TŻ,2022-04-21,obecność,15
4TŻ,2022-04-25,obecność,19
4TŻ,2021-09-14,obecność,56
4TŻ,2021-09-17,nieob. uspraw.,14
4TŻ,2021-09-20,nieob. uspraw.,29
4TŻ,2021-09-21,nieob. uspraw.,10
4TŻ,2021-10-22,nieob. uspr. p.s.,10
4TŻ,2021-12-08,obecność,114
4TŻ,2022-01-04,nieob. uspraw.,14
4TŻ,2022-01-13,nieob. uspraw.,9
4TŻ,2022-01-20,obecność,103
4TŻ,2022-01-21,obecność,4
4TŻ,2022-03-03,nieob. uspraw.,16
4TŻ,2022-03-07,nieob. uspraw.,7
4TŻ,2022-03-14,nieob. uspraw.,28
4TŻ,2022-03-23,nieob. uspraw.,28
4TŻ,2022-03-30,nieob. uspr. p.s.,2
4TŻ,2022-04-01,obecność,44
4TŻ,2022-04-05,nieob. uspraw.,27
4TŻ,2022-04-07,nieob. uspraw.,15
4TŻ,2022-04-26,obecność,25
4TŻ,2021-09-13,nieob. uspraw.,24
4TŻ,2021-10-15,nieobecność,48
4TŻ,2021-10-18,nieobecność,3
4TŻ,2021-10-19,nieob. uspraw.,30
4TŻ,2021-10-22,nieobecność,10
4TŻ,2021-11-04,nieob. uspraw.,12
4TŻ,2021-11-30,nieob. uspraw.,24
4TŻ,2021-12-09,obecność,71
4TŻ,2021-12-10,obecność,56
4TŻ,2022-01-12,nieobecność,18
4TŻ,2022-03-10,nieobecność,13
4TŻ,2022-03-18,zwolniony,6
4TŻ,2022-04-13,obecność,80
4TŻ,2021-09-02,nieob. uspraw.,6
4TŻ,2021-09-03,zwolniony,1
4TŻ,2021-09-06,zwolniony,1
4TŻ,2021-09-07,nieob. uspraw.,10
4TŻ,2021-09-09,nieob. uspraw.,10
4TŻ,2021-09-13,nieobecność,3
4TŻ,2021-09-14,nieobecność,4
4TŻ,2021-09-16,nieobecność,1
4TŻ,2021-09-23,zwolniony,2
4TŻ,2021-09-24,spóźnienie,4
4TŻ,2021-09-29,nieobecność,2
4TŻ,2021-09-30,nieobecność,1
4TŻ,2021-10-04,nieob. uspraw.,11
4TŻ,2021-10-06,nieob. uspraw.,16
4TŻ,2021-10-08,nieob. uspraw.,32
4TŻ,2021-10-11,spóźnienie,1
4TŻ,2021-10-12,nieobecność,3
4TŻ,2021-10-13,nieob. uspraw.,32
4TŻ,2021-10-20,nieob. uspraw.,32
4TŻ,2021-10-21,nieob. uspraw.,30
4TŻ,2021-10-22,nieob. uspraw.,48
4TŻ,2021-10-27,nieobecność,16
4TŻ,2021-10-28,nieobecność,13
4TŻ,2021-11-04,nieobecność,6
4TŻ,2021-11-10,nieobecność,10
4TŻ,2021-11-17,nieob. uspraw.,36
4TŻ,2021-11-22,nieobecność,2
4TŻ,2021-11-23,nieobecność,5
4TŻ,2021-11-24,nieobecność,13
4TŻ,2021-11-25,nieobecność,8
4TŻ,2021-11-26,nieobecność,22
4TŻ,2021-12-01,nieob. uspraw.,42
4TŻ,2021-12-03,nieobecność,9
4TŻ,2021-12-07,nieobecność,8
4TŻ,2021-12-09,nieobecność,14
4TŻ,2021-12-16,nieobecność,28
4TŻ,2021-12-22,nieobecność,4
4TŻ,2022-01-03,nieobecność,9
4TŻ,2022-01-17,nieobecność,9
4TŻ,2022-01-18,spóźnienie,1
4TŻ,2022-01-26,nieobecność,29
4TŻ,2022-02-15,nieob. uspraw.,26
4TŻ,2022-02-18,nieob. uspraw.,10
4TŻ,2022-02-24,nieob. uspraw.,34
4TŻ,2022-03-02,nieob. uspraw.,7
4TŻ,2022-03-03,nieobecność,13
4TŻ,2022-03-11,nieobecność,8
4TŻ,2022-03-15,nieobecność,14
4TŻ,2022-03-16,nieob. uspraw.,7
4TŻ,2022-03-18,nieobecność,14
4TŻ,2022-03-29,nieobecność,2
4TŻ,2022-04-08,nieobecność,1
4TŻ,2022-04-11,nieobecność,3
4TŻ,2022-04-28,obecność,25
4TŻ,2021-09-20,spóźnienie,2
4TŻ,2021-09-21,spóźnienie,2
4TŻ,2021-09-27,spóźnienie,1
4TŻ,2021-09-29,nieob. uspraw.,16
4TŻ,2021-09-30,nieob. uspraw.,12
4TŻ,2021-10-01,nieob. uspraw.,20
4TŻ,2021-10-07,nieob. uspraw.,6
4TŻ,2021-10-11,nieob. uspraw.,40
4TŻ,2021-10-18,zwolniony,3
4TŻ,2021-10-25,nieob. uspraw.,16
4TŻ,2021-10-28,spóźnienie,1
4TŻ,2021-11-02,nieob. uspraw.,20
4TŻ,2021-11-04,spóźnienie,2
4TŻ,2021-11-15,spóźnienie,2
4TŻ,2021-11-16,nieob. uspraw.,6
4TŻ,2021-11-18,nieob. uspraw.,10
4TŻ,2021-11-24,nieob. uspraw.,16
4TŻ,2021-11-25,nieob. uspraw.,12
4TŻ,2021-12-02,nieob. uspraw.,18
4TŻ,2021-12-02,nieobecność,7
4TŻ,2021-12-14,nieobecność,12
4TŻ,2021-12-21,nieob. uspraw.,13
4TŻ,2022-01-20,nieobecność,15
4TŻ,2022-01-27,nieobecność,26
4TŻ,2022-01-28,nieobecność,6
4TŻ,2022-02-14,nieobecność,10
4TŻ,2022-02-16,nieob. uspraw.,6
4TŻ,2022-02-17,nieob. uspraw.,11
4TŻ,2022-03-09,nieob. uspraw.,24
4TŻ,2022-03-11,nieob. uspraw.,28
4TŻ,2022-03-15,nieob. uspraw.,12
4TŻ,2022-03-18,spóźnienie,1
4TŻ,2022-03-23,nieobecność,3
4TŻ,2022-03-24,nieob. uspraw.,28
4TŻ,2022-03-30,nieob. uspraw.,32
4TŻ,2022-03-31,nieob. uspraw.,16
4TŻ,2022-04-08,nieob. uspraw.,16
4TŻ,2021-10-26,nieob. uspraw.,5
4TŻ,2021-11-02,nieobecność,5
4TŻ,2021-11-19,nieob. uspraw.,24
4TŻ,2021-12-03,nieob. uspraw.,48
4TŻ,2021-12-06,nieob. uspraw.,24
4TŻ,2021-12-20,nieob. uspraw.,9
4TŻ,2021-12-22,nieob. uspraw.,6
4TŻ,2022-01-04,spóźnienie,1
4TŻ,2022-03-02,nieob. uspr. p.s.,10
4TŻ,2022-03-04,nieob. uspr. p.s.,2
4TŻ,2022-03-16,zwolniony,14
4TŻ,2022-03-17,zwolniony,7
4TŻ,2022-03-22,nieob. uspraw.,7
4TŻ,2022-03-25,nieob. uspraw.,9
4TŻ,2022-04-04,nieob. uspraw.,16
4TŻ,2022-04-11,nieob. uspraw.,25
4TŻ,2021-10-19,nieobecność,4
4TŻ,2021-10-18,spóźnienie,2
4TŻ,2021-10-25,nieobecność,12
4TŻ,2022-03-10,zwolniony,1
4TŻ,2021-09-03,nieob. uspraw.,6
4TŻ,2021-12-20,obecność,5
4TŻ,2021-09-22,nieobecność,6
4TŻ,2021-09-28,nieobecność,2
4TŻ,2021-09-30,zwolniony,1
4TŻ,2021-10-05,nieob. uspraw.,5
4TŻ,2021-10-06,zwolniony,2
4TŻ,2021-10-08,nieobecność,1
4TŻ,2021-10-13,spóźnienie,3
4TŻ,2021-10-20,nieobecność,9
4TŻ,2021-10-27,nieob. uspraw.,8
4TŻ,2021-11-08,nieob. uspr. p.s.,8
4TŻ,2021-12-08,nieobecność,10
4TŻ,2022-01-03,nieob. uspraw.,14
4TŻ,2022-01-05,nieobecność,8
4TŻ,2022-02-14,nieob. uspraw.,22
4TŻ,2022-03-03,spóźnienie,1
4TŻ,2022-03-21,obecność,8
4TŻ,2022-03-29,nieob. uspr. p.s.,7
4TŻ,2022-04-11,spóźnienie,1
4TŻ,2021-11-03,nieob. uspraw.,6
4TŻ,2022-01-18,nieob. uspraw.,5
4TŻ,2022-04-12,nieobecność,1
4TŻ,2021-10-04,nieob. uspr. p.s.,1
4TŻ,2021-10-05,nieob. uspr. p.s.,1
4TŻ,2021-10-07,zwolniony,1
4TŻ,2021-10-08,zwolniony,3
4TŻ,2021-10-11,nieob. uspr. p.s.,2
4TŻ,2021-11-05,nieob. uspraw.,4
4TŻ,2022-04-21,nieob. uspr. p.s.,5
4TŻ,2021-09-15,nieob. uspraw.,10
4TŻ,2021-09-28,nieob. uspraw.,5
4TŻ,2021-10-04,nieobecność,1
4TŻ,2021-10-06,nieobecność,2
4TŻ,2021-11-18,nieobecność,5
4TŻ,2021-12-20,nieobecność,7
4TŻ,2021-12-21,nieobecność,6
4TŻ,2022-01-04,nieobecność,6
4TŻ,2022-01-18,nieobecność,5
4TŻ,2022-01-19,nieobecność,7
4TŻ,2022-02-16,nieobecność,7
4TŻ,2022-02-17,nieobecność,8
4TŻ,2022-02-18,nieobecność,7
4TŻ,2022-02-21,nieobecność,7
4TŻ,2022-02-23,nieobecność,8
4TŻ,2022-02-28,nieobecność,7
4TŻ,2022-03-02,nieobecność,7
4TŻ,2022-03-08,nieobecność,6
4TŻ,2022-03-09,nieobecność,6
4TŻ,2022-03-14,nieobecność,7
4TŻ,2022-03-16,nieobecność,7
4TŻ,2021-09-08,nieob. uspraw.,8
4TŻ,2021-09-16,nieob. uspraw.,16
4TŻ,2022-01-14,nieob. uspraw.,6
4TŻ,2021-09-22,spóźnienie,1
4TŻ,2021-10-27,spóźnienie,1
4TŻ,2021-11-24,spóźnienie,1
4TŻ,2021-11-30,spóźnienie,1
4TŻ,2021-12-15,spóźnienie,1
4TŻ,2022-02-16,spóźnienie,1
4TŻ,2022-03-09,zwolniony,2
4TŻ,2022-03-14,zwolniony,1
4TŻ,2022-03-28,nieob. uspraw.,2
4TŻ,2022-04-07,nieobecność,2
4TŻ,2021-09-08,nieobecność,6
4TŻ,2021-09-29,nieob. uspr. p.s.,2
4TŻ,2021-10-06,nieob. uspr. p.s.,2
1RŻ5,2021-09-01,obecność,224
1RŻ5,2021-09-02,obecność,194
1RŻ5,2021-09-03,obecność,187
1RŻ5,2021-09-06,obecność,210
1RŻ5,2021-09-07,obecność,203
1RŻ5,2021-09-08,obecność,152
1RŻ5,2021-09-09,nieob. uspraw.,124
1RŻ5,2021-09-13,nieob. uspraw.,34
1RŻ5,2021-09-14,nieob. uspraw.,25
1RŻ5,2021-09-15,nieob. uspraw.,24
1RŻ5,2021-09-16,nieob. uspraw.,64
1RŻ5,2021-09-17,nieob. uspraw.,63
1RŻ5,2021-09-20,nieob. uspraw.,41
1RŻ5,2021-09-21,obecność,179
1RŻ5,2021-09-22,obecność,162
1RŻ5,2021-09-23,obecność,165
1RŻ5,2021-09-23,nieobecność,1
1RŻ5,2021-09-24,obecność,144
1RŻ5,2021-09-27,nieob. uspraw.,16
1RŻ5,2021-09-28,obecność,203
1RŻ5,2021-09-29,obecność,160
1RŻ5,2021-09-29,nieob. uspraw.,15
1RŻ5,2021-09-30,obecność,161
1RŻ5,2021-10-01,obecność,154
1RŻ5,2021-10-01,nieob. uspraw.,22
1RŻ5,2021-10-04,nieob. uspraw.,16
1RŻ5,2021-10-05,obecność,209
1RŻ5,2021-10-06,obecność,178
1RŻ5,2021-10-07,nieob. uspraw.,21
1RŻ5,2021-10-07,obecność,114
1RŻ5,2021-10-07,nieob. uspr. p.s.,47
1RŻ5,2021-10-08,obecność,153
1RŻ5,2021-10-11,nieob. uspraw.,44
1RŻ5,2021-10-12,nieob. uspraw.,16
1RŻ5,2021-10-13,nieob. uspraw.,7
1RŻ5,2021-10-15,obecność,101
1RŻ5,2021-10-15,nieob. uspraw.,43
1RŻ5,2021-10-18,obecność,182
1RŻ5,2021-10-18,nieob. uspraw.,17
1RŻ5,2021-10-19,nieob. uspraw.,17
1RŻ5,2021-10-20,obecność,162
1RŻ5,2021-10-21,obecność,153
1RŻ5,2021-10-21,nieob. uspraw.,20
1RŻ5,2021-10-22,obecność,132
1RŻ5,2021-10-25,obecność,169
1RŻ5,2021-10-25,nieob. uspraw.,34
1RŻ5,2021-10-25,zwolniony,4
1RŻ5,2021-10-26,obecność,207
1RŻ5,2021-10-27,nieob. uspraw.,7
1RŻ5,2021-10-28,obecność,170
1RŻ5,2021-10-28,nieob. uspraw.,4
1RŻ5,2021-10-29,obecność,175
1RŻ5,2021-11-02,nieobecność,3
1RŻ5,2021-11-02,obecność,180
1RŻ5,2021-11-03,obecność,165
1RŻ5,2021-11-03,nieobecność,2
1RŻ5,2021-11-04,nieob. uspraw.,20
1RŻ5,2021-11-05,obecność,167
1RŻ5,2021-11-08,obecność,189
1RŻ5,2021-11-08,nieob. uspraw.,27
1RŻ5,2021-11-09,obecność,200
1RŻ5,2021-11-10,obecność,126
1RŻ5,2021-11-15,obecność,178
1RŻ5,2021-11-15,nieob. uspraw.,27
1RŻ5,2021-11-16,obecność,206
1RŻ5,2021-11-17,obecność,170
1RŻ5,2021-11-18,obecność,157
1RŻ5,2021-11-19,obecność,127
1RŻ5,2021-11-22,nauka zdalna,79
1RŻ5,2021-11-22,obecność,116
1RŻ5,2021-11-23,nauka zdalna,111
1RŻ5,2021-11-24,nauka zdalna,68
1RŻ5,2021-11-25,nauka zdalna,54
1RŻ5,2021-11-25,nieob. uspraw.,13
1RŻ5,2021-11-26,obecność,80
1RŻ5,2021-11-26,nauka zdalna,70
1RŻ5,2021-11-29,nieob. uspraw.,32
1RŻ5,2021-11-30,obecność,208
1RŻ5,2021-12-01,obecność,149
1RŻ5,2021-12-02,obecność,149
1RŻ5,2021-12-03,obecność,156
1RŻ5,2021-12-03,nieobecność,9
1RŻ5,2021-12-06,obecność,164
1RŻ5,2021-12-07,obecność,191
1RŻ5,2021-12-08,obecność,161
1RŻ5,2021-12-09,obecność,144
1RŻ5,2021-12-10,obecność,89
1RŻ5,2021-12-10,nieobecność,3
1RŻ5,2021-12-13,obecność,158
1RŻ5,2021-12-14,obecność,99
1RŻ5,2021-12-15,obecność,75
1RŻ5,2021-12-16,obecność,74
1RŻ5,2021-12-17,nieobecność,10
1RŻ5,2021-12-20,nauka zdalna,141
1RŻ5,2021-12-21,nauka zdalna,106
1RŻ5,2021-12-21,nieobecność,12
1RŻ5,2021-12-22,nieobecność,9
1RŻ5,2021-12-22,nauka zdalna,139
1RŻ5,2022-01-03,nauka zdalna,158
1RŻ5,2022-01-03,nieobecność,16
1RŻ5,2022-01-04,nauka zdalna,177
1RŻ5,2022-01-05,nauka zdalna,152
1RŻ5,2022-01-10,obecność,160
1RŻ5,2022-01-10,nieobecność,13
1RŻ5,2022-01-11,obecność,204
1RŻ5,2022-01-12,obecność,142
1RŻ5,2022-01-13,obecność,170
1RŻ5,2022-01-13,nieobecność,16
1RŻ5,2022-01-14,obecność,138
1RŻ5,2022-01-17,obecność,178
1RŻ5,2022-01-18,obecność,216
1RŻ5,2022-01-19,obecność,163
1RŻ5,2022-01-20,obecność,204
1RŻ5,2022-01-21,obecność,160
1RŻ5,2022-01-24,obecność,146
1RŻ5,2022-01-25,obecność,149
1RŻ5,2022-01-26,nieob. uspraw.,40
1RŻ5,2022-01-27,nauka zdalna,167
1RŻ5,2022-01-28,nauka zdalna,141
1RŻ5,2022-02-14,nieob. uspraw.,22
1RŻ5,2022-02-15,nauka zdalna,180
1RŻ5,2022-02-16,nauka zdalna,136
1RŻ5,2022-02-17,nauka zdalna,171
1RŻ5,2022-02-18,nauka zdalna,112
1RŻ5,2022-02-21,obecność,178
1RŻ5,2022-02-22,obecność,207
1RŻ5,2022-02-23,obecność,164
1RŻ5,2022-02-24,obecność,185
1RŻ5,2022-02-25,obecność,141
1RŻ5,2022-02-28,obecność,170
1RŻ5,2022-03-01,obecność,190
1RŻ5,2022-03-02,nieob. uspraw.,20
1RŻ5,2022-03-03,obecność,181
1RŻ5,2022-03-03,nieobecność,10
1RŻ5,2022-03-04,obecność,117
1RŻ5,2022-03-04,nieob. uspraw.,33
1RŻ5,2022-03-07,obecność,176
1RŻ5,2022-03-08,obecność,214
1RŻ5,2022-03-09,obecność,145
1RŻ5,2022-03-10,obecność,187
1RŻ5,2022-03-11,obecność,139
1RŻ5,2022-03-14,nieob. uspraw.,28
1RŻ5,2022-03-15,obecność,181
1RŻ5,2022-03-16,obecność,157
1RŻ5,2022-03-17,obecność,174
1RŻ5,2022-03-17,nieob. uspraw.,26
1RŻ5,2022-03-18,obecność,126
1RŻ5,2022-03-21,obecność,50
1RŻ5,2022-03-21,nieob. uspraw.,72
1RŻ5,2022-03-22,obecność,194
1RŻ5,2022-03-23,obecność,138
1RŻ5,2022-03-24,nieob. uspraw.,39
1RŻ5,2022-03-25,obecność,120
1RŻ5,2022-03-28,obecność,170
1RŻ5,2022-03-29,obecność,181
1RŻ5,2022-03-30,obecność,130
1RŻ5,2022-03-31,obecność,140
1RŻ5,2022-04-01,obecność,110
1RŻ5,2022-04-04,obecność,182
1RŻ5,2022-04-05,obecność,186
1RŻ5,2022-04-06,obecność,152
1RŻ5,2022-04-07,nieob. uspraw.,24
1RŻ5,2022-04-08,nieob. uspraw.,10
1RŻ5,2022-04-11,obecność,156
1RŻ5,2022-04-11,nieob. uspraw.,18
1RŻ5,2022-04-12,obecność,192
1RŻ5,2022-04-13,obecność,134
1RŻ5,2022-04-20,obecność,132
1RŻ5,2022-04-21,obecność,150
1RŻ5,2022-04-22,obecność,122
1RŻ5,2022-04-25,nieob. uspraw.,27
1RŻ5,2022-04-26,obecność,177
1RŻ5,2022-04-27,obecność,134
1RŻ5,2022-04-28,obecność,146
1RŻ5,2022-04-29,nieob. uspraw.,28
1RŻ5,2022-05-04,nieob. uspraw.,43
1RŻ5,2022-05-05,obecność,88
1RŻ5,2022-05-06,obecność,42
1RŻ5,2022-05-09,obecność,129
1RŻ5,2022-05-10,obecność,154
1RŻ5,2022-05-11,obecność,131
1RŻ5,2022-05-12,obecność,128
1RŻ5,2022-05-13,obecność,110
1RŻ5,2022-05-16,obecność,166
1RŻ5,2022-05-16,nieob. uspraw.,41
1RŻ5,2022-05-17,obecność,160
1RŻ5,2022-05-17,nieob. uspraw.,46
1RŻ5,2022-05-18,obecność,177
1RŻ5,2022-05-18,nieob. uspraw.,20
1RŻ5,2022-05-19,obecność,123
1RŻ5,2022-05-20,nieob. uspraw.,40
1RŻ5,2022-05-23,obecność,152
1RŻ5,2022-05-24,obecność,186
1RŻ5,2022-05-25,obecność,174
1RŻ5,2022-05-26,obecność,153
1RŻ5,2022-05-27,obecność,149
1RŻ5,2022-05-30,obecność,165
1RŻ5,2022-05-31,spóźn. uspr.,2
1RŻ5,2022-05-31,obecność,183
1RŻ5,2022-06-01,obecność,176
1RŻ5,2022-06-02,obecność,148
1RŻ5,2022-06-03,obecność,102
1RŻ5,2022-06-03,nieob. uspraw.,42
1RŻ5,2022-06-06,obecność,155
1RŻ5,2022-06-06,nieob. uspraw.,23
1RŻ5,2022-06-07,spóźn. uspr.,4
1RŻ5,2022-06-07,obecność,180
1RŻ5,2022-06-08,obecność,124
1RŻ5,2022-06-09,obecność,150
1RŻ5,2022-06-10,nieobecność,18
1RŻ5,2022-06-13,obecność,118
1RŻ5,2022-06-13,nieobecność,21
1RŻ5,2022-06-14,nieobecność,33
1RŻ5,2022-06-15,nieobecność,38
1RŻ5,2022-06-20,nieobecność,100
1RŻ5,2022-06-21,nieobecność,128
1RŻ5,2022-06-22,nieobecność,148
1RŻ5,2022-06-23,nieobecność,141
1RŻ5,2022-06-24,obecność,168
1RŻ5,2021-09-06,spóźnienie,3
1RŻ5,2021-09-08,nieob. uspraw.,38
1RŻ5,2021-09-09,obecność,72
1RŻ5,2021-09-13,nieobecność,3
1RŻ5,2021-09-13,obecność,177
1RŻ5,2021-09-14,obecność,189
1RŻ5,2021-09-15,nieobecność,1
1RŻ5,2021-09-15,obecność,151
1RŻ5,2021-09-20,obecność,171
1RŻ5,2021-09-24,nieob. uspraw.,21
1RŻ5,2021-09-27,obecność,203
1RŻ5,2021-10-04,obecność,181
1RŻ5,2021-10-08,nieob. uspraw.,20
1RŻ5,2021-10-11,obecność,168
1RŻ5,2021-10-12,obecność,191
1RŻ5,2021-10-13,obecność,174
1RŻ5,2021-10-19,obecność,188
1RŻ5,2021-10-27,obecność,179
1RŻ5,2021-11-04,obecność,157
1RŻ5,2021-11-10,zwolniony,4
1RŻ5,2021-11-23,nieobecność,1
1RŻ5,2021-11-26,nieobecność,9
1RŻ5,2021-11-29,obecność,176
1RŻ5,2021-12-01,nieob. uspraw.,25
1RŻ5,2021-12-03,nieob. uspraw.,17
1RŻ5,2021-12-06,nieobecność,23
1RŻ5,2021-12-17,obecność,2
1RŻ5,2021-12-20,nieob. uspraw.,8
1RŻ5,2021-12-21,nieob. uspraw.,7
1RŻ5,2021-12-22,nieob. uspraw.,11
1RŻ5,2022-01-03,nieob. uspraw.,15
1RŻ5,2022-01-12,nieob. uspraw.,5
1RŻ5,2022-01-21,zwolniony,5
1RŻ5,2022-01-26,obecność,88
1RŻ5,2022-01-27,nieob. uspraw.,13
1RŻ5,2022-01-28,nieob. uspraw.,19
1RŻ5,2022-02-14,nauka zdalna,163
1RŻ5,2022-02-15,nieob. uspraw.,25
1RŻ5,2022-02-16,nieob. uspraw.,27
1RŻ5,2022-02-17,nieob. uspraw.,22
1RŻ5,2022-02-18,nieob. uspraw.,29
1RŻ5,2022-02-28,nieob. uspraw.,16
1RŻ5,2022-03-02,obecność,150
1RŻ5,2022-03-14,obecność,148
1RŻ5,2022-03-16,nieob. uspraw.,7
1RŻ5,2022-03-24,obecność,164
1RŻ5,2022-04-01,nieob. uspraw.,32
1RŻ5,2022-04-07,obecność,176
1RŻ5,2022-04-08,obecność,109
1RŻ5,2022-04-13,nieob. uspraw.,23
1RŻ5,2022-04-25,obecność,143
1RŻ5,2022-04-26,nieob. uspraw.,21
1RŻ5,2022-05-04,obecność,61
1RŻ5,2022-05-06,nieob. uspraw.,57
1RŻ5,2022-05-11,nieob. uspraw.,14
1RŻ5,2022-05-19,nieob. uspraw.,28
1RŻ5,2022-05-31,nieob. uspraw.,16
1RŻ5,2022-06-08,nieob. uspraw.,37
1RŻ5,2022-06-10,nieob. uspraw.,30
1RŻ5,2022-06-13,nieob. uspraw.,43
1RŻ5,2022-06-14,nieob. uspraw.,64
1RŻ5,2022-06-15,nieob. uspraw.,58
1RŻ5,2021-09-13,spóźn. uspr.,4
1RŻ5,2021-09-14,spóźn. uspr.,1
1RŻ5,2021-09-16,obecność,129
1RŻ5,2021-09-17,obecność,132
1RŻ5,2021-10-04,spóźnienie,3
1RŻ5,2021-10-20,zwolniony,2
1RŻ5,2021-11-05,nieobecność,2
1RŻ5,2021-11-10,nieobecność,2
1RŻ5,2021-11-15,spóźnienie,3
1RŻ5,2021-11-26,nieob. uspraw.,30
1RŻ5,2021-12-01,nieobecność,8
1RŻ5,2021-12-03,spóźnienie,5
1RŻ5,2021-12-16,nieobecność,16
1RŻ5,2022-01-04,nieobecność,12
1RŻ5,2022-01-12,nieobecność,11
1RŻ5,2022-01-14,spóźnienie,3
1RŻ5,2022-01-14,nieobecność,13
1RŻ5,2022-01-19,nieob. uspraw.,1
1RŻ5,2022-01-24,nieob. uspraw.,28
1RŻ5,2022-01-25,nieob. uspraw.,36
1RŻ5,2022-02-21,spóźnienie,9
1RŻ5,2022-03-18,nieob. uspraw.,18
1RŻ5,2022-03-23,nieob. uspraw.,27
1RŻ5,2022-04-04,nieob. uspraw.,11
1RŻ5,2022-04-22,spóźnienie,10
1RŻ5,2022-04-25,spóźnienie,8
1RŻ5,2022-04-26,nieob. uspr. p.s.,3
1RŻ5,2022-04-28,nieob. uspraw.,26
1RŻ5,2022-04-29,obecność,78
1RŻ5,2022-05-05,nieob. uspraw.,44
1RŻ5,2022-05-05,nieob. uspr. p.s.,39
1RŻ5,2022-05-09,spóźn. uspr.,3
1RŻ5,2022-05-10,nieob. uspraw.,7
1RŻ5,2022-05-20,obecność,109
1RŻ5,2022-05-24,spóźnienie,6
1RŻ5,2022-05-31,spóźnienie,4
1RŻ5,2022-05-31,nieob. uspr. p.s.,3
1RŻ5,2022-06-07,nieobecność,11
1RŻ5,2022-06-09,spóźnienie,4
1RŻ5,2022-06-10,obecność,114
1RŻ5,2022-06-14,obecność,113
1RŻ5,2022-06-15,obecność,83
1RŻ5,2022-06-20,obecność,26
1RŻ5,2021-09-13,spóźnienie,4
1RŻ5,2021-09-14,spóźnienie,2
1RŻ5,2021-10-07,nauka zdalna,2
1RŻ5,2021-10-20,nieob. uspraw.,22
1RŻ5,2021-11-25,obecność,82
1RŻ5,2021-12-16,spóźnienie,2
1RŻ5,2021-12-17,nieob. uspraw.,19
1RŻ5,2022-01-13,nieob. uspraw.,9
1RŻ5,2022-01-19,spóźnienie,5
1RŻ5,2022-02-16,spóźnienie,1
1RŻ5,2022-02-17,spóźnienie,1
1RŻ5,2022-02-28,spóźnienie,5
1RŻ5,2022-03-04,spóźn. uspr.,2
1RŻ5,2022-03-14,nieobecność,17
1RŻ5,2022-03-14,spóźnienie,8
1RŻ5,2022-03-18,spóźnienie,1
1RŻ5,2022-03-21,spóźnienie,1
1RŻ5,2022-03-25,nieob. uspraw.,36
1RŻ5,2022-04-01,spóźn. uspr.,1
1RŻ5,2022-04-06,spóźnienie,1
1RŻ5,2022-04-07,spóźnienie,2
1RŻ5,2022-04-11,nieobecność,17
1RŻ5,2022-04-20,spóźnienie,1
1RŻ5,2022-04-21,nieob. uspraw.,12
1RŻ5,2022-05-09,spóźnienie,3
1RŻ5,2022-05-12,spóźnienie,3
1RŻ5,2022-06-07,nieob. uspraw.,20
1RŻ5,2022-06-21,nieob. uspraw.,42
1RŻ5,2022-06-22,nieob. uspraw.,31
1RŻ5,2022-06-23,nieob. uspraw.,35
1RŻ5,2021-09-28,nieob. uspraw.,11
1RŻ5,2021-09-30,nieob. uspraw.,21
1RŻ5,2021-11-03,nieob. uspraw.,21
1RŻ5,2021-11-05,nieob. uspraw.,19
1RŻ5,2021-11-09,nieob. uspraw.,16
1RŻ5,2021-11-10,nieob. uspraw.,28
1RŻ5,2021-11-23,obecność,104
1RŻ5,2021-11-24,nieob. uspraw.,7
1RŻ5,2021-11-30,nieob. uspraw.,8
1RŻ5,2021-12-02,nieob. uspraw.,20
1RŻ5,2021-12-06,nieob. uspraw.,24
1RŻ5,2021-12-07,nieob. uspraw.,16
1RŻ5,2021-12-08,nieob. uspraw.,25
1RŻ5,2021-12-09,nieob. uspraw.,33
1RŻ5,2021-12-10,nieob. uspraw.,16
1RŻ5,2021-12-15,nauka zdalna,87
1RŻ5,2021-12-16,nauka zdalna,31
1RŻ5,2021-12-17,nauka zdalna,10
1RŻ5,2022-05-04,nieob. uspr. p.s.,20
1RŻ5,2022-05-06,nieob. uspr. p.s.,21
1RŻ5,2022-05-09,nieob. uspr. p.s.,28
1RŻ5,2022-05-10,nieob. uspr. p.s.,32
1RŻ5,2022-05-11,nieob. uspr. p.s.,26
1RŻ5,2022-05-12,nieob. uspr. p.s.,27
1RŻ5,2022-05-13,nieob. uspr. p.s.,24
1RŻ5,2022-05-25,nieob. uspraw.,20
1RŻ5,2022-06-03,nieob. uspr. p.s.,6
1RŻ5,2022-06-20,nieob. uspraw.,36
1RŻ5,2022-06-21,obecność,19
1RŻ5,2022-06-22,obecność,10
1RŻ5,2022-06-23,obecność,13
1RŻ5,2021-11-24,obecność,80
1RŻ5,2022-01-13,spóźnienie,4
1RŻ5,2022-01-14,nieob. uspraw.,22
1RŻ5,2022-02-23,nieob. uspr. p.s.,4
1RŻ5,2022-03-21,nieobecność,39
1RŻ5,2022-03-24,nieobecność,9
1RŻ5,2022-06-14,zwolniony,4
1RŻ5,2022-02-14,nieobecność,18
1RŻ5,2022-02-18,nieobecność,21
1RŻ5,2022-03-28,nieob. uspraw.,17
1RŻ5,2022-03-29,nieob. uspraw.,18
1RŻ5,2022-03-30,nieob. uspraw.,25
1RŻ5,2022-05-20,nieobecność,13
1RŻ5,2022-05-25,nieobecność,14
1RŻ5,2022-06-07,spóźnienie,1
1RŻ5,2021-09-17,nieobecność,1
1RŻ5,2021-10-01,spóźnienie,4
1RŻ5,2021-12-06,spóźnienie,5
1RŻ5,2022-02-28,nieob. uspr. p.s.,2
1RŻ5,2022-03-14,nieob. uspr. p.s.,2
1RŻ5,2022-03-17,nieobecność,10
1RŻ5,2022-04-05,spóźnienie,3
1RŻ5,2022-04-11,spóźnienie,3
1RŻ5,2022-04-11,nieob. uspr. p.s.,9
1RŻ5,2022-04-13,nieob. uspr. p.s.,8
1RŻ5,2022-04-20,nieob. uspr. p.s.,19
1RŻ5,2022-04-21,nieob. uspr. p.s.,30
1RŻ5,2022-04-25,nieobecność,19
1RŻ5,2022-06-03,nieobecność,10
1RŻ5,2021-09-03,nieobecność,7
1RŻ5,2021-09-23,nieob. uspraw.,28
1RŻ5,2021-09-28,nieobecność,1
1RŻ5,2021-09-29,nieobecność,12
1RŻ5,2021-10-04,nieobecność,8
1RŻ5,2021-10-08,nieobecność,14
1RŻ5,2021-10-15,nieobecność,43
1RŻ5,2021-10-18,nieobecność,16
1RŻ5,2021-10-19,nieobecność,10
1RŻ5,2021-10-21,nieobecność,2
1RŻ5,2021-10-22,nieobecność,6
1RŻ5,2021-10-25,nieobecność,8
1RŻ5,2021-10-28,nieobecność,3
1RŻ5,2021-10-29,nieobecność,9
1RŻ5,2021-11-02,nieob. uspraw.,33
1RŻ5,2021-11-15,nieobecność,8
1RŻ5,2021-11-19,nieobecność,12
1RŻ5,2021-11-29,nieobecność,8
1RŻ5,2021-12-07,nieobecność,9
1RŻ5,2021-12-13,nieob. uspraw.,14
1RŻ5,2021-12-14,nieobecność,6
1RŻ5,2021-12-15,nieob. uspraw.,22
1RŻ5,2021-12-16,nieob. uspraw.,28
1RŻ5,2022-01-05,nieobecność,9
1RŻ5,2022-01-11,nieobecność,12
1RŻ5,2022-01-17,nieobecność,9
1RŻ5,2022-01-19,nieobecność,3
1RŻ5,2022-01-20,nieobecność,9
1RŻ5,2022-01-21,nieobecność,7
1RŻ5,2022-01-24,nieobecność,15
1RŻ5,2022-01-25,nieobecność,16
1RŻ5,2022-01-26,nieobecność,20
1RŻ5,2022-01-27,nieobecność,5
1RŻ5,2022-02-15,nieobecność,10
1RŻ5,2022-02-16,nieobecność,8
1RŻ5,2022-02-21,nieobecność,8
1RŻ5,2022-02-22,nieobecność,9
1RŻ5,2022-02-24,nieobecność,5
1RŻ5,2022-02-28,nieobecność,10
1RŻ5,2022-03-01,nieobecność,14
1RŻ5,2022-03-04,nieobecność,7
1RŻ5,2022-03-07,nieobecność,16
1RŻ5,2022-03-08,nieobecność,2
1RŻ5,2022-03-09,nieobecność,12
1RŻ5,2022-03-10,nieobecność,22
1RŻ5,2022-03-11,nieobecność,12
1RŻ5,2022-03-15,nieobecność,11
1RŻ5,2022-03-16,nieobecność,4
1RŻ5,2022-03-18,nieobecność,17
1RŻ5,2022-03-22,nieobecność,13
1RŻ5,2022-03-23,nieobecność,6
1RŻ5,2022-03-25,nieobecność,6
1RŻ5,2022-03-28,nieobecność,16
1RŻ5,2022-03-29,nieobecność,17
1RŻ5,2022-03-30,nieobecność,16
1RŻ5,2022-03-31,nieobecność,21
1RŻ5,2022-04-01,nieobecność,19
1RŻ5,2022-04-04,nieobecność,10
1RŻ5,2022-04-05,nieobecność,9
1RŻ5,2022-04-06,nieobecność,1
1RŻ5,2022-04-07,nieobecność,8
1RŻ5,2022-04-08,nieobecność,5
1RŻ5,2022-04-12,nieobecność,8
1RŻ5,2022-04-13,nieobecność,6
1RŻ5,2022-04-20,nieobecność,13
1RŻ5,2022-04-21,nieobecność,20
1RŻ5,2022-04-22,nieobecność,22
1RŻ5,2022-04-26,nieobecność,15
1RŻ5,2022-04-27,nieobecność,6
1RŻ5,2022-04-28,nieobecność,21
1RŻ5,2022-04-29,nieobecność,18
1RŻ5,2022-05-04,nieobecność,11
1RŻ5,2022-05-05,nieobecność,14
1RŻ5,2022-05-06,nieobecność,14
1RŻ5,2022-05-09,nieobecność,17
1RŻ5,2022-05-10,nieobecność,19
1RŻ5,2022-05-11,nieobecność,14
1RŻ5,2022-05-12,nieobecność,15
1RŻ5,2022-05-13,nieobecność,12
1RŻ5,2022-05-16,nieobecność,9
1RŻ5,2022-05-17,nieobecność,10
1RŻ5,2022-05-18,nieobecność,11
1RŻ5,2022-05-19,nieobecność,8
1RŻ5,2022-05-23,nieobecność,8
1RŻ5,2022-05-24,nieobecność,8
1RŻ5,2022-05-26,nieobecność,8
1RŻ5,2022-05-27,nieobecność,12
1RŻ5,2022-05-30,nieobecność,8
1RŻ5,2022-05-31,nieobecność,8
1RŻ5,2022-06-01,nieobecność,8
1RŻ5,2022-06-02,nieobecność,7
1RŻ5,2022-06-06,nieobecność,11
1RŻ5,2022-06-08,nieobecność,11
1RŻ5,2022-06-09,nieobecność,13
1RŻ5,2022-06-24,nieobecność,21
1RŻ5,2021-09-20,nieobecność,8
1RŻ5,2021-09-21,nieobecność,8
1RŻ5,2021-09-24,nieobecność,7
1RŻ5,2021-11-18,nieobecność,7
1RŻ5,2021-11-22,nieobecność,4
1RŻ5,2021-12-02,nieobecność,8
1RŻ5,2021-12-20,nieobecność,13
1RŻ5,2022-01-28,nieobecność,13
1RŻ5,2022-02-17,nieobecność,18
1RŻ5,2022-02-25,nieobecność,2
1RŻ5,2022-03-02,nieobecność,2
1RŻ5,2022-04-27,spóźnienie,1
1RŻ5,2022-05-30,spóźnienie,2
1RŻ5,2021-09-21,nieob. uspraw.,30
1RŻ5,2021-09-22,nieob. uspraw.,28
1RŻ5,2021-09-27,spóźn. uspr.,1
1RŻ5,2021-10-04,spóźn. uspr.,2
1RŻ5,2021-10-06,nieobecność,1
1RŻ5,2021-10-06,nieob. uspraw.,1
1RŻ5,2021-10-19,spóźn. uspr.,1
1RŻ5,2021-10-21,spóźn. uspr.,2
1RŻ5,2021-10-25,spóźn. uspr.,1
1RŻ5,2021-11-19,spóźn. uspr.,2
1RŻ5,2021-11-24,spóźn. uspr.,1
1RŻ5,2022-01-04,nieob. uspraw.,27
1RŻ5,2022-01-05,nieob. uspraw.,11
1RŻ5,2022-01-10,nieob. uspraw.,15
1RŻ5,2022-01-28,spóźn. uspr.,1
1RŻ5,2022-02-17,spóźn. uspr.,1
1RŻ5,2022-03-09,spóźn. uspr.,1
1RŻ5,2022-03-10,spóźn. uspr.,1
1RŻ5,2022-03-16,spóźn. uspr.,2
1RŻ5,2022-04-05,spóźn. uspr.,1
1RŻ5,2022-04-07,spóźn. uspr.,1
1RŻ5,2022-04-22,spóźn. uspr.,2
1RŻ5,2022-04-27,nieob. uspr. p.s.,18
1RŻ5,2022-05-09,nieob. uspraw.,23
1RŻ5,2022-05-12,nieob. uspraw.,12
1RŻ5,2022-05-13,nieob. uspraw.,13
1RŻ5,2022-05-23,nieob. uspraw.,22
1RŻ5,2022-05-24,nieob. uspraw.,16
1RŻ5,2022-05-26,nieob. uspraw.,1
1RŻ5,2022-05-30,nieob. uspraw.,8
1RŻ5,2022-05-30,nieob. uspr. p.s.,6
1RŻ5,2022-06-02,nieob. uspraw.,30
1RŻ5,2022-06-09,spóźn. uspr.,2
1RŻ5,2021-10-01,nieobecność,7
1RŻ5,2021-11-16,nieob. uspraw.,9
1RŻ5,2021-11-17,nieob. uspraw.,14
1RŻ5,2021-11-18,nieob. uspraw.,13
1RŻ5,2021-11-19,nieob. uspraw.,18
1RŻ5,2021-12-15,nieobecność,2
1RŻ5,2022-01-28,spóźnienie,2
1RŻ5,2022-04-28,nieob. uspr. p.s.,19
1RŻ5,2021-09-24,spóźnienie,1
1RŻ5,2021-11-19,spóźnienie,3
1RŻ5,2021-11-24,spóźnienie,1
1RŻ5,2021-12-14,spóźnienie,1
1RŻ5,2022-03-04,spóźnienie,3
1RŻ5,2022-03-10,spóźnienie,2
1RŻ5,2022-04-08,nieob. uspr. p.s.,10
1RŻ5,2022-04-25,nieob. uspr. p.s.,4
1RŻ5,2022-04-29,nieob. uspr. p.s.,10
1RŻ5,2022-06-13,nieob. uspr. p.s.,4
1RŻ5,2021-09-06,nieobecność,3
1RŻ5,2021-09-07,nieobecność,6
1RŻ5,2021-09-16,nieobecność,1
1RŻ5,2021-09-24,nieob. uspr. p.s.,21
1RŻ5,2021-12-14,nieob. uspraw.,19
1RŻ5,2022-01-21,nieob. uspraw.,4
1RŻ5,2022-02-15,spóźnienie,1
1RŻ5,2022-02-23,nieob. uspraw.,4
1RŻ5,2022-02-24,nieob. uspraw.,21
1RŻ5,2022-02-25,nieob. uspraw.,17
1RŻ5,2022-03-15,nieob. uspraw.,24
1RŻ5,2022-03-17,spóźnienie,3
1RŻ5,2022-03-31,nieob. uspraw.,28
1RŻ5,2022-05-27,nieob. uspraw.,1
1RŻ5,2021-09-30,nieob. uspr. p.s.,2
1RŻ5,2021-10-06,nieob. uspr. p.s.,2
1RŻ5,2021-10-12,nieob. uspr. p.s.,2
1RŻ5,2021-10-22,nieob. uspraw.,24
1RŻ5,2021-10-26,nieob. uspraw.,9
1RŻ5,2021-10-29,spóźnienie,2
1RŻ5,2021-12-13,spóźnienie,1
1RŻ5,2022-01-17,nieob. uspraw.,1
1RŻ5,2022-02-25,spóźnienie,2
1RŻ5,2022-05-19,spóźnienie,3
1RŻ5,2022-06-09,nieob. uspraw.,15
1RŻ5,2022-06-13,spóźnienie,3
1RŻ5,2022-06-14,spóźnienie,2
1RŻ5,2022-06-15,spóźnienie,3
1RŻ5,2022-01-27,spóźnienie,1
1RŻ5,2022-02-24,zwolniony,2
1RŻ5,2022-05-13,zwolniony,1
1RŻ5,2022-05-23,nieob. uspr. p.s.,7
1RŻ5,2022-06-15,nieob. uspr. p.s.,3
1RŻ5,2021-11-05,zwolniony,1
1RŻ5,2022-02-21,nieob. uspraw.,8
1RŻ5,2022-03-07,nieob. uspraw.,8
1RŻ5,2022-03-11,nieob. uspraw.,11
1RŻ5,2022-04-05,nieob. uspraw.,17
1RŻ5,2022-04-06,nieob. uspraw.,17
1RŻ5,2022-04-12,nieob. uspraw.,16
1RŻ5,2021-11-16,nieobecność,1
1RŻ5,2021-09-22,zwolniony,1
1RŻ5,2021-09-29,zwolniony,3
1RŻ5,2022-01-17,spóźn. uspr.,1
1RŻ5,2022-03-07,spóźn. uspr.,1
1RŻ5,2022-03-09,nieob. uspraw.,14
1RŻ5,2022-04-20,nieob. uspraw.,6
1RŻ5,2022-04-22,nieob. uspraw.,6
1RŻ5,2021-09-27,spóźnienie,1
1RŻ5,2021-09-30,nieobecność,7
1RŻ5,2021-09-28,zwolniony,2
1RŻ5,2021-11-24,nieobecność,1
1RŻ5,2021-12-01,zwolniony,3
1RŻ5,2022-01-25,nieob. uspr. p.s.,2
1RŻ5,2022-03-01,nieob. uspraw.,12
1RŻ5,2021-10-01,spóźn. uspr.,1
1RŻ5,2021-10-04,nieob. uspr. p.s.,2
1RŻ5,2021-10-29,zwolniony,3
1RŻ5,2021-12-03,spóźn. uspr.,2
1RŻ5,2021-12-13,spóźn. uspr.,1
1RŻ5,2022-03-10,nieob. uspraw.,1
1RŻ5,2022-03-16,spóźnienie,2
1RŻ5,2022-04-27,nieob. uspraw.,12
1RŻ5,2022-04-07,nieob. uspr. p.s.,1
1RŻ5,2021-09-06,nieob. uspraw.,5
1RŻ5,2021-09-07,nieob. uspraw.,8
1RŻ5,2021-11-03,spóźnienie,1
1RŻ5,2021-11-22,nieob. uspraw.,3
1RŻ5,2021-12-01,nauka zdalna,1
1RŻ5,2021-12-13,nieobecność,2
1RŻ5,2022-01-10,spóźnienie,1
1RŻ5,2022-03-03,nieob. uspraw.,22
1RŻ5,2022-04-08,spóźnienie,1
1RŻ5,2022-04-29,spóźnienie,1
1RŻ5,2022-05-06,spóźnienie,1
1RŻ5,2022-05-10,zwolniony,4
1RŻ5,2022-06-01,spóźnienie,1
1RŻ5,2021-11-17,spóźnienie,2
1RŻ5,2022-03-07,spóźnienie,2
1RŻ5,2022-04-25,zwolniony,2
1RŻ5,2022-05-13,spóźnienie,2
1RŻ5,2022-06-03,spóźnienie,1
1RŻ5,2022-06-09,nieob. uspr. p.s.,1
1RŻ5,2022-03-22,nieob. uspraw.,9
1RŻ5,2022-06-03,spóźn. uspr.,1
1TM5,2021-09-01,obecność,184
1TM5,2021-09-02,nieobecność,7
1TM5,2021-09-03,obecność,184
1TM5,2021-09-06,obecność,161
1TM5,2021-09-07,obecność,149
1TM5,2021-09-08,obecność,151
1TM5,2021-09-09,obecność,96
1TM5,2021-09-13,nieob. uspraw.,28
1TM5,2021-09-14,obecność,118
1TM5,2021-09-14,nieob. uspraw.,66
1TM5,2021-09-15,obecność,111
1TM5,2021-09-16,obecność,108
1TM5,2021-09-17,obecność,130
1TM5,2021-09-20,nieobecność,7
1TM5,2021-09-21,obecność,180
1TM5,2021-09-22,obecność,164
1TM5,2021-09-23,obecność,123
1TM5,2021-09-24,nieob. uspraw.,160
1TM5,2021-09-27,nieob. uspraw.,28
1TM5,2021-09-28,nieob. uspraw.,16
1TM5,2021-09-29,obecność,175
1TM5,2021-09-30,obecność,131
1TM5,2021-10-01,obecność,145
1TM5,2021-10-04,nieobecność,21
1TM5,2021-10-05,obecność,146
1TM5,2021-10-06,obecność,177
1TM5,2021-10-07,obecność,110
1TM5,2021-10-08,obecność,166
1TM5,2021-10-08,nieobecność,3
1TM5,2021-10-11,obecność,133
1TM5,2021-10-12,obecność,137
1TM5,2021-10-13,obecność,143
1TM5,2021-10-14,obecność,161
1TM5,2021-10-15,obecność,39
1TM5,2021-10-15,nieobecność,41
1TM5,2021-10-18,obecność,140
1TM5,2021-10-19,obecność,148
1TM5,2021-10-20,obecność,161
1TM5,2021-10-21,obecność,105
1TM5,2021-10-22,obecność,161
1TM5,2021-10-25,obecność,145
1TM5,2021-10-26,obecność,163
1TM5,2021-10-27,obecność,167
1TM5,2021-10-28,obecność,114
1TM5,2021-10-29,obecność,133
1TM5,2021-10-29,nieobecność,6
1TM5,2021-11-02,obecność,125
1TM5,2021-11-03,obecność,183
1TM5,2021-11-04,obecność,130
1TM5,2021-11-05,obecność,173
1TM5,2021-11-08,obecność,161
1TM5,2021-11-09,obecność,119
1TM5,2021-11-10,obecność,101
1TM5,2021-11-15,obecność,140
1TM5,2021-11-16,obecność,176
1TM5,2021-11-17,obecność,150
1TM5,2021-11-18,obecność,111
1TM5,2021-11-19,nieobecność,6
1TM5,2021-11-22,obecność,140
1TM5,2021-11-23,obecność,171
1TM5,2021-11-23,nieob. uspr. p.s.,4
1TM5,2021-11-24,obecność,161
1TM5,2021-11-25,obecność,131
1TM5,2021-11-26,obecność,169
1TM5,2021-11-29,obecność,154
1TM5,2021-11-30,obecność,122
1TM5,2021-12-01,obecność,155
1TM5,2021-12-02,obecność,107
1TM5,2021-12-03,obecność,138
1TM5,2021-12-06,obecność,130
1TM5,2021-12-07,obecność,174
1TM5,2021-12-07,nieob. uspr. p.s.,2
1TM5,2021-12-08,obecność,150
1TM5,2021-12-09,obecność,119
1TM5,2021-12-10,obecność,102
1TM5,2021-12-13,obecność,147
1TM5,2021-12-14,nieobecność,20
1TM5,2021-12-14,nauka zdalna,163
1TM5,2021-12-15,nauka zdalna,171
1TM5,2021-12-16,nauka zdalna,127
1TM5,2021-12-17,nauka zdalna,100
1TM5,2021-12-20,nauka zdalna,42
1TM5,2021-12-21,nauka zdalna,137
1TM5,2021-12-22,nieobecność,57
1TM5,2022-01-03,nauka zdalna,49
1TM5,2022-01-04,nauka zdalna,141
1TM5,2022-01-05,nauka zdalna,144
1TM5,2022-01-10,obecność,147
1TM5,2022-01-11,obecność,183
1TM5,2022-01-12,obecność,131
1TM5,2022-01-13,obecność,161
1TM5,2022-01-14,obecność,124
1TM5,2022-01-17,obecność,126
1TM5,2022-01-18,obecność,139
1TM5,2022-01-19,obecność,134
1TM5,2022-01-19,nieobecność,21
1TM5,2022-01-20,obecność,156
1TM5,2022-01-21,nieobecność,12
1TM5,2022-01-24,obecność,124
1TM5,2022-01-25,obecność,137
1TM5,2022-01-26,obecność,92
1TM5,2022-01-26,nieob. uspraw.,39
1TM5,2022-01-27,nauka zdalna,128
1TM5,2022-01-28,nauka zdalna,93
1TM5,2022-02-14,nieobecność,28
1TM5,2022-02-15,nauka zdalna,149
1TM5,2022-02-15,nieobecność,27
1TM5,2022-02-16,nauka zdalna,146
1TM5,2022-02-17,obecność,15
1TM5,2022-02-17,nauka zdalna,122
1TM5,2022-02-18,nauka zdalna,133
1TM5,2022-02-21,obecność,133
1TM5,2022-02-22,obecność,175
1TM5,2022-02-22,spóźnienie,3
1TM5,2022-02-23,obecność,147
1TM5,2022-02-24,obecność,149
1TM5,2022-02-25,obecność,151
1TM5,2022-02-28,obecność,140
1TM5,2022-03-01,obecność,160
1TM5,2022-03-01,nieobecność,10
1TM5,2022-03-02,obecność,125
1TM5,2022-03-02,nieobecność,4
1TM5,2022-03-03,obecność,115
1TM5,2022-03-04,obecność,141
1TM5,2022-03-07,obecność,147
1TM5,2022-03-08,obecność,171
1TM5,2022-03-09,obecność,133
1TM5,2022-03-10,obecność,121
1TM5,2022-03-11,obecność,130
1TM5,2022-03-11,nieobecność,1
1TM5,2022-03-14,obecność,145
1TM5,2022-03-15,obecność,167
1TM5,2022-03-15,nieob. uspraw.,13
1TM5,2022-03-16,nieob. uspraw.,21
1TM5,2022-03-16,obecność,136
1TM5,2022-03-17,obecność,137
1TM5,2022-03-18,obecność,126
1TM5,2022-03-21,nieobecność,47
1TM5,2022-03-22,obecność,131
1TM5,2022-03-23,obecność,162
1TM5,2022-03-24,obecność,149
1TM5,2022-03-24,spóźnienie,1
1TM5,2022-03-25,obecność,154
1TM5,2022-03-28,obecność,140
1TM5,2022-03-29,obecność,156
1TM5,2022-03-29,nieobecność,4
1TM5,2022-03-30,obecność,156
1TM5,2022-03-31,obecność,139
1TM5,2022-04-01,nieobecność,18
1TM5,2022-04-04,obecność,147
1TM5,2022-04-05,obecność,142
1TM5,2022-04-05,nieobecność,19
1TM5,2022-04-06,obecność,176
1TM5,2022-04-07,obecność,144
1TM5,2022-04-08,nieobecność,16
1TM5,2022-04-11,obecność,161
1TM5,2022-04-12,obecność,142
1TM5,2022-04-13,obecność,142
1TM5,2022-04-13,nieobecność,22
1TM5,2022-04-20,obecność,129
1TM5,2022-04-20,nieobecność,18
1TM5,2022-04-21,obecność,102
1TM5,2022-04-21,nieob. uspr. p.s.,23
1TM5,2022-04-22,obecność,131
1TM5,2022-04-22,nieobecność,23
1TM5,2022-04-25,obecność,143
1TM5,2022-04-26,obecność,156
1TM5,2022-04-26,nieobecność,20
1TM5,2022-04-27,obecność,135
1TM5,2022-04-27,nieobecność,8
1TM5,2022-04-28,obecność,135
1TM5,2022-04-28,nieobecność,5
1TM5,2022-04-29,obecność,85
1TM5,2022-05-04,obecność,112
1TM5,2022-05-04,spóźnienie,5
1TM5,2022-05-05,zwolniony,16
1TM5,2022-05-06,obecność,79
1TM5,2022-05-06,nieob. uspraw.,19
1TM5,2022-05-09,obecność,126
1TM5,2022-05-10,obecność,87
1TM5,2022-05-10,spóźnienie,2
1TM5,2022-05-11,obecność,137
1TM5,2022-05-12,obecność,117
1TM5,2022-05-13,obecność,111
1TM5,2022-05-13,nieobecność,29
1TM5,2022-05-16,nieobecność,14
1TM5,2022-05-17,obecność,141
1TM5,2022-05-17,nieob. uspr. p.s.,5
1TM5,2022-05-18,obecność,158
1TM5,2022-05-19,obecność,130
1TM5,2022-05-19,nieobecność,23
1TM5,2022-05-20,obecność,127
1TM5,2022-05-23,obecność,147
1TM5,2022-05-24,obecność,123
1TM5,2022-05-25,obecność,158
1TM5,2022-05-25,nieob. uspr. p.s.,2
1TM5,2022-05-26,obecność,144
1TM5,2022-05-27,obecność,136
1TM5,2022-05-30,obecność,146
1TM5,2022-05-31,obecność,169
1TM5,2022-05-31,nieob. uspr. p.s.,2
1TM5,2022-05-31,nieobecność,12
1TM5,2022-06-01,nieobecność,89
1TM5,2022-06-02,obecność,134
1TM5,2022-06-03,obecność,150
1TM5,2022-06-06,obecność,123
1TM5,2022-06-07,obecność,163
1TM5,2022-06-08,obecność,106
1TM5,2022-06-08,nieobecność,24
1TM5,2022-06-09,obecność,114
1TM5,2022-06-09,nieobecność,18
1TM5,2022-06-10,obecność,27
1TM5,2022-06-10,nieobecność,45
1TM5,2022-06-13,obecność,161
1TM5,2022-06-14,obecność,58
1TM5,2022-06-14,nieobecność,49
1TM5,2022-06-14,nieob. uspr. p.s.,19
1TM5,2022-06-15,nieobecność,83
1TM5,2022-06-20,nieobecność,56
1TM5,2022-06-21,obecność,160
1TM5,2022-06-22,obecność,132
1TM5,2022-06-23,obecność,132
1TM5,2022-06-24,obecność,161
1TM5,2021-09-02,obecność,154
1TM5,2021-09-07,spóźnienie,4
1TM5,2021-09-09,nieob. uspraw.,36
1TM5,2021-09-13,obecność,133
1TM5,2021-09-20,obecność,154
1TM5,2021-09-27,obecność,133
1TM5,2021-09-28,obecność,127
1TM5,2021-09-28,nieob. uspr. p.s.,4
1TM5,2021-10-04,obecność,119
1TM5,2021-10-06,nieob. uspr. p.s.,4
1TM5,2021-10-07,nieob. uspr. p.s.,7
1TM5,2021-10-13,nieob. uspr. p.s.,12
1TM5,2021-10-15,nieob. uspr. p.s.,10
1TM5,2021-10-15,nieob. uspraw.,94
1TM5,2021-10-18,nieob. uspraw.,14
1TM5,2021-10-19,nieob. uspraw.,27
1TM5,2021-10-19,nieob. uspr. p.s.,4
1TM5,2021-10-26,nieob. uspraw.,16
1TM5,2021-10-29,nieob. uspr. p.s.,4
1TM5,2021-11-02,nieob. uspraw.,48
1TM5,2021-11-10,nieob. uspraw.,13
1TM5,2021-11-19,obecność,130
1TM5,2021-11-22,nieob. uspraw.,7
1TM5,2021-11-30,nieob. uspraw.,7
1TM5,2021-12-03,nieob. uspraw.,20
1TM5,2021-12-10,nieob. uspraw.,21
1TM5,2021-12-22,nauka zdalna,105
1TM5,2022-01-20,nieob. uspraw.,16
1TM5,2022-01-21,obecność,84
1TM5,2022-02-14,nauka zdalna,56
1TM5,2022-02-23,nieob. uspraw.,13
1TM5,2022-02-25,nieob. uspraw.,7
1TM5,2022-02-28,nieob. uspraw.,21
1TM5,2022-03-02,nieob. uspraw.,32
1TM5,2022-03-04,nieob. uspraw.,15
1TM5,2022-03-07,nieob. uspraw.,14
1TM5,2022-03-11,nieob. uspraw.,30
1TM5,2022-03-18,nieob. uspraw.,24
1TM5,2022-03-21,obecność,30
1TM5,2022-03-30,nieob. uspraw.,17
1TM5,2022-04-01,obecność,133
1TM5,2022-04-06,nieob. uspraw.,2
1TM5,2022-04-08,obecność,129
1TM5,2022-04-12,spóźnienie,1
1TM5,2022-04-20,nieob. uspraw.,14
1TM5,2022-04-26,nieob. uspraw.,2
1TM5,2022-04-29,nieob. uspraw.,28
1TM5,2022-05-04,nieob. uspr. p.s.,14
1TM5,2022-05-05,nieob. uspr. p.s.,14
1TM5,2022-05-06,nieob. uspr. p.s.,12
1TM5,2022-05-09,nieob. uspr. p.s.,14
1TM5,2022-05-10,nieob. uspr. p.s.,10
1TM5,2022-05-11,nieob. uspr. p.s.,14
1TM5,2022-05-12,nieob. uspr. p.s.,12
1TM5,2022-05-13,nieob. uspr. p.s.,16
1TM5,2022-05-16,obecność,133
1TM5,2022-06-01,nieob. uspraw.,61
1TM5,2022-06-08,nieob. uspraw.,8
1TM5,2022-06-10,spóźn. uspr.,2
1TM5,2022-06-14,nieob. uspraw.,34
1TM5,2022-06-15,nieob. uspraw.,34
1TM5,2021-10-07,nieobecność,9
1TM5,2021-11-02,nieobecność,11
1TM5,2021-12-02,nieobecność,31
1TM5,2021-12-03,nieobecność,26
1TM5,2021-12-07,nieobecność,8
1TM5,2021-12-08,nieobecność,24
1TM5,2021-12-09,nieobecność,19
1TM5,2021-12-10,nieobecność,37
1TM5,2021-12-15,nieobecność,13
1TM5,2021-12-17,nieobecność,14
1TM5,2021-12-20,nieob. uspraw.,7
1TM5,2021-12-21,nieob. uspraw.,12
1TM5,2022-01-03,nieobecność,49
1TM5,2022-01-04,nieobecność,39
1TM5,2022-01-14,nieobecność,13
1TM5,2022-01-17,nieobecność,14
1TM5,2022-01-26,nieobecność,39
1TM5,2022-01-28,nieobecność,21
1TM5,2022-02-16,nieobecność,7
1TM5,2022-02-18,nieobecność,15
1TM5,2022-02-24,nieob. uspraw.,9
1TM5,2022-03-14,nieob. uspraw.,16
1TM5,2022-03-21,nieob. uspraw.,84
1TM5,2022-04-12,nieob. uspraw.,14
1TM5,2022-04-13,nieob. uspraw.,16
1TM5,2022-05-05,obecność,96
1TM5,2022-05-09,nieobecność,14
1TM5,2022-05-20,nieobecność,28
1TM5,2022-05-25,nieobecność,16
1TM5,2022-05-26,nieobecność,17
1TM5,2022-05-27,nieobecność,18
1TM5,2021-09-15,nieob. uspraw.,50
1TM5,2021-09-16,nieob. uspraw.,30
1TM5,2021-09-17,nieob. uspraw.,52
1TM5,2021-10-08,spóźnienie,10
1TM5,2021-10-20,nieobecność,11
1TM5,2021-10-27,nieob. uspraw.,13
1TM5,2021-11-09,nieobecność,2
1TM5,2021-11-09,nieob. uspr. p.s.,1
1TM5,2021-11-10,nieobecność,10
1TM5,2022-01-05,nieobecność,29
1TM5,2022-01-13,nieobecność,10
1TM5,2022-01-25,nieobecność,18
1TM5,2022-02-22,nieob. uspraw.,2
1TM5,2022-03-31,nieobecność,4
1TM5,2022-04-27,nieob. uspraw.,13
1TM5,2022-05-11,nieob. uspraw.,7
1TM5,2022-05-12,nieob. uspraw.,6
1TM5,2022-05-13,nieob. uspraw.,28
1TM5,2022-06-07,nieobecność,21
1TM5,2022-06-15,obecność,34
1TM5,2022-06-15,nieob. uspr. p.s.,10
1TM5,2022-01-21,nieob. uspraw.,42
1TM5,2022-01-25,nieob. uspraw.,29
1TM5,2022-02-16,nieob. uspraw.,8
1TM5,2022-03-03,nieob. uspraw.,23
1TM5,2022-03-17,nieob. uspraw.,22
1TM5,2022-04-08,nieob. uspraw.,14
1TM5,2022-04-21,nieob. uspraw.,15
1TM5,2022-04-25,nieob. uspraw.,14
1TM5,2022-04-28,nieob. uspraw.,14
1TM5,2022-05-04,nieob. uspraw.,11
1TM5,2022-05-05,nieob. uspraw.,6
1TM5,2022-05-09,nieob. uspraw.,7
1TM5,2022-05-16,nieob. uspraw.,14
1TM5,2022-05-20,nieob. uspraw.,5
1TM5,2022-05-27,nieob. uspraw.,7
1TM5,2022-06-10,nieob. uspraw.,18
1TM5,2022-06-20,obecność,105
1TM5,2021-09-21,nieob. uspraw.,4
1TM5,2021-09-22,nieob. uspraw.,18
1TM5,2021-09-29,nieob. uspraw.,8
1TM5,2021-10-01,nieobecność,10
1TM5,2021-10-05,nieob. uspraw.,15
1TM5,2021-10-07,nieob. uspraw.,12
1TM5,2021-10-08,nieob. uspraw.,5
1TM5,2021-10-13,nieob. uspraw.,26
1TM5,2021-10-28,nieob. uspraw.,12
1TM5,2021-10-29,spóźnienie,4
1TM5,2021-11-16,nieob. uspraw.,4
1TM5,2021-11-23,nieob. uspraw.,8
1TM5,2021-12-20,nieobecność,49
1TM5,2022-02-15,nieob. uspraw.,8
1TM5,2022-02-17,nieob. uspraw.,14
1TM5,2022-03-01,nieob. uspraw.,13
1TM5,2022-03-18,spóźnienie,4
1TM5,2022-03-22,spóźnienie,6
1TM5,2022-03-23,nieob. uspraw.,9
1TM5,2022-03-30,nieobecność,9
1TM5,2022-04-29,nieobecność,34
1TM5,2022-05-06,nieobecność,28
1TM5,2021-09-23,nieob. uspraw.,2
1TM5,2021-10-01,nieob. uspraw.,27
1TM5,2021-10-20,nieob. uspraw.,12
1TM5,2021-10-29,nieob. uspraw.,37
1TM5,2021-11-04,nieob. uspraw.,7
1TM5,2021-11-05,nieob. uspraw.,10
1TM5,2021-12-16,nieobecność,11
1TM5,2021-12-21,nieobecność,35
1TM5,2022-01-17,nieob. uspraw.,21
1TM5,2022-01-26,spóźnienie,3
1TM5,2022-01-27,nieobecność,20
1TM5,2022-02-25,nieobecność,3
1TM5,2022-03-01,spóźnienie,1
1TM5,2022-03-23,spóźnienie,4
1TM5,2022-04-06,nieobecność,6
1TM5,2022-04-12,nieobecność,4
1TM5,2022-05-04,nieobecność,19
1TM5,2022-05-11,nieobecność,3
1TM5,2022-05-17,spóźnienie,1
1TM5,2022-05-18,spóźnienie,1
1TM5,2022-05-19,spóźnienie,6
1TM5,2022-05-24,nieob. uspraw.,22
1TM5,2022-05-25,nieob. uspraw.,8
1TM5,2022-06-03,spóźnienie,1
1TM5,2022-06-03,nieobecność,1
1TM5,2021-09-09,nieobecność,6
1TM5,2021-09-23,nieobecność,12
1TM5,2021-10-18,nieobecność,7
1TM5,2021-10-27,nieobecność,4
1TM5,2021-11-09,spóźnienie,3
1TM5,2021-11-10,nieob. uspr. p.s.,2
1TM5,2021-11-22,nieobecność,14
1TM5,2021-11-30,nieobecność,9
1TM5,2021-12-08,spóźnienie,2
1TM5,2022-01-11,nieobecność,1
1TM5,2022-01-12,nieobecność,7
1TM5,2022-01-18,nieobecność,8
1TM5,2022-02-17,nieobecność,10
1TM5,2022-02-22,nieobecność,3
1TM5,2022-03-04,nieobecność,5
1TM5,2022-03-10,nieobecność,2
1TM5,2022-03-16,nieobecność,4
1TM5,2022-03-22,nieobecność,11
1TM5,2022-03-24,nieobecność,8
1TM5,2022-03-31,spóźnienie,4
1TM5,2022-04-07,spóźnienie,2
1TM5,2022-04-07,nieobecność,8
1TM5,2022-04-21,nieobecność,21
1TM5,2022-05-17,nieobecność,14
1TM5,2022-05-18,nieobecność,24
1TM5,2022-05-24,nieobecność,15
1TM5,2021-09-08,spóźnienie,1
1TM5,2021-09-28,spóźnienie,3
1TM5,2021-11-09,nieob. uspraw.,13
1TM5,2021-12-08,nieob. uspraw.,8
1TM5,2022-01-19,nieob. uspraw.,18
1TM5,2022-02-18,nieob. uspraw.,13
1TM5,2022-02-24,nieobecność,3
1TM5,2022-05-10,nieobecność,11
1TM5,2022-06-02,nieobecność,11
1TM5,2021-09-17,nieobecność,2
1TM5,2021-09-29,nieobecność,1
1TM5,2021-10-13,nieobecność,3
1TM5,2021-10-19,nieobecność,4
1TM5,2021-10-26,nieobecność,5
1TM5,2021-11-17,nieob. uspraw.,11
1TM5,2021-12-01,nieobecność,18
1TM5,2021-12-06,nieobecność,28
1TM5,2022-01-18,nieob. uspraw.,14
1TM5,2022-02-21,nieob. uspraw.,28
1TM5,2022-03-08,nieob. uspraw.,11
1TM5,2022-03-09,nieob. uspraw.,16
1TM5,2022-03-10,nieob. uspraw.,15
1TM5,2022-03-31,nieob. uspraw.,14
1TM5,2022-04-01,nieob. uspraw.,10
1TM5,2022-05-19,nieob. uspraw.,2
1TM5,2022-06-21,nieob. uspraw.,24
1TM5,2021-09-30,nieob. uspraw.,6
1TM5,2021-10-01,spóźnienie,2
1TM5,2021-10-12,nieob. uspraw.,13
1TM5,2021-10-21,nieob. uspraw.,10
1TM5,2021-11-15,nieob. uspraw.,14
1TM5,2021-11-16,nieobecność,4
1TM5,2021-12-22,nieob. uspraw.,11
1TM5,2022-01-10,nieob. uspraw.,7
1TM5,2022-01-14,nieob. uspraw.,1
1TM5,2022-01-27,nieob. uspraw.,1
1TM5,2022-03-15,nieobecność,4
1TM5,2022-03-22,nieob. uspraw.,13
1TM5,2022-03-24,nieob. uspraw.,3
1TM5,2022-05-10,nieob. uspraw.,5
1TM5,2022-05-12,spóźnienie,3
1TM5,2022-05-18,nieob. uspraw.,1
1TM5,2022-06-02,nieob. uspraw.,16
1TM5,2022-06-03,nieob. uspraw.,9
1TM5,2021-10-04,nieob. uspraw.,21
1TM5,2021-11-25,nieob. uspraw.,7
1TM5,2021-12-14,nieob. uspraw.,1
1TM5,2021-12-20,obecność,63
1TM5,2022-01-03,spóźn. uspr.,1
1TM5,2022-01-03,nieob. uspraw.,2
1TM5,2022-01-03,obecność,60
1TM5,2022-01-04,nieob. uspraw.,4
1TM5,2022-01-24,nieob. uspraw.,21
1TM5,2022-01-28,nieob. uspraw.,1
1TM5,2022-02-14,obecność,70
1TM5,2022-04-25,spóźn. uspr.,1
1TM5,2022-04-28,nieob. uspr. p.s.,7
1TM5,2022-04-29,nieob. uspr. p.s.,14
1TM5,2022-06-14,spóźn. uspr.,1
1TM5,2022-06-22,nieob. uspraw.,6
1TM5,2022-06-23,nieob. uspraw.,6
1TM5,2022-03-30,spóźnienie,2
1TM5,2022-05-20,spóźnienie,1
1TM5,2022-05-23,nieob. uspraw.,14
1TM5,2022-05-24,spóźnienie,1
1TM5,2022-05-30,nieobecność,14
1TM5,2021-10-11,nieobecność,7
1TM5,2021-10-12,nieobecność,11
1TM5,2021-10-25,nieobecność,2
1TM5,2021-12-10,spóźnienie,1
1TM5,2021-12-17,spóźnienie,1
1TM5,2022-01-13,spóźnienie,1
1TM5,2022-03-17,nieob. uspr. p.s.,1
1TM5,2021-09-08,nieobecność,2
1TM5,2021-09-22,nieobecność,2
1TM5,2021-09-24,nieobecność,8
1TM5,2021-09-30,nieobecność,1
1TM5,2021-10-11,nieob. uspraw.,21
1TM5,2021-10-28,nieobecność,12
1TM5,2021-11-04,nieobecność,1
1TM5,2021-11-05,spóźnienie,1
1TM5,2021-11-23,nieobecność,1
1TM5,2022-01-10,nieobecność,7
1TM5,2022-01-24,nieobecność,16
1TM5,2022-04-25,nieobecność,2
1TM5,2022-06-06,nieob. uspraw.,35
1TM5,2021-09-24,spóźnienie,10
1TM5,2021-09-24,obecność,6
1TM5,2021-11-15,nieobecność,7
1TM5,2021-11-18,nieobecność,4
1TM5,2021-11-26,nieobecność,15
1TM5,2021-11-29,nieobecność,7
1TM5,2021-12-06,zwolniony,3
1TM5,2022-04-04,nieobecność,7
1TM5,2022-06-06,nieobecność,3
1TM5,2021-09-07,nieob. uspraw.,8
1TM5,2021-10-06,nieobecność,3
1TM5,2021-10-25,nieob. uspraw.,14
1TM5,2022-02-14,nieob. uspraw.,7
1TM5,2022-02-22,spóźn. uspr.,1
1TM5,2022-03-29,nieob. uspraw.,1
1TM5,2022-04-08,spóźnienie,2
1TM5,2022-04-13,spóźnienie,4
1TM5,2022-04-22,spóźnienie,1
1TM5,2022-04-26,spóźnienie,2
1TM5,2022-05-05,nieobecność,6
1TM5,2022-06-01,obecność,8
1TM5,2021-11-19,nieob. uspraw.,2
1TM5,2022-03-23,nieobecność,9
1TM5,2022-03-28,nieob. uspraw.,14
1TM5,2022-04-07,nieob. uspraw.,7
1TM5,2022-04-22,nieob. uspraw.,6
1TM5,2022-04-25,zwolniony,1
1TM5,2021-09-23,spóźnienie,1
1TM5,2022-04-26,nieob. uspr. p.s.,4
1TM5,2022-04-27,nieob. uspr. p.s.,5
1TM5,2022-06-01,nieob. uspr. p.s.,3
1TM5,2022-06-09,nieob. uspraw.,6
1TM5,2022-05-31,nieob. uspraw.,1
1TM5,2021-09-08,nieob. uspraw.,7
1TM5,2021-09-28,nieobecność,11
1TM5,2021-12-13,nieobecność,14
1TM5,2022-03-09,nieobecność,1
1TM5,2022-05-30,spóźnienie,1
1TM5,2022-03-08,nieobecność,2
1TM5,2022-03-17,nieobecność,1
1TM5,2022-03-18,nieobecność,7
1TM5,2022-03-25,nieobecność,7
1TM5,2022-03-28,nieobecność,7
1TM5,2022-04-04,nieob. uspraw.,7
1TM5,2021-10-19,spóźnienie,1
1TM5,2021-11-03,spóźnienie,1
1TM5,2022-02-23,nieobecność,1
1TW5,2021-09-01,obecność,168
1TW5,2021-09-02,obecność,162
1TW5,2021-09-03,obecność,168
1TW5,2021-09-06,obecność,153
1TW5,2021-09-07,obecność,154
1TW5,2021-09-08,obecność,180
1TW5,2021-09-09,obecność,91
1TW5,2021-09-13,obecność,153
1TW5,2021-09-14,obecność,170
1TW5,2021-09-15,obecność,132
1TW5,2021-09-16,obecność,161
1TW5,2021-09-17,obecność,110
1TW5,2021-09-20,obecność,157
1TW5,2021-09-21,obecność,159
1TW5,2021-09-22,obecność,167
1TW5,2021-09-23,obecność,141
1TW5,2021-09-24,obecność,137
1TW5,2021-09-27,obecność,130
1TW5,2021-09-28,obecność,166
1TW5,2021-09-29,nieob. uspraw.,27
1TW5,2021-09-30,nieob. uspraw.,33
1TW5,2021-10-01,nieob. uspraw.,28
1TW5,2021-10-04,nieob. uspraw.,14
1TW5,2021-10-05,nieob. uspraw.,19
1TW5,2021-10-05,obecność,149
1TW5,2021-10-06,nieob. uspraw.,23
1TW5,2021-10-06,obecność,162
1TW5,2021-10-07,nieob. uspraw.,15
1TW5,2021-10-08,nieob. uspraw.,16
1TW5,2021-10-11,obecność,143
1TW5,2021-10-12,obecność,156
1TW5,2021-10-13,obecność,145
1TW5,2021-10-15,obecność,111
1TW5,2021-10-18,obecność,145
1TW5,2021-10-19,obecność,179
1TW5,2021-10-20,obecność,187
1TW5,2021-10-21,obecność,153
1TW5,2021-10-22,obecność,150
1TW5,2021-10-25,obecność,146
1TW5,2021-10-26,nieob. uspraw.,34
1TW5,2021-10-26,obecność,149
1TW5,2021-10-27,obecność,137
1TW5,2021-10-28,obecność,134
1TW5,2021-10-29,obecność,151
1TW5,2021-11-02,obecność,132
1TW5,2021-11-03,obecność,158
1TW5,2021-11-04,obecność,140
1TW5,2021-11-05,obecność,133
1TW5,2021-11-08,obecność,133
1TW5,2021-11-09,nieob. uspraw.,18
1TW5,2021-11-10,nieob. uspraw.,32
1TW5,2021-11-15,nieob. uspraw.,27
1TW5,2021-11-15,obecność,133
1TW5,2021-11-16,nieob. uspraw.,24
1TW5,2021-11-17,nieob. uspraw.,16
1TW5,2021-11-18,nieob. uspraw.,35
1TW5,2021-11-19,nieob. uspraw.,48
1TW5,2021-11-22,obecność,144
1TW5,2021-11-23,obecność,143
1TW5,2021-11-24,obecność,140
1TW5,2021-11-25,obecność,129
1TW5,2021-11-26,obecność,139
1TW5,2021-11-29,obecność,124
1TW5,2021-11-30,obecność,126
1TW5,2021-12-01,obecność,136
1TW5,2021-12-02,obecność,134
1TW5,2021-12-03,obecność,147
1TW5,2021-12-06,obecność,137
1TW5,2021-12-07,obecność,169
1TW5,2021-12-08,obecność,162
1TW5,2021-12-08,nieob. uspraw.,27
1TW5,2021-12-09,obecność,140
1TW5,2021-12-10,obecność,126
1TW5,2021-12-13,obecność,104
1TW5,2021-12-14,nauka zdalna,124
1TW5,2021-12-14,nieob. uspraw.,7
1TW5,2021-12-14,obecność,24
1TW5,2021-12-15,nauka zdalna,185
1TW5,2021-12-16,nauka zdalna,100
1TW5,2021-12-16,nieobecność,21
1TW5,2021-12-17,nauka zdalna,123
1TW5,2021-12-20,nauka zdalna,113
1TW5,2021-12-21,nauka zdalna,101
1TW5,2021-12-21,obecność,19
1TW5,2021-12-22,nieob. uspraw.,47
1TW5,2022-01-03,nauka zdalna,125
1TW5,2022-01-04,nauka zdalna,144
1TW5,2022-01-04,nieobecność,18
1TW5,2022-01-05,nauka zdalna,161
1TW5,2022-01-10,nieob. uspraw.,7
1TW5,2022-01-11,nieob. uspraw.,21
1TW5,2022-01-12,nieob. uspraw.,14
1TW5,2022-01-13,nieob. uspraw.,7
1TW5,2022-01-14,nieob. uspraw.,7
1TW5,2022-01-17,obecność,124
1TW5,2022-01-18,obecność,174
1TW5,2022-01-19,obecność,166
1TW5,2022-01-20,obecność,150
1TW5,2022-01-21,obecność,135
1TW5,2022-01-24,obecność,109
1TW5,2022-01-25,obecność,139
1TW5,2022-01-26,obecność,90
1TW5,2022-01-27,nauka zdalna,148
1TW5,2022-01-28,nauka zdalna,146
1TW5,2022-02-14,nauka zdalna,138
1TW5,2022-02-15,nauka zdalna,170
1TW5,2022-02-15,obecność,3
1TW5,2022-02-16,nauka zdalna,104
1TW5,2022-02-17,nauka zdalna,94
1TW5,2022-02-18,nauka zdalna,99
1TW5,2022-02-21,obecność,131
1TW5,2022-02-22,obecność,174
1TW5,2022-02-23,obecność,152
1TW5,2022-02-23,nieob. uspr. p.s.,8
1TW5,2022-02-24,obecność,161
1TW5,2022-02-25,obecność,153
1TW5,2022-02-28,nieob. uspraw.,13
1TW5,2022-03-01,nieob. uspraw.,26
1TW5,2022-03-02,obecność,140
1TW5,2022-03-03,obecność,148
1TW5,2022-03-04,obecność,129
1TW5,2022-03-07,obecność,137
1TW5,2022-03-07,nieob. uspr. p.s.,6
1TW5,2022-03-08,obecność,152
1TW5,2022-03-09,obecność,144
1TW5,2022-03-10,obecność,152
1TW5,2022-03-11,obecność,157
1TW5,2022-03-14,obecność,142
1TW5,2022-03-15,obecność,165
1TW5,2022-03-16,obecność,161
1TW5,2022-03-17,obecność,157
1TW5,2022-03-18,obecność,130
1TW5,2022-03-21,nieob. uspraw.,102
1TW5,2022-03-22,obecność,121
1TW5,2022-03-23,obecność,149
1TW5,2022-03-24,obecność,144
1TW5,2022-03-25,obecność,136
1TW5,2022-03-28,obecność,146
1TW5,2022-03-29,obecność,127
1TW5,2022-03-29,nieob. uspraw.,4
1TW5,2022-03-30,nieob. uspraw.,24
1TW5,2022-03-31,nieob. uspraw.,16
1TW5,2022-04-01,nieob. uspraw.,21
1TW5,2022-04-04,obecność,151
1TW5,2022-04-05,obecność,130
1TW5,2022-04-06,obecność,184
1TW5,2022-04-08,obecność,143
1TW5,2022-04-11,obecność,121
1TW5,2022-04-12,obecność,110
1TW5,2022-04-13,obecność,148
1TW5,2022-04-13,nieob. uspraw.,26
1TW5,2022-04-20,obecność,147
1TW5,2022-04-21,obecność,67
1TW5,2022-04-22,obecność,129
1TW5,2022-04-25,obecność,95
1TW5,2022-04-26,obecność,154
1TW5,2022-04-27,obecność,128
1TW5,2022-04-28,obecność,111
1TW5,2022-04-29,obecność,62
1TW5,2022-04-29,nieob. uspraw.,13
1TW5,2022-05-04,obecność,90
1TW5,2022-05-05,obecność,104
1TW5,2022-05-06,obecność,74
1TW5,2022-05-09,obecność,126
1TW5,2022-05-10,obecność,97
1TW5,2022-05-11,obecność,113
1TW5,2022-05-12,obecność,128
1TW5,2022-05-13,obecność,112
1TW5,2022-05-16,obecność,116
1TW5,2022-05-17,obecność,121
1TW5,2022-05-18,obecność,172
1TW5,2022-05-19,obecność,168
1TW5,2022-05-20,obecność,130
1TW5,2022-05-20,nieob. uspraw.,29
1TW5,2022-05-23,nieob. uspraw.,34
1TW5,2022-05-24,nieob. uspraw.,13
1TW5,2022-05-25,nieob. uspraw.,16
1TW5,2022-05-26,nieob. uspraw.,28
1TW5,2022-05-27,nieob. uspraw.,26
1TW5,2022-05-30,nieob. uspraw.,27
1TW5,2022-05-31,nieob. uspraw.,45
1TW5,2022-06-01,nieob. uspraw.,44
1TW5,2022-06-02,nieob. uspraw.,36
1TW5,2022-06-03,nieob. uspraw.,39
1TW5,2022-06-06,obecność,154
1TW5,2022-06-07,spóźn. uspr.,5
1TW5,2022-06-07,obecność,148
1TW5,2022-06-08,obecność,152
1TW5,2022-06-09,obecność,137
1TW5,2022-06-10,obecność,100
1TW5,2022-06-13,obecność,81
1TW5,2022-06-13,nieob. uspraw.,57
1TW5,2022-06-14,obecność,102
1TW5,2022-06-14,nieob. uspr. p.s.,5
1TW5,2022-06-15,obecność,62
1TW5,2022-06-15,nieobecność,54
1TW5,2022-06-20,obecność,34
1TW5,2022-06-21,nieobecność,101
1TW5,2022-06-21,,42
1TW5,2022-06-21,obecność,2
1TW5,2022-06-21,nieob. uspr. p.s.,43
1TW5,2022-06-22,nieobecność,151
1TW5,2022-06-23,obecność,26
1TW5,2022-06-24,obecność,144
1TW5,2021-09-27,nieob. uspraw.,13
1TW5,2021-09-29,obecność,163
1TW5,2021-09-30,obecność,126
1TW5,2021-10-01,obecność,116
1TW5,2021-10-04,nieob. uspr. p.s.,6
1TW5,2021-10-04,obecność,147
1TW5,2021-10-06,nieob. uspr. p.s.,6
1TW5,2021-10-07,obecność,130
1TW5,2021-10-07,nieob. uspr. p.s.,14
1TW5,2021-10-08,obecność,141
1TW5,2021-10-11,nieob. uspr. p.s.,6
1TW5,2021-10-12,nieob. uspr. p.s.,8
1TW5,2021-10-13,nieob. uspr. p.s.,6
1TW5,2021-10-15,nieob. uspraw.,49
1TW5,2021-10-19,nieob. uspraw.,12
1TW5,2021-11-09,obecność,162
1TW5,2021-11-10,obecność,99
1TW5,2021-11-16,obecność,159
1TW5,2021-11-17,obecność,126
1TW5,2021-11-18,obecność,120
1TW5,2021-11-19,obecność,119
1TW5,2021-11-23,nieob. uspraw.,42
1TW5,2021-11-24,nieob. uspraw.,25
1TW5,2021-11-25,nieob. uspraw.,28
1TW5,2021-12-01,nieob. uspraw.,45
1TW5,2021-12-06,nieob. uspraw.,14
1TW5,2021-12-07,nieob. uspraw.,10
1TW5,2021-12-10,nieob. uspraw.,14
1TW5,2021-12-16,nieob. uspraw.,40
1TW5,2021-12-20,nieob. uspraw.,18
1TW5,2021-12-21,nieob. uspraw.,36
1TW5,2021-12-22,nauka zdalna,110
1TW5,2022-01-03,nieob. uspraw.,15
1TW5,2022-01-04,spóźnienie,5
1TW5,2022-01-10,obecność,151
1TW5,2022-01-11,obecność,135
1TW5,2022-01-12,obecność,145
1TW5,2022-01-13,obecność,146
1TW5,2022-01-14,obecność,151
1TW5,2022-02-14,nieob. uspraw.,10
1TW5,2022-02-16,spóźn. uspr.,2
1TW5,2022-02-22,spóźnienie,4
1TW5,2022-02-28,obecność,141
1TW5,2022-03-01,obecność,156
1TW5,2022-03-28,spóźnienie,4
1TW5,2022-03-30,obecność,154
1TW5,2022-03-31,obecność,161
1TW5,2022-04-01,obecność,132
1TW5,2022-04-11,nieobecność,8
1TW5,2022-04-11,spóźnienie,6
1TW5,2022-04-11,nieob. uspr. p.s.,8
1TW5,2022-04-13,nieob. uspr. p.s.,14
1TW5,2022-04-22,nieobecność,14
1TW5,2022-04-25,nieob. uspr. p.s.,18
1TW5,2022-04-27,nieob. uspr. p.s.,39
1TW5,2022-04-28,nieob. uspr. p.s.,28
1TW5,2022-04-29,nieob. uspr. p.s.,40
1TW5,2022-05-09,nieob. uspr. p.s.,37
1TW5,2022-05-13,nieob. uspraw.,17
1TW5,2022-05-17,nieob. uspr. p.s.,4
1TW5,2022-05-23,obecność,109
1TW5,2022-05-24,obecność,138
1TW5,2022-05-24,nieobecność,9
1TW5,2022-05-25,obecność,170
1TW5,2022-05-26,obecność,120
1TW5,2022-05-27,obecność,128
1TW5,2022-05-30,nieobecność,10
1TW5,2022-05-31,obecność,123
1TW5,2022-05-31,nieob. uspr. p.s.,3
1TW5,2022-06-01,obecność,107
1TW5,2022-06-02,obecność,112
1TW5,2022-06-03,obecność,92
1TW5,2022-06-07,nieob. uspraw.,19
1TW5,2022-06-20,nieobecność,135
1TW5,2022-06-23,nieobecność,136
1TW5,2021-09-06,nieob. uspraw.,14
1TW5,2021-09-09,nieob. uspr. p.s.,49
1TW5,2021-09-24,nieob. uspraw.,31
1TW5,2021-09-30,nieobecność,1
1TW5,2021-10-26,spóźnienie,1
1TW5,2021-11-02,nieob. uspraw.,49
1TW5,2021-11-08,nieob. uspraw.,15
1TW5,2021-11-16,nieobecność,2
1TW5,2021-12-02,nieob. uspraw.,28
1TW5,2021-12-09,spóźnienie,1
1TW5,2021-12-13,nieob. uspraw.,27
1TW5,2021-12-17,nieobecność,12
1TW5,2022-01-05,nieobecność,7
1TW5,2022-01-14,nieobecność,5
1TW5,2022-01-17,nieob. uspraw.,11
1TW5,2022-01-19,nieobecność,2
1TW5,2022-01-24,nieobecność,14
1TW5,2022-01-28,nieobecność,16
1TW5,2022-02-15,nieobecność,9
1TW5,2022-02-16,spóźnienie,2
1TW5,2022-02-23,nieob. uspraw.,7
1TW5,2022-03-02,nieob. uspraw.,28
1TW5,2022-03-03,nieobecność,1
1TW5,2022-03-18,nieobecność,18
1TW5,2022-03-21,nieobecność,24
1TW5,2022-03-21,obecność,10
1TW5,2022-03-25,nieobecność,7
1TW5,2022-04-05,nieob. uspraw.,6
1TW5,2022-04-08,nieob. uspraw.,14
1TW5,2022-04-22,nieob. uspraw.,25
1TW5,2022-04-25,nieob. uspraw.,43
1TW5,2022-04-29,nieobecność,29
1TW5,2022-05-04,nieob. uspraw.,23
1TW5,2022-05-05,nieob. uspraw.,23
1TW5,2022-05-06,nieob. uspraw.,11
1TW5,2022-05-12,nieobecność,11
1TW5,2022-05-17,nieobecność,6
1TW5,2022-05-30,obecność,147
1TW5,2022-06-14,nieob. uspraw.,43
1TW5,2022-06-15,nieob. uspraw.,51
1TW5,2021-09-15,nieob. uspraw.,12
1TW5,2021-10-08,nieob. uspr. p.s.,6
1TW5,2021-10-20,nieob. uspr. p.s.,1
1TW5,2021-10-20,nieob. uspraw.,3
1TW5,2021-10-25,nieob. uspr. p.s.,1
1TW5,2021-10-27,nieob. uspr. p.s.,2
1TW5,2021-10-28,nieob. uspraw.,28
1TW5,2021-11-03,nieob. uspraw.,29
1TW5,2021-11-05,nieob. uspr. p.s.,1
1TW5,2021-11-05,nieob. uspraw.,33
1TW5,2021-11-08,nieob. uspr. p.s.,12
1TW5,2021-11-17,nieob. uspr. p.s.,2
1TW5,2021-11-22,nieob. uspr. p.s.,2
1TW5,2021-11-24,nieob. uspr. p.s.,2
1TW5,2021-11-25,nieobecność,5
1TW5,2021-11-29,nieob. uspr. p.s.,1
1TW5,2021-12-01,nieobecność,11
1TW5,2021-12-06,nieobecność,9
1TW5,2021-12-07,nieobecność,4
1TW5,2021-12-08,nieobecność,3
1TW5,2021-12-13,nieobecność,25
1TW5,2021-12-22,nieobecność,11
1TW5,2022-01-03,nieobecność,20
1TW5,2022-01-10,nieobecność,2
1TW5,2022-01-12,nieob. uspr. p.s.,1
1TW5,2022-01-17,nieobecność,1
1TW5,2022-01-21,nieob. uspraw.,21
1TW5,2022-01-24,nieob. uspraw.,37
1TW5,2022-01-26,nieob. uspraw.,42
1TW5,2022-02-21,nieob. uspraw.,27
1TW5,2022-02-22,nieob. uspraw.,2
1TW5,2022-02-28,nieobecność,4
1TW5,2022-03-07,nieob. uspraw.,16
1TW5,2022-03-08,nieob. uspraw.,30
1TW5,2022-03-09,spóźnienie,4
1TW5,2022-03-14,nieobecność,4
1TW5,2022-03-15,nieobecność,3
1TW5,2022-03-23,nieobecność,10
1TW5,2022-03-28,nieobecność,4
1TW5,2022-03-30,nieobecność,13
1TW5,2022-04-04,nieobecność,4
1TW5,2022-04-06,nieobecność,7
1TW5,2022-04-11,nieob. uspraw.,17
1TW5,2022-04-13,nieobecność,3
1TW5,2022-04-20,nieobecność,5
1TW5,2022-04-28,nieobecność,23
1TW5,2022-05-18,nieob. uspraw.,17
1TW5,2022-05-23,nieobecność,8
1TW5,2022-05-31,nieobecność,12
1TW5,2022-06-01,nieob. uspr. p.s.,7
1TW5,2022-06-06,nieobecność,15
1TW5,2022-06-06,nieob. uspraw.,15
1TW5,2022-06-10,nieobecność,18
1TW5,2022-06-13,nieobecność,18
1TW5,2022-06-13,nieob. uspr. p.s.,5
1TW5,2022-06-14,nieobecność,34
1TW5,2021-09-20,nieob. uspraw.,8
1TW5,2021-09-21,nieob. uspraw.,30
1TW5,2021-09-22,nieob. uspraw.,25
1TW5,2021-10-18,nieob. uspraw.,22
1TW5,2021-11-09,nieobecność,5
1TW5,2021-12-21,nieobecność,5
1TW5,2022-02-14,nieobecność,11
1TW5,2022-02-18,nieob. uspraw.,9
1TW5,2022-03-04,nieob. uspraw.,38
1TW5,2022-03-14,spóźnienie,2
1TW5,2022-04-20,nieob. uspraw.,14
1TW5,2022-04-21,nieob. uspr. p.s.,53
1TW5,2022-06-10,nieob. uspraw.,24
1TW5,2021-09-23,nieobecność,7
1TW5,2021-10-12,nieobecność,1
1TW5,2021-11-10,nieob. uspr. p.s.,8
1TW5,2021-12-16,spóźnienie,1
1TW5,2022-01-26,nieobecność,36
1TW5,2022-05-16,spóźnienie,4
1TW5,2022-05-25,spóźnienie,1
1TW5,2022-06-22,obecność,10
1TW5,2021-09-08,nieob. uspraw.,12
1TW5,2021-10-13,nieob. uspraw.,17
1TW5,2021-10-15,nieobecność,8
1TW5,2021-10-20,nieobecność,1
1TW5,2021-11-03,nieobecność,1
1TW5,2021-12-20,nieobecność,12
1TW5,2022-01-18,nieobecność,9
1TW5,2022-01-21,nieobecność,10
1TW5,2022-01-25,nieobecność,8
1TW5,2022-02-16,nieobecność,5
1TW5,2022-02-18,nieobecność,12
1TW5,2022-02-22,nieobecność,4
1TW5,2022-03-08,nieobecność,2
1TW5,2022-04-25,nieobecność,4
1TW5,2022-05-16,nieobecność,9
1TW5,2022-05-25,nieobecność,4
1TW5,2022-06-01,nieobecność,9
1TW5,2022-06-02,nieobecność,14
1TW5,2022-06-07,nieobecność,9
1TW5,2021-09-14,nieob. uspraw.,21
1TW5,2021-10-07,spóźn. uspr.,1
1TW5,2021-11-26,nieob. uspraw.,29
1TW5,2022-03-14,nieob. uspraw.,6
1TW5,2022-03-15,zwolniony,3
1TW5,2022-03-23,nieob. uspraw.,32
1TW5,2022-03-24,nieob. uspraw.,42
1TW5,2022-05-04,nieob. uspr. p.s.,24
1TW5,2022-05-05,nieob. uspr. p.s.,28
1TW5,2022-05-06,nieob. uspr. p.s.,20
1TW5,2022-05-10,nieob. uspr. p.s.,23
1TW5,2022-05-11,nieob. uspr. p.s.,24
1TW5,2022-05-12,nieob. uspr. p.s.,32
1TW5,2022-05-13,nieob. uspr. p.s.,28
1TW5,2022-06-08,nieob. uspraw.,4
1TW5,2021-09-28,nieob. uspraw.,26
1TW5,2021-10-11,nieob. uspraw.,18
1TW5,2021-10-22,nieob. uspraw.,18
1TW5,2021-11-10,spóźnienie,5
1TW5,2021-12-10,nieobecność,3
1TW5,2021-12-17,nieob. uspraw.,9
1TW5,2022-01-04,nieob. uspraw.,18
1TW5,2022-01-13,spóźnienie,7
1TW5,2022-01-18,nieob. uspraw.,2
1TW5,2022-01-25,nieob. uspraw.,14
1TW5,2022-02-22,spóźn. uspr.,1
1TW5,2022-02-25,nieob. uspraw.,9
1TW5,2022-03-01,spóźn. uspr.,1
1TW5,2022-03-08,spóźnienie,1
1TW5,2022-03-09,nieob. uspraw.,15
1TW5,2022-03-10,spóźnienie,1
1TW5,2022-03-11,nieob. uspraw.,5
1TW5,2022-03-14,nieob. uspr. p.s.,6
1TW5,2022-03-15,nieob. uspraw.,11
1TW5,2022-03-18,nieob. uspraw.,20
1TW5,2022-03-28,nieob. uspraw.,6
1TW5,2022-04-08,nieobecność,11
1TW5,2022-04-12,nieobecność,7
1TW5,2022-04-21,nieob. uspraw.,28
1TW5,2022-04-26,nieob. uspraw.,20
1TW5,2022-05-09,nieobecność,21
1TW5,2022-05-20,nieobecność,9
1TW5,2022-06-07,spóźnienie,3
1TW5,2022-06-08,nieobecność,11
1TW5,2021-09-13,nieob. uspraw.,14
1TW5,2021-09-16,nieob. uspraw.,7
1TW5,2021-09-20,nieobecność,1
1TW5,2021-09-20,spóźnienie,1
1TW5,2021-09-23,nieob. uspraw.,14
1TW5,2021-11-04,nieob. uspraw.,21
1TW5,2021-11-29,spóźnienie,1
1TW5,2021-11-30,nieob. uspraw.,18
1TW5,2021-12-03,nieob. uspraw.,21
1TW5,2021-12-09,nieob. uspraw.,21
1TW5,2021-12-14,nieobecność,6
1TW5,2021-12-15,nieobecność,7
1TW5,2022-02-21,nieobecność,2
1TW5,2022-03-11,nieobecność,3
1TW5,2022-03-25,nieob. uspraw.,25
1TW5,2022-04-12,nieob. uspraw.,17
1TW5,2022-04-21,nieobecność,14
1TW5,2022-05-06,nieobecność,15
1TW5,2022-05-12,nieob. uspraw.,15
1TW5,2022-05-13,nieobecność,10
1TW5,2022-05-23,spóźnienie,1
1TW5,2022-05-26,nieobecność,14
1TW5,2021-12-13,nieob. uspr. p.s.,4
1TW5,2022-04-20,nieob. uspr. p.s.,1
1TW5,2022-04-26,nieobecność,10
1TW5,2022-05-16,nieob. uspraw.,7
1TW5,2021-09-09,nieob. uspraw.,21
1TW5,2021-10-08,spóźnienie,5
1TW5,2021-10-21,nieob. uspraw.,8
1TW5,2021-10-27,nieob. uspraw.,29
1TW5,2021-10-29,nieob. uspraw.,15
1TW5,2021-11-29,nieob. uspraw.,26
1TW5,2021-12-07,spóźnienie,1
1TW5,2022-01-11,nieobecność,5
1TW5,2022-01-27,nieobecność,13
1TW5,2022-03-10,nieob. uspraw.,8
1TW5,2022-03-17,nieob. uspraw.,4
1TW5,2022-05-04,nieobecność,6
1TW5,2022-05-09,nieob. uspraw.,1
1TW5,2022-05-10,nieob. uspraw.,8
1TW5,2022-06-03,nieobecność,10
1TW5,2022-06-09,nieob. uspraw.,11
1TW5,2021-10-21,nieob. uspr. p.s.,1
1TW5,2021-10-29,nieob. uspr. p.s.,2
1TW5,2021-11-04,nieob. uspr. p.s.,1
1TW5,2021-11-18,spóźnienie,4
1TW5,2021-11-18,nieob. uspr. p.s.,1
1TW5,2021-11-24,spóźnienie,1
1TW5,2021-12-10,nieob. uspr. p.s.,1
1TW5,2022-06-20,nieob. uspraw.,15
1TW5,2022-06-21,nieob. uspraw.,4
1TW5,2022-06-22,nieob. uspraw.,6
1TW5,2022-01-13,spóźn. uspr.,2
1TW5,2022-01-14,nieob. uspr. p.s.,3
1TW5,2022-01-27,nieob. uspraw.,1
1TW5,2022-02-14,spóźn. uspr.,1
1TW5,2022-02-15,nieob. uspraw.,3
1TW5,2022-02-16,nieob. uspraw.,7
1TW5,2022-03-03,nieob. uspraw.,13
1TW5,2022-03-09,nieobecność,4
1TW5,2022-03-11,spóźnienie,3
1TW5,2022-03-16,spóźnienie,3
1TW5,2022-04-04,spóźnienie,5
1TW5,2021-09-09,zwolniony,1
1TW5,2021-11-18,spóźn. uspr.,2
1TW5,2022-01-14,spóźn. uspr.,1
1TW5,2022-05-23,nieob. uspr. p.s.,7
1TW5,2022-06-03,nieob. uspr. p.s.,3
1TW5,2021-09-07,nieob. uspraw.,14
1TW5,2021-11-22,nieob. uspraw.,14
1TW5,2022-03-16,nieob. uspraw.,2
1TW5,2021-09-30,spóźnienie,2
1TW5,2021-11-02,spóźnienie,2
1TW5,2022-02-24,spóźnienie,1
1TW5,2022-05-13,spóźn. uspr.,1
1TW5,2022-05-23,spóźn. uspr.,1
1TW5,2021-09-17,nieob. uspraw.,10
1TW5,2021-09-21,nieobecność,1
1TW5,2021-09-21,spóźnienie,2
1TW5,2021-10-07,spóźnienie,2
1TW5,2021-10-19,nieobecność,1
1TW5,2021-11-02,spóźn. uspr.,2
1TW5,2021-11-03,spóźnienie,4
1TW5,2021-11-05,spóźnienie,1
1TW5,2022-01-20,nieob. uspr. p.s.,12
1TW5,2022-01-21,spóźnienie,2
1TW5,2022-01-28,nieob. uspraw.,6
1TW5,2022-02-17,nieob. uspraw.,1
1TW5,2022-02-25,nieobecność,6
1TW5,2022-02-28,spóźnienie,1
1TW5,2022-03-01,nieobecność,1
1TW5,2022-03-10,nieobecność,1
1TW5,2022-03-15,spóźnienie,3
1TW5,2022-03-23,nieob. uspr. p.s.,1
1TW5,2022-03-29,nieobecność,5
1TW5,2022-04-12,spóźnienie,2
1TW5,2022-05-17,nieob. uspraw.,5
1TW5,2022-05-18,nieobecność,2
1TW5,2022-06-10,spóźnienie,2
1TW5,2021-09-29,spóźnienie,2
1TW5,2021-10-12,nieob. uspraw.,3
1TW5,2021-10-25,nieob. uspraw.,13
1TW5,2021-11-19,nieobecność,1
1TW5,2021-11-29,nieobecność,9
1TW5,2022-01-12,nieobecność,8
1TW5,2022-01-14,spóźnienie,1
1TW5,2022-02-17,nieobecność,1
1TW5,2022-03-07,nieobecność,1
1TW5,2022-03-16,nieobecność,2
1TW5,2022-03-22,nieobecność,5
1TW5,2022-03-29,spóźnienie,1
1TW5,2022-03-31,nieobecność,9
1TW5,2022-04-01,nieobecność,15
1TW5,2022-05-05,nieobecność,7
1TW5,2022-05-10,nieobecność,8
1TW5,2022-05-11,nieobecność,6
1TW5,2022-06-09,nieobecność,14
1TW5,2022-03-04,nieobecność,1
1TW5,2021-10-26,nieobecność,1
1TW5,2021-12-07,spóźn. uspr.,1
1TW5,2022-03-22,nieob. uspraw.,11
1TW5,2021-10-06,nauka zdalna,1
1TW5,2022-05-27,nieobecność,14
1TW5,2021-09-14,zwolniony,1
1TW5,2022-02-23,nieobecność,1
1TW5,2022-02-28,spóźn. uspr.,1
1TW5,2022-03-01,zwolniony,1
1TW5,2022-03-09,spóźn. uspr.,1
1TW5,2022-03-17,nieobecność,1
1TW5,2022-05-31,spóźnienie,1
2TM5,2021-09-01,obecność,160
2TM5,2021-09-02,obecność,138
2TM5,2021-09-02,zwolniony,1
2TM5,2021-09-03,obecność,23
2TM5,2021-09-06,nieob. uspr. p.s.,44
2TM5,2021-09-07,nieob. uspr. p.s.,49
2TM5,2021-09-08,nieob. uspr. p.s.,55
2TM5,2021-09-09,nieob. uspr. p.s.,62
2TM5,2021-09-13,nieob. uspr. p.s.,35
2TM5,2021-09-14,nieob. uspr. p.s.,48
2TM5,2021-09-15,nieob. uspr. p.s.,48
2TM5,2021-09-16,nieob. uspr. p.s.,48
2TM5,2021-09-17,obecność,17
2TM5,2021-09-20,obecność,100
2TM5,2021-09-20,zwolniony,1
2TM5,2021-09-21,zwolniony,1
2TM5,2021-09-21,obecność,118
2TM5,2021-09-22,obecność,143
2TM5,2021-09-23,obecność,121
2TM5,2021-09-24,obecność,8
2TM5,2021-09-27,obecność,97
2TM5,2021-09-27,nieob. uspr. p.s.,6
2TM5,2021-09-28,obecność,126
2TM5,2021-09-29,obecność,124
2TM5,2021-09-29,nieob. uspr. p.s.,10
2TM5,2021-09-30,obecność,111
2TM5,2021-10-01,obecność,14
2TM5,2021-10-04,obecność,108
2TM5,2021-10-04,nieob. uspr. p.s.,7
2TM5,2021-10-05,obecność,118
2TM5,2021-10-06,obecność,142
2TM5,2021-10-07,obecność,135
2TM5,2021-10-08,obecność,12
2TM5,2021-10-11,obecność,90
2TM5,2021-10-12,obecność,120
2TM5,2021-10-13,obecność,146
2TM5,2021-10-15,obecność,24
2TM5,2021-10-18,obecność,129
2TM5,2021-10-19,obecność,146
2TM5,2021-10-19,nieob. uspr. p.s.,7
2TM5,2021-10-20,obecność,109
2TM5,2021-10-20,nieob. uspr. p.s.,3
2TM5,2021-10-21,obecność,114
2TM5,2021-10-22,obecność,25
2TM5,2021-10-25,obecność,118
2TM5,2021-10-26,obecność,130
2TM5,2021-10-27,obecność,133
2TM5,2021-10-28,obecność,146
2TM5,2021-10-29,obecność,15
2TM5,2021-11-02,obecność,127
2TM5,2021-11-03,obecność,132
2TM5,2021-11-04,obecność,136
2TM5,2021-11-05,obecność,11
2TM5,2021-11-08,obecność,123
2TM5,2021-11-09,obecność,123
2TM5,2021-11-09,nieob. uspraw.,14
2TM5,2021-11-10,obecność,101
2TM5,2021-11-15,obecność,128
2TM5,2021-11-16,obecność,128
2TM5,2021-11-17,obecność,85
2TM5,2021-11-18,obecność,70
2TM5,2021-11-19,obecność,16
2TM5,2021-11-22,obecność,116
2TM5,2021-11-23,obecność,128
2TM5,2021-11-24,obecność,114
2TM5,2021-11-24,spóźn. uspr.,1
2TM5,2021-11-25,obecność,95
2TM5,2021-11-26,obecność,6
2TM5,2021-11-29,obecność,98
2TM5,2021-11-30,obecność,123
2TM5,2021-12-01,obecność,111
2TM5,2021-12-02,obecność,105
2TM5,2021-12-03,obecność,11
2TM5,2021-12-06,obecność,111
2TM5,2021-12-07,obecność,143
2TM5,2021-12-08,nieob. uspraw.,21
2TM5,2021-12-09,nieob. uspraw.,12
2TM5,2021-12-10,nieob. uspraw.,4
2TM5,2021-12-13,nieobecność,6
2TM5,2021-12-14,obecność,131
2TM5,2021-12-15,nieobecność,8
2TM5,2021-12-16,obecność,115
2TM5,2021-12-17,obecność,15
2TM5,2021-12-20,nauka zdalna,120
2TM5,2021-12-21,zwolniony,1
2TM5,2021-12-21,nauka zdalna,125
2TM5,2021-12-22,nauka zdalna,129
2TM5,2022-01-03,nauka zdalna,111
2TM5,2022-01-03,zwolniony,1
2TM5,2022-01-04,nauka zdalna,133
2TM5,2022-01-05,nauka zdalna,138
2TM5,2022-01-10,obecność,78
2TM5,2022-01-11,nieobecność,6
2TM5,2022-01-12,obecność,125
2TM5,2022-01-13,obecność,140
2TM5,2022-01-14,obecność,13
2TM5,2022-01-17,obecność,108
2TM5,2022-01-18,obecność,142
2TM5,2022-01-19,obecność,144
2TM5,2022-01-20,obecność,140
2TM5,2022-01-21,obecność,13
2TM5,2022-01-24,obecność,100
2TM5,2022-01-25,obecność,116
2TM5,2022-01-26,obecność,85
2TM5,2022-01-27,nauka zdalna,115
2TM5,2022-01-28,nauka zdalna,17
2TM5,2022-02-14,nauka zdalna,115
2TM5,2022-02-14,zwolniony,1
2TM5,2022-02-15,zwolniony,1
2TM5,2022-02-15,nauka zdalna,122
2TM5,2022-02-16,nauka zdalna,129
2TM5,2022-02-17,nauka zdalna,138
2TM5,2022-02-18,nieobecność,8
2TM5,2022-02-21,obecność,117
2TM5,2022-02-22,obecność,122
2TM5,2022-02-23,obecność,142
2TM5,2022-02-24,obecność,144
2TM5,2022-02-25,obecność,18
2TM5,2022-02-28,obecność,108
2TM5,2022-03-01,obecność,118
2TM5,2022-03-02,obecność,115
2TM5,2022-03-03,obecność,100
2TM5,2022-03-04,obecność,16
2TM5,2022-03-07,obecność,122
2TM5,2022-03-08,nieob. uspraw.,20
2TM5,2022-03-09,obecność,74
2TM5,2022-03-10,obecność,138
2TM5,2022-03-11,obecność,9
2TM5,2022-03-14,obecność,108
2TM5,2022-03-15,obecność,123
2TM5,2022-03-16,obecność,99
2TM5,2022-03-17,obecność,140
2TM5,2022-03-18,obecność,14
2TM5,2022-03-21,obecność,31
2TM5,2022-03-21,nieob. uspraw.,71
2TM5,2022-03-22,zwolniony,1
2TM5,2022-03-22,obecność,143
2TM5,2022-03-23,obecność,117
2TM5,2022-03-24,obecność,125
2TM5,2022-03-25,obecność,20
2TM5,2022-03-28,obecność,119
2TM5,2022-03-29,obecność,133
2TM5,2022-03-30,obecność,140
2TM5,2022-03-31,obecność,139
2TM5,2022-04-01,obecność,14
2TM5,2022-04-04,nieobecność,13
2TM5,2022-04-05,obecność,107
2TM5,2022-04-06,obecność,82
2TM5,2022-04-07,obecność,122
2TM5,2022-04-08,obecność,15
2TM5,2022-04-11,obecność,97
2TM5,2022-04-12,obecność,107
2TM5,2022-04-13,obecność,93
2TM5,2022-04-20,obecność,124
2TM5,2022-04-21,obecność,120
2TM5,2022-04-22,obecność,22
2TM5,2022-04-25,obecność,105
2TM5,2022-04-26,obecność,95
2TM5,2022-04-27,obecność,95
2TM5,2022-04-28,obecność,106
2TM5,2022-04-29,nieobecność,8
2TM5,2022-05-04,obecność,51
2TM5,2022-05-05,obecność,104
2TM5,2022-05-06,obecność,33
2TM5,2022-05-09,obecność,80
2TM5,2022-05-10,obecność,91
2TM5,2022-05-11,obecność,118
2TM5,2022-05-12,obecność,124
2TM5,2022-05-13,nieob. uspraw.,7
2TM5,2022-05-16,obecność,108
2TM5,2022-05-17,obecność,142
2TM5,2022-05-18,obecność,150
2TM5,2022-05-19,obecność,143
2TM5,2022-05-20,spóźnienie,1
2TM5,2022-05-20,obecność,32
2TM5,2022-05-23,obecność,107
2TM5,2022-05-24,obecność,134
2TM5,2022-05-25,obecność,141
2TM5,2022-05-26,obecność,140
2TM5,2022-05-27,obecność,36
2TM5,2022-05-30,obecność,123
2TM5,2022-05-31,obecność,136
2TM5,2022-06-01,obecność,128
2TM5,2022-06-02,obecność,136
2TM5,2022-06-03,nieob. uspraw.,9
2TM5,2022-06-06,obecność,48
2TM5,2022-06-07,obecność,64
2TM5,2022-06-08,obecność,68
2TM5,2022-06-09,obecność,105
2TM5,2022-06-10,obecność,11
2TM5,2021-09-02,nieobecność,12
2TM5,2021-09-06,obecność,91
2TM5,2021-09-07,obecność,88
2TM5,2021-09-08,obecność,91
2TM5,2021-09-08,spóźnienie,6
2TM5,2021-09-08,nieobecność,1
2TM5,2021-09-09,obecność,61
2TM5,2021-09-13,nieobecność,7
2TM5,2021-09-14,obecność,77
2TM5,2021-09-15,obecność,87
2TM5,2021-09-16,obecność,83
2TM5,2021-09-20,spóźnienie,1
2TM5,2021-09-21,nieobecność,8
2TM5,2021-09-22,nieobecność,1
2TM5,2021-09-23,nieobecność,3
2TM5,2021-09-27,nieobecność,7
2TM5,2021-09-29,nieobecność,8
2TM5,2021-09-30,nieobecność,8
2TM5,2021-10-01,nieobecność,6
2TM5,2021-10-06,nieob. uspraw.,16
2TM5,2021-10-07,nieob. uspraw.,29
2TM5,2021-10-08,nieob. uspraw.,12
2TM5,2021-10-11,nieobecność,8
2TM5,2021-10-12,spóźnienie,4
2TM5,2021-10-13,spóźnienie,3
2TM5,2021-10-20,spóźnienie,2
2TM5,2021-10-25,nieobecność,1
2TM5,2021-10-27,nieobecność,7
2TM5,2021-10-29,nieob. uspr. p.s.,4
2TM5,2021-11-04,nieobecność,8
2TM5,2021-11-05,nieobecność,6
2TM5,2021-11-08,nieobecność,7
2TM5,2021-11-09,nieobecność,3
2TM5,2021-11-15,nieobecność,1
2TM5,2021-11-16,nieobecność,1
2TM5,2021-11-17,nieobecność,6
2TM5,2021-11-18,nieobecność,5
2TM5,2021-11-19,nieobecność,6
2TM5,2021-11-22,nieobecność,1
2TM5,2021-11-23,spóźnienie,5
2TM5,2021-11-24,nieobecność,8
2TM5,2021-11-25,spóźnienie,2
2TM5,2021-11-26,nieobecność,6
2TM5,2021-11-30,nieobecność,2
2TM5,2021-12-01,nieobecność,1
2TM5,2021-12-03,nieobecność,7
2TM5,2021-12-08,obecność,131
2TM5,2021-12-09,obecność,147
2TM5,2021-12-10,spóźnienie,6
2TM5,2021-12-10,obecność,11
2TM5,2021-12-13,obecność,87
2TM5,2021-12-13,spóźnienie,1
2TM5,2021-12-14,nieobecność,2
2TM5,2021-12-15,obecność,112
2TM5,2021-12-20,nieobecność,13
2TM5,2022-01-03,nieobecność,8
2TM5,2022-01-04,nieobecność,5
2TM5,2022-01-05,nieobecność,4
2TM5,2022-01-11,obecność,104
2TM5,2022-01-13,spóźnienie,1
2TM5,2022-01-14,spóźnienie,4
2TM5,2022-01-21,nieobecność,8
2TM5,2022-01-24,nieobecność,8
2TM5,2022-01-26,nieobecność,7
2TM5,2022-01-27,nieobecność,9
2TM5,2022-01-28,nieobecność,7
2TM5,2022-02-14,nieobecność,1
2TM5,2022-02-15,nieob. uspraw.,18
2TM5,2022-02-16,nieobecność,13
2TM5,2022-02-17,nieobecność,4
2TM5,2022-02-23,nieobecność,1
2TM5,2022-02-25,nieobecność,5
2TM5,2022-02-28,nieob. uspr. p.s.,11
2TM5,2022-02-28,spóźnienie,4
2TM5,2022-03-03,spóźnienie,6
2TM5,2022-03-08,obecność,120
2TM5,2022-03-08,nieobecność,2
2TM5,2022-03-11,nieobecność,7
2TM5,2022-03-14,nieobecność,4
2TM5,2022-03-15,nieobecność,8
2TM5,2022-03-17,spóźnienie,1
2TM5,2022-03-18,nieobecność,4
2TM5,2022-03-21,nieobecność,8
2TM5,2022-03-22,spóźnienie,4
2TM5,2022-03-23,nieobecność,8
2TM5,2022-03-24,nieobecność,14
2TM5,2022-03-28,nieob. uspr. p.s.,3
2TM5,2022-03-28,nieobecność,5
2TM5,2022-03-29,nieob. uspr. p.s.,5
2TM5,2022-03-31,nieobecność,2
2TM5,2022-04-01,nieobecność,3
2TM5,2022-04-05,nieobecność,6
2TM5,2022-04-06,nieobecność,8
2TM5,2022-04-07,nieobecność,9
2TM5,2022-04-08,nieobecność,6
2TM5,2022-04-11,nieobecność,16
2TM5,2022-04-12,nieobecność,17
2TM5,2022-04-13,nieobecność,8
2TM5,2022-04-20,spóźnienie,2
2TM5,2022-04-25,spóźnienie,1
2TM5,2022-05-04,nieobecność,10
2TM5,2022-05-06,nieobecność,11
2TM5,2022-05-09,nieobecność,7
2TM5,2022-05-10,nieobecność,6
2TM5,2022-05-12,nieobecność,1
2TM5,2022-05-13,obecność,50
2TM5,2022-05-19,nieobecność,2
2TM5,2022-05-20,nieobecność,2
2TM5,2022-05-26,nieobecność,1
2TM5,2022-05-30,nieobecność,2
2TM5,2022-06-02,nieobecność,3
2TM5,2022-06-03,nieobecność,7
2TM5,2022-06-06,nieobecność,21
2TM5,2022-06-10,nieobecność,12
2TM5,2021-09-02,nieob. uspraw.,15
2TM5,2021-09-08,spóźn. uspr.,2
2TM5,2021-09-08,nieob. uspraw.,13
2TM5,2021-09-13,obecność,64
2TM5,2021-09-14,nieob. uspraw.,42
2TM5,2021-09-20,nieob. uspraw.,44
2TM5,2021-09-21,nieob. uspraw.,41
2TM5,2021-09-23,nieob. uspraw.,43
2TM5,2021-09-24,nieob. uspr. p.s.,10
2TM5,2021-10-04,nieob. uspraw.,28
2TM5,2021-10-05,nieob. uspraw.,15
2TM5,2021-10-11,nieob. uspr. p.s.,16
2TM5,2021-10-12,spóźn. uspr.,1
2TM5,2021-10-28,nieob. uspraw.,20
2TM5,2021-10-29,spóźn. uspr.,1
2TM5,2021-11-26,nieob. uspraw.,12
2TM5,2021-12-07,spóźnienie,3
2TM5,2021-12-13,nieob. uspr. p.s.,8
2TM5,2022-01-11,nieob. uspraw.,14
2TM5,2022-01-14,nieobecność,3
2TM5,2022-01-20,spóźnienie,2
2TM5,2022-01-24,nieob. uspraw.,24
2TM5,2022-01-25,nieob. uspraw.,34
2TM5,2022-01-26,nieob. uspraw.,41
2TM5,2022-02-14,nieob. uspraw.,16
2TM5,2022-02-16,nieob. uspraw.,10
2TM5,2022-02-17,nieob. uspraw.,9
2TM5,2022-02-17,spóźn. uspr.,1
2TM5,2022-02-18,nauka zdalna,15
2TM5,2022-02-21,nieob. uspraw.,15
2TM5,2022-03-02,nieob. uspraw.,35
2TM5,2022-03-04,spóźnienie,2
2TM5,2022-03-08,spóźn. uspr.,1
2TM5,2022-03-09,nieob. uspraw.,21
2TM5,2022-03-15,spóźn. uspr.,2
2TM5,2022-03-17,spóźn. uspr.,1
2TM5,2022-03-22,spóźn. uspr.,2
2TM5,2022-03-23,nieob. uspraw.,27
2TM5,2022-03-24,nieob. uspraw.,11
2TM5,2022-03-29,spóźn. uspr.,2
2TM5,2022-03-30,nieob. uspraw.,5
2TM5,2022-03-31,nieob. uspraw.,9
2TM5,2022-04-04,spóźn. uspr.,1
2TM5,2022-04-04,obecność,93
2TM5,2022-04-06,nieob. uspraw.,56
2TM5,2022-04-07,nieob. uspraw.,20
2TM5,2022-04-12,spóźnienie,2
2TM5,2022-04-13,nieob. uspr. p.s.,14
2TM5,2022-04-13,nieob. uspraw.,35
2TM5,2022-04-22,nieob. uspraw.,2
2TM5,2022-04-25,nieob. uspr. p.s.,11
2TM5,2022-04-26,nieob. uspr. p.s.,39
2TM5,2022-04-27,nieob. uspr. p.s.,29
2TM5,2022-04-28,nieob. uspr. p.s.,37
2TM5,2022-04-29,nieob. uspr. p.s.,4
2TM5,2022-05-09,nieob. uspr. p.s.,13
2TM5,2022-05-20,nieob. uspraw.,6
2TM5,2022-05-24,nieob. uspraw.,16
2TM5,2022-05-26,nieob. uspraw.,8
2TM5,2022-05-31,nieob. uspraw.,10
2TM5,2022-06-02,nieob. uspraw.,13
2TM5,2022-06-06,nieob. uspraw.,26
2TM5,2022-06-10,spóźnienie,1
2TM5,2021-09-09,nieob. uspraw.,40
2TM5,2021-09-20,nieob. uspr. p.s.,2
2TM5,2021-09-30,nieob. uspr. p.s.,9
2TM5,2021-10-12,nieobecność,3
2TM5,2021-10-26,nieob. uspraw.,29
2TM5,2021-10-29,spóźnienie,2
2TM5,2021-11-10,nieob. uspraw.,40
2TM5,2021-12-01,nieob. uspraw.,56
2TM5,2022-01-11,spóźnienie,5
2TM5,2022-01-13,nieob. uspraw.,9
2TM5,2022-03-01,nieob. uspr. p.s.,12
2TM5,2022-03-03,nieob. uspraw.,34
2TM5,2022-03-08,spóźnienie,1
2TM5,2022-03-14,nieob. uspraw.,16
2TM5,2022-03-15,spóźnienie,1
2TM5,2022-03-25,nieob. uspraw.,3
2TM5,2022-04-04,spóźnienie,1
2TM5,2022-05-10,nieob. uspraw.,6
2TM5,2022-05-11,nieob. uspraw.,8
2TM5,2022-05-12,nieob. uspraw.,15
2TM5,2022-05-25,nieob. uspraw.,11
2TM5,2022-05-27,nieob. uspraw.,7
2TM5,2022-06-10,nieob. uspraw.,19
2TM5,2021-10-28,nieobecność,2
2TM5,2021-10-29,nieobecność,1
2TM5,2021-11-03,nieob. uspraw.,14
2TM5,2021-11-04,nieob. uspraw.,24
2TM5,2021-11-05,nieob. uspraw.,9
2TM5,2021-11-08,nieob. uspr. p.s.,4
2TM5,2021-11-24,spóźnienie,1
2TM5,2021-12-15,nieob. uspraw.,32
2TM5,2021-12-16,nieob. uspraw.,32
2TM5,2021-12-17,nieob. uspraw.,5
2TM5,2022-01-17,spóźnienie,3
2TM5,2022-02-22,nieob. uspr. p.s.,6
2TM5,2022-02-22,spóźn. uspr.,1
2TM5,2022-03-21,nieob. uspr. p.s.,24
2TM5,2022-04-04,nieob. uspraw.,22
2TM5,2022-04-05,nieob. uspraw.,18
2TM5,2022-04-28,nieob. uspraw.,9
2TM5,2022-04-29,obecność,6
2TM5,2022-05-04,nieob. uspraw.,25
2TM5,2022-05-05,nieob. uspraw.,32
2TM5,2022-05-06,nieob. uspraw.,15
2TM5,2022-05-10,nieob. uspr. p.s.,10
2TM5,2022-05-13,nieob. uspr. p.s.,5
2TM5,2022-05-16,nieob. uspr. p.s.,2
2TM5,2022-05-19,nieob. uspraw.,7
2TM5,2022-06-03,obecność,7
2TM5,2022-06-08,nieob. uspr. p.s.,10
2TM5,2021-09-06,nieobecność,3
2TM5,2021-09-09,spóźnienie,2
2TM5,2021-09-13,nieob. uspraw.,20
2TM5,2021-09-15,nieob. uspraw.,33
2TM5,2021-09-16,nieob. uspraw.,29
2TM5,2021-09-17,nieob. uspraw.,3
2TM5,2021-10-05,spóźnienie,4
2TM5,2021-11-02,spóźn. uspr.,2
2TM5,2021-11-15,nieob. uspraw.,15
2TM5,2021-11-16,nieob. uspraw.,35
2TM5,2021-11-17,nieob. uspraw.,35
2TM5,2021-11-18,nieob. uspraw.,30
2TM5,2021-11-19,nieob. uspraw.,4
2TM5,2021-11-22,nieob. uspraw.,25
2TM5,2021-11-23,nieob. uspraw.,31
2TM5,2021-11-24,nieob. uspraw.,44
2TM5,2021-11-25,nieob. uspraw.,49
2TM5,2021-11-26,nieob. uspr. p.s.,2
2TM5,2021-12-03,nieob. uspr. p.s.,1
2TM5,2021-12-07,spóźn. uspr.,2
2TM5,2022-01-11,spóźn. uspr.,2
2TM5,2022-01-14,nieob. uspraw.,3
2TM5,2022-01-27,nieob. uspraw.,9
2TM5,2022-02-23,spóźnienie,4
2TM5,2022-03-15,nieob. uspraw.,11
2TM5,2022-03-30,spóźnienie,7
2TM5,2022-04-04,nieob. uspr. p.s.,2
2TM5,2022-04-06,nieob. uspr. p.s.,6
2TM5,2022-04-11,nieob. uspr. p.s.,2
2TM5,2022-04-21,nieob. uspraw.,16
2TM5,2022-05-31,spóźnienie,5
2TM5,2022-06-07,spóźnienie,4
2TM5,2021-09-23,spóźn. uspr.,1
2TM5,2021-09-24,nieob. uspraw.,8
2TM5,2021-10-01,spóźn. uspr.,1
2TM5,2021-10-08,spóźn. uspr.,2
2TM5,2022-01-14,spóźn. uspr.,1
2TM5,2022-03-04,nieob. uspraw.,4
2TM5,2022-03-11,nieob. uspraw.,7
2TM5,2022-04-20,nieob. uspr. p.s.,8
2TM5,2022-05-04,nieob. uspr. p.s.,8
2TM5,2022-06-07,nieob. uspraw.,48
2TM5,2021-09-06,nieob. uspraw.,10
2TM5,2021-09-07,nieob. uspraw.,24
2TM5,2021-09-22,nieob. uspraw.,24
2TM5,2021-09-27,nieob. uspraw.,34
2TM5,2021-09-28,nieob. uspraw.,21
2TM5,2021-09-30,nieob. uspraw.,40
2TM5,2021-10-01,nieob. uspraw.,5
2TM5,2021-10-12,nieob. uspraw.,14
2TM5,2021-10-15,nieob. uspraw.,2
2TM5,2021-10-25,nieob. uspraw.,25
2TM5,2021-10-27,nieob. uspraw.,7
2TM5,2021-11-08,nieob. uspraw.,10
2TM5,2021-11-30,nieob. uspraw.,22
2TM5,2021-12-02,nieob. uspraw.,42
2TM5,2021-12-03,nieob. uspraw.,7
2TM5,2021-12-06,nieob. uspraw.,6
2TM5,2021-12-07,nieob. uspraw.,8
2TM5,2021-12-17,nieobecność,2
2TM5,2022-01-13,nieobecność,2
2TM5,2022-01-17,nieob. uspraw.,21
2TM5,2022-01-20,nieob. uspraw.,9
2TM5,2022-01-21,nieob. uspraw.,3
2TM5,2022-02-22,nieobecność,4
2TM5,2022-02-24,nieobecność,2
2TM5,2022-02-28,nieobecność,1
2TM5,2022-03-02,nieobecność,2
2TM5,2022-03-03,nieobecność,12
2TM5,2022-03-04,nieobecność,2
2TM5,2022-03-07,nieob. uspraw.,7
2TM5,2022-03-10,nieob. uspraw.,10
2TM5,2022-03-18,nieob. uspraw.,3
2TM5,2022-03-28,nieob. uspraw.,5
2TM5,2022-03-29,nieob. uspraw.,10
2TM5,2022-04-01,nieob. uspraw.,7
2TM5,2022-04-08,nieob. uspraw.,3
2TM5,2022-04-11,nieob. uspraw.,16
2TM5,2022-04-13,spóźnienie,2
2TM5,2022-04-20,nieob. uspraw.,18
2TM5,2022-04-29,nieob. uspraw.,6
2TM5,2022-05-09,nieob. uspraw.,14
2TM5,2022-05-16,spóźnienie,1
2TM5,2022-05-30,nieob. uspraw.,8
2TM5,2022-06-07,nieobecność,15
2TM5,2022-06-08,nieobecność,20
2TM5,2022-06-09,nieobecność,23
2TM5,2021-09-29,nieob. uspraw.,24
2TM5,2021-10-06,nieob. uspr. p.s.,8
2TM5,2021-10-12,nieob. uspr. p.s.,5
2TM5,2021-10-13,nieob. uspr. p.s.,11
2TM5,2021-11-09,nieob. uspr. p.s.,2
2TM5,2021-11-10,nieob. uspr. p.s.,4
2TM5,2021-12-14,nieob. uspraw.,23
2TM5,2022-02-22,nieob. uspraw.,17
2TM5,2022-04-25,nieob. uspraw.,15
2TM5,2022-05-17,nieob. uspraw.,9
2TM5,2022-06-01,nieob. uspraw.,5
2TM5,2022-06-08,nieob. uspraw.,35
2TM5,2022-06-09,nieob. uspraw.,24
2TM5,2021-09-09,spóźn. uspr.,3
2TM5,2021-10-04,spóźnienie,1
2TM5,2021-10-05,nieob. uspr. p.s.,8
2TM5,2021-10-11,nieob. uspraw.,13
2TM5,2021-10-18,nieob. uspraw.,13
2TM5,2021-10-19,nieob. uspraw.,11
2TM5,2021-10-20,nieob. uspraw.,12
2TM5,2021-10-29,nieob. uspraw.,3
2TM5,2021-11-29,nieob. uspraw.,18
2TM5,2021-12-16,nieobecność,5
2TM5,2022-01-10,nieob. uspraw.,11
2TM5,2022-02-24,nieob. uspraw.,2
2TM5,2022-02-28,spóźn. uspr.,1
2TM5,2022-03-17,nieob. uspraw.,10
2TM5,2022-03-18,nieob. uspr. p.s.,3
2TM5,2022-04-12,nieob. uspraw.,24
2TM5,2022-04-27,nieob. uspraw.,9
2TM5,2022-05-26,spóźnienie,3
2TM5,2021-10-26,nieob. uspr. p.s.,2
2TM5,2021-12-13,nieob. uspraw.,16
2TM5,2021-12-21,nieob. uspraw.,5
2TM5,2022-01-03,nieob. uspraw.,14
2TM5,2022-01-10,nieobecność,5
2TM5,2022-03-01,nieobecność,2
2TM5,2022-03-07,nieob. uspr. p.s.,3
2TM5,2022-03-08,nieob. uspr. p.s.,6
2TM5,2022-03-10,nieob. uspr. p.s.,4
2TM5,2022-03-14,nieob. uspr. p.s.,4
2TM5,2022-03-15,nieob. uspr. p.s.,5
2TM5,2022-03-22,nieob. uspr. p.s.,2
2TM5,2022-05-04,spóźnienie,1
2TM5,2022-05-23,spóźnienie,1
2TM5,2021-09-03,nieobecność,1
2TM5,2021-09-13,spóźn. uspr.,1
2TM5,2021-09-17,nieob. uspr. p.s.,5
2TM5,2021-10-05,nieobecność,1
2TM5,2021-10-18,spóźnienie,1
2TM5,2021-10-26,spóźnienie,3
2TM5,2021-11-10,nieobecność,2
2TM5,2021-12-10,spóźn. uspr.,2
2TM5,2021-12-21,nieobecność,1
2TM5,2021-12-21,spóźnienie,1
2TM5,2021-12-22,nieobecność,2
2TM5,2022-01-18,nieob. uspraw.,8
2TM5,2022-01-19,nieob. uspraw.,8
2TM5,2022-02-14,spóźn. uspr.,1
2TM5,2022-02-25,nieob. uspraw.,1
2TM5,2022-03-01,nieob. uspraw.,17
2TM5,2022-04-26,nieob. uspraw.,16
2TM5,2022-05-23,nieob. uspraw.,6
2TM5,2021-11-02,spóźnienie,1
2TM5,2021-12-22,nieob. uspraw.,2
2TM5,2022-01-04,nieob. uspraw.,11
2TM5,2022-01-12,nieob. uspraw.,8
2TM5,2022-02-23,nieob. uspraw.,2
2TM5,2021-09-14,spóźnienie,1
2TM5,2021-10-21,nieob. uspraw.,12
2TM5,2021-10-22,nieob. uspraw.,1
2TM5,2021-11-03,spóźnienie,1
2TM5,2021-12-10,nieobecność,2
2TM5,2022-02-15,nieobecność,11
2TM5,2022-03-16,nieob. uspraw.,9
2TM5,2022-04-07,nieob. uspr. p.s.,1
2TM5,2022-06-07,zwolniony,1
2TM5,2021-10-05,nauka zdalna,1
2TM5,2021-11-09,spóźnienie,1
2TM5,2022-03-01,spóźnienie,1
2TM5,2022-03-11,nieob. uspr. p.s.,1
2TM5,2022-03-24,zwolniony,2
2TM5,2022-03-31,nieob. uspr. p.s.,2
2TM5,2022-04-21,nieob. uspr. p.s.,16
2TM5,2022-05-05,nieob. uspr. p.s.,8
2TM5,2022-05-06,nieob. uspr. p.s.,3
2TM5,2022-05-11,nieob. uspr. p.s.,7
2TM5,2022-05-12,nieob. uspr. p.s.,12
2TM5,2022-05-20,nieob. uspr. p.s.,2
2TM5,2021-09-03,nieob. uspraw.,2
2TM5,2021-10-07,nieob. uspr. p.s.,4
2TM5,2021-12-09,nieobecność,1
2TM5,2021-12-17,spóźnienie,2
2TM5,2022-01-04,spóźnienie,1
2TM5,2022-05-24,nieobecność,1
2TM5,2021-09-29,spóźnienie,1
2TM5,2021-10-06,nieobecność,2
2TM5,2021-10-13,nieob. uspraw.,8
2TM5,2021-11-02,nieob. uspraw.,13
2TM5,2021-11-29,nieobecność,7
2TM5,2021-10-18,nieob. uspr. p.s.,1
2TM5,2021-11-22,nieob. uspr. p.s.,1
2TM5,2021-12-08,nieobecność,8
2TM5,2022-01-05,nieob. uspraw.,10
2TM5,2022-02-23,nieob. uspr. p.s.,3
2TM5,2022-04-11,spóźnienie,1
2TM5,2022-05-05,nieobecność,8
2TM5,2021-09-01,nieob. uspraw.,8
2TM5,2021-09-02,nieob. uspr. p.s.,2
2TM5,2021-09-29,spóźn. uspr.,1
2TM5,2021-11-25,nieobecność,1
2TM5,2022-01-20,nieobecność,1
2TM5,2022-02-24,nieob. uspr. p.s.,4
2TM5,2022-02-28,nieob. uspraw.,7
2TM5,2022-03-16,nieobecność,6
2TM5,2022-03-25,nieobecność,1
2TM5,2022-05-16,nieob. uspraw.,2
2TM5,2022-05-16,spóźn. uspr.,1
2TM5,2021-09-07,nieobecność,7
2TM5,2021-09-16,nieobecność,8
2TM5,2021-09-17,nieobecność,1
2TM5,2021-12-06,nieobecność,6
2TM5,2021-12-07,nieobecność,8
2TM5,2021-12-20,spóźnienie,1
2TM5,2022-02-18,spóźnienie,1
2TM5,2022-05-18,nieob. uspraw.,2
2TM5,2022-06-03,spóźnienie,1
2TW5,2021-09-01,,13
2TW5,2021-09-02,obecność,76
2TW5,2021-09-03,obecność,84
2TW5,2021-09-06,nieob. uspr. p.s.,57
2TW5,2021-09-07,nieob. uspr. p.s.,56
2TW5,2021-09-08,nieob. uspr. p.s.,79
2TW5,2021-09-09,nieob. uspr. p.s.,88
2TW5,2021-09-13,nieob. uspr. p.s.,64
2TW5,2021-09-14,nieob. uspr. p.s.,56
2TW5,2021-09-15,nieob. uspr. p.s.,56
2TW5,2021-09-16,nieob. uspr. p.s.,64
2TW5,2021-09-17,nieob. uspr. p.s.,56
2TW5,2021-09-20,obecność,77
2TW5,2021-09-21,obecność,89
2TW5,2021-09-22,obecność,84
2TW5,2021-09-23,obecność,71
2TW5,2021-09-24,obecność,84
2TW5,2021-09-27,obecność,74
2TW5,2021-09-27,spóźnienie,1
2TW5,2021-09-28,obecność,100
2TW5,2021-09-29,obecność,83
2TW5,2021-09-30,obecność,85
2TW5,2021-09-30,zwolniony,1
2TW5,2021-10-01,obecność,65
2TW5,2021-10-04,nieob. uspr. p.s.,6
2TW5,2021-10-04,obecność,71
2TW5,2021-10-05,obecność,98
2TW5,2021-10-05,nieob. uspr. p.s.,3
2TW5,2021-10-06,obecność,86
2TW5,2021-10-06,nieob. uspr. p.s.,5
2TW5,2021-10-07,obecność,98
2TW5,2021-10-08,obecność,83
2TW5,2021-10-11,nieob. uspr. p.s.,6
2TW5,2021-10-11,obecność,64
2TW5,2021-10-12,obecność,93
2TW5,2021-10-12,nieob. uspr. p.s.,9
2TW5,2021-10-13,obecność,76
2TW5,2021-10-13,nieob. uspr. p.s.,15
2TW5,2021-10-15,obecność,48
2TW5,2021-10-15,nieob. uspr. p.s.,23
2TW5,2021-10-18,obecność,87
2TW5,2021-10-19,obecność,13
2TW5,2021-10-19,nieob. uspr. p.s.,91
2TW5,2021-10-20,obecność,90
2TW5,2021-10-21,obecność,95
2TW5,2021-10-21,spóźn. uspr.,2
2TW5,2021-10-22,obecność,71
2TW5,2021-10-22,nieob. uspr. p.s.,18
2TW5,2021-10-25,obecność,86
2TW5,2021-10-26,obecność,103
2TW5,2021-10-27,obecność,89
2TW5,2021-10-28,obecność,90
2TW5,2021-10-29,obecność,70
2TW5,2021-11-02,obecność,79
2TW5,2021-11-03,nieob. uspraw.,14
2TW5,2021-11-04,nieob. uspraw.,17
2TW5,2021-11-05,nieob. uspraw.,16
2TW5,2021-11-08,obecność,95
2TW5,2021-11-09,obecność,77
2TW5,2021-11-09,nieob. uspr. p.s.,4
2TW5,2021-11-10,nieob. uspr. p.s.,8
2TW5,2021-11-10,obecność,54
2TW5,2021-11-15,obecność,96
2TW5,2021-11-16,obecność,94
2TW5,2021-11-17,obecność,77
2TW5,2021-11-18,obecność,52
2TW5,2021-11-18,nieob. uspr. p.s.,4
2TW5,2021-11-19,obecność,48
2TW5,2021-11-19,nieob. uspraw.,28
2TW5,2021-11-22,nieob. uspr. p.s.,28
2TW5,2021-11-23,obecność,94
2TW5,2021-11-24,obecność,85
2TW5,2021-11-25,obecność,94
2TW5,2021-11-26,obecność,77
2TW5,2021-11-29,obecność,68
2TW5,2021-11-30,obecność,96
2TW5,2021-12-01,obecność,76
2TW5,2021-12-02,obecność,56
2TW5,2021-12-03,obecność,59
2TW5,2021-12-06,obecność,94
2TW5,2021-12-07,obecność,94
2TW5,2021-12-08,obecność,80
2TW5,2021-12-09,obecność,86
2TW5,2021-12-10,obecność,68
2TW5,2021-12-13,obecność,97
2TW5,2021-12-14,obecność,48
2TW5,2021-12-15,obecność,82
2TW5,2021-12-16,obecność,78
2TW5,2021-12-17,obecność,65
2TW5,2021-12-17,nieob. uspraw.,7
2TW5,2021-12-20,nauka zdalna,85
2TW5,2021-12-21,nauka zdalna,104
2TW5,2021-12-22,nauka zdalna,88
2TW5,2022-01-03,nauka zdalna,99
2TW5,2022-01-04,nauka zdalna,102
2TW5,2022-01-05,nauka zdalna,98
2TW5,2022-01-10,obecność,87
2TW5,2022-01-11,obecność,88
2TW5,2022-01-12,obecność,89
2TW5,2022-01-13,obecność,95
2TW5,2022-01-14,obecność,69
2TW5,2022-01-17,obecność,69
2TW5,2022-01-17,spóźn. uspr.,1
2TW5,2022-01-18,obecność,101
2TW5,2022-01-19,obecność,86
2TW5,2022-01-19,nieob. uspr. p.s.,2
2TW5,2022-01-20,obecność,100
2TW5,2022-01-21,obecność,60
2TW5,2022-01-21,zwolniony,13
2TW5,2022-01-24,obecność,87
2TW5,2022-01-25,obecność,94
2TW5,2022-01-26,obecność,89
2TW5,2022-01-27,nauka zdalna,90
2TW5,2022-01-28,nauka zdalna,65
2TW5,2022-02-14,nauka zdalna,101
2TW5,2022-02-15,nauka zdalna,101
2TW5,2022-02-16,nauka zdalna,76
2TW5,2022-02-16,nieob. uspraw.,1
2TW5,2022-02-17,nauka zdalna,89
2TW5,2022-02-18,nauka zdalna,87
2TW5,2022-02-21,obecność,102
2TW5,2022-02-22,obecność,99
2TW5,2022-02-22,nieob. uspraw.,3
2TW5,2022-02-23,obecność,89
2TW5,2022-02-24,obecność,98
2TW5,2022-02-25,obecność,91
2TW5,2022-02-28,nieob. uspraw.,2
2TW5,2022-02-28,obecność,101
2TW5,2022-03-01,obecność,102
2TW5,2022-03-02,obecność,84
2TW5,2022-03-03,obecność,84
2TW5,2022-03-04,obecność,77
2TW5,2022-03-07,obecność,95
2TW5,2022-03-08,obecność,87
2TW5,2022-03-09,obecność,84
2TW5,2022-03-10,obecność,91
2TW5,2022-03-10,nieob. uspr. p.s.,4
2TW5,2022-03-11,obecność,75
2TW5,2022-03-14,obecność,101
2TW5,2022-03-15,obecność,103
2TW5,2022-03-16,obecność,75
2TW5,2022-03-17,,13
2TW5,2022-04-13,,13
2TW5,2022-04-20,nieob. uspraw.,5
2TW5,2022-04-20,obecność,86
2TW5,2022-04-21,nieob. uspraw.,19
2TW5,2022-04-22,nieob. uspraw.,8
2TW5,2022-04-25,obecność,87
2TW5,2022-04-25,nieob. uspr. p.s.,16
2TW5,2022-04-26,obecność,77
2TW5,2022-04-27,obecność,38
2TW5,2022-04-27,nieob. uspr. p.s.,45
2TW5,2022-04-28,obecność,42
2TW5,2022-04-28,nieob. uspr. p.s.,44
2TW5,2022-04-29,obecność,44
2TW5,2022-04-29,nieob. uspr. p.s.,33
2TW5,2022-05-04,nieob. uspr. p.s.,42
2TW5,2022-05-05,nieob. uspr. p.s.,42
2TW5,2022-05-06,nieob. uspr. p.s.,30
2TW5,2022-05-09,nieob. uspr. p.s.,42
2TW5,2022-05-10,nieob. uspr. p.s.,48
2TW5,2022-05-11,nieob. uspr. p.s.,48
2TW5,2022-05-12,nieob. uspr. p.s.,30
2TW5,2022-05-13,nieob. uspr. p.s.,42
2TW5,2022-05-16,nieob. uspraw.,30
2TW5,2022-05-17,obecność,96
2TW5,2022-05-18,obecność,80
2TW5,2022-05-19,obecność,84
2TW5,2022-05-20,obecność,76
2TW5,2022-05-23,nieob. uspr. p.s.,32
2TW5,2022-05-24,obecność,97
2TW5,2022-05-25,obecność,93
2TW5,2022-05-26,obecność,72
2TW5,2022-05-27,obecność,84
2TW5,2022-05-30,obecność,87
2TW5,2022-05-31,obecność,85
2TW5,2022-06-01,,13
2TW5,2022-06-02,obecność,104
2TW5,2022-06-03,obecność,44
2TW5,2022-06-06,obecność,89
2TW5,2022-06-06,nieob. uspraw.,13
2TW5,2022-06-07,obecność,77
2TW5,2022-06-08,obecność,75
2TW5,2022-06-08,nieob. uspr. p.s.,3
2TW5,2022-06-09,obecność,102
2TW5,2022-06-10,obecność,104
2TW5,2022-06-13,nieob. uspraw.,28
2TW5,2022-06-14,nieob. uspraw.,24
2TW5,2022-06-15,nieob. uspraw.,25
2TW5,2022-06-20,nieob. uspraw.,24
2TW5,2022-06-21,nieob. uspr. p.s.,96
2TW5,2022-06-22,nieob. uspraw.,6
2TW5,2022-06-23,nieobecność,96
2TW5,2022-06-23,obecność,8
2TW5,2022-06-24,,13
2TW5,2021-09-30,nieob. uspr. p.s.,4
2TW5,2021-10-21,nieob. uspraw.,4
2TW5,2021-10-29,nieob. uspr. p.s.,4
2TW5,2021-11-03,obecność,77
2TW5,2021-11-04,obecność,87
2TW5,2021-11-05,obecność,75
2TW5,2021-11-25,nieob. uspraw.,10
2TW5,2021-11-29,nieob. uspr. p.s.,2
2TW5,2021-12-08,nieob. uspraw.,9
2TW5,2022-01-03,nieobecność,3
2TW5,2022-01-05,zwolniony,2
2TW5,2022-01-17,spóźnienie,8
2TW5,2022-01-20,spóźnienie,4
2TW5,2022-01-26,nieobecność,4
2TW5,2022-02-14,nieobecność,3
2TW5,2022-03-03,nieob. uspr. p.s.,4
2TW5,2022-04-21,obecność,85
2TW5,2022-04-22,obecność,83
2TW5,2022-04-26,nieob. uspr. p.s.,24
2TW5,2022-06-13,obecność,62
2TW5,2022-06-14,obecność,80
2TW5,2022-06-15,obecność,39
2TW5,2022-06-20,obecność,80
2TW5,2022-06-22,obecność,72
2TW5,2021-09-06,nieob. uspraw.,11
2TW5,2021-09-07,nieob. uspraw.,14
2TW5,2021-09-08,nieob. uspraw.,12
2TW5,2021-09-09,nieob. uspraw.,16
2TW5,2021-09-13,nieob. uspraw.,17
2TW5,2021-09-14,obecność,35
2TW5,2021-09-15,obecność,35
2TW5,2021-09-16,nieob. uspraw.,16
2TW5,2021-09-17,obecność,26
2TW5,2021-09-17,nieob. uspraw.,9
2TW5,2021-09-27,nieob. uspraw.,27
2TW5,2021-09-29,nieob. uspraw.,7
2TW5,2021-10-04,spóźnienie,2
2TW5,2021-10-07,nieobecność,1
2TW5,2021-10-08,nieob. uspraw.,5
2TW5,2021-10-15,nieob. uspraw.,13
2TW5,2021-10-22,nieob. uspraw.,1
2TW5,2021-10-25,nieob. uspraw.,18
2TW5,2021-10-28,nieob. uspraw.,13
2TW5,2021-10-29,nieob. uspraw.,14
2TW5,2021-11-02,nieob. uspraw.,24
2TW5,2021-11-09,nieob. uspraw.,23
2TW5,2021-11-15,nieob. uspraw.,8
2TW5,2021-11-18,nieob. uspraw.,20
2TW5,2021-11-22,obecność,55
2TW5,2021-11-22,nieob. uspraw.,1
2TW5,2021-11-23,nieob. uspraw.,9
2TW5,2021-12-01,spóźnienie,1
2TW5,2021-12-02,nieob. uspraw.,12
2TW5,2021-12-03,nieob. uspraw.,21
2TW5,2021-12-07,spóźnienie,2
2TW5,2021-12-09,nieob. uspraw.,17
2TW5,2021-12-10,nieob. uspraw.,22
2TW5,2021-12-13,nieob. uspraw.,5
2TW5,2021-12-14,nieob. uspraw.,48
2TW5,2021-12-16,nieob. uspraw.,17
2TW5,2022-01-05,nieob. uspraw.,4
2TW5,2022-01-17,nieob. uspraw.,18
2TW5,2022-02-24,nieob. uspraw.,1
2TW5,2022-02-28,nieobecność,1
2TW5,2022-03-07,nieob. uspraw.,9
2TW5,2022-03-08,nieob. uspraw.,16
2TW5,2022-03-14,nieob. uspraw.,1
2TW5,2022-03-16,nieob. uspraw.,14
2TW5,2022-05-04,obecność,25
2TW5,2022-05-04,nieob. uspraw.,24
2TW5,2022-05-05,nieob. uspraw.,21
2TW5,2022-05-06,nieob. uspraw.,35
2TW5,2022-05-09,nieob. uspraw.,21
2TW5,2022-05-10,obecność,37
2TW5,2022-05-10,nieob. uspraw.,19
2TW5,2022-05-11,nieob. uspraw.,12
2TW5,2022-05-12,nieob. uspraw.,20
2TW5,2022-05-13,nieob. uspraw.,14
2TW5,2022-05-25,nieob. uspraw.,9
2TW5,2022-05-26,nieob. uspraw.,6
2TW5,2022-05-30,nieob. uspraw.,17
2TW5,2022-05-31,nieob. uspraw.,16
2TW5,2022-06-03,nieob. uspraw.,8
2TW5,2022-06-06,spóźnienie,2
2TW5,2022-06-07,nieob. uspraw.,14
2TW5,2021-09-06,spóźnienie,1
2TW5,2021-09-06,obecność,22
2TW5,2021-09-07,obecność,21
2TW5,2021-09-13,obecność,23
2TW5,2021-09-21,nieob. uspraw.,10
2TW5,2021-09-23,nieob. uspraw.,7
2TW5,2021-09-29,spóźnienie,1
2TW5,2021-10-04,nieob. uspraw.,24
2TW5,2021-10-07,spóźnienie,4
2TW5,2021-10-11,spóźnienie,5
2TW5,2021-11-08,nieob. uspraw.,9
2TW5,2021-11-10,nieob. uspraw.,29
2TW5,2021-11-16,nieob. uspraw.,8
2TW5,2021-11-17,nieob. uspraw.,14
2TW5,2021-12-01,nieobecność,7
2TW5,2021-12-02,nieobecność,6
2TW5,2021-12-03,nieobecność,7
2TW5,2021-12-06,nieobecność,5
2TW5,2021-12-08,spóźnienie,2
2TW5,2021-12-10,nieobecność,1
2TW5,2021-12-14,nieobecność,8
2TW5,2021-12-16,spóźnienie,1
2TW5,2021-12-20,nieobecność,4
2TW5,2021-12-22,spóźnienie,1
2TW5,2021-12-22,nieobecność,1
2TW5,2022-01-10,nieobecność,1
2TW5,2022-01-12,nieob. uspraw.,1
2TW5,2022-01-18,nieobecność,1
2TW5,2022-02-16,nieobecność,1
2TW5,2022-03-10,nieob. uspraw.,9
2TW5,2022-03-11,nieob. uspraw.,16
2TW5,2022-05-09,obecność,26
2TW5,2022-05-11,obecność,44
2TW5,2022-05-13,obecność,35
2TW5,2022-05-23,obecność,51
2TW5,2021-09-02,nieobecność,1
2TW5,2021-09-21,spóźnienie,3
2TW5,2021-09-27,nieobecność,2
2TW5,2021-09-30,nieobecność,1
2TW5,2021-10-04,nieobecność,1
2TW5,2021-10-05,spóźnienie,3
2TW5,2021-10-12,nieobecność,1
2TW5,2021-10-18,spóźnienie,6
2TW5,2021-10-18,nieobecność,2
2TW5,2021-10-21,spóźnienie,2
2TW5,2021-10-27,nieobecność,1
2TW5,2021-10-29,spóźn. uspr.,1
2TW5,2021-11-24,nieob. uspraw.,5
2TW5,2021-12-02,spóźn. uspr.,2
2TW5,2021-12-03,nieob. uspr. p.s.,4
2TW5,2021-12-06,nieob. uspr. p.s.,4
2TW5,2021-12-13,nieob. uspr. p.s.,2
2TW5,2022-01-04,nieob. uspraw.,2
2TW5,2022-01-14,nieob. uspraw.,9
2TW5,2022-01-18,spóźn. uspr.,1
2TW5,2022-01-24,nieob. uspraw.,17
2TW5,2022-02-15,nieob. uspraw.,2
2TW5,2022-02-23,nieob. uspraw.,1
2TW5,2022-02-24,spóźn. uspr.,1
2TW5,2022-03-14,nieob. uspr. p.s.,2
2TW5,2022-03-16,nieob. uspr. p.s.,2
2TW5,2022-04-27,nieob. uspraw.,8
2TW5,2022-04-28,nieob. uspraw.,17
2TW5,2022-05-16,obecność,47
2TW5,2022-05-23,nieob. uspraw.,21
2TW5,2022-05-24,spóźnienie,3
2TW5,2022-05-24,nieob. uspraw.,3
2TW5,2022-05-31,nieob. uspr. p.s.,3
2TW5,2021-09-20,nieob. uspraw.,14
2TW5,2021-10-11,nieob. uspraw.,16
2TW5,2021-10-29,spóźnienie,2
2TW5,2022-01-13,nieob. uspraw.,9
2TW5,2022-01-18,spóźnienie,1
2TW5,2022-01-25,spóźnienie,2
2TW5,2022-01-26,nieob. uspr. p.s.,2
2TW5,2022-02-21,nieob. uspr. p.s.,2
2TW5,2022-02-24,spóźnienie,2
2TW5,2022-03-08,nieob. uspr. p.s.,1
2TW5,2022-03-15,nieob. uspr. p.s.,1
2TW5,2022-04-28,spóźnienie,1
2TW5,2022-05-05,obecność,26
2TW5,2022-05-05,spóźnienie,2
2TW5,2022-05-09,spóźnienie,2
2TW5,2022-05-20,nieob. uspraw.,15
2TW5,2022-05-25,spóźnienie,2
2TW5,2022-05-27,spóźnienie,1
2TW5,2022-06-13,nieob. uspr. p.s.,1
2TW5,2022-06-15,spóźnienie,1
2TW5,2021-09-16,obecność,22
2TW5,2022-01-03,nieob. uspraw.,2
2TW5,2021-09-21,spóźn. uspr.,2
2TW5,2022-02-15,nieobecność,1
2TW5,2022-02-22,nieob. uspr. p.s.,2
2TW5,2022-05-24,spóźn. uspr.,1
2TW5,2021-09-02,nieob. uspraw.,14
2TW5,2021-09-16,spóźnienie,2
2TW5,2021-09-24,nieob. uspr. p.s.,7
2TW5,2021-09-28,nieobecność,4
2TW5,2021-10-12,spóźnienie,1
2TW5,2021-10-15,nieobecność,7
2TW5,2021-10-21,nieobecność,1
2TW5,2021-10-26,spóźnienie,1
2TW5,2021-10-27,spóźnienie,1
2TW5,2021-10-28,spóźnienie,1
2TW5,2021-11-02,spóźnienie,1
2TW5,2021-11-22,nieobecność,6
2TW5,2021-11-23,nieob. uspr. p.s.,1
2TW5,2021-11-24,spóźnienie,1
2TW5,2021-11-29,spóźn. uspr.,1
2TW5,2021-12-02,spóźnienie,2
2TW5,2021-12-06,nieob. uspraw.,1
2TW5,2021-12-07,nieob. uspraw.,8
2TW5,2021-12-15,spóźnienie,1
2TW5,2021-12-20,nieob. uspraw.,2
2TW5,2021-12-22,nieob. uspraw.,1
2TW5,2022-01-19,nieob. uspraw.,16
2TW5,2022-01-26,spóźnienie,1
2TW5,2022-04-26,nieob. uspraw.,3
2TW5,2022-05-16,spóźnienie,1
2TW5,2022-05-17,nieob. uspraw.,8
2TW5,2022-05-18,nieob. uspraw.,11
2TW5,2022-05-27,spóźn. uspr.,1
2TW5,2022-05-27,nieob. uspraw.,5
2TW5,2022-06-09,nieob. uspraw.,2
2TW5,2021-10-08,nieobecność,3
2TW5,2021-10-18,nieob. uspraw.,9
2TW5,2021-10-20,nieob. uspraw.,1
2TW5,2021-10-22,spóźnienie,1
2TW5,2021-11-16,nieobecność,2
2TW5,2021-11-18,nieobecność,2
2TW5,2021-11-19,nieobecność,2
2TW5,2021-11-22,spóźnienie,1
2TW5,2021-11-26,nieob. uspraw.,14
2TW5,2021-11-29,spóźnienie,1
2TW5,2021-12-09,nieobecność,1
2TW5,2021-12-15,nieobecność,7
2TW5,2021-12-16,nieobecność,8
2TW5,2021-12-17,nieobecność,6
2TW5,2022-01-10,nieob. uspraw.,16
2TW5,2022-01-11,nieob. uspraw.,3
2TW5,2022-01-12,nieobecność,1
2TW5,2022-01-17,nieobecność,8
2TW5,2022-01-21,nieobecność,5
2TW5,2022-02-18,nieob. uspraw.,4
2TW5,2022-02-23,nieobecność,1
2TW5,2022-02-24,nieobecność,2
2TW5,2022-03-01,nieobecność,2
2TW5,2022-03-03,nieob. uspraw.,16
2TW5,2022-03-04,nieob. uspraw.,14
2TW5,2022-03-09,nieob. uspraw.,7
2TW5,2022-04-25,nieob. uspraw.,1
2TW5,2022-04-29,nieob. uspraw.,14
2TW5,2022-05-12,obecność,15
2TW5,2022-06-21,nieobecność,8
2TW5,2021-09-22,nieob. uspraw.,7
2TW5,2021-09-03,nieob. uspraw.,7
2TW5,2021-11-29,nieob. uspraw.,6
2TW5,2021-11-30,nieob. uspraw.,8
2TW5,2021-12-01,nieob. uspraw.,7
2TW5,2021-12-15,nieob. uspraw.,1
2TW5,2022-01-25,nieob. uspraw.,8
2TW5,2022-01-26,nieob. uspraw.,8
2TW5,2022-03-02,nieob. uspraw.,7
2TW5,2022-05-19,nieob. uspraw.,7
2TŻ5,2021-09-01,obecność,112
2TŻ5,2021-09-02,obecność,78
2TŻ5,2021-09-02,nieob. uspraw.,9
2TŻ5,2021-09-03,nieob. uspraw.,26
2TŻ5,2021-09-20,nieob. uspraw.,63
2TŻ5,2021-09-21,obecność,85
2TŻ5,2021-09-22,obecność,91
2TŻ5,2021-09-23,obecność,71
2TŻ5,2021-09-24,obecność,77
2TŻ5,2021-09-27,nieob. uspraw.,18
2TŻ5,2021-09-28,obecność,90
2TŻ5,2021-09-29,nieob. uspraw.,24
2TŻ5,2021-09-30,obecność,74
2TŻ5,2021-09-30,spóźn. uspr.,8
2TŻ5,2021-10-01,obecność,63
2TŻ5,2021-10-04,obecność,97
2TŻ5,2021-10-05,nieob. uspraw.,2
2TŻ5,2021-10-05,obecność,102
2TŻ5,2021-10-06,obecność,104
2TŻ5,2021-10-07,obecność,82
2TŻ5,2021-10-08,nieob. uspraw.,11
2TŻ5,2021-10-08,obecność,77
2TŻ5,2021-10-11,obecność,78
2TŻ5,2021-10-12,obecność,101
2TŻ5,2021-10-13,obecność,94
2TŻ5,2021-10-15,obecność,45
2TŻ5,2021-10-15,nieob. uspraw.,38
2TŻ5,2021-10-18,obecność,91
2TŻ5,2021-10-19,obecność,90
2TŻ5,2021-10-19,nieob. uspraw.,11
2TŻ5,2021-10-20,obecność,95
2TŻ5,2021-10-20,nieob. uspraw.,9
2TŻ5,2021-10-21,obecność,78
2TŻ5,2021-10-21,spóźn. uspr.,2
2TŻ5,2021-10-22,obecność,74
2TŻ5,2021-10-22,nieobecność,3
2TŻ5,2021-10-25,obecność,85
2TŻ5,2021-10-25,spóźnienie,2
2TŻ5,2021-10-25,nieobecność,1
2TŻ5,2021-10-26,obecność,90
2TŻ5,2021-10-27,obecność,95
2TŻ5,2021-10-28,nieob. uspraw.,13
2TŻ5,2021-10-29,nieob. uspraw.,18
2TŻ5,2021-11-02,obecność,70
2TŻ5,2021-11-02,spóźn. uspr.,4
2TŻ5,2021-11-02,nieob. uspr. p.s.,12
2TŻ5,2021-11-03,obecność,102
2TŻ5,2021-11-04,obecność,73
2TŻ5,2021-11-04,nieob. uspraw.,17
2TŻ5,2021-11-05,nieob. uspraw.,39
2TŻ5,2021-11-08,obecność,79
2TŻ5,2021-11-08,nieob. uspraw.,24
2TŻ5,2021-11-08,nieobecność,1
2TŻ5,2021-11-09,obecność,71
2TŻ5,2021-11-09,spóźnienie,2
2TŻ5,2021-11-10,obecność,81
2TŻ5,2021-11-15,obecność,71
2TŻ5,2021-11-15,spóźnienie,1
2TŻ5,2021-11-16,obecność,59
2TŻ5,2021-11-17,obecność,94
2TŻ5,2021-11-18,nieobecność,3
2TŻ5,2021-11-18,spóźnienie,2
2TŻ5,2021-11-18,obecność,73
2TŻ5,2021-11-19,obecność,66
2TŻ5,2021-11-19,nieobecność,2
2TŻ5,2021-11-22,obecność,85
2TŻ5,2021-11-23,obecność,58
2TŻ5,2021-11-24,obecność,73
2TŻ5,2021-11-25,obecność,56
2TŻ5,2021-11-25,spóźnienie,1
2TŻ5,2021-11-26,obecność,56
2TŻ5,2021-11-26,spóźnienie,1
2TŻ5,2021-11-29,obecność,62
2TŻ5,2021-11-30,obecność,67
2TŻ5,2021-11-30,spóźnienie,2
2TŻ5,2021-12-01,obecność,80
2TŻ5,2021-12-01,spóźnienie,2
2TŻ5,2021-12-02,obecność,61
2TŻ5,2021-12-02,spóźnienie,2
2TŻ5,2021-12-03,obecność,39
2TŻ5,2021-12-06,nieobecność,16
2TŻ5,2021-12-07,nieobecność,15
2TŻ5,2021-12-08,obecność,88
2TŻ5,2021-12-09,spóźnienie,4
2TŻ5,2021-12-09,obecność,42
2TŻ5,2021-12-10,obecność,28
2TŻ5,2021-12-10,spóźnienie,3
2TŻ5,2021-12-13,obecność,67
2TŻ5,2021-12-13,nieobecność,4
2TŻ5,2021-12-14,nauka zdalna,96
2TŻ5,2021-12-14,nieobecność,4
2TŻ5,2021-12-15,nauka zdalna,11
2TŻ5,2021-12-16,nauka zdalna,30
2TŻ5,2021-12-16,nieobecność,7
2TŻ5,2021-12-17,nauka zdalna,67
2TŻ5,2021-12-17,nieobecność,9
2TŻ5,2021-12-20,nauka zdalna,96
2TŻ5,2021-12-20,spóźnienie,1
2TŻ5,2021-12-21,nieobecność,1
2TŻ5,2021-12-21,nauka zdalna,86
2TŻ5,2021-12-22,nauka zdalna,7
2TŻ5,2022-01-03,nauka zdalna,95
2TŻ5,2022-01-03,nieob. uspraw.,5
2TŻ5,2022-01-04,nauka zdalna,65
2TŻ5,2022-01-04,nieob. uspraw.,11
2TŻ5,2022-01-04,obecność,24
2TŻ5,2022-01-05,nieobecność,3
2TŻ5,2022-01-05,nauka zdalna,96
2TŻ5,2022-01-10,nieobecność,16
2TŻ5,2022-01-11,obecność,91
2TŻ5,2022-01-12,obecność,85
2TŻ5,2022-01-13,nieobecność,2
2TŻ5,2022-01-13,obecność,72
2TŻ5,2022-01-14,obecność,75
2TŻ5,2022-01-17,obecność,72
2TŻ5,2022-01-18,obecność,66
2TŻ5,2022-01-19,nieob. uspraw.,14
2TŻ5,2022-01-19,nieobecność,6
2TŻ5,2022-01-20,nieob. uspraw.,8
2TŻ5,2022-01-20,nauka zdalna,75
2TŻ5,2022-01-20,spóźn. uspr.,2
2TŻ5,2022-01-21,spóźnienie,2
2TŻ5,2022-01-21,nauka zdalna,79
2TŻ5,2022-01-21,nieob. uspraw.,7
2TŻ5,2022-01-24,nauka zdalna,73
2TŻ5,2022-01-24,nieobecność,3
2TŻ5,2022-01-25,nieobecność,14
2TŻ5,2022-01-26,obecność,45
2TŻ5,2022-01-26,nieobecność,2
2TŻ5,2022-01-27,nauka zdalna,64
2TŻ5,2022-01-28,nieobecność,14
2TŻ5,2022-02-14,nieobecność,3
2TŻ5,2022-02-14,nauka zdalna,94
2TŻ5,2022-02-15,nauka zdalna,90
2TŻ5,2022-02-15,nieobecność,5
2TŻ5,2022-02-16,nauka zdalna,81
2TŻ5,2022-02-16,nieobecność,8
2TŻ5,2022-02-17,nieobecność,5
2TŻ5,2022-02-17,nauka zdalna,74
2TŻ5,2022-02-18,nieobecność,9
2TŻ5,2022-02-21,obecność,84
2TŻ5,2022-02-21,spóźnienie,1
2TŻ5,2022-02-22,obecność,87
2TŻ5,2022-02-23,obecność,89
2TŻ5,2022-02-24,obecność,64
2TŻ5,2022-02-25,nieobecność,1
2TŻ5,2022-02-25,obecność,59
2TŻ5,2022-02-28,obecność,79
2TŻ5,2022-02-28,nieob. uspraw.,19
2TŻ5,2022-02-28,nieobecność,2
2TŻ5,2022-03-01,nieobecność,3
2TŻ5,2022-03-01,obecność,99
2TŻ5,2022-03-02,obecność,75
2TŻ5,2022-03-02,nieob. uspraw.,14
2TŻ5,2022-03-02,spóźnienie,1
2TŻ5,2022-03-03,obecność,78
2TŻ5,2022-03-03,spóźn. uspr.,4
2TŻ5,2022-03-04,obecność,64
2TŻ5,2022-03-04,nieobecność,3
2TŻ5,2022-03-07,nieob. uspraw.,33
2TŻ5,2022-03-08,nieob. uspraw.,22
2TŻ5,2022-03-09,obecność,89
2TŻ5,2022-03-09,spóźn. uspr.,2
2TŻ5,2022-03-10,obecność,72
2TŻ5,2022-03-10,nieob. uspraw.,14
2TŻ5,2022-03-11,obecność,62
2TŻ5,2022-03-14,nieob. uspraw.,26
2TŻ5,2022-03-14,obecność,70
2TŻ5,2022-03-15,obecność,66
2TŻ5,2022-03-16,obecność,81
2TŻ5,2022-03-16,spóźn. uspr.,5
2TŻ5,2022-03-17,obecność,75
2TŻ5,2022-03-17,spóźn. uspr.,3
2TŻ5,2022-03-18,obecność,70
2TŻ5,2022-03-18,nieob. uspraw.,11
2TŻ5,2022-03-21,nieobecność,10
2TŻ5,2022-03-22,obecność,86
2TŻ5,2022-03-23,obecność,77
2TŻ5,2022-03-23,spóźnienie,1
2TŻ5,2022-03-24,obecność,73
2TŻ5,2022-03-24,nieobecność,1
2TŻ5,2022-03-25,obecność,76
2TŻ5,2022-03-28,nieobecność,9
2TŻ5,2022-03-29,obecność,79
2TŻ5,2022-03-29,nieobecność,2
2TŻ5,2022-03-30,obecność,91
2TŻ5,2022-03-31,obecność,87
2TŻ5,2022-03-31,spóźnienie,3
2TŻ5,2022-04-01,obecność,79
2TŻ5,2022-04-01,spóźnienie,2
2TŻ5,2022-04-04,nieobecność,2
2TŻ5,2022-04-04,obecność,77
2TŻ5,2022-04-05,nieob. uspr. p.s.,12
2TŻ5,2022-04-06,obecność,83
2TŻ5,2022-04-07,obecność,77
2TŻ5,2022-04-07,nieobecność,3
2TŻ5,2022-04-08,obecność,73
2TŻ5,2022-04-11,obecność,84
2TŻ5,2022-04-11,nieobecność,7
2TŻ5,2022-04-12,obecność,96
2TŻ5,2022-04-13,obecność,67
2TŻ5,2022-04-13,nieobecność,13
2TŻ5,2022-04-20,obecność,87
2TŻ5,2022-04-21,obecność,28
2TŻ5,2022-04-22,obecność,65
2TŻ5,2022-04-25,nieobecność,17
2TŻ5,2022-04-26,nieobecność,8
2TŻ5,2022-04-27,obecność,104
2TŻ5,2022-04-28,obecność,65
2TŻ5,2022-04-29,obecność,53
2TŻ5,2022-04-29,nieob. uspraw.,31
2TŻ5,2022-05-04,nieob. uspraw.,30
2TŻ5,2022-05-05,nieob. uspraw.,34
2TŻ5,2022-05-06,nieob. uspraw.,34
2TŻ5,2022-05-09,obecność,77
2TŻ5,2022-05-10,obecność,96
2TŻ5,2022-05-11,obecność,91
2TŻ5,2022-05-11,nieob. uspr. p.s.,5
2TŻ5,2022-05-12,obecność,72
2TŻ5,2022-05-13,obecność,62
2TŻ5,2022-05-13,nieobecność,4
2TŻ5,2022-05-16,obecność,60
2TŻ5,2022-05-16,spóźnienie,5
2TŻ5,2022-05-17,obecność,70
2TŻ5,2022-05-17,spóźnienie,4
2TŻ5,2022-05-18,obecność,70
2TŻ5,2022-05-19,obecność,63
2TŻ5,2022-05-20,obecność,70
2TŻ5,2022-05-20,nieobecność,2
2TŻ5,2022-05-23,obecność,90
2TŻ5,2022-05-23,spóźnienie,2
2TŻ5,2022-05-24,obecność,97
2TŻ5,2022-05-24,spóźnienie,2
2TŻ5,2022-05-25,obecność,103
2TŻ5,2022-05-26,nieobecność,15
2TŻ5,2022-05-27,nieobecność,15
2TŻ5,2022-05-30,obecność,84
2TŻ5,2022-05-31,obecność,67
2TŻ5,2022-05-31,nieobecność,2
2TŻ5,2022-06-01,obecność,83
2TŻ5,2022-06-02,obecność,54
2TŻ5,2022-06-02,nieobecność,3
2TŻ5,2022-06-03,nieobecność,8
2TŻ5,2022-06-06,obecność,52
2TŻ5,2022-06-06,nieobecność,2
2TŻ5,2022-06-07,nieobecność,14
2TŻ5,2022-06-08,obecność,95
2TŻ5,2022-06-09,obecność,63
2TŻ5,2022-06-10,nieobecność,22
2TŻ5,2022-06-13,obecność,32
2TŻ5,2022-06-13,nieobecność,2
2TŻ5,2022-06-14,obecność,62
2TŻ5,2022-06-15,nieobecność,23
2TŻ5,2022-06-15,obecność,15
2TŻ5,2022-06-20,nieobecność,54
2TŻ5,2022-06-21,obecność,21
2TŻ5,2022-06-21,nieobecność,37
2TŻ5,2022-06-22,obecność,9
2TŻ5,2022-06-22,nieobecność,82
2TŻ5,2022-06-23,nieobecność,68
2TŻ5,2022-06-24,obecność,84
2TŻ5,2021-09-03,obecność,71
2TŻ5,2021-09-20,obecność,49
2TŻ5,2021-09-23,spóźn. uspr.,7
2TŻ5,2021-09-27,obecność,94
2TŻ5,2021-09-29,obecność,82
2TŻ5,2021-10-08,spóźn. uspr.,2
2TŻ5,2021-10-28,obecność,73
2TŻ5,2021-10-29,obecność,56
2TŻ5,2021-11-05,obecność,45
2TŻ5,2021-12-06,obecność,63
2TŻ5,2021-12-07,obecność,42
2TŻ5,2022-01-10,obecność,61
2TŻ5,2022-01-19,obecność,2
2TŻ5,2022-01-19,nauka zdalna,17
2TŻ5,2022-01-25,obecność,28
2TŻ5,2022-01-28,nauka zdalna,64
2TŻ5,2022-02-18,nauka zdalna,72
2TŻ5,2022-02-28,spóźn. uspr.,2
2TŻ5,2022-03-07,obecność,48
2TŻ5,2022-03-08,obecność,76
2TŻ5,2022-03-21,obecność,8
2TŻ5,2022-03-28,obecność,82
2TŻ5,2022-04-05,obecność,54
2TŻ5,2022-04-25,obecność,60
2TŻ5,2022-04-26,obecność,92
2TŻ5,2022-05-04,obecność,6
2TŻ5,2022-05-05,obecność,26
2TŻ5,2022-05-06,obecność,26
2TŻ5,2022-05-26,obecność,73
2TŻ5,2022-05-27,obecność,67
2TŻ5,2022-06-03,obecność,16
2TŻ5,2022-06-07,spóźn. uspr.,1
2TŻ5,2022-06-07,obecność,48
2TŻ5,2022-06-10,obecność,55
2TŻ5,2022-06-15,nieob. uspraw.,66
2TŻ5,2022-06-20,nieob. uspraw.,47
2TŻ5,2022-06-21,nieob. uspraw.,46
2TŻ5,2022-06-22,nieob. uspraw.,13
2TŻ5,2022-06-23,nieob. uspraw.,23
2TŻ5,2021-09-29,nieobecność,6
2TŻ5,2021-09-30,spóźnienie,1
2TŻ5,2021-10-01,nieobecność,6
2TŻ5,2021-10-04,nieob. uspraw.,12
2TŻ5,2021-09-02,spóźnienie,2
2TŻ5,2021-09-21,nieob. uspraw.,27
2TŻ5,2021-09-22,spóźn. uspr.,1
2TŻ5,2021-09-23,spóźnienie,1
2TŻ5,2021-09-24,nieob. uspraw.,21
2TŻ5,2021-10-01,nieob. uspraw.,15
2TŻ5,2021-10-11,nieob. uspraw.,25
2TŻ5,2021-10-18,spóźn. uspr.,4
2TŻ5,2021-10-19,spóźn. uspr.,2
2TŻ5,2021-10-21,spóźnienie,2
2TŻ5,2021-10-22,nieob. uspraw.,14
2TŻ5,2021-10-25,spóźn. uspr.,5
2TŻ5,2021-10-28,nieobecność,1
2TŻ5,2021-11-04,nieobecność,1
2TŻ5,2021-11-09,nieob. uspraw.,9
2TŻ5,2021-11-10,nieob. uspraw.,22
2TŻ5,2021-11-23,nieob. uspraw.,20
2TŻ5,2021-12-03,nieobecność,15
2TŻ5,2021-12-06,spóźn. uspr.,2
2TŻ5,2021-12-07,nieob. uspraw.,8
2TŻ5,2021-12-13,nieob. uspraw.,19
2TŻ5,2021-12-14,nieob. uspraw.,4
2TŻ5,2021-12-15,nieobecność,1
2TŻ5,2021-12-20,nieob. uspraw.,5
2TŻ5,2021-12-21,nieob. uspraw.,4
2TŻ5,2021-12-22,nieobecność,3
2TŻ5,2022-01-10,nieob. uspraw.,27
2TŻ5,2022-01-20,nieobecność,4
2TŻ5,2022-01-20,spóźnienie,2
2TŻ5,2022-01-21,nieobecność,3
2TŻ5,2022-01-25,nieob. uspraw.,49
2TŻ5,2022-01-27,nieobecność,5
2TŻ5,2022-02-14,nieob. uspraw.,7
2TŻ5,2022-02-15,nieob. uspraw.,9
2TŻ5,2022-02-16,nieob. uspraw.,15
2TŻ5,2022-02-17,nieob. uspraw.,10
2TŻ5,2022-02-18,nieob. uspraw.,9
2TŻ5,2022-02-25,nieob. uspraw.,31
2TŻ5,2022-03-03,spóźnienie,2
2TŻ5,2022-03-08,nieobecność,1
2TŻ5,2022-03-16,spóźnienie,3
2TŻ5,2022-03-17,spóźnienie,2
2TŻ5,2022-03-18,nieobecność,7
2TŻ5,2022-03-21,nieob. uspraw.,86
2TŻ5,2022-03-24,nieob. uspraw.,17
2TŻ5,2022-03-28,nieob. uspraw.,12
2TŻ5,2022-04-01,nieob. uspraw.,9
2TŻ5,2022-04-04,nieob. uspraw.,24
2TŻ5,2022-04-07,nieob. uspraw.,9
2TŻ5,2022-04-08,nieob. uspraw.,15
2TŻ5,2022-04-13,nieob. uspraw.,21
2TŻ5,2022-04-20,nieob. uspraw.,17
2TŻ5,2022-04-21,nieob. uspraw.,14
2TŻ5,2022-04-22,nieob. uspraw.,21
2TŻ5,2022-05-13,nieob. uspraw.,18
2TŻ5,2022-05-16,spóźn. uspr.,2
2TŻ5,2022-05-20,nieob. uspraw.,18
2TŻ5,2022-06-03,nieob. uspraw.,28
2TŻ5,2022-06-10,nieob. uspraw.,14
2TŻ5,2022-06-13,nieob. uspraw.,70
2TŻ5,2022-06-14,nieob. uspraw.,37
2TŻ5,2021-09-22,nieob. uspraw.,20
2TŻ5,2021-09-23,nieob. uspraw.,19
2TŻ5,2021-09-28,nieob. uspraw.,18
2TŻ5,2021-10-07,nieob. uspraw.,6
2TŻ5,2021-10-19,spóźnienie,1
2TŻ5,2021-10-25,nieob. uspraw.,11
2TŻ5,2021-10-26,nieob. uspraw.,14
2TŻ5,2021-11-19,nieob. uspraw.,9
2TŻ5,2021-11-24,nieob. uspraw.,24
2TŻ5,2021-11-25,nieob. uspraw.,26
2TŻ5,2021-11-26,nieob. uspraw.,31
2TŻ5,2021-11-29,nieob. uspraw.,20
2TŻ5,2021-11-30,nieob. uspraw.,9
2TŻ5,2021-12-01,nieob. uspraw.,16
2TŻ5,2021-12-02,nieob. uspraw.,19
2TŻ5,2021-12-03,nieob. uspraw.,11
2TŻ5,2021-12-06,nieob. uspraw.,10
2TŻ5,2021-12-08,nieob. uspraw.,11
2TŻ5,2021-12-09,nieob. uspraw.,26
2TŻ5,2021-12-10,nieob. uspraw.,27
2TŻ5,2021-12-22,spóźn. uspr.,1
2TŻ5,2022-01-11,nieob. uspraw.,13
2TŻ5,2022-01-12,nieob. uspraw.,19
2TŻ5,2022-01-13,nieob. uspraw.,17
2TŻ5,2022-01-14,nieob. uspraw.,16
2TŻ5,2022-01-26,nieob. uspraw.,57
2TŻ5,2022-03-09,nieob. uspraw.,12
2TŻ5,2022-03-11,nieob. uspraw.,28
2TŻ5,2022-03-15,nieob. uspraw.,9
2TŻ5,2022-03-29,nieob. uspraw.,22
2TŻ5,2022-04-05,nieob. uspraw.,12
2TŻ5,2022-04-06,nieob. uspraw.,19
2TŻ5,2022-04-11,nieob. uspraw.,13
2TŻ5,2022-04-12,nieob. uspraw.,8
2TŻ5,2022-04-21,nieob. uspr. p.s.,49
2TŻ5,2022-04-25,nieob. uspraw.,24
2TŻ5,2022-05-17,nieob. uspraw.,30
2TŻ5,2022-06-02,nieob. uspraw.,34
2TŻ5,2022-06-06,nieob. uspraw.,24
2TŻ5,2021-09-28,nieobecność,3
2TŻ5,2021-09-30,nieob. uspraw.,15
2TŻ5,2021-10-15,nieobecność,8
2TŻ5,2021-11-09,spóźn. uspr.,3
2TŻ5,2021-11-10,nieobecność,1
2TŻ5,2021-11-17,nieob. uspraw.,9
2TŻ5,2021-12-01,nieobecność,4
2TŻ5,2022-01-05,nieob. uspraw.,5
2TŻ5,2022-01-17,nieob. uspraw.,24
2TŻ5,2022-02-22,nieob. uspraw.,17
2TŻ5,2022-02-24,nieob. uspraw.,20
2TŻ5,2022-03-07,nieobecność,19
2TŻ5,2022-03-10,spóźnienie,1
2TŻ5,2022-03-15,nieobecność,1
2TŻ5,2022-03-16,nieobecność,1
2TŻ5,2022-03-18,spóźnienie,2
2TŻ5,2022-03-22,nieob. uspraw.,17
2TŻ5,2022-03-23,nieob. uspraw.,19
2TŻ5,2022-03-25,nieob. uspraw.,13
2TŻ5,2022-03-30,nieobecność,11
2TŻ5,2022-04-06,nieobecność,1
2TŻ5,2022-04-26,nieob. uspr. p.s.,4
2TŻ5,2022-05-16,nieob. uspraw.,37
2TŻ5,2022-05-18,nieob. uspraw.,21
2TŻ5,2022-05-19,nieob. uspraw.,28
2TŻ5,2022-05-30,nieob. uspraw.,18
2TŻ5,2022-05-31,nieob. uspraw.,35
2TŻ5,2022-06-01,nieob. uspr. p.s.,2
2TŻ5,2022-06-07,nieob. uspraw.,28
2TŻ5,2022-06-08,nieob. uspraw.,9
2TŻ5,2022-06-14,nieobecność,4
2TŻ5,2021-09-02,spóźn. uspr.,1
2TŻ5,2021-10-07,spóźn. uspr.,3
2TŻ5,2021-10-12,nieob. uspraw.,3
2TŻ5,2021-10-27,nieob. uspraw.,8
2TŻ5,2021-10-29,nieob. uspr. p.s.,4
2TŻ5,2021-11-02,nieob. uspraw.,16
2TŻ5,2021-11-05,nieob. uspr. p.s.,6
2TŻ5,2021-11-09,nieob. uspr. p.s.,5
2TŻ5,2021-11-15,nieob. uspr. p.s.,2
2TŻ5,2021-11-18,nieob. uspraw.,11
2TŻ5,2021-11-22,spóźn. uspr.,4
2TŻ5,2021-12-10,spóźn. uspr.,2
2TŻ5,2021-12-22,nieob. uspraw.,2
2TŻ5,2022-02-28,nieob. uspr. p.s.,1
2TŻ5,2022-03-07,nieob. uspr. p.s.,2
2TŻ5,2022-03-08,nieob. uspr. p.s.,5
2TŻ5,2022-03-14,nieob. uspr. p.s.,1
2TŻ5,2022-03-16,nieob. uspraw.,14
2TŻ5,2022-03-18,nieob. uspr. p.s.,1
2TŻ5,2022-03-28,nieob. uspr. p.s.,1
2TŻ5,2022-03-30,nieob. uspraw.,2
2TŻ5,2022-04-07,nieob. uspr. p.s.,2
2TŻ5,2022-04-13,nieob. uspr. p.s.,3
2TŻ5,2022-04-22,nieob. uspr. p.s.,5
2TŻ5,2022-04-25,nieob. uspr. p.s.,2
2TŻ5,2022-05-23,nieob. uspraw.,10
2TŻ5,2022-05-26,nieob. uspraw.,3
2TŻ5,2022-06-01,nieob. uspraw.,18
2TŻ5,2022-06-09,nieob. uspraw.,21
2TŻ5,2022-02-23,nieob. uspraw.,14
2TŻ5,2022-06-09,nieobecność,7
2TŻ5,2021-10-11,nieobecność,1
2TŻ5,2021-10-18,nieob. uspraw.,9
2TŻ5,2021-11-02,nieobecność,1
2TŻ5,2021-11-05,nieobecność,1
2TŻ5,2021-11-15,nieob. uspraw.,4
2TŻ5,2021-11-22,nieobecność,1
2TŻ5,2021-11-24,zwolniony,1
2TŻ5,2021-11-24,nieobecność,6
2TŻ5,2021-11-25,nieobecność,7
2TŻ5,2021-11-26,nieobecność,1
2TŻ5,2021-11-29,nieobecność,7
2TŻ5,2021-12-02,nieobecność,8
2TŻ5,2021-12-08,nieobecność,5
2TŻ5,2021-12-10,nieobecność,5
2TŻ5,2021-12-20,nieobecność,2
2TŻ5,2022-01-03,nieobecność,4
2TŻ5,2022-01-04,nieobecność,4
2TŻ5,2022-01-17,nieobecność,8
2TŻ5,2022-02-21,nieob. uspraw.,17
2TŻ5,2022-02-23,nieobecność,1
2TŻ5,2022-02-24,nieobecność,7
2TŻ5,2022-03-03,nieob. uspraw.,7
2TŻ5,2022-03-04,nieob. uspraw.,24
2TŻ5,2022-03-10,nieobecność,2
2TŻ5,2022-03-14,nieobecność,7
2TŻ5,2022-03-17,nieobecność,7
2TŻ5,2022-03-25,spóźnienie,1
2TŻ5,2022-04-08,nieobecność,1
2TŻ5,2022-04-28,nieobecność,7
2TŻ5,2022-05-09,nieob. uspraw.,7
2TŻ5,2022-06-14,nieob. uspr. p.s.,1
2TŻ5,2021-09-02,nieobecność,8
2TŻ5,2021-10-08,spóźnienie,1
2TŻ5,2021-10-13,nieob. uspraw.,10
2TŻ5,2021-10-21,nieob. uspr. p.s.,2
2TŻ5,2021-10-27,nieobecność,1
2TŻ5,2021-10-28,nieob. uspr. p.s.,2
2TŻ5,2021-10-28,spóźnienie,2
2TŻ5,2021-11-02,zwolniony,1
2TŻ5,2021-11-16,nieobecność,1
2TŻ5,2021-11-17,nieobecność,1
2TŻ5,2022-01-18,nieob. uspraw.,12
2TŻ5,2022-01-28,nieob. uspraw.,13
2TŻ5,2022-03-07,spóźn. uspr.,2
2TŻ5,2022-03-10,nieob. uspr. p.s.,1
2TŻ5,2022-03-31,nieob. uspraw.,1
2TŻ5,2022-04-01,zwolniony,1
2TŻ5,2022-04-06,spóźn. uspr.,1
2TŻ5,2022-04-08,nieob. uspr. p.s.,2
2TŻ5,2022-04-25,spóźnienie,1
2TŻ5,2022-04-28,nieob. uspr. p.s.,5
2TŻ5,2022-05-04,nieob. uspr. p.s.,3
2TŻ5,2022-05-05,nieob. uspr. p.s.,5
2TŻ5,2022-05-06,nieob. uspr. p.s.,5
2TŻ5,2022-05-09,nieob. uspr. p.s.,7
2TŻ5,2022-05-10,nieob. uspr. p.s.,8
2TŻ5,2022-05-11,nauka zdalna,5
2TŻ5,2022-05-12,nieob. uspr. p.s.,6
2TŻ5,2022-05-13,nieob. uspr. p.s.,7
2TŻ5,2022-05-20,spóźnienie,1
2TŻ5,2022-05-24,nieob. uspraw.,5
2TŻ5,2022-05-27,nieob. uspraw.,9
2TŻ5,2021-10-21,nieob. uspraw.,7
2TŻ5,2022-03-25,spóźn. uspr.,1
2TŻ5,2022-04-28,nieob. uspraw.,14
2TŻ5,2022-03-10,spóźn. uspr.,1
2TŻ5,2022-04-29,nieob. uspr. p.s.,7
2TŻ5,2022-06-20,obecność,2
2TŻ5,2021-10-04,zwolniony,1
2TŻ5,2021-11-18,spóźn. uspr.,2
2TŻ5,2021-11-19,spóźn. uspr.,1
2TŻ5,2021-11-25,spóźn. uspr.,1
2TŻ5,2021-11-26,spóźn. uspr.,2
2TŻ5,2021-11-29,spóźnienie,1
2TŻ5,2021-12-09,nieobecność,6
2TŻ5,2022-01-24,nieob. uspraw.,2
2TŻ5,2022-01-27,nieob. uspraw.,9
2TŻ5,2022-02-17,spóźn. uspr.,2
2TŻ5,2022-02-18,spóźn. uspr.,1
2TŻ5,2022-02-21,spóźn. uspr.,2
2TŻ5,2022-03-01,nieob. uspraw.,2
2TŻ5,2022-03-17,nieob. uspraw.,4
2TŻ5,2022-03-22,nieobecność,1
2TŻ5,2022-03-23,spóźn. uspr.,1
2TŻ5,2022-05-23,nieobecność,2
2TŻ5,2022-06-20,spóźnienie,1
2TŻ5,2021-09-03,nieobecność,1
2TŻ5,2021-09-28,zwolniony,1
2TŻ5,2021-10-04,spóźn. uspr.,1
2TŻ5,2021-11-03,nieob. uspraw.,2
2TŻ5,2021-11-09,nieobecność,1
2TŻ5,2021-11-16,nieob. uspraw.,5
2TŻ5,2021-11-22,nieob. uspraw.,1
2TŻ5,2021-11-29,spóźn. uspr.,1
2TŻ5,2021-12-01,spóźn. uspr.,2
2TŻ5,2021-12-02,spóźn. uspr.,1
2TŻ5,2021-12-13,spóźn. uspr.,1
2TŻ5,2021-12-15,nieob. uspraw.,1
2TŻ5,2021-12-16,nieob. uspraw.,2
2TŻ5,2021-12-17,nieob. uspraw.,2
2TŻ5,2022-02-28,spóźnienie,1
2TŻ5,2022-03-02,spóźn. uspr.,1
2TŻ5,2022-03-09,nieobecność,1
2TŻ5,2022-03-11,nieobecność,1
2TŻ5,2022-03-15,spóźnienie,2
2TŻ5,2022-03-23,nieobecność,6
2TŻ5,2022-03-29,spóźnienie,1
2TŻ5,2022-04-04,spóźnienie,1
2TŻ5,2022-05-11,nieobecność,3
2TŻ5,2022-05-25,nieobecność,1
2TŻ5,2022-05-30,nieobecność,2
2TŻ5,2022-06-01,nieobecność,1
2TŻ5,2022-06-24,nieobecność,7
3RŻ5,2021-09-01,obecność,240
3RŻ5,2021-09-02,nieob. uspraw.,10
3RŻ5,2021-09-03,obecność,165
3RŻ5,2021-09-06,nieob. uspraw.,32
3RŻ5,2021-09-07,nieob. uspraw.,38
3RŻ5,2021-09-08,obecność,132
3RŻ5,2021-09-08,nieob. uspraw.,65
3RŻ5,2021-09-09,nieob. uspraw.,18
3RŻ5,2021-09-13,obecność,146
3RŻ5,2021-09-14,nieob. uspraw.,89
3RŻ5,2021-09-15,obecność,137
3RŻ5,2021-09-15,nieobecność,10
3RŻ5,2021-09-16,nieobecność,9
3RŻ5,2021-09-17,obecność,133
3RŻ5,2021-09-20,obecność,160
3RŻ5,2021-09-21,nieobecność,24
3RŻ5,2021-09-22,obecność,144
3RŻ5,2021-09-23,obecność,7
3RŻ5,2021-09-24,obecność,136
3RŻ5,2021-09-27,nieobecność,21
3RŻ5,2021-09-28,obecność,168
3RŻ5,2021-09-29,obecność,187
3RŻ5,2021-09-30,obecność,7
3RŻ5,2021-10-01,obecność,136
3RŻ5,2021-10-04,nieob. uspraw.,56
3RŻ5,2021-10-05,obecność,199
3RŻ5,2021-10-06,nieob. uspraw.,43
3RŻ5,2021-10-07,obecność,23
3RŻ5,2021-10-08,nieob. uspraw.,42
3RŻ5,2021-10-11,obecność,185
3RŻ5,2021-10-12,nieob. uspraw.,30
3RŻ5,2021-10-13,nieob. uspraw.,29
3RŻ5,2021-10-15,nieob. uspraw.,76
3RŻ5,2021-10-18,obecność,202
3RŻ5,2021-10-18,nieob. uspraw.,21
3RŻ5,2021-10-19,nieob. uspraw.,35
3RŻ5,2021-10-20,nieob. uspraw.,8
3RŻ5,2021-10-21,nieob. uspr. p.s.,240
3RŻ5,2021-10-22,nieob. uspraw.,46
3RŻ5,2021-10-25,obecność,173
3RŻ5,2021-10-26,nieob. uspraw.,27
3RŻ5,2021-10-27,obecność,187
3RŻ5,2021-10-27,nieob. uspraw.,30
3RŻ5,2021-10-28,nieob. uspraw.,11
3RŻ5,2021-10-29,nieob. uspraw.,39
3RŻ5,2021-11-02,nieob. uspraw.,59
3RŻ5,2021-11-03,nieob. uspraw.,43
3RŻ5,2021-11-04,nieob. uspraw.,11
3RŻ5,2021-11-05,nieob. uspraw.,55
3RŻ5,2021-11-08,nieobecność,19
3RŻ5,2021-11-09,nieobecność,12
3RŻ5,2021-11-10,nieobecność,23
3RŻ5,2021-11-15,obecność,163
3RŻ5,2021-11-16,nieob. uspraw.,67
3RŻ5,2021-11-17,nieob. uspraw.,56
3RŻ5,2021-11-18,nieob. uspraw.,7
3RŻ5,2021-11-19,nieob. uspraw.,78
3RŻ5,2021-11-22,nieob. uspraw.,45
3RŻ5,2021-11-23,nieob. uspraw.,35
3RŻ5,2021-11-24,nieob. uspraw.,26
3RŻ5,2021-11-25,nieob. uspraw.,14
3RŻ5,2021-11-26,nieob. uspraw.,43
3RŻ5,2021-11-29,obecność,178
3RŻ5,2021-11-30,obecność,200
3RŻ5,2021-12-01,nieob. uspraw.,35
3RŻ5,2021-12-02,nieob. uspraw.,7
3RŻ5,2021-12-03,obecność,150
3RŻ5,2021-12-03,nieob. uspraw.,17
3RŻ5,2021-12-06,nieob. uspraw.,42
3RŻ5,2021-12-07,nieob. uspraw.,44
3RŻ5,2021-12-08,nieob. uspraw.,41
3RŻ5,2021-12-09,nieob. uspraw.,14
3RŻ5,2021-12-10,nieob. uspraw.,49
3RŻ5,2021-12-13,nieobecność,15
3RŻ5,2021-12-14,obecność,170
3RŻ5,2021-12-15,nieobecność,9
3RŻ5,2021-12-15,nauka zdalna,103
3RŻ5,2021-12-16,nauka zdalna,16
3RŻ5,2021-12-17,nauka zdalna,94
3RŻ5,2021-12-20,nauka zdalna,113
3RŻ5,2021-12-21,nauka zdalna,152
3RŻ5,2021-12-22,nauka zdalna,147
3RŻ5,2022-01-03,nauka zdalna,174
3RŻ5,2022-01-04,nieobecność,20
3RŻ5,2022-01-04,nauka zdalna,178
3RŻ5,2022-01-05,nieobecność,18
3RŻ5,2022-01-05,nauka zdalna,186
3RŻ5,2022-01-10,obecność,195
3RŻ5,2022-01-10,nieob. uspraw.,34
3RŻ5,2022-01-11,nieobecność,12
3RŻ5,2022-01-12,obecność,174
3RŻ5,2022-01-13,nieobecność,10
3RŻ5,2022-01-14,nieobecność,21
3RŻ5,2022-01-17,obecność,204
3RŻ5,2022-01-18,obecność,177
3RŻ5,2022-01-19,nieobecność,22
3RŻ5,2022-01-20,nieobecność,11
3RŻ5,2022-01-21,nieobecność,21
3RŻ5,2022-01-24,obecność,187
3RŻ5,2022-01-25,obecność,174
3RŻ5,2022-01-26,obecność,92
3RŻ5,2022-01-26,nieob. uspraw.,41
3RŻ5,2022-01-27,nieobecność,13
3RŻ5,2022-01-27,nauka zdalna,21
3RŻ5,2022-01-28,nauka zdalna,143
3RŻ5,2022-02-14,nauka zdalna,150
3RŻ5,2022-02-15,nauka zdalna,174
3RŻ5,2022-02-16,nauka zdalna,194
3RŻ5,2022-02-17,nauka zdalna,30
3RŻ5,2022-02-17,nieobecność,6
3RŻ5,2022-02-18,nauka zdalna,174
3RŻ5,2022-02-21,nieob. uspraw.,28
3RŻ5,2022-02-22,nieob. uspraw.,37
3RŻ5,2022-02-23,nieob. uspraw.,62
3RŻ5,2022-02-24,nieob. uspraw.,14
3RŻ5,2022-02-25,nieobecność,26
3RŻ5,2022-02-28,nieob. uspraw.,40
3RŻ5,2022-03-01,obecność,194
3RŻ5,2022-03-02,nieob. uspraw.,57
3RŻ5,2022-03-03,obecność,27
3RŻ5,2022-03-04,nieob. uspraw.,43
3RŻ5,2022-03-07,obecność,193
3RŻ5,2022-03-08,nieobecność,11
3RŻ5,2022-03-09,nieobecność,20
3RŻ5,2022-03-10,nieobecność,10
3RŻ5,2022-03-11,nieobecność,33
3RŻ5,2022-03-14,obecność,181
3RŻ5,2022-03-14,nieob. uspraw.,41
3RŻ5,2022-03-15,obecność,207
3RŻ5,2022-03-15,nieob. uspraw.,24
3RŻ5,2022-03-16,obecność,174
3RŻ5,2022-03-16,nieob. uspraw.,48
3RŻ5,2022-03-17,nieobecność,10
3RŻ5,2022-03-18,nieobecność,26
3RŻ5,2022-03-21,nieobecność,40
3RŻ5,2022-03-22,nieobecność,17
3RŻ5,2022-03-23,nieobecność,21
3RŻ5,2022-03-24,nieobecność,9
3RŻ5,2022-03-25,nieobecność,12
3RŻ5,2022-03-28,obecność,204
3RŻ5,2022-03-29,nieobecność,27
3RŻ5,2022-03-30,nieobecność,24
3RŻ5,2022-03-31,nieobecność,8
3RŻ5,2022-04-01,nieobecność,10
3RŻ5,2022-04-04,nieobecność,14
3RŻ5,2022-04-05,nieobecność,40
3RŻ5,2022-04-06,obecność,188
3RŻ5,2022-04-07,obecność,25
3RŻ5,2022-04-08,nieobecność,14
3RŻ5,2022-04-11,nieobecność,11
3RŻ5,2022-04-12,nieobecność,12
3RŻ5,2022-04-13,nieobecność,8
3RŻ5,2021-09-02,obecność,16
3RŻ5,2021-09-06,obecność,188
3RŻ5,2021-09-06,nieob. uspr. p.s.,16
3RŻ5,2021-09-07,obecność,185
3RŻ5,2021-09-07,nieob. uspr. p.s.,17
3RŻ5,2021-09-08,nieob. uspr. p.s.,38
3RŻ5,2021-09-09,nieob. uspr. p.s.,3
3RŻ5,2021-09-14,obecność,140
3RŻ5,2021-09-16,obecność,10
3RŻ5,2021-09-21,obecność,174
3RŻ5,2021-09-24,nieob. uspraw.,65
3RŻ5,2021-09-27,nieob. uspraw.,65
3RŻ5,2021-10-04,obecność,170
3RŻ5,2021-10-06,obecność,149
3RŻ5,2021-10-08,obecność,156
3RŻ5,2021-10-12,obecność,194
3RŻ5,2021-10-13,obecność,156
3RŻ5,2021-10-15,obecność,113
3RŻ5,2021-10-19,obecność,198
3RŻ5,2021-10-20,obecność,207
3RŻ5,2021-10-22,obecność,153
3RŻ5,2021-10-26,obecność,201
3RŻ5,2021-10-28,obecność,14
3RŻ5,2021-10-29,obecność,157
3RŻ5,2021-11-02,obecność,161
3RŻ5,2021-11-03,obecność,135
3RŻ5,2021-11-04,obecność,14
3RŻ5,2021-11-05,nieobecność,13
3RŻ5,2021-11-08,nieob. uspraw.,65
3RŻ5,2021-11-09,nieob. uspraw.,45
3RŻ5,2021-11-10,nieob. uspraw.,71
3RŻ5,2021-11-15,nieob. uspraw.,59
3RŻ5,2021-11-24,obecność,104
3RŻ5,2021-11-25,obecność,11
3RŻ5,2021-11-26,obecność,82
3RŻ5,2021-11-29,nieob. uspraw.,53
3RŻ5,2021-12-01,obecność,173
3RŻ5,2021-12-06,obecność,183
3RŻ5,2021-12-07,obecność,181
3RŻ5,2021-12-08,obecność,149
3RŻ5,2021-12-09,obecność,10
3RŻ5,2021-12-10,obecność,143
3RŻ5,2021-12-13,obecność,148
3RŻ5,2021-12-20,nieob. uspraw.,15
3RŻ5,2022-01-03,spóźnienie,1
3RŻ5,2022-01-11,obecność,195
3RŻ5,2022-01-13,obecność,23
3RŻ5,2022-01-14,obecność,176
3RŻ5,2022-01-19,obecność,185
3RŻ5,2022-01-20,obecność,21
3RŻ5,2022-01-21,obecność,104
3RŻ5,2022-01-28,nieobecność,34
3RŻ5,2022-02-21,obecność,192
3RŻ5,2022-02-22,obecność,186
3RŻ5,2022-02-24,obecność,20
3RŻ5,2022-02-25,obecność,127
3RŻ5,2022-03-02,obecność,165
3RŻ5,2022-03-04,obecność,158
3RŻ5,2022-03-08,obecność,181
3RŻ5,2022-03-09,nieob. uspraw.,46
3RŻ5,2022-03-10,obecność,14
3RŻ5,2022-03-11,obecność,124
3RŻ5,2022-03-17,nieob. uspraw.,6
3RŻ5,2022-03-18,obecność,146
3RŻ5,2022-03-21,nieob. uspraw.,130
3RŻ5,2022-03-22,obecność,187
3RŻ5,2022-03-23,obecność,177
3RŻ5,2022-03-24,obecność,25
3RŻ5,2022-03-25,obecność,152
3RŻ5,2022-03-29,nieob. uspraw.,87
3RŻ5,2022-03-30,obecność,172
3RŻ5,2022-03-31,obecność,25
3RŻ5,2022-04-01,nieob. uspraw.,85
3RŻ5,2022-04-04,nieob. uspraw.,39
3RŻ5,2022-04-04,obecność,176
3RŻ5,2022-04-05,nieob. uspr. p.s.,72
3RŻ5,2022-04-08,nieob. uspraw.,30
3RŻ5,2022-04-08,obecność,163
3RŻ5,2022-04-11,obecność,193
3RŻ5,2022-04-12,obecność,175
3RŻ5,2022-04-13,obecność,160
3RŻ5,2022-04-13,nieob. uspraw.,54
3RŻ5,2022-04-20,obecność,153
3RŻ5,2022-04-20,nieob. uspr. p.s.,26
3RŻ5,2022-04-21,obecność,20
3RŻ5,2022-04-22,obecność,139
3RŻ5,2022-04-25,nieob. uspraw.,15
3RŻ5,2022-04-25,obecność,195
3RŻ5,2022-04-26,nieob. uspr. p.s.,17
3RŻ5,2022-04-26,obecność,194
3RŻ5,2022-04-27,obecność,160
3RŻ5,2022-04-28,nieob. uspr. p.s.,3
3RŻ5,2022-04-29,obecność,99
3RŻ5,2022-04-29,nieob. uspraw.,69
3RŻ5,2022-05-16,obecność,121
3RŻ5,2022-05-16,nieob. uspraw.,71
3RŻ5,2022-05-17,obecność,177
3RŻ5,2022-05-18,obecność,146
3RŻ5,2022-05-19,obecność,23
3RŻ5,2022-05-20,obecność,152
3RŻ5,2022-05-23,obecność,152
3RŻ5,2022-05-24,obecność,157
3RŻ5,2022-05-25,obecność,193
3RŻ5,2022-05-26,obecność,23
3RŻ5,2022-05-27,nieob. uspraw.,93
3RŻ5,2022-05-30,nieob. uspraw.,43
3RŻ5,2022-05-31,nieob. uspraw.,29
3RŻ5,2022-06-01,obecność,150
3RŻ5,2022-06-03,obecność,60
3RŻ5,2022-06-06,obecność,111
3RŻ5,2022-06-06,spóźnienie,3
3RŻ5,2022-06-07,obecność,99
3RŻ5,2022-06-08,nieob. uspraw.,42
3RŻ5,2022-06-08,obecność,103
3RŻ5,2022-06-08,spóźnienie,1
3RŻ5,2022-06-09,obecność,17
3RŻ5,2022-06-10,obecność,115
3RŻ5,2022-06-10,nieob. uspraw.,60
3RŻ5,2022-06-13,nieob. uspraw.,129
3RŻ5,2022-06-14,nieob. uspraw.,143
3RŻ5,2022-06-15,nieob. uspraw.,162
3RŻ5,2022-06-20,nieob. uspraw.,119
3RŻ5,2022-06-21,nieob. uspraw.,128
3RŻ5,2022-06-22,nieob. uspraw.,120
3RŻ5,2022-06-23,nieob. uspraw.,16
3RŻ5,2022-06-24,obecność,203
3RŻ5,2021-09-13,nieob. uspraw.,86
3RŻ5,2021-09-27,obecność,153
3RŻ5,2021-11-05,obecność,141
3RŻ5,2021-11-08,obecność,147
3RŻ5,2021-11-09,obecność,131
3RŻ5,2021-11-10,obecność,124
3RŻ5,2021-11-16,obecność,97
3RŻ5,2021-11-17,obecność,133
3RŻ5,2021-11-19,obecność,130
3RŻ5,2021-11-22,obecność,117
3RŻ5,2021-11-23,obecność,117
3RŻ5,2021-12-21,nieob. uspraw.,38
3RŻ5,2022-01-05,nieob. uspraw.,28
3RŻ5,2022-02-23,obecność,155
3RŻ5,2022-02-28,obecność,172
3RŻ5,2022-03-09,obecność,162
3RŻ5,2022-03-10,nieob. uspraw.,2
3RŻ5,2022-03-11,nieob. uspraw.,46
3RŻ5,2022-03-17,obecność,21
3RŻ5,2022-03-21,obecność,9
3RŻ5,2022-03-29,obecność,125
3RŻ5,2022-04-01,obecność,115
3RŻ5,2022-04-28,obecność,23
3RŻ5,2022-05-18,nieob. uspraw.,49
3RŻ5,2022-05-27,obecność,112
3RŻ5,2022-05-30,obecność,168
3RŻ5,2022-05-31,obecność,191
3RŻ5,2022-06-13,obecność,33
3RŻ5,2022-06-14,obecność,50
3RŻ5,2022-06-22,obecność,30
3RŻ5,2021-09-06,spóźn. uspr.,3
3RŻ5,2021-09-15,nieob. uspraw.,81
3RŻ5,2021-09-22,nieob. uspraw.,30
3RŻ5,2021-09-28,nieob. uspraw.,28
3RŻ5,2021-09-29,nieob. uspraw.,37
3RŻ5,2021-10-01,nieob. uspraw.,54
3RŻ5,2021-10-05,nieob. uspraw.,38
3RŻ5,2021-10-11,nieob. uspraw.,25
3RŻ5,2021-11-22,nauka zdalna,58
3RŻ5,2021-11-23,nauka zdalna,82
3RŻ5,2021-11-24,nauka zdalna,75
3RŻ5,2021-11-26,nauka zdalna,62
3RŻ5,2021-11-30,nieob. uspraw.,25
3RŻ5,2021-12-14,nieob. uspraw.,30
3RŻ5,2021-12-15,obecność,67
3RŻ5,2021-12-17,obecność,44
3RŻ5,2021-12-17,nieob. uspraw.,43
3RŻ5,2022-01-11,nieob. uspraw.,33
3RŻ5,2022-01-12,nieob. uspraw.,43
3RŻ5,2022-01-14,nieob. uspraw.,13
3RŻ5,2022-01-18,nieob. uspraw.,17
3RŻ5,2022-01-21,nieob. uspraw.,55
3RŻ5,2022-01-24,nieob. uspraw.,19
3RŻ5,2022-01-25,nieob. uspraw.,42
3RŻ5,2022-01-27,nieob. uspraw.,2
3RŻ5,2022-02-23,nieobecność,15
3RŻ5,2022-02-25,nieob. uspraw.,57
3RŻ5,2022-03-01,nieob. uspraw.,38
3RŻ5,2022-03-07,nieob. uspraw.,21
3RŻ5,2022-03-08,nieob. uspraw.,39
3RŻ5,2022-03-22,spóźnienie,2
3RŻ5,2022-03-22,nieob. uspraw.,28
3RŻ5,2022-03-23,nieob. uspraw.,34
3RŻ5,2022-03-28,nieob. uspraw.,20
3RŻ5,2022-03-30,nieob. uspraw.,36
3RŻ5,2022-04-05,obecność,59
3RŻ5,2022-04-06,spóźnienie,1
3RŻ5,2022-04-07,nieob. uspraw.,3
3RŻ5,2022-04-12,nieob. uspraw.,17
3RŻ5,2022-04-20,nieob. uspraw.,27
3RŻ5,2022-04-22,nieob. uspraw.,38
3RŻ5,2022-04-26,nieob. uspraw.,13
3RŻ5,2022-04-27,nieob. uspraw.,30
3RŻ5,2022-04-28,nieob. uspraw.,2
3RŻ5,2022-05-17,nieob. uspraw.,55
3RŻ5,2022-05-18,nieobecność,16
3RŻ5,2022-05-20,nieob. uspraw.,61
3RŻ5,2022-05-24,nieob. uspraw.,44
3RŻ5,2022-05-26,nieob. uspraw.,5
3RŻ5,2022-05-31,nieob. uspr. p.s.,2
3RŻ5,2022-06-02,obecność,8
3RŻ5,2022-06-03,nieob. uspr. p.s.,44
3RŻ5,2022-06-06,nieob. uspraw.,41
3RŻ5,2022-06-07,nieob. uspr. p.s.,64
3RŻ5,2022-06-10,nieobecność,27
3RŻ5,2022-06-21,obecność,32
3RŻ5,2021-09-03,spóźnienie,1
3RŻ5,2021-09-06,spóźnienie,1
3RŻ5,2021-09-17,nieobecność,11
3RŻ5,2021-09-20,nieobecność,9
3RŻ5,2021-09-29,nieobecność,10
3RŻ5,2021-10-08,nieobecność,10
3RŻ5,2021-10-12,nieobecność,7
3RŻ5,2021-10-13,nieobecność,11
3RŻ5,2021-10-19,nieobecność,5
3RŻ5,2021-10-20,nieobecność,4
3RŻ5,2021-10-25,nieob. uspraw.,58
3RŻ5,2021-10-26,nieobecność,12
3RŻ5,2021-10-27,nieobecność,2
3RŻ5,2021-10-29,nieobecność,11
3RŻ5,2021-11-02,nieobecność,18
3RŻ5,2021-11-15,nieobecność,5
3RŻ5,2021-11-19,nieobecność,2
3RŻ5,2021-11-22,nieobecność,5
3RŻ5,2021-11-24,nieobecność,11
3RŻ5,2021-11-26,nieobecność,23
3RŻ5,2021-12-01,nieobecność,8
3RŻ5,2021-12-03,nieobecność,7
3RŻ5,2021-12-07,nieobecność,13
3RŻ5,2021-12-08,nieobecność,8
3RŻ5,2021-12-10,nieobecność,16
3RŻ5,2021-12-17,nieobecność,10
3RŻ5,2021-12-20,spóźnienie,4
3RŻ5,2021-12-22,nieobecność,21
3RŻ5,2022-01-24,nieobecność,21
3RŻ5,2022-01-26,nieobecność,35
3RŻ5,2022-02-14,nieobecność,37
3RŻ5,2022-02-15,nieobecność,26
3RŻ5,2022-02-16,nieobecność,15
3RŻ5,2022-02-18,nieobecność,16
3RŻ5,2022-02-21,nieobecność,4
3RŻ5,2022-02-22,nieobecność,6
3RŻ5,2022-02-28,nieobecność,5
3RŻ5,2022-03-01,nieobecność,6
3RŻ5,2022-03-02,nieobecność,10
3RŻ5,2022-03-07,nieobecność,3
3RŻ5,2022-03-16,nieobecność,10
3RŻ5,2022-03-21,nieob. uspr. p.s.,50
3RŻ5,2022-03-25,nieob. uspraw.,45
3RŻ5,2022-03-31,nieob. uspraw.,4
3RŻ5,2022-04-20,spóźnienie,2
3RŻ5,2022-05-20,nieobecność,6
3RŻ5,2022-05-30,spóźnienie,4
3RŻ5,2022-06-01,nieob. uspraw.,50
3RŻ5,2021-09-13,nieob. uspr. p.s.,8
3RŻ5,2021-09-14,nieob. uspr. p.s.,8
3RŻ5,2021-09-15,nieob. uspr. p.s.,6
3RŻ5,2021-09-16,nieob. uspr. p.s.,1
3RŻ5,2021-09-17,nieob. uspr. p.s.,7
3RŻ5,2021-09-20,nieob. uspraw.,60
3RŻ5,2021-09-21,nieob. uspraw.,42
3RŻ5,2021-10-07,nieob. uspraw.,3
3RŻ5,2021-11-10,spóźn. uspr.,1
3RŻ5,2021-12-13,spóźnienie,3
3RŻ5,2021-12-22,nieob. uspraw.,22
3RŻ5,2022-01-03,nieob. uspraw.,35
3RŻ5,2022-01-13,nieob. uspraw.,3
3RŻ5,2022-01-19,nieob. uspraw.,10
3RŻ5,2022-01-20,nieob. uspraw.,5
3RŻ5,2022-01-28,nieob. uspraw.,2
3RŻ5,2022-01-28,spóźnienie,1
3RŻ5,2022-02-15,nieob. uspraw.,40
3RŻ5,2022-02-16,nieob. uspraw.,20
3RŻ5,2022-03-24,nieob. uspraw.,3
3RŻ5,2022-04-05,nieob. uspraw.,69
3RŻ5,2022-04-11,nieob. uspraw.,24
3RŻ5,2022-04-21,nieob. uspraw.,5
3RŻ5,2022-04-22,spóźnienie,2
3RŻ5,2022-04-29,nieob. uspr. p.s.,16
3RŻ5,2022-05-19,nieob. uspraw.,6
3RŻ5,2022-06-03,nieob. uspraw.,31
3RŻ5,2022-06-06,nieob. uspr. p.s.,64
3RŻ5,2022-06-07,nieob. uspraw.,59
3RŻ5,2022-06-15,obecność,22
3RŻ5,2022-06-20,nieobecność,72
3RŻ5,2022-06-21,nieobecność,72
3RŻ5,2022-06-22,nieobecność,62
3RŻ5,2022-06-23,nieobecność,10
3RŻ5,2021-10-19,spóźnienie,2
3RŻ5,2021-11-24,spóźn. uspr.,2
3RŻ5,2022-06-08,nieobecność,12
3RŻ5,2022-06-20,obecność,30
3RŻ5,2021-09-03,nieob. uspraw.,42
3RŻ5,2021-09-17,nieob. uspraw.,57
3RŻ5,2021-11-23,spóźnienie,3
3RŻ5,2021-12-21,nieobecność,11
3RŻ5,2022-01-17,nieobecność,16
3RŻ5,2022-01-18,nieobecność,16
3RŻ5,2022-01-25,nieobecność,23
3RŻ5,2022-03-07,nieob. uspr. p.s.,7
3RŻ5,2022-03-08,nieob. uspr. p.s.,7
3RŻ5,2022-03-18,nieob. uspraw.,34
3RŻ5,2022-05-20,spóźnienie,2
3RŻ5,2022-05-23,nieob. uspraw.,45
3RŻ5,2022-06-23,obecność,3
3RŻ5,2021-09-09,obecność,5
3RŻ5,2021-09-16,nieob. uspraw.,6
3RŻ5,2021-10-13,nieob. uspr. p.s.,24
3RŻ5,2021-10-29,nieob. uspr. p.s.,3
3RŻ5,2021-11-15,spóźnienie,2
3RŻ5,2021-12-01,spóźnienie,3
3RŻ5,2021-12-13,nieob. uspraw.,55
3RŻ5,2021-12-16,nieob. uspraw.,1
3RŻ5,2022-01-04,nieob. uspraw.,40
3RŻ5,2022-01-04,spóźnienie,2
3RŻ5,2022-01-24,spóźnienie,2
3RŻ5,2022-02-14,nieob. uspraw.,42
3RŻ5,2022-02-18,nieob. uspraw.,19
3RŻ5,2022-02-21,spóźnienie,5
3RŻ5,2022-02-28,spóźnienie,3
3RŻ5,2022-02-28,nieob. uspr. p.s.,9
3RŻ5,2022-03-07,spóźnienie,5
3RŻ5,2022-03-15,nieob. uspr. p.s.,9
3RŻ5,2022-03-18,nieob. uspr. p.s.,4
3RŻ5,2022-03-22,nieob. uspr. p.s.,6
3RŻ5,2022-04-06,nieob. uspraw.,32
3RŻ5,2022-04-12,nieob. uspr. p.s.,4
3RŻ5,2022-04-22,nieobecność,21
3RŻ5,2022-04-25,nieob. uspr. p.s.,5
3RŻ5,2022-04-27,nieob. uspr. p.s.,33
3RŻ5,2022-04-29,nieobecność,19
3RŻ5,2022-05-23,spóźnienie,4
3RŻ5,2022-05-30,nieobecność,3
3RŻ5,2022-05-31,spóźnienie,2
3RŻ5,2022-06-01,nieobecność,10
3RŻ5,2022-06-03,nieobecność,35
3RŻ5,2022-06-07,nieobecność,10
3RŻ5,2022-06-09,nieobecność,3
3RŻ5,2021-09-03,nieobecność,2
3RŻ5,2021-09-15,spóźnienie,1
3RŻ5,2021-09-17,spóźnienie,2
3RŻ5,2021-09-24,nieobecność,9
3RŻ5,2021-09-27,spóźnienie,1
3RŻ5,2021-10-01,nieobecność,1
3RŻ5,2021-10-04,nieobecność,3
3RŻ5,2021-10-04,spóźnienie,1
3RŻ5,2021-10-05,nieobecność,2
3RŻ5,2021-10-06,nieobecność,2
3RŻ5,2021-10-11,nieobecność,14
3RŻ5,2021-10-15,nieobecność,21
3RŻ5,2021-10-18,nieobecność,13
3RŻ5,2021-10-18,spóźnienie,1
3RŻ5,2021-10-20,spóźnienie,1
3RŻ5,2021-10-22,nieobecność,9
3RŻ5,2021-10-22,spóźnienie,2
3RŻ5,2021-10-25,nieobecność,8
3RŻ5,2021-10-28,nieobecność,1
3RŻ5,2021-11-02,spóźnienie,1
3RŻ5,2021-11-02,zwolniony,1
3RŻ5,2021-11-03,spóźnienie,2
3RŻ5,2021-11-22,spóźnienie,3
3RŻ5,2021-11-23,nieobecność,3
3RŻ5,2021-11-29,nieobecność,9
3RŻ5,2021-11-30,spóźnienie,1
3RŻ5,2021-12-06,nieobecność,10
3RŻ5,2021-12-07,spóźnienie,1
3RŻ5,2021-12-08,spóźnienie,1
3RŻ5,2021-12-09,nieobecność,2
3RŻ5,2021-12-16,nieobecność,2
3RŻ5,2021-12-20,nieobecność,7
3RŻ5,2021-12-21,spóźnienie,1
3RŻ5,2022-01-03,nieobecność,19
3RŻ5,2022-01-12,nieobecność,2
3RŻ5,2022-01-25,spóźnienie,1
3RŻ5,2022-02-24,nieobecność,3
3RŻ5,2022-03-04,nieobecność,9
3RŻ5,2022-03-14,nieobecność,5
3RŻ5,2022-03-28,nieobecność,5
3RŻ5,2022-04-06,nieobecność,10
3RŻ5,2022-04-07,nieobecność,2
3RŻ5,2022-04-13,spóźnienie,1
3RŻ5,2022-04-20,nieobecność,16
3RŻ5,2022-04-21,nieobecność,2
3RŻ5,2022-04-25,nieobecność,3
3RŻ5,2022-04-26,nieobecność,8
3RŻ5,2022-04-27,spóźnienie,1
3RŻ5,2022-04-28,nieobecność,1
3RŻ5,2022-05-18,spóźnienie,1
3RŻ5,2022-05-23,nieobecność,2
3RŻ5,2022-05-25,spóźnienie,5
3RŻ5,2022-05-26,nieobecność,1
3RŻ5,2022-05-27,nieobecność,16
3RŻ5,2022-05-31,nieobecność,8
3RŻ5,2022-06-13,nieobecność,30
3RŻ5,2022-06-14,nieobecność,28
3RŻ5,2022-06-15,nieobecność,28
3RŻ5,2021-11-05,nieob. uspr. p.s.,1
3RŻ5,2021-11-16,nieobecność,8
3RŻ5,2022-03-14,spóźn. uspr.,1
3RŻ5,2022-05-30,nieob. uspr. p.s.,2
3RŻ5,2022-04-06,spóźn. uspr.,1
3RŻ5,2022-04-08,spóźnienie,3
3RŻ5,2022-06-02,nieob. uspraw.,3
3RŻ5,2021-09-22,nieobecność,6
3RŻ5,2021-10-04,nieob. uspr. p.s.,10
3RŻ5,2021-10-05,nieob. uspr. p.s.,1
3RŻ5,2021-10-06,nieob. uspr. p.s.,15
3RŻ5,2021-10-11,nieob. uspr. p.s.,15
3RŻ5,2021-10-12,nieob. uspr. p.s.,9
3RŻ5,2021-12-15,nieob. uspraw.,21
3RŻ5,2022-02-17,nieob. uspraw.,1
3RŻ5,2022-04-21,nieob. uspr. p.s.,2
3RŻ5,2022-06-06,spóźn. uspr.,2
3RŻ5,2022-06-08,nieob. uspr. p.s.,54
3RŻ5,2021-11-22,spóźn. uspr.,1
3RŻ5,2022-02-16,spóźnienie,2
3RŻ5,2022-04-11,spóźn. uspr.,1
3RŻ5,2022-04-25,spóźnienie,3
3RŻ5,2022-06-09,nieob. uspraw.,9
3RŻ5,2021-10-18,nieob. uspr. p.s.,1
3RŻ5,2021-10-25,nieob. uspr. p.s.,1
3RŻ5,2022-05-24,spóźnienie,1
3RŻ5,2021-09-14,spóźn. uspr.,2
3RŻ5,2021-11-25,nieobecność,1
3RŻ5,2022-01-17,nieob. uspraw.,9
3RŻ5,2022-03-03,nieobecność,1
3RŻ5,2022-06-01,spóźnienie,2
3RŻ5,2021-09-08,nieobecność,1
3RŻ5,2021-09-28,nieobecność,6
3RŻ5,2021-12-22,zwolniony,2
3RŻ5,2022-01-05,zwolniony,2
3RŻ5,2022-03-03,nieob. uspraw.,8
3RŻ5,2022-05-25,nieob. uspraw.,14
3RŻ5,2021-11-24,spóźnienie,2
3RŻ5,2021-11-17,nieobecność,1
3RŻ5,2021-11-30,nieobecność,1
3RŻ5,2022-01-27,spóźnienie,1
3RŻ5,2021-09-15,zwolniony,1
3RŻ5,2021-10-08,spóźn. uspr.,1
3RŻ5,2022-01-19,nieob. uspr. p.s.,3
3RŻ5,2022-03-09,nieob. uspr. p.s.,4
3RŻ5,2021-11-04,nieobecność,1
3RŻ5,2021-12-03,nieob. uspr. p.s.,6
3RŻ5,2021-12-10,nieob. uspr. p.s.,2
3RŻ5,2022-04-13,nieob. uspr. p.s.,9
3RŻ5,2021-10-08,spóźnienie,1
3RŻ5,2021-10-11,spóźnienie,1
3RŻ5,2021-11-08,spóźnienie,1
3RŻ5,2021-12-06,spóźnienie,1
3RŻ5,2021-12-08,nieob. uspr. p.s.,1
3RŻ5,2022-01-13,spóźnienie,1
3RŻ5,2022-02-18,spóźnienie,1
3RŻ5,2021-09-14,zwolniony,1
3RŻ5,2021-10-18,spóźn. uspr.,2
3RŻ5,2021-12-01,spóźn. uspr.,1
3RŻ5,2021-12-08,spóźn. uspr.,1
3RŻ5,2022-02-16,zwolniony,1
3RŻ5,2022-03-03,spóźn. uspr.,1
3RŻ5,2022-04-22,nieob. uspr. p.s.,3
3RŻ5,2021-12-15,nieob. uspr. p.s.,1
3RŻ5,2021-12-22,spóźn. uspr.,1
3RŻ5,2021-09-29,nieob. uspr. p.s.,2
3RŻ5,2021-10-27,spóźnienie,1
3RŻ5,2021-12-06,nieob. uspr. p.s.,4
3RŻ5,2022-01-26,nieob. uspr. p.s.,1
3RŻ5,2021-11-08,nieob. uspr. p.s.,8
3RŻ5,2021-11-10,nieob. uspr. p.s.,1
3RŻ5,2021-11-30,nieob. uspr. p.s.,2
3RŻ5,2021-12-07,nieob. uspr. p.s.,1
3RŻ5,2021-12-14,nieob. uspr. p.s.,2
3RŻ5,2022-01-12,spóźnienie,1
3RŻ5,2022-03-01,nieob. uspr. p.s.,2
3RŻ5,2022-03-08,spóźnienie,2
3RŻ5,2022-03-11,nieob. uspr. p.s.,7
3RŻ5,2022-03-14,spóźnienie,1
3RŻ5,2022-03-25,zwolniony,1
3RŻ5,2022-03-29,nieob. uspr. p.s.,1
3RŻ5,2022-05-24,zwolniony,1
3RŻ5,2022-06-10,nieob. uspr. p.s.,1
3RŻ5,2022-05-30,spóźn. uspr.,1
3TM5,2021-09-01,obecność,176
3TM5,2021-09-02,obecność,63
3TM5,2021-09-03,obecność,163
3TM5,2021-09-06,obecność,125
3TM5,2021-09-07,obecność,163
3TM5,2021-09-08,obecność,150
3TM5,2021-09-09,nieob. uspraw.,18
3TM5,2021-09-13,obecność,131
3TM5,2021-09-14,obecność,161
3TM5,2021-09-15,obecność,159
3TM5,2021-09-16,nieob. uspraw.,16
3TM5,2021-09-17,obecność,147
3TM5,2021-09-20,obecność,89
3TM5,2021-09-21,obecność,98
3TM5,2021-09-22,obecność,102
3TM5,2021-09-23,obecność,43
3TM5,2021-09-24,obecność,63
3TM5,2021-09-27,nieob. uspraw.,57
3TM5,2021-09-28,nieob. uspraw.,50
3TM5,2021-09-29,nieob. uspraw.,48
3TM5,2021-09-30,nieob. uspraw.,18
3TM5,2021-10-01,nieob. uspraw.,51
3TM5,2021-10-04,obecność,112
3TM5,2021-10-05,obecność,157
3TM5,2021-10-06,obecność,147
3TM5,2021-10-07,obecność,60
3TM5,2021-10-08,obecność,136
3TM5,2021-10-11,obecność,118
3TM5,2021-10-12,obecność,160
3TM5,2021-10-13,obecność,119
3TM5,2021-10-15,obecność,176
3TM5,2021-10-18,obecność,99
3TM5,2021-10-19,obecność,168
3TM5,2021-10-20,obecność,136
3TM5,2021-10-21,obecność,58
3TM5,2021-10-22,obecność,120
3TM5,2021-10-22,nieob. uspr. p.s.,7
3TM5,2021-10-25,obecność,107
3TM5,2021-10-26,obecność,153
3TM5,2021-10-27,obecność,133
3TM5,2021-10-28,obecność,53
3TM5,2021-10-29,obecność,128
3TM5,2021-11-02,obecność,154
3TM5,2021-11-03,obecność,142
3TM5,2021-11-04,obecność,112
3TM5,2021-11-05,obecność,123
3TM5,2021-11-08,obecność,88
3TM5,2021-11-09,obecność,124
3TM5,2021-11-10,obecność,112
3TM5,2021-11-15,obecność,106
3TM5,2021-11-16,obecność,166
3TM5,2021-11-17,obecność,140
3TM5,2021-11-18,obecność,53
3TM5,2021-11-19,obecność,155
3TM5,2021-11-22,obecność,115
3TM5,2021-11-23,obecność,130
3TM5,2021-11-24,obecność,145
3TM5,2021-11-25,obecność,45
3TM5,2021-11-26,obecność,133
3TM5,2021-11-29,obecność,136
3TM5,2021-11-30,obecność,150
3TM5,2021-12-01,obecność,131
3TM5,2021-12-02,obecność,55
3TM5,2021-12-03,obecność,101
3TM5,2021-12-06,obecność,86
3TM5,2021-12-07,obecność,141
3TM5,2021-12-08,obecność,146
3TM5,2021-12-09,obecność,59
3TM5,2021-12-10,obecność,135
3TM5,2021-12-13,obecność,99
3TM5,2021-12-14,obecność,155
3TM5,2021-12-15,obecność,131
3TM5,2021-12-16,obecność,44
3TM5,2021-12-17,obecność,127
3TM5,2021-12-20,nauka zdalna,98
3TM5,2021-12-21,nauka zdalna,159
3TM5,2021-12-22,nauka zdalna,144
3TM5,2022-01-03,nauka zdalna,144
3TM5,2022-01-04,nauka zdalna,146
3TM5,2022-01-05,nauka zdalna,170
3TM5,2022-01-10,nieob. uspraw.,7
3TM5,2022-01-11,nieob. uspraw.,17
3TM5,2022-01-12,nieob. uspraw.,32
3TM5,2022-01-13,nieob. uspraw.,4
3TM5,2022-01-14,nieob. uspraw.,32
3TM5,2022-01-17,obecność,137
3TM5,2022-01-18,obecność,125
3TM5,2022-01-19,obecność,143
3TM5,2022-01-19,nieob. uspraw.,30
3TM5,2022-01-20,obecność,26
3TM5,2022-01-21,obecność,123
3TM5,2022-01-24,obecność,93
3TM5,2022-01-25,obecność,97
3TM5,2022-01-26,nieob. uspraw.,64
3TM5,2022-01-27,nauka zdalna,35
3TM5,2022-01-28,nauka zdalna,125
3TM5,2022-02-14,nauka zdalna,148
3TM5,2022-02-15,nauka zdalna,145
3TM5,2022-02-16,nauka zdalna,143
3TM5,2022-02-17,nauka zdalna,54
3TM5,2022-02-18,nauka zdalna,153
3TM5,2022-02-21,obecność,96
3TM5,2022-02-22,obecność,80
3TM5,2022-02-23,obecność,125
3TM5,2022-02-24,obecność,59
3TM5,2022-02-25,nieob. uspraw.,65
3TM5,2022-02-28,obecność,138
3TM5,2022-03-01,obecność,131
3TM5,2022-03-02,obecność,143
3TM5,2022-03-03,obecność,52
3TM5,2022-03-04,nieob. uspraw.,68
3TM5,2022-03-07,obecność,106
3TM5,2022-03-08,obecność,119
3TM5,2022-03-09,obecność,120
3TM5,2022-03-09,nieob. uspr. p.s.,6
3TM5,2022-03-10,obecność,40
3TM5,2022-03-11,obecność,128
3TM5,2022-03-14,nieob. uspraw.,26
3TM5,2022-03-15,obecność,125
3TM5,2022-03-15,nieob. uspraw.,29
3TM5,2022-03-16,obecność,105
3TM5,2022-03-17,obecność,49
3TM5,2022-03-18,obecność,138
3TM5,2022-03-21,nieob. uspraw.,76
3TM5,2022-03-22,obecność,111
3TM5,2022-03-23,obecność,113
3TM5,2022-03-24,obecność,49
3TM5,2022-03-25,obecność,128
3TM5,2022-03-28,obecność,108
3TM5,2022-03-29,obecność,155
3TM5,2022-03-30,obecność,136
3TM5,2022-03-31,obecność,59
3TM5,2022-04-01,nieob. uspraw.,34
3TM5,2022-04-04,obecność,102
3TM5,2022-04-05,obecność,121
3TM5,2022-04-06,obecność,138
3TM5,2022-04-07,obecność,159
3TM5,2022-04-08,obecność,139
3TM5,2022-04-11,obecność,114
3TM5,2022-04-12,obecność,126
3TM5,2022-04-13,obecność,107
3TM5,2022-04-20,nieob. uspraw.,42
3TM5,2022-04-21,nieob. uspraw.,27
3TM5,2022-04-22,nieob. uspraw.,37
3TM5,2022-04-25,obecność,135
3TM5,2022-04-26,obecność,132
3TM5,2022-04-27,obecność,127
3TM5,2022-04-28,obecność,38
3TM5,2022-04-29,obecność,123
3TM5,2022-05-16,obecność,123
3TM5,2022-05-17,obecność,149
3TM5,2022-05-18,obecność,128
3TM5,2022-05-19,obecność,55
3TM5,2022-05-20,obecność,122
3TM5,2022-05-20,spóźnienie,7
3TM5,2022-05-23,obecność,116
3TM5,2022-05-24,obecność,139
3TM5,2022-05-25,obecność,138
3TM5,2022-05-26,obecność,52
3TM5,2022-05-27,obecność,116
3TM5,2022-05-30,nieob. uspraw.,49
3TM5,2022-05-31,nieob. uspraw.,37
3TM5,2022-06-01,nieob. uspraw.,53
3TM5,2022-06-02,nieob. uspraw.,18
3TM5,2022-06-03,obecność,107
3TM5,2022-06-06,obecność,91
3TM5,2022-06-07,obecność,138
3TM5,2022-06-08,obecność,107
3TM5,2022-06-08,spóźnienie,4
3TM5,2022-06-10,obecność,93
3TM5,2022-06-13,nieob. uspraw.,105
3TM5,2022-06-14,nieob. uspraw.,66
3TM5,2022-06-15,nieob. uspraw.,141
3TM5,2022-06-20,nieob. uspraw.,62
3TM5,2022-06-21,nieob. uspraw.,42
3TM5,2022-06-22,nieobecność,127
3TM5,2022-06-23,nieobecność,60
3TM5,2022-06-24,obecność,176
3TM5,2021-09-09,obecność,48
3TM5,2021-09-16,obecność,50
3TM5,2021-09-17,nieob. uspraw.,27
3TM5,2021-09-20,nieob. uspraw.,43
3TM5,2021-09-21,nieob. uspraw.,78
3TM5,2021-09-22,nieob. uspraw.,66
3TM5,2021-09-23,nieob. uspraw.,20
3TM5,2021-09-24,nieob. uspraw.,63
3TM5,2021-09-27,obecność,75
3TM5,2021-09-28,obecność,126
3TM5,2021-10-05,nieob. uspraw.,13
3TM5,2021-10-08,nieob. uspraw.,39
3TM5,2021-10-13,nieob. uspraw.,52
3TM5,2021-10-21,nieob. uspraw.,8
3TM5,2021-10-22,nieob. uspraw.,49
3TM5,2021-10-25,nieob. uspraw.,23
3TM5,2021-10-27,nieob. uspraw.,42
3TM5,2021-11-02,nieob. uspraw.,21
3TM5,2021-11-04,nieob. uspraw.,59
3TM5,2021-11-05,nieob. uspraw.,53
3TM5,2021-11-08,spóźn. uspr.,5
3TM5,2021-11-16,nieob. uspraw.,5
3TM5,2021-11-18,nieob. uspraw.,12
3TM5,2021-11-22,nieob. uspraw.,36
3TM5,2021-11-25,nieob. uspraw.,21
3TM5,2021-11-26,spóźn. uspr.,1
3TM5,2021-11-29,nieob. uspraw.,15
3TM5,2021-12-03,nieob. uspraw.,51
3TM5,2021-12-06,nieob. uspraw.,45
3TM5,2021-12-07,nieob. uspraw.,32
3TM5,2021-12-08,nieob. uspraw.,27
3TM5,2021-12-09,nieob. uspraw.,7
3TM5,2021-12-10,nieob. uspraw.,41
3TM5,2021-12-16,nieob. uspraw.,22
3TM5,2021-12-20,nieob. uspraw.,11
3TM5,2021-12-22,spóźn. uspr.,2
3TM5,2022-01-04,spóźn. uspr.,1
3TM5,2022-01-05,nieob. uspraw.,6
3TM5,2022-01-10,obecność,147
3TM5,2022-01-12,obecność,143
3TM5,2022-01-13,obecność,40
3TM5,2022-01-14,obecność,143
3TM5,2022-01-20,nieob. uspraw.,13
3TM5,2022-01-24,nieob. uspraw.,37
3TM5,2022-01-25,spóźn. uspr.,2
3TM5,2022-02-17,nieob. uspraw.,11
3TM5,2022-02-17,spóźn. uspr.,1
3TM5,2022-03-04,obecność,107
3TM5,2022-03-07,nieob. uspraw.,47
3TM5,2022-03-10,nieob. uspraw.,25
3TM5,2022-03-11,nieob. uspraw.,40
3TM5,2022-03-14,obecność,126
3TM5,2022-03-16,nieob. uspraw.,40
3TM5,2022-03-18,nieob. uspr. p.s.,2
3TM5,2022-03-18,nieob. uspraw.,35
3TM5,2022-03-22,nieob. uspraw.,65
3TM5,2022-03-28,nieob. uspraw.,24
3TM5,2022-04-01,obecność,98
3TM5,2022-04-05,nieob. uspraw.,25
3TM5,2022-04-08,nieob. uspraw.,36
3TM5,2022-04-12,nieob. uspraw.,26
3TM5,2022-04-20,obecność,133
3TM5,2022-04-21,obecność,39
3TM5,2022-04-22,obecność,126
3TM5,2022-04-26,nieob. uspraw.,10
3TM5,2022-04-27,nieob. uspraw.,26
3TM5,2022-04-28,nieob. uspraw.,18
3TM5,2022-05-17,spóźn. uspr.,4
3TM5,2022-05-20,spóźn. uspr.,3
3TM5,2022-05-24,nieob. uspraw.,36
3TM5,2022-05-31,obecność,117
3TM5,2022-06-02,obecność,46
3TM5,2022-06-08,nieob. uspraw.,43
3TM5,2022-06-10,nieobecność,18
3TM5,2022-06-22,nieob. uspraw.,40
3TM5,2021-09-22,zwolniony,6
3TM5,2021-09-29,obecność,122
3TM5,2021-09-30,obecność,38
3TM5,2021-10-01,obecność,122
3TM5,2021-10-05,nieobecność,2
3TM5,2021-11-26,nieob. uspraw.,41
3TM5,2021-12-01,nieob. uspraw.,21
3TM5,2022-01-11,obecność,150
3TM5,2022-01-21,nieob. uspraw.,24
3TM5,2022-01-26,obecność,67
3TM5,2022-02-16,nieob. uspraw.,32
3TM5,2022-02-21,nieob. uspraw.,58
3TM5,2022-02-22,nieob. uspraw.,29
3TM5,2022-02-25,obecność,110
3TM5,2022-03-02,zwolniony,3
3TM5,2022-03-08,spóźnienie,5
3TM5,2022-03-21,obecność,31
3TM5,2022-03-21,nieob. uspr. p.s.,25
3TM5,2022-03-24,nieob. uspraw.,16
3TM5,2022-04-26,nieob. uspr. p.s.,12
3TM5,2022-04-27,nieob. uspr. p.s.,22
3TM5,2022-05-30,spóźnienie,1
3TM5,2022-05-30,obecność,103
3TM5,2022-06-01,obecność,118
3TM5,2022-06-06,nieob. uspraw.,19
3TM5,2022-06-08,zwolniony,3
3TM5,2022-06-13,obecność,34
3TM5,2022-06-13,zwolniony,1
3TM5,2022-06-15,obecność,34
3TM5,2022-06-20,obecność,14
3TM5,2022-06-21,nieobecność,105
3TM5,2021-09-24,nieob. uspr. p.s.,48
3TM5,2021-10-05,nieob. uspr. p.s.,3
3TM5,2021-11-15,nieob. uspr. p.s.,1
3TM5,2021-11-16,spóźn. uspr.,2
3TM5,2021-11-22,spóźnienie,1
3TM5,2021-12-21,spóźnienie,1
3TM5,2022-02-23,nieob. uspr. p.s.,6
3TM5,2022-03-08,nieob. uspr. p.s.,3
3TM5,2022-03-11,nieob. uspr. p.s.,8
3TM5,2022-03-16,nieob. uspr. p.s.,7
3TM5,2022-03-17,nieob. uspr. p.s.,3
3TM5,2022-03-29,nieob. uspr. p.s.,1
3TM5,2022-04-05,nieob. uspr. p.s.,28
3TM5,2022-04-29,nieob. uspr. p.s.,9
3TM5,2022-04-29,spóźn. uspr.,2
3TM5,2022-06-14,obecność,38
3TM5,2022-06-21,obecność,7
3TM5,2022-06-22,obecność,9
3TM5,2022-06-23,obecność,3
3TM5,2021-09-13,nieob. uspraw.,1
3TM5,2021-09-15,nieob. uspraw.,16
3TM5,2021-09-17,zwolniony,2
3TM5,2021-09-23,nieobecność,3
3TM5,2021-10-04,nieob. uspraw.,20
3TM5,2021-10-18,spóźnienie,1
3TM5,2021-10-20,nieob. uspraw.,15
3TM5,2021-10-26,nieob. uspraw.,22
3TM5,2021-10-28,nieob. uspraw.,12
3TM5,2021-10-29,nieob. uspraw.,48
3TM5,2021-11-08,nieob. uspr. p.s.,12
3TM5,2021-11-10,nieob. uspraw.,31
3TM5,2021-11-23,nieob. uspraw.,24
3TM5,2021-11-24,zwolniony,2
3TM5,2021-12-15,nieob. uspraw.,45
3TM5,2021-12-17,nieob. uspraw.,39
3TM5,2022-01-18,nieob. uspraw.,29
3TM5,2022-01-25,nieob. uspraw.,55
3TM5,2022-02-24,nieob. uspraw.,6
3TM5,2022-02-28,nieob. uspraw.,9
3TM5,2022-03-01,nieob. uspraw.,22
3TM5,2022-03-02,nieob. uspraw.,28
3TM5,2022-03-08,nieob. uspraw.,23
3TM5,2022-03-17,nieob. uspraw.,12
3TM5,2022-03-25,nieob. uspraw.,48
3TM5,2022-03-29,nieob. uspraw.,17
3TM5,2022-03-30,nieob. uspraw.,37
3TM5,2022-03-31,nieob. uspraw.,3
3TM5,2022-04-04,nieob. uspraw.,27
3TM5,2022-04-06,nieob. uspraw.,23
3TM5,2022-04-07,nieob. uspraw.,16
3TM5,2022-04-11,nieob. uspraw.,12
3TM5,2022-04-13,nieob. uspraw.,28
3TM5,2022-05-26,nieob. uspraw.,13
3TM5,2022-06-03,nieob. uspraw.,46
3TM5,2022-06-07,nieob. uspraw.,14
3TM5,2022-06-10,nieob. uspraw.,61
3TM5,2021-09-24,nieobecność,2
3TM5,2021-10-08,nieobecność,1
3TM5,2021-10-18,nieob. uspraw.,30
3TM5,2021-10-19,nieob. uspraw.,8
3TM5,2021-11-10,spóźn. uspr.,2
3TM5,2021-11-22,spóźn. uspr.,1
3TM5,2021-11-29,nieobecność,2
3TM5,2021-12-06,nieobecność,1
3TM5,2021-12-14,nieob. uspraw.,21
3TM5,2022-01-19,spóźn. uspr.,1
3TM5,2022-05-19,nieob. uspraw.,11
3TM5,2022-05-20,nieob. uspraw.,44
3TM5,2022-05-27,nieob. uspraw.,56
3TM5,2022-06-02,nieobecność,2
3TM5,2022-06-08,nieobecność,10
3TM5,2022-06-10,spóźnienie,3
3TM5,2022-06-14,nieobecność,2
3TM5,2022-06-14,spóźnienie,3
3TM5,2022-06-20,nieobecność,78
3TM5,2022-01-03,nieob. uspraw.,10
3TM5,2022-03-09,spóźnienie,3
3TM5,2022-03-30,nieob. uspr. p.s.,2
3TM5,2022-04-06,nieob. uspr. p.s.,3
3TM5,2022-04-28,nieob. uspr. p.s.,9
3TM5,2022-05-16,nieob. uspraw.,28
3TM5,2022-05-17,nieob. uspraw.,20
3TM5,2022-05-18,nieob. uspraw.,26
3TM5,2022-05-23,nieob. uspraw.,38
3TM5,2022-05-27,nieob. uspr. p.s.,4
3TM5,2022-06-03,nieobecność,1
3TM5,2021-09-03,spóźnienie,4
3TM5,2021-10-13,nieob. uspr. p.s.,3
3TM5,2021-11-10,nieob. uspr. p.s.,6
3TM5,2021-11-15,nieob. uspraw.,24
3TM5,2021-11-17,nieob. uspraw.,14
3TM5,2021-11-19,nieob. uspraw.,21
3TM5,2021-11-24,nieob. uspraw.,27
3TM5,2021-11-30,nieob. uspraw.,26
3TM5,2021-12-02,nieob. uspraw.,11
3TM5,2022-01-11,spóźnienie,3
3TM5,2022-01-20,nieobecność,5
3TM5,2022-03-09,nieob. uspraw.,22
3TM5,2022-03-18,zwolniony,1
3TM5,2022-03-29,nieobecność,2
3TM5,2022-04-04,nieobecność,3
3TM5,2022-04-12,nieob. uspr. p.s.,1
3TM5,2022-04-13,nieob. uspr. p.s.,12
3TM5,2022-04-22,nieob. uspr. p.s.,13
3TM5,2022-04-25,nieob. uspr. p.s.,4
3TM5,2022-05-17,spóźnienie,3
3TM5,2022-06-01,nieob. uspr. p.s.,3
3TM5,2022-06-08,nieob. uspr. p.s.,4
3TM5,2021-09-02,nieob. uspraw.,3
3TM5,2021-09-07,nieob. uspraw.,10
3TM5,2021-11-03,nieob. uspraw.,33
3TM5,2021-12-17,spóźn. uspr.,1
3TM5,2022-01-11,spóźn. uspr.,4
3TM5,2022-01-27,nieob. uspraw.,9
3TM5,2022-01-28,nieob. uspraw.,28
3TM5,2022-02-18,nieob. uspraw.,23
3TM5,2022-02-25,nieobecność,1
3TM5,2022-03-03,nieob. uspraw.,11
3TM5,2022-03-09,spóźn. uspr.,3
3TM5,2022-04-25,nieobecność,1
3TM5,2022-04-29,nieob. uspraw.,38
3TM5,2022-05-25,nieob. uspraw.,16
3TM5,2022-06-08,spóźn. uspr.,5
3TM5,2021-11-08,nieob. uspraw.,24
3TM5,2021-11-09,nieob. uspraw.,30
3TM5,2022-02-23,nieob. uspraw.,21
3TM5,2022-03-23,nieob. uspraw.,61
3TM5,2022-04-25,nieob. uspraw.,14
3TM5,2021-09-03,nieobecność,1
3TM5,2021-09-06,nieobecność,2
3TM5,2021-09-06,spóźnienie,2
3TM5,2021-09-08,nieob. uspraw.,26
3TM5,2021-09-14,nieobecność,1
3TM5,2021-09-22,nieobecność,2
3TM5,2021-09-29,spóźnienie,3
3TM5,2021-09-30,spóźnienie,7
3TM5,2021-10-11,nieob. uspraw.,13
3TM5,2021-10-12,nieob. uspraw.,16
3TM5,2021-10-18,nieobecność,2
3TM5,2021-10-20,nieobecność,1
3TM5,2021-10-20,spóźnienie,1
3TM5,2021-11-08,spóźnienie,3
3TM5,2021-11-10,zwolniony,3
3TM5,2021-11-16,nieobecność,3
3TM5,2021-11-22,nieobecność,1
3TM5,2021-12-01,nieobecność,1
3TM5,2021-12-08,nieobecność,2
3TM5,2021-12-13,nieob. uspraw.,11
3TM5,2021-12-21,nieob. uspraw.,15
3TM5,2021-12-22,nieobecność,3
3TM5,2022-01-11,nieobecność,2
3TM5,2022-01-17,nieobecność,2
3TM5,2022-01-19,nieobecność,1
3TM5,2022-01-24,nieobecność,1
3TM5,2022-02-22,nieobecność,1
3TM5,2022-03-16,spóźnienie,1
3TM5,2022-03-24,nieobecność,1
3TM5,2022-03-30,nieobecność,1
3TM5,2022-03-31,nieobecność,1
3TM5,2022-04-06,zwolniony,10
3TM5,2022-04-11,nieobecność,1
3TM5,2022-04-11,spóźnienie,1
3TM5,2022-04-29,nieobecność,4
3TM5,2022-05-24,nieobecność,1
3TM5,2021-09-06,spóźn. uspr.,2
3TM5,2021-09-14,zwolniony,4
3TM5,2021-10-07,nieob. uspraw.,6
3TM5,2021-11-24,nieob. uspr. p.s.,2
3TM5,2022-01-17,nieob. uspraw.,15
3TM5,2022-02-28,nieob. uspr. p.s.,7
3TM5,2021-09-07,nieob. uspr. p.s.,3
3TM5,2021-09-29,nieob. uspr. p.s.,3
3TM5,2021-11-04,nieob. uspr. p.s.,4
3TM5,2021-11-04,nieobecność,1
3TM5,2021-11-18,nieobecność,1
3TM5,2021-12-07,nieobecność,3
3TM5,2022-01-28,nieobecność,1
3TM5,2022-02-15,spóźnienie,2
3TM5,2022-03-03,nieobecność,3
3TM5,2022-03-07,spóźn. uspr.,1
3TM5,2022-04-06,spóźn. uspr.,2
3TM5,2022-05-16,nieobecność,3
3TM5,2022-05-26,nieob. uspr. p.s.,1
3TM5,2022-06-01,zwolniony,2
3TM5,2022-06-13,spóźnienie,2
3TM5,2022-06-13,nieobecność,1
3TM5,2022-06-15,nieobecność,1
3TM5,2021-09-14,nieob. uspraw.,10
3TM5,2021-12-17,nieob. uspr. p.s.,7
3TM5,2022-01-26,zwolniony,1
3TM5,2022-06-23,nieob. uspraw.,3
3TM5,2021-10-13,zwolniony,1
3TM5,2021-11-02,nieobecność,1
3TM5,2021-12-21,nieobecność,1
3TM5,2022-03-29,zwolniony,1
3TM5,2022-04-08,spóźnienie,1
3TM5,2022-06-13,nieob. uspr. p.s.,32
3TM5,2021-09-06,nieob. uspraw.,1
3TM5,2021-09-15,zwolniony,1
3TM5,2021-09-30,spóźn. uspr.,3
3TM5,2021-10-25,nieobecność,1
3TM5,2021-10-27,zwolniony,1
3TM5,2021-11-26,nieobecność,1
3TM5,2021-12-08,zwolniony,1
3TM5,2021-12-22,nieob. uspraw.,5
3TM5,2022-01-04,nieob. uspraw.,28
3TM5,2022-01-12,zwolniony,1
3TM5,2022-01-14,nieobecność,1
3TM5,2022-01-21,nieobecność,7
3TM5,2022-02-14,nieob. uspraw.,6
3TM5,2022-02-16,nieobecność,1
3TM5,2022-02-23,nieobecność,2
3TM5,2022-03-01,nieobecność,1
3TM5,2022-03-08,nieobecność,2
3TM5,2022-03-10,nieobecność,1
3TM5,2022-03-23,nieobecność,1
3TM5,2022-04-05,zwolniony,2
3TM5,2021-10-13,nieobecność,1
3TM5,2021-10-25,spóźnienie,1
3TM5,2022-01-04,nieobecność,1
3TM5,2022-01-24,spóźnienie,1
3TM5,2022-04-28,nieobecność,1
3TM5,2021-11-03,zwolniony,1
3TM5,2022-03-31,nieob. uspr. p.s.,3
3TM5,2022-05-30,spóźn. uspr.,1
3TM5,2022-03-08,zwolniony,1
3TM5,2022-03-17,spóźnienie,1
3TM5,2022-06-07,zwolniony,2
3TM5,2021-12-17,nieobecność,2
3TM5,2021-12-20,nieobecność,1
3TM5,2022-06-10,spóźn. uspr.,1
3TM5,2021-09-03,nieob. uspraw.,8
3TM5,2021-10-01,nieobecność,2
3TM5,2021-10-01,spóźnienie,1
3TM5,2021-10-05,spóźn. uspr.,1
3TM5,2021-10-06,nieob. uspraw.,7
3TM5,2021-10-11,spóźnienie,1
3TM5,2021-10-20,spóźn. uspr.,1
3TM5,2021-10-28,nieobecność,1
3TM5,2021-11-15,nieobecność,1
3TM5,2021-11-29,spóźnienie,1
3TM5,2021-12-01,spóźnienie,1
3TM5,2021-12-03,nieobecność,2
3TM5,2022-01-19,spóźnienie,1
3TM5,2022-02-15,nieob. uspraw.,7
3TM5,2022-02-24,spóźnienie,1
3TM5,2022-03-02,spóźn. uspr.,2
3TM5,2022-03-04,nieobecność,1
3TM5,2022-03-08,spóźn. uspr.,1
3TM5,2022-03-14,spóźn. uspr.,2
3TM5,2022-03-16,spóźn. uspr.,1
3TM5,2022-03-17,spóźn. uspr.,1
3TM5,2022-03-23,spóźn. uspr.,1
3TM5,2022-04-07,spóźn. uspr.,1
3TM5,2022-04-12,spóźn. uspr.,1
3TM5,2022-04-20,spóźn. uspr.,1
3TM5,2022-04-27,spóźn. uspr.,1
3TM5,2022-06-13,spóźn. uspr.,1
3TM5,2022-06-14,spóźn. uspr.,1
3TM5,2021-10-26,nieobecność,1
3TM5,2022-04-11,nieob. uspr. p.s.,4
3TM5,2022-04-13,nieobecność,7
1M,2021-09-01,obecność,120
1M,2021-09-02,obecność,86
1M,2021-09-03,obecność,65
1M,2021-09-03,spóźnienie,10
1M,2021-09-06,obecność,89
1M,2021-09-06,nieob. uspraw.,1
1M,2021-09-07,obecność,90
1M,2021-09-08,obecność,120
1M,2021-09-09,obecność,57
1M,2021-09-09,nieobecność,4
1M,2021-09-13,obecność,105
1M,2021-09-14,obecność,80
1M,2021-09-14,nieobecność,8
1M,2021-09-15,obecność,94
1M,2021-09-15,zwolniony,2
1M,2021-09-16,obecność,84
1M,2021-09-17,obecność,70
1M,2021-09-20,obecność,96
1M,2021-09-21,obecność,79
1M,2021-09-22,obecność,104
1M,2021-09-23,obecność,87
1M,2021-09-23,nieobecność,11
1M,2021-09-24,nieob. uspr. p.s.,35
1M,2021-09-27,obecność,83
1M,2021-09-27,spóźnienie,10
1M,2021-09-27,nieobecność,10
1M,2021-09-28,obecność,73
1M,2021-09-28,spóźnienie,3
1M,2021-09-29,obecność,96
1M,2021-09-30,obecność,90
1M,2021-09-30,nieobecność,15
1M,2021-10-01,obecność,66
1M,2021-10-04,obecność,62
1M,2021-10-05,obecność,82
1M,2021-10-05,spóźnienie,7
1M,2021-10-06,obecność,118
1M,2021-10-07,obecność,87
1M,2021-10-08,obecność,40
1M,2021-10-08,nieobecność,9
1M,2021-10-11,nieob. uspraw.,5
1M,2021-10-12,obecność,87
1M,2021-10-13,obecność,94
1M,2021-10-15,nieob. uspraw.,32
1M,2021-10-18,obecność,105
1M,2021-10-19,obecność,73
1M,2021-10-19,spóźnienie,8
1M,2021-10-20,obecność,105
1M,2021-10-20,zwolniony,7
1M,2021-10-21,obecność,70
1M,2021-10-22,nieobecność,13
1M,2021-10-22,obecność,57
1M,2021-10-25,obecność,76
1M,2021-10-26,obecność,63
1M,2021-10-27,obecność,83
1M,2021-10-27,nieobecność,9
1M,2021-10-28,nieobecność,17
1M,2021-10-28,obecność,53
1M,2021-10-29,obecność,45
1M,2021-11-02,obecność,72
1M,2021-11-02,spóźnienie,6
1M,2021-11-03,obecność,96
1M,2021-11-04,obecność,85
1M,2021-11-04,spóźnienie,5
1M,2021-11-05,obecność,60
1M,2021-11-08,obecność,97
1M,2021-11-09,obecność,80
1M,2021-11-10,obecność,76
1M,2021-11-10,nieobecność,18
1M,2021-11-15,obecność,62
1M,2021-11-16,obecność,67
1M,2021-11-16,nieobecność,2
1M,2021-11-17,nieobecność,9
1M,2021-11-18,obecność,60
1M,2021-11-19,obecność,38
1M,2021-11-22,nauka zdalna,97
1M,2021-11-22,nieobecność,7
1M,2021-11-23,nauka zdalna,57
1M,2021-11-23,nieobecność,14
1M,2021-11-24,nauka zdalna,120
1M,2021-11-25,nieobecność,12
1M,2021-11-25,nauka zdalna,74
1M,2021-11-26,nauka zdalna,43
1M,2021-11-26,nieobecność,12
1M,2021-11-29,nieobecność,13
1M,2021-11-30,obecność,72
1M,2021-12-01,spóźnienie,11
1M,2021-12-01,obecność,90
1M,2021-12-02,spóźnienie,8
1M,2021-12-02,obecność,82
1M,2021-12-02,nieobecność,5
1M,2021-12-03,nieob. uspraw.,15
1M,2021-12-06,obecność,90
1M,2021-12-07,obecność,75
1M,2021-12-08,obecność,88
1M,2021-12-09,nieob. uspraw.,20
1M,2021-12-10,nieobecność,7
1M,2021-12-10,obecność,57
1M,2021-12-13,obecność,90
1M,2021-12-13,nieobecność,1
1M,2021-12-14,obecność,64
1M,2021-12-15,obecność,98
1M,2021-12-16,nieobecność,18
1M,2021-12-17,obecność,40
1M,2021-12-20,nieobecność,12
1M,2021-12-20,nauka zdalna,31
1M,2021-12-21,nieobecność,27
1M,2021-12-22,nieobecność,9
1M,2021-12-22,obecność,110
1M,2022-01-03,nieobecność,13
1M,2022-01-04,nieobecność,38
1M,2022-01-04,nauka zdalna,65
1M,2022-01-05,nauka zdalna,120
1M,2022-01-10,nieobecność,7
1M,2022-01-11,obecność,71
1M,2022-01-12,obecność,96
1M,2022-01-12,nieobecność,6
1M,2022-01-13,obecność,85
1M,2022-01-14,obecność,65
1M,2022-01-17,obecność,63
1M,2022-01-17,nieobecność,2
1M,2022-01-18,nieob. uspraw.,15
1M,2022-01-19,nieob. uspraw.,24
1M,2022-01-20,nieob. uspraw.,14
1M,2022-01-21,nieob. uspraw.,15
1M,2022-01-24,nieob. uspraw.,20
1M,2022-01-25,nieob. uspraw.,24
1M,2022-01-26,nieob. uspraw.,48
1M,2022-01-27,nieob. uspraw.,14
1M,2022-01-28,nieob. uspraw.,20
1M,2022-02-14,nieobecność,19
1M,2022-02-15,nieobecność,20
1M,2022-02-15,nauka zdalna,67
1M,2022-02-16,obecność,72
1M,2022-02-17,nieobecność,21
1M,2022-02-17,nauka zdalna,76
1M,2022-02-18,nauka zdalna,50
1M,2022-02-18,nieobecność,20
1M,2022-02-21,nieob. uspraw.,20
1M,2022-02-22,obecność,95
1M,2022-02-22,spóźnienie,2
1M,2022-02-22,nieob. uspraw.,8
1M,2022-02-23,obecność,100
1M,2022-02-23,nieobecność,14
1M,2022-02-24,obecność,87
1M,2022-02-25,obecność,60
1M,2022-02-28,obecność,62
1M,2022-02-28,nieobecność,6
1M,2022-03-01,nieob. uspraw.,8
1M,2022-03-02,obecność,112
1M,2022-03-03,obecność,89
1M,2022-03-04,obecność,37
1M,2022-03-07,obecność,57
1M,2022-03-08,obecność,91
1M,2022-03-08,nieob. uspraw.,9
1M,2022-03-09,obecność,112
1M,2022-03-10,obecność,105
1M,2022-03-11,obecność,45
1M,2022-03-14,obecność,58
1M,2022-03-15,obecność,92
1M,2022-03-16,obecność,103
1M,2022-03-16,nieobecność,9
1M,2022-03-17,obecność,100
1M,2022-03-18,nieob. uspraw.,20
1M,2022-03-21,nieob. uspraw.,20
1M,2022-03-22,obecność,99
1M,2022-03-23,obecność,108
1M,2022-03-24,obecność,90
1M,2022-03-25,obecność,88
1M,2022-03-28,obecność,67
1M,2022-03-29,obecność,79
1M,2022-03-29,nieobecność,4
1M,2022-03-30,obecność,116
1M,2022-03-31,obecność,88
1M,2022-04-01,obecność,77
1M,2022-04-04,nieobecność,12
1M,2022-04-05,obecność,85
1M,2022-04-05,nieobecność,9
1M,2022-04-06,obecność,110
1M,2022-04-06,nieobecność,18
1M,2022-04-07,obecność,75
1M,2022-04-08,obecność,77
1M,2022-04-11,obecność,56
1M,2022-04-11,nieobecność,7
1M,2022-04-12,obecność,82
1M,2022-04-12,nieobecność,2
1M,2022-04-13,nieobecność,16
1M,2022-04-20,obecność,95
1M,2022-04-20,nieobecność,22
1M,2022-04-21,obecność,99
1M,2022-04-22,obecność,65
1M,2022-04-25,obecność,63
1M,2022-04-25,spóźnienie,3
1M,2022-04-26,obecność,82
1M,2022-04-26,nieobecność,9
1M,2022-04-27,obecność,122
1M,2022-04-28,obecność,80
1M,2022-04-28,nieobecność,17
1M,2022-04-29,obecność,39
1M,2022-05-04,nieob. uspraw.,32
1M,2022-05-05,obecność,73
1M,2022-05-06,obecność,61
1M,2022-05-09,nieob. uspraw.,31
1M,2022-05-10,obecność,66
1M,2022-05-11,nieob. uspraw.,24
1M,2022-05-12,obecność,65
1M,2022-05-12,nieobecność,8
1M,2022-05-13,obecność,65
1M,2022-05-13,nieobecność,5
1M,2022-05-16,obecność,68
1M,2022-05-16,nieobecność,3
1M,2022-05-17,obecność,89
1M,2022-05-17,nieobecność,5
1M,2022-05-18,obecność,110
1M,2022-05-19,obecność,84
1M,2022-05-20,nieobecność,13
1M,2022-05-20,obecność,80
1M,2022-05-23,obecność,66
1M,2022-05-23,nieobecność,10
1M,2022-05-24,obecność,75
1M,2022-05-25,obecność,92
1M,2022-05-25,nieobecność,9
1M,2022-05-26,obecność,72
1M,2022-05-27,obecność,57
1M,2022-05-30,obecność,85
1M,2022-05-31,obecność,82
1M,2022-05-31,nieobecność,18
1M,2022-06-01,nieob. uspraw.,29
1M,2022-06-02,obecność,59
1M,2022-06-02,nieobecność,10
1M,2022-06-03,obecność,68
1M,2022-06-03,nieobecność,16
1M,2022-06-06,nieob. uspraw.,29
1M,2022-06-07,nieob. uspraw.,42
1M,2022-06-08,obecność,66
1M,2022-06-08,zwolniony,12
1M,2022-06-09,obecność,33
1M,2022-06-09,nieobecność,7
1M,2022-06-10,nieob. uspraw.,25
1M,2022-06-13,obecność,55
1M,2022-06-13,nieobecność,16
1M,2022-06-14,nieobecność,27
1M,2022-06-15,obecność,120
1M,2022-06-20,nieobecność,69
1M,2022-06-21,nieobecność,89
1M,2022-06-22,obecność,120
1M,2022-06-23,nieobecność,65
1M,2022-06-24,obecność,78
1M,2021-09-09,nieob. uspraw.,44
1M,2021-10-04,spóźnienie,6
1M,2021-10-08,nieob. uspraw.,20
1M,2021-10-11,obecność,68
1M,2021-10-13,zwolniony,6
1M,2021-10-15,nieobecność,16
1M,2021-10-19,zwolniony,2
1M,2021-10-25,nieob. uspraw.,21
1M,2021-10-29,nieob. uspraw.,30
1M,2021-11-08,spóźnienie,5
1M,2021-11-09,zwolniony,1
1M,2021-11-15,nieob. uspraw.,28
1M,2021-11-16,nieob. uspraw.,20
1M,2021-11-17,obecność,82
1M,2021-11-19,spóźnienie,6
1M,2021-11-29,nauka zdalna,56
1M,2021-12-03,obecność,60
1M,2021-12-07,spóźnienie,8
1M,2021-12-09,obecność,59
1M,2021-12-09,nieobecność,9
1M,2021-12-16,obecność,60
1M,2021-12-20,spóźnienie,1
1M,2021-12-21,nauka zdalna,59
1M,2022-01-03,nauka zdalna,61
1M,2022-01-10,obecność,68
1M,2022-01-18,obecność,79
1M,2022-01-19,obecność,78
1M,2022-01-19,zwolniony,4
1M,2022-01-20,obecność,87
1M,2022-01-21,obecność,34
1M,2022-01-24,obecność,53
1M,2022-01-25,obecność,62
1M,2022-01-26,obecność,72
1M,2022-01-27,nieobecność,27
1M,2022-01-27,nauka zdalna,63
1M,2022-01-28,nauka zdalna,40
1M,2022-02-14,nauka zdalna,52
1M,2022-02-28,spóźnienie,2
1M,2022-03-01,obecność,94
1M,2022-03-01,nieobecność,3
1M,2022-03-07,spóźnienie,2
1M,2022-03-08,nieob. uspr. p.s.,5
1M,2022-03-14,spóźnienie,2
1M,2022-03-15,spóźnienie,3
1M,2022-03-18,obecność,50
1M,2022-03-21,obecność,53
1M,2022-03-22,spóźnienie,7
1M,2022-04-04,obecność,67
1M,2022-04-07,nieob. uspraw.,12
1M,2022-04-08,nieob. uspraw.,12
1M,2022-04-11,spóźnienie,1
1M,2022-04-12,nieob. uspr. p.s.,3
1M,2022-04-13,obecność,88
1M,2022-04-22,spóźnienie,4
1M,2022-04-22,nieob. uspr. p.s.,3
1M,2022-04-25,nieob. uspraw.,10
1M,2022-04-29,nieobecność,9
1M,2022-05-04,obecność,96
1M,2022-05-05,spóźnienie,2
1M,2022-05-05,nieobecność,9
1M,2022-05-11,obecność,90
1M,2022-05-11,spóźnienie,7
1M,2022-05-13,spóźnienie,5
1M,2022-05-24,nieobecność,6
1M,2022-05-25,nieob. uspraw.,26
1M,2022-05-26,nieob. uspraw.,12
1M,2022-05-27,nieob. uspraw.,24
1M,2022-06-01,obecność,88
1M,2022-06-01,nieobecność,11
1M,2022-06-02,spóźnienie,6
1M,2022-06-03,nieob. uspraw.,12
1M,2022-06-10,obecność,51
1M,2022-06-13,nieob. uspraw.,24
1M,2022-06-14,nieob. uspraw.,34
1M,2022-06-15,nieob. uspraw.,8
1M,2022-06-20,nieob. uspraw.,24
1M,2022-06-21,nieob. uspraw.,21
1M,2022-06-22,nieob. uspraw.,8
1M,2022-06-23,nieob. uspraw.,15
1M,2021-09-22,nieob. uspraw.,16
1M,2021-09-24,obecność,18
1M,2021-09-24,spóźn. uspr.,1
1M,2021-10-12,nieob. uspr. p.s.,1
1M,2021-10-13,nieob. uspraw.,16
1M,2021-10-15,obecność,12
1M,2021-10-26,nieob. uspraw.,24
1M,2021-10-27,nieob. uspraw.,24
1M,2021-10-28,nieob. uspraw.,35
1M,2021-12-01,spóźn. uspr.,2
1M,2021-12-06,nieob. uspraw.,14
1M,2021-12-08,nieob. uspraw.,24
1M,2022-01-17,nieob. uspraw.,10
1M,2022-02-21,obecność,52
1M,2022-02-23,nieob. uspraw.,6
1M,2022-04-11,nieob. uspraw.,15
1M,2022-04-13,nieob. uspraw.,24
1M,2022-05-31,nieob. uspr. p.s.,3
1M,2022-06-06,obecność,63
1M,2022-06-08,nieob. uspraw.,32
1M,2022-06-09,nieob. uspraw.,24
1M,2022-06-14,obecność,34
1M,2021-10-07,nieob. uspraw.,9
1M,2021-11-04,nieob. uspraw.,14
1M,2021-11-05,nieob. uspraw.,10
1M,2021-11-29,nieob. uspraw.,21
1M,2021-11-30,nieob. uspraw.,18
1M,2021-12-01,nieob. uspraw.,8
1M,2021-12-02,nieob. uspraw.,9
1M,2021-12-07,nieob. uspraw.,6
1M,2021-12-10,nieob. uspraw.,11
1M,2021-12-13,nieob. uspraw.,14
1M,2021-12-14,nieob. uspraw.,11
1M,2021-12-15,nieob. uspraw.,16
1M,2021-12-16,nieob. uspraw.,12
1M,2021-12-17,nieob. uspraw.,25
1M,2022-02-15,nieob. uspraw.,18
1M,2022-02-16,nieob. uspraw.,24
1M,2022-03-14,nieob. uspraw.,15
1M,2022-03-29,nieob. uspraw.,25
1M,2022-04-12,nieob. uspraw.,21
1M,2022-05-09,obecność,31
1M,2022-05-13,nieob. uspraw.,5
1M,2022-06-07,obecność,34
1M,2022-06-07,nieobecność,19
1M,2021-09-20,nieob. uspraw.,7
1M,2021-09-21,nieob. uspraw.,6
1M,2021-09-23,nieob. uspraw.,7
1M,2021-09-24,spóźnienie,1
1M,2021-10-07,zwolniony,2
1M,2021-11-17,zwolniony,13
1M,2021-11-25,nieob. uspraw.,3
1M,2022-01-18,spóźnienie,4
1M,2022-03-04,nieob. uspraw.,23
1M,2022-03-11,nieob. uspraw.,12
1M,2022-04-21,nieob. uspraw.,7
1M,2022-04-22,nieob. uspraw.,5
1M,2022-05-23,nieob. uspraw.,18
1M,2022-05-24,nieob. uspraw.,12
1M,2022-06-20,obecność,2
1M,2022-04-07,spóźnienie,2
1M,2022-04-26,nieob. uspraw.,20
1M,2022-04-27,nieob. uspraw.,6
1M,2022-04-28,nieob. uspraw.,15
1M,2022-04-29,nieob. uspraw.,16
1M,2022-05-27,spóźnienie,3
1M,2022-06-08,nieobecność,18
1M,2021-10-07,nieobecność,7
1M,2021-11-17,nieob. uspraw.,16
1M,2021-11-18,nieob. uspraw.,15
1M,2021-11-19,nieob. uspraw.,20
1M,2021-11-23,spóźnienie,4
1M,2021-12-17,nieobecność,10
1M,2022-03-03,nieob. uspraw.,14
1M,2021-10-08,spóźnienie,5
1M,2021-10-26,spóźnienie,2
1M,2021-10-27,zwolniony,4
1M,2021-11-10,nieob. uspraw.,26
1M,2021-12-20,nieob. uspraw.,1
1M,2022-01-03,nieob. uspraw.,1
1M,2022-01-13,spóźnienie,3
1M,2022-03-02,nieob. uspraw.,8
1M,2022-03-29,spóźnienie,3
1M,2022-05-16,nieob. uspraw.,24
1M,2022-05-31,spóźnienie,5
1M,2021-09-24,nieob. uspraw.,5
1M,2021-09-28,nieobecność,13
1M,2021-10-19,nieob. uspraw.,7
1M,2021-11-02,nieob. uspraw.,12
1M,2022-02-17,nieob. uspraw.,6
1M,2022-02-25,nieob. uspraw.,15
1M,2022-03-25,nieob. uspraw.,7
1M,2022-04-05,nieob. uspraw.,17
1M,2022-05-05,nieob. uspraw.,12
1M,2022-05-06,nieob. uspraw.,15
1M,2022-05-20,nieob. uspraw.,2
1M,2021-09-02,spóźnienie,4
1M,2021-09-14,zwolniony,2
1M,2021-09-15,nieob. uspraw.,12
1M,2021-09-16,nieob. uspraw.,14
1M,2021-09-27,zwolniony,2
1M,2021-10-06,nieobecność,1
1M,2021-10-12,nieobecność,2
1M,2021-11-03,nieob. uspraw.,8
1M,2021-11-08,nieobecność,3
1M,2021-11-15,nieobecność,14
1M,2021-11-19,nieobecność,11
1M,2021-11-26,spóźnienie,1
1M,2021-12-09,spóźnienie,1
1M,2021-12-15,nieobecność,6
1M,2022-01-12,nieob. uspraw.,18
1M,2022-01-13,nieobecność,14
1M,2022-01-19,nieobecność,14
1M,2022-01-20,spóźnienie,3
1M,2022-01-21,nieobecność,26
1M,2022-01-25,nieobecność,4
1M,2022-01-28,nieobecność,15
1M,2022-02-14,nieob. uspraw.,4
1M,2022-02-17,spóźnienie,2
1M,2022-02-18,nieob. uspraw.,5
1M,2022-02-24,spóźnienie,3
1M,2022-03-03,nieobecność,2
1M,2022-03-07,nieobecność,5
1M,2022-03-11,nieobecność,3
1M,2022-03-15,nieob. uspraw.,10
1M,2022-03-17,nieob. uspraw.,4
1M,2022-03-18,nieobecność,5
1M,2022-03-23,nieobecność,12
1M,2022-03-24,nieob. uspraw.,6
1M,2022-03-28,nieob. uspraw.,10
1M,2022-04-07,nieobecność,7
1M,2022-04-12,spóźnienie,3
1M,2022-04-21,nieobecność,2
1M,2022-04-21,spóźnienie,4
1M,2022-04-22,nieobecność,3
1M,2022-05-06,spóźnienie,2
1M,2022-05-10,spóźnienie,1
1M,2022-05-11,nieobecność,7
1M,2022-05-17,spóźnienie,1
1M,2022-05-18,nieob. uspraw.,8
1M,2022-05-23,spóźnienie,1
1M,2022-05-24,spóźnienie,2
1M,2022-05-26,nieobecność,8
1M,2022-05-26,spóźnienie,4
1M,2022-05-30,nieobecność,2
1M,2022-06-10,nieobecność,4
1M,2022-06-24,nieobecność,18
1M,2021-09-20,spóźnienie,2
1M,2021-09-24,nieobecność,15
1M,2021-09-29,nieobecność,16
1M,2021-10-01,nieobecność,9
1M,2021-11-03,nieobecność,16
1M,2021-11-04,nieobecność,1
1M,2021-12-01,zwolniony,1
1M,2021-12-08,nieobecność,8
1M,2021-12-22,spóźnienie,1
1M,2022-01-18,nieobecność,7
1M,2022-02-21,spóźnienie,3
1M,2022-02-28,nieob. uspraw.,5
1M,2022-03-22,nieobecność,1
1M,2022-03-30,nieobecność,2
1M,2022-04-01,nieob. uspraw.,18
1M,2022-04-20,nieob. uspraw.,11
1M,2022-05-12,nieob. uspraw.,7
1M,2022-05-19,nieob. uspraw.,6
1M,2022-06-02,nieob. uspraw.,5
1M,2021-09-15,nieobecność,12
1M,2021-11-09,nieob. uspraw.,8
1M,2021-12-02,spóźn. uspr.,1
1M,2021-12-09,spóźn. uspr.,1
1M,2021-12-21,nieob. uspraw.,4
1M,2022-01-04,nieob. uspraw.,2
1M,2022-01-11,nieob. uspraw.,12
1M,2022-03-07,nieob. uspraw.,11
1M,2022-03-30,nieob. uspraw.,10
1M,2021-09-17,nieobecność,5
1M,2021-09-21,nieobecność,5
1M,2021-09-29,nieob. uspraw.,8
1M,2021-10-04,nieobecność,1
1M,2021-10-11,nieobecność,2
1M,2021-10-20,nieob. uspraw.,8
1M,2021-10-21,nieob. uspraw.,5
1M,2021-10-22,nieob. uspraw.,5
1M,2021-11-26,nieob. uspraw.,4
1M,2021-12-01,nieobecność,8
1M,2022-01-11,nieobecność,7
1M,2022-01-14,nieobecność,5
1M,2022-01-20,nieobecność,1
1M,2022-02-16,nieobecność,24
1M,2022-03-09,nieob. uspraw.,8
1M,2022-03-17,nieobecność,1
1M,2022-03-23,nieob. uspraw.,8
1M,2022-03-25,nieobecność,1
1M,2022-03-31,nieobecność,2
1M,2022-04-08,nieobecność,7
1M,2022-04-25,nieobecność,3
1M,2022-05-10,nieob. uspraw.,10
1M,2022-05-30,nieob. uspraw.,8
1M,2022-06-06,nieobecność,3
1M,2022-06-21,obecność,1
1M,2021-10-04,nieob. uspraw.,5
1M,2022-01-27,obecność,1
1M,2022-03-28,zwolniony,1
1M,2022-03-31,nieob. uspraw.,6
1M,2022-05-27,nieobecność,12
1M,2021-09-28,zwolniony,1
1M,2021-10-04,spóźn. uspr.,1
1M,2021-10-05,spóźn. uspr.,1
1M,2021-10-06,nieob. uspraw.,1
1M,2021-10-08,spóźn. uspr.,1
1M,2021-10-13,nieobecność,4
1M,2021-10-25,spóźnienie,1
1M,2021-10-26,nieobecność,1
1M,2021-11-15,spóźnienie,1
1M,2021-11-16,spóźnienie,1
1M,2021-11-25,spóźnienie,1
1M,2021-12-06,spóźnienie,1
1M,2021-12-07,nieobecność,1
1M,2022-01-24,nieobecność,1
1M,2022-01-24,spóźnienie,1
1M,2022-03-16,nieob. uspraw.,8
1M,2022-03-28,spóźnienie,1
1M,2022-04-01,nieobecność,1
1M,2022-05-06,nieobecność,2
1M,2022-05-09,nieobecność,1
1M,2022-05-10,nieobecność,2
1M,2022-05-18,nieobecność,10
1M,2022-05-19,nieobecność,6
1M,2022-05-20,spóźnienie,1
1M,2022-05-25,spóźnienie,1
1M,2022-05-31,spóźn. uspr.,1
1M,2022-05-31,nieob. uspraw.,2
1M,2021-09-16,nieobecność,7
1M,2021-10-25,nieobecność,7
1M,2021-11-05,nieobecność,5
1M,2021-11-09,nieobecność,1
1M,2021-11-22,nieob. uspraw.,1
1M,2022-01-13,nieob. uspraw.,3
1M,2022-01-14,nieob. uspraw.,5
1M,2022-03-21,nieobecność,2
2M,2021-09-01,obecność,98
2M,2021-09-02,obecność,91
2M,2021-09-03,obecność,80
2M,2021-09-06,nieob. uspraw.,7
2M,2021-09-07,nieob. uspraw.,6
2M,2021-09-08,nieob. uspraw.,8
2M,2021-09-09,nieob. uspraw.,10
2M,2021-09-13,nieob. uspraw.,33
2M,2021-09-14,nieob. uspraw.,24
2M,2021-09-15,nieob. uspraw.,21
2M,2021-09-16,obecność,76
2M,2021-09-17,obecność,65
2M,2021-09-20,nieob. uspraw.,11
2M,2021-09-21,nieob. uspraw.,6
2M,2021-09-22,nieob. uspraw.,6
2M,2021-09-23,nieob. uspraw.,2
2M,2021-09-23,nieobecność,15
2M,2021-09-24,nieob. uspraw.,14
2M,2021-09-27,obecność,84
2M,2021-09-28,obecność,76
2M,2021-09-29,obecność,75
2M,2021-09-30,obecność,68
2M,2021-10-01,obecność,63
2M,2021-10-04,nieob. uspraw.,14
2M,2021-10-05,nieob. uspraw.,14
2M,2021-10-06,nieob. uspraw.,14
2M,2021-10-07,obecność,63
2M,2021-10-08,obecność,68
2M,2021-10-11,nieob. uspraw.,7
2M,2021-10-12,nieob. uspraw.,6
2M,2021-10-13,nieob. uspraw.,7
2M,2021-10-15,nieob. uspraw.,14
2M,2021-10-15,,13
2M,2021-10-18,nieob. uspraw.,14
2M,2021-10-19,nieob. uspraw.,12
2M,2021-10-20,obecność,81
2M,2021-10-21,obecność,86
2M,2021-10-22,obecność,81
2M,2021-10-25,nieobecność,13
2M,2021-10-26,obecność,60
2M,2021-10-27,obecność,80
2M,2021-10-28,obecność,86
2M,2021-10-29,obecność,56
2M,2021-11-02,nieobecność,19
2M,2021-11-03,nieobecność,14
2M,2021-11-04,nieobecność,21
2M,2021-11-05,nieobecność,30
2M,2021-11-08,nieobecność,21
2M,2021-11-09,obecność,65
2M,2021-11-10,obecność,38
2M,2021-11-15,nieobecność,26
2M,2021-11-16,nieobecność,22
2M,2021-11-17,nieobecność,16
2M,2021-11-18,nieobecność,13
2M,2021-11-19,nieobecność,33
2M,2021-11-22,obecność,71
2M,2021-11-23,obecność,76
2M,2021-11-24,obecność,70
2M,2021-11-25,obecność,81
2M,2021-11-26,obecność,58
2M,2021-11-29,nieobecność,16
2M,2021-11-30,obecność,66
2M,2021-12-01,obecność,63
2M,2021-12-02,obecność,49
2M,2021-12-03,obecność,53
2M,2021-12-06,nieob. uspraw.,17
2M,2021-12-07,nieob. uspraw.,6
2M,2021-12-08,nieob. uspraw.,17
2M,2021-12-09,nieob. uspraw.,21
2M,2021-12-10,nieob. uspraw.,21
2M,2021-12-13,obecność,63
2M,2021-12-14,obecność,70
2M,2021-12-15,nieobecność,35
2M,2021-12-16,nieobecność,19
2M,2021-12-17,nieobecność,32
2M,2021-12-20,nauka zdalna,66
2M,2021-12-21,spóźnienie,2
2M,2021-12-21,nauka zdalna,82
2M,2021-12-22,nieobecność,19
2M,2021-12-22,nauka zdalna,93
2M,2022-01-03,nieobecność,31
2M,2022-01-04,nieobecność,9
2M,2022-01-05,nieobecność,27
2M,2022-01-10,nieob. uspraw.,18
2M,2022-01-11,nieob. uspraw.,31
2M,2022-01-12,nieob. uspraw.,18
2M,2022-01-13,nieob. uspraw.,7
2M,2022-01-14,nieob. uspraw.,21
2M,2022-01-17,obecność,71
2M,2022-01-18,obecność,63
2M,2022-01-19,obecność,82
2M,2022-01-20,obecność,64
2M,2022-01-21,obecność,87
2M,2022-01-24,nieobecność,20
2M,2022-01-25,nieobecność,34
2M,2022-01-26,nieobecność,38
2M,2022-01-27,nieobecność,38
2M,2022-01-28,nieobecność,67
2M,2022-01-28,nauka zdalna,50
2M,2022-02-14,nieobecność,23
2M,2022-02-14,nauka zdalna,78
2M,2022-02-15,nieobecność,20
2M,2022-02-16,nauka zdalna,78
2M,2022-02-17,nieobecność,35
2M,2022-02-18,nauka zdalna,55
2M,2022-02-18,nieobecność,36
2M,2022-02-21,nieobecność,25
2M,2022-02-22,nieobecność,18
2M,2022-02-23,nieobecność,20
2M,2022-02-24,nieobecność,29
2M,2022-02-25,nieobecność,35
2M,2022-02-28,nieob. uspraw.,28
2M,2022-03-01,nieob. uspraw.,14
2M,2022-03-02,nieob. uspraw.,19
2M,2022-03-03,nieob. uspraw.,14
2M,2022-03-04,nieob. uspraw.,7
2M,2022-03-07,nieob. uspraw.,14
2M,2022-03-08,obecność,54
2M,2022-03-09,obecność,85
2M,2022-03-10,obecność,98
2M,2022-03-11,obecność,61
2M,2022-03-14,obecność,75
2M,2022-03-15,obecność,82
2M,2022-03-16,obecność,71
2M,2022-03-16,nieobecność,17
2M,2022-03-17,obecność,83
2M,2022-03-17,nieobecność,25
2M,2022-03-18,obecność,76
2M,2022-03-21,nieob. uspraw.,35
2M,2022-03-22,nieob. uspraw.,24
2M,2022-03-23,nieob. uspraw.,10
2M,2022-03-24,nieob. uspraw.,17
2M,2022-03-25,nieob. uspraw.,21
2M,2022-03-28,nieob. uspraw.,42
2M,2022-03-29,obecność,66
2M,2022-03-30,obecność,59
2M,2022-03-31,obecność,77
2M,2022-04-01,obecność,11
2M,2022-04-01,nieob. uspraw.,73
2M,2022-04-04,nieobecność,39
2M,2022-04-05,nieobecność,27
2M,2022-04-06,nieobecność,22
2M,2022-04-07,obecność,91
2M,2022-04-08,obecność,73
2M,2022-04-11,obecność,80
2M,2022-04-11,nieobecność,26
2M,2022-04-12,obecność,62
2M,2022-04-13,nieobecność,38
2M,2022-04-13,obecność,14
2M,2022-04-20,nieobecność,34
2M,2022-04-21,nieobecność,42
2M,2022-04-22,nieobecność,21
2M,2022-04-25,nieobecność,39
2M,2022-04-26,nieobecność,27
2M,2022-04-27,nieobecność,26
2M,2022-04-28,obecność,91
2M,2022-04-29,obecność,70
2M,2022-05-04,nieobecność,20
2M,2022-05-05,nieobecność,20
2M,2022-05-06,nieobecność,25
2M,2022-05-09,obecność,68
2M,2022-05-10,obecność,77
2M,2022-05-11,obecność,57
2M,2022-05-12,obecność,60
2M,2022-05-13,obecność,68
2M,2022-05-16,obecność,48
2M,2022-05-17,obecność,92
2M,2022-05-18,obecność,57
2M,2022-05-19,obecność,62
2M,2022-05-20,obecność,80
2M,2022-05-23,nieobecność,19
2M,2022-05-24,nieobecność,26
2M,2022-05-25,nieobecność,24
2M,2022-05-26,nieobecność,35
2M,2022-05-27,nieobecność,21
2M,2022-05-30,nieobecność,24
2M,2022-05-31,nieobecność,23
2M,2022-06-01,nieobecność,27
2M,2022-06-02,nieobecność,25
2M,2022-06-03,nieobecność,39
2M,2022-06-06,nieob. uspraw.,40
2M,2022-06-07,obecność,13
2M,2022-06-08,obecność,7
2M,2022-06-09,obecność,21
2M,2022-06-09,nieob. uspraw.,31
2M,2022-06-10,nieobecność,41
2M,2022-06-10,nieob. uspraw.,49
2M,2022-06-13,nieobecność,25
2M,2022-06-14,obecność,6
2M,2022-06-15,obecność,5
2M,2022-06-20,obecność,7
2M,2022-06-20,nieobecność,98
2M,2022-06-21,nieobecność,90
2M,2022-06-22,nieobecność,90
2M,2022-06-23,nieobecność,119
2M,2022-06-24,nieobecność,28
2M,2021-09-03,nieobecność,15
2M,2021-09-06,obecność,81
2M,2021-09-07,obecność,76
2M,2021-09-08,obecność,60
2M,2021-09-09,obecność,42
2M,2021-09-16,nieob. uspraw.,14
2M,2021-09-17,nieob. uspraw.,15
2M,2021-09-20,obecność,73
2M,2021-09-21,obecność,66
2M,2021-09-22,obecność,68
2M,2021-09-23,obecność,81
2M,2021-09-24,obecność,1
2M,2021-09-28,spóźnienie,1
2M,2021-10-04,obecność,70
2M,2021-10-05,obecność,64
2M,2021-10-06,obecność,60
2M,2021-10-11,obecność,70
2M,2021-10-12,obecność,71
2M,2021-10-13,obecność,69
2M,2021-10-15,obecność,28
2M,2021-10-18,obecność,81
2M,2021-10-19,obecność,66
2M,2021-10-25,obecność,73
2M,2021-10-29,nieob. uspr. p.s.,2
2M,2021-11-02,obecność,58
2M,2021-11-03,obecność,71
2M,2021-11-04,obecność,66
2M,2021-11-05,obecność,54
2M,2021-11-08,obecność,70
2M,2021-11-15,obecność,70
2M,2021-11-16,obecność,52
2M,2021-11-17,obecność,75
2M,2021-11-18,obecność,78
2M,2021-11-19,obecność,62
2M,2021-11-29,obecność,63
2M,2021-12-06,obecność,69
2M,2021-12-07,obecność,78
2M,2021-12-13,nieob. uspraw.,15
2M,2021-12-14,nieob. uspraw.,6
2M,2021-12-15,nieob. uspraw.,9
2M,2021-12-16,nieob. uspraw.,10
2M,2021-12-17,nieob. uspraw.,16
2M,2022-01-03,nauka zdalna,65
2M,2022-01-04,nauka zdalna,83
2M,2022-01-05,nauka zdalna,68
2M,2022-01-10,obecność,75
2M,2022-01-11,obecność,47
2M,2022-01-12,obecność,74
2M,2022-01-12,nieobecność,20
2M,2022-01-13,obecność,73
2M,2022-01-14,obecność,73
2M,2022-01-24,obecność,58
2M,2022-01-25,obecność,56
2M,2022-01-26,obecność,35
2M,2022-01-27,nauka zdalna,51
2M,2022-02-15,nauka zdalna,75
2M,2022-02-16,nieob. uspraw.,12
2M,2022-02-17,nauka zdalna,72
2M,2022-02-21,obecność,70
2M,2022-02-22,obecność,78
2M,2022-02-23,obecność,48
2M,2022-02-23,nieob. uspraw.,10
2M,2022-02-24,obecność,69
2M,2022-02-25,obecność,72
2M,2022-02-28,obecność,66
2M,2022-03-01,obecność,60
2M,2022-03-02,obecność,68
2M,2022-03-03,obecność,78
2M,2022-03-04,obecność,88
2M,2022-03-07,obecność,77
2M,2022-03-09,nieob. uspraw.,12
2M,2022-03-16,nieob. uspraw.,23
2M,2022-03-21,obecność,20
2M,2022-03-22,obecność,76
2M,2022-03-23,obecność,60
2M,2022-03-24,obecność,77
2M,2022-03-25,obecność,71
2M,2022-03-28,obecność,49
2M,2022-03-31,nieob. uspraw.,9
2M,2022-03-31,nieobecność,26
2M,2022-04-04,obecność,82
2M,2022-04-05,obecność,57
2M,2022-04-06,obecność,56
2M,2022-04-07,nieob. uspraw.,7
2M,2022-04-08,nieob. uspraw.,10
2M,2022-04-11,nieob. uspraw.,22
2M,2022-04-12,nieob. uspraw.,19
2M,2022-04-13,nieob. uspraw.,12
2M,2022-04-20,obecność,50
2M,2022-04-21,nieob. uspraw.,23
2M,2022-04-22,obecność,61
2M,2022-04-25,obecność,67
2M,2022-04-26,obecność,69
2M,2022-04-27,obecność,39
2M,2022-05-04,obecność,38
2M,2022-05-05,obecność,38
2M,2022-05-06,obecność,32
2M,2022-05-23,obecność,60
2M,2022-05-24,obecność,74
2M,2022-05-25,obecność,66
2M,2022-05-26,obecność,73
2M,2022-05-27,obecność,59
2M,2022-05-30,obecność,76
2M,2022-05-31,obecność,69
2M,2022-05-31,zwolniony,1
2M,2022-06-01,obecność,39
2M,2022-06-02,obecność,47
2M,2022-06-03,obecność,47
2M,2022-06-07,nieob. uspraw.,12
2M,2022-06-08,nieob. uspraw.,63
2M,2022-06-09,nieobecność,76
2M,2022-06-10,obecność,6
2M,2022-06-13,obecność,9
2M,2022-06-14,nieob. uspraw.,78
2M,2022-06-15,nieob. uspraw.,65
2M,2022-06-21,obecność,6
2M,2022-06-24,obecność,84
2M,2021-09-08,nieobecność,12
2M,2021-09-09,nieobecność,32
2M,2021-09-20,nieobecność,13
2M,2021-09-24,nieobecność,51
2M,2021-09-28,nieobecność,6
2M,2021-10-01,nieobecność,31
2M,2021-10-06,nieobecność,18
2M,2021-10-13,spóźnienie,4
2M,2021-10-13,nieobecność,17
2M,2021-10-15,nieobecność,43
2M,2021-10-21,nieobecność,5
2M,2021-10-25,nieob. uspraw.,12
2M,2021-10-26,nieobecność,7
2M,2021-10-27,spóźnienie,7
2M,2021-10-28,nieob. uspraw.,2
2M,2021-10-28,nieobecność,10
2M,2021-10-29,nieob. uspraw.,8
2M,2021-11-02,nieob. uspraw.,6
2M,2021-11-03,nieob. uspraw.,9
2M,2021-11-04,nieob. uspraw.,10
2M,2021-11-05,nieob. uspraw.,13
2M,2021-11-10,nieob. uspraw.,20
2M,2021-11-16,spóźnienie,5
2M,2021-11-17,spóźnienie,4
2M,2021-11-22,nieobecność,21
2M,2021-11-24,nieobecność,14
2M,2021-11-26,spóźnienie,3
2M,2021-11-26,nieobecność,17
2M,2021-11-29,spóźnienie,2
2M,2021-12-01,nieob. uspraw.,21
2M,2021-12-02,nieob. uspraw.,30
2M,2021-12-03,nieob. uspraw.,30
2M,2021-12-08,obecność,74
2M,2021-12-08,nieobecność,15
2M,2021-12-09,obecność,59
2M,2021-12-10,obecność,51
2M,2021-12-10,spóźnienie,2
2M,2021-12-14,nieobecność,14
2M,2021-12-16,obecność,83
2M,2021-12-17,obecność,61
2M,2021-12-20,nieobecność,29
2M,2022-01-03,nieob. uspraw.,16
2M,2022-01-05,nieob. uspraw.,17
2M,2022-01-17,nieob. uspraw.,24
2M,2022-01-21,nieob. uspraw.,25
2M,2022-01-24,nieob. uspraw.,18
2M,2022-02-16,nieobecność,22
2M,2022-02-24,nieob. uspraw.,14
2M,2022-03-08,nieob. uspraw.,18
2M,2022-03-11,nieobecność,42
2M,2022-03-14,nieob. uspraw.,22
2M,2022-03-15,nieob. uspraw.,7
2M,2022-04-12,nieobecność,31
2M,2022-04-29,nieobecność,29
2M,2022-05-04,nieob. uspraw.,12
2M,2022-05-05,nieob. uspraw.,20
2M,2022-05-06,nieob. uspraw.,23
2M,2022-05-09,nieob. uspraw.,28
2M,2022-05-17,nieob. uspraw.,14
2M,2022-05-18,nieob. uspraw.,12
2M,2022-05-19,nieob. uspraw.,15
2M,2022-05-31,spóźnienie,3
2M,2022-06-02,nieob. uspraw.,12
2M,2022-06-07,nieobecność,71
2M,2022-06-13,nieob. uspraw.,78
2M,2021-09-07,nieobecność,2
2M,2021-09-13,obecność,47
2M,2021-09-14,obecność,48
2M,2021-09-15,obecność,63
2M,2021-09-17,spóźnienie,8
2M,2021-09-17,nieobecność,10
2M,2021-09-27,spóźnienie,1
2M,2021-09-29,spóźnienie,1
2M,2021-10-06,spóźnienie,6
2M,2021-10-29,nieobecność,29
2M,2021-11-03,nieob. uspr. p.s.,1
2M,2021-11-05,spóźnienie,1
2M,2021-11-08,nieob. uspraw.,7
2M,2021-11-09,nieob. uspraw.,6
2M,2021-11-18,nieob. uspraw.,5
2M,2021-11-22,nieob. uspraw.,5
2M,2021-11-26,nieob. uspraw.,19
2M,2021-11-29,nieob. uspraw.,17
2M,2021-12-03,nieobecność,15
2M,2021-12-15,obecność,71
2M,2022-01-13,nieobecność,16
2M,2022-01-18,nieob. uspraw.,18
2M,2022-01-19,nieob. uspraw.,15
2M,2022-01-20,nieob. uspraw.,7
2M,2022-01-26,nieob. uspraw.,7
2M,2022-02-25,nieob. uspraw.,5
2M,2022-03-04,nieobecność,17
2M,2022-03-07,nieobecność,19
2M,2022-03-07,spóźnienie,2
2M,2022-03-14,nieobecność,15
2M,2022-03-18,nieob. uspraw.,15
2M,2022-03-22,nieobecność,10
2M,2022-03-25,nieobecność,18
2M,2022-04-20,nieob. uspraw.,28
2M,2022-04-22,nieob. uspraw.,30
2M,2022-04-27,nieob. uspr. p.s.,28
2M,2022-04-29,nieob. uspraw.,9
2M,2022-05-10,nieob. uspraw.,21
2M,2022-05-11,nieob. uspraw.,25
2M,2022-05-12,nieob. uspraw.,5
2M,2022-05-13,nieob. uspraw.,7
2M,2022-05-16,nauka zdalna,1
2M,2022-05-16,nieob. uspr. p.s.,11
2M,2022-05-16,spóźnienie,3
2M,2022-05-18,nieob. uspr. p.s.,12
2M,2022-05-20,nieobecność,23
2M,2022-05-27,nieob. uspraw.,30
2M,2022-05-30,nieob. uspraw.,12
2M,2022-06-01,nieob. uspr. p.s.,9
2M,2022-06-02,nieob. uspr. p.s.,12
2M,2022-06-03,nieob. uspr. p.s.,9
2M,2022-06-03,nieob. uspraw.,17
2M,2021-09-03,nieob. uspraw.,1
2M,2021-10-27,nieobecność,11
2M,2021-11-17,nieob. uspraw.,1
2M,2022-02-23,nieob. uspr. p.s.,2
2M,2022-03-25,spóźnienie,2
2M,2022-04-21,obecność,45
2M,2022-04-27,nieob. uspraw.,19
2M,2022-05-05,nieob. uspr. p.s.,2
2M,2022-05-09,nieob. uspr. p.s.,2
2M,2022-05-11,nieob. uspr. p.s.,2
2M,2022-05-13,nieob. uspr. p.s.,4
2M,2022-05-16,nieob. uspraw.,6
2M,2022-05-17,nieobecność,22
2M,2022-05-20,nieob. uspr. p.s.,2
2M,2022-05-26,spóźnienie,4
2M,2022-06-06,obecność,6
2M,2022-06-06,nieobecność,18
2M,2022-06-22,obecność,6
2M,2021-09-08,spóźnienie,4
2M,2021-10-07,nieob. uspraw.,11
2M,2021-10-08,nieobecność,28
2M,2021-11-09,nieobecność,13
2M,2021-11-10,nieobecność,26
2M,2021-11-18,spóźnienie,2
2M,2021-11-24,nieob. uspraw.,14
2M,2021-11-25,nieob. uspraw.,9
2M,2021-11-30,nieob. uspraw.,12
2M,2022-01-04,spóźnienie,3
2M,2022-02-14,nieob. uspraw.,11
2M,2022-02-18,nieob. uspraw.,21
2M,2022-03-10,nieob. uspraw.,8
2M,2022-03-11,nieob. uspraw.,8
2M,2022-03-17,nieob. uspraw.,4
2M,2022-03-28,nieobecność,25
2M,2022-03-29,nieobecność,31
2M,2022-03-30,nieobecność,16
2M,2022-04-29,nauka zdalna,1
2M,2022-05-13,nieobecność,17
2M,2022-05-23,nieob. uspr. p.s.,15
2M,2022-06-01,spóźnienie,3
2M,2021-09-24,nieob. uspr. p.s.,18
2M,2021-09-28,nieob. uspraw.,1
2M,2021-10-01,nieob. uspraw.,3
2M,2021-10-08,nieob. uspraw.,2
2M,2021-10-13,spóźn. uspr.,1
2M,2021-10-29,spóźn. uspr.,1
2M,2021-11-15,nieob. uspraw.,2
2M,2021-11-19,nieob. uspraw.,2
2M,2021-12-20,nieob. uspraw.,1
2M,2022-01-04,nieob. uspraw.,1
2M,2022-01-10,nieob. uspr. p.s.,2
2M,2022-01-27,nieob. uspraw.,7
2M,2022-01-28,nieob. uspraw.,11
2M,2022-02-17,nieob. uspraw.,5
2M,2022-03-16,spóźn. uspr.,1
2M,2022-04-21,nieob. uspr. p.s.,2
2M,2022-05-04,nieob. uspr. p.s.,10
2M,2021-09-03,spóźnienie,2
2M,2021-10-20,nieob. uspraw.,10
2M,2021-10-21,nieob. uspraw.,7
2M,2021-10-22,nieob. uspraw.,11
2M,2021-10-26,nieob. uspraw.,17
2M,2021-10-29,spóźnienie,2
2M,2021-11-03,spóźnienie,3
2M,2021-11-16,spóźn. uspr.,1
2M,2021-11-16,nieob. uspraw.,4
2M,2021-11-17,spóźn. uspr.,2
2M,2021-11-19,spóźnienie,1
2M,2021-11-22,spóźn. uspr.,1
2M,2021-11-26,spóźn. uspr.,1
2M,2021-12-09,spóźnienie,2
2M,2021-12-09,nieobecność,23
2M,2022-01-25,nieob. uspraw.,6
2M,2022-03-02,spóźnienie,3
2M,2022-03-11,spóźn. uspr.,1
2M,2022-03-22,spóźn. uspr.,1
2M,2022-03-29,nieob. uspraw.,15
2M,2022-03-30,nieob. uspraw.,5
2M,2022-04-06,spóźnienie,2
2M,2022-04-29,nieob. uspr. p.s.,3
2M,2022-05-20,nieob. uspraw.,7
2M,2022-05-27,spóźnienie,2
2M,2022-06-20,nieob. uspraw.,7
2M,2022-06-23,obecność,9
2M,2021-09-30,nieob. uspraw.,7
2M,2021-11-04,nieob. uspr. p.s.,1
2M,2021-12-02,nieobecność,19
2M,2021-12-08,spóźnienie,1
2M,2021-12-10,nieobecność,31
2M,2022-01-10,nieobecność,16
2M,2022-01-18,nieobecność,15
2M,2022-01-20,nieobecność,25
2M,2022-03-01,nieobecność,22
2M,2022-03-03,nieobecność,20
2M,2022-03-21,nieobecność,25
2M,2022-03-22,spóźnienie,1
2M,2022-03-28,nieob. uspr. p.s.,12
2M,2022-04-08,nieobecność,29
2M,2022-05-16,nieobecność,11
2M,2022-05-19,nieobecność,35
2M,2022-06-01,nieob. uspraw.,18
2M,2021-09-22,nieobecność,10
2M,2021-09-27,nieob. uspraw.,5
2M,2021-09-29,nieobecność,22
2M,2021-10-01,spóźnienie,1
2M,2021-10-07,nieobecność,24
2M,2021-10-11,nieobecność,21
2M,2021-11-30,nieobecność,6
2M,2021-12-01,nieobecność,14
2M,2021-12-21,nieobecność,12
2M,2022-01-11,nieobecność,18
2M,2022-01-17,nieobecność,17
2M,2022-03-02,nieobecność,22
2M,2022-05-12,nieobecność,15
2M,2021-09-02,nieobecność,6
2M,2021-09-06,nieobecność,10
2M,2021-09-13,nieobecność,18
2M,2021-09-14,nieobecność,12
2M,2021-09-15,nieobecność,14
2M,2021-09-16,nieobecność,8
2M,2021-09-20,spóźnienie,1
2M,2021-09-21,nieobecność,12
2M,2021-09-27,nieobecność,8
2M,2021-09-30,nieobecność,23
2M,2021-10-04,nieobecność,14
2M,2021-10-05,nieobecność,6
2M,2021-10-12,nieobecność,6
2M,2021-10-18,nieobecność,3
2M,2021-10-19,nieobecność,6
2M,2021-10-20,nieobecność,7
2M,2021-10-22,nieobecność,6
2M,2021-11-23,nieobecność,7
2M,2021-11-25,nieobecność,8
2M,2021-12-06,nieobecność,11
2M,2021-12-13,nieobecność,12
2M,2022-01-14,nieobecność,18
2M,2022-01-19,nieobecność,14
2M,2022-01-21,nieobecność,16
2M,2022-02-28,nieobecność,18
2M,2022-03-08,nieobecność,24
2M,2022-03-09,nieobecność,15
2M,2022-03-10,nieobecność,6
2M,2022-03-15,nieobecność,7
2M,2022-03-18,nieobecność,21
2M,2022-03-23,nieobecność,10
2M,2022-03-24,nieobecność,18
2M,2022-04-01,nieobecność,12
2M,2022-04-07,nieobecność,14
2M,2022-04-28,nieobecność,19
2M,2022-05-09,nieobecność,14
2M,2022-05-10,nieobecność,14
2M,2022-05-11,nieobecność,12
2M,2022-05-18,nieobecność,15
2M,2022-06-08,nieobecność,10
2M,2022-06-14,nieobecność,12
2M,2022-06-15,nieobecność,10
2M,2021-09-02,spóźnienie,1
2M,2021-10-12,spóźnienie,1
2M,2021-12-06,spóźnienie,1
2M,2021-12-17,spóźnienie,3
2M,2022-04-28,nieob. uspraw.,2
2M,2022-04-25,nieob. uspr. p.s.,6
2M,2022-01-19,spóźnienie,1
2M,2022-02-21,nieob. uspraw.,17
2M,2022-04-04,nieob. uspraw.,7
2M,2022-04-05,nieob. uspraw.,12
2M,2022-02-15,nieob. uspraw.,1
2M,2022-05-23,nieob. uspraw.,2
2M,2022-05-24,nieob. uspraw.,12
2M,2021-11-02,spóźn. uspr.,1
2M,2021-11-23,nieob. uspraw.,1
2M,2022-01-10,spóźn. uspr.,1
2M,2022-05-25,nieob. uspraw.,6
3MK,2021-09-01,obecność,168
3MK,2021-09-02,obecność,101
3MK,2021-09-03,obecność,85
3MK,2021-09-06,obecność,8
3MK,2021-09-08,obecność,79
3MK,2021-09-09,obecność,38
3MK,2021-09-13,obecność,58
3MK,2021-09-15,obecność,111
3MK,2021-09-16,obecność,113
3MK,2021-09-17,obecność,77
3MK,2021-09-20,obecność,49
3MK,2021-09-22,obecność,76
3MK,2021-09-22,zwolniony,1
3MK,2021-09-23,obecność,87
3MK,2021-09-24,obecność,68
3MK,2021-09-27,obecność,77
3MK,2021-09-29,obecność,115
3MK,2021-09-30,obecność,105
3MK,2021-10-01,nieob. uspraw.,6
3MK,2021-10-04,obecność,54
3MK,2021-10-06,obecność,76
3MK,2021-10-07,obecność,98
3MK,2021-10-08,obecność,78
3MK,2021-10-11,obecność,53
3MK,2021-10-13,obecność,112
3MK,2021-10-15,obecność,42
3MK,2021-10-15,nieob. uspraw.,8
3MK,2021-10-18,obecność,57
3MK,2021-10-20,nieob. uspraw.,10
3MK,2021-10-20,obecność,100
3MK,2021-10-21,obecność,99
3MK,2021-10-22,obecność,74
3MK,2021-10-25,obecność,74
3MK,2021-10-27,obecność,105
3MK,2021-10-28,obecność,97
3MK,2021-10-29,obecność,63
3MK,2021-11-03,obecność,89
3MK,2021-11-04,obecność,91
3MK,2021-11-05,obecność,60
3MK,2021-11-08,obecność,60
3MK,2021-11-10,obecność,75
3MK,2021-11-15,obecność,67
3MK,2021-11-17,obecność,114
3MK,2021-11-18,obecność,116
3MK,2021-11-19,obecność,86
3MK,2021-11-24,obecność,98
3MK,2021-11-25,obecność,66
3MK,2021-11-26,obecność,88
3MK,2021-11-29,nieob. uspraw.,23
3MK,2021-12-01,obecność,122
3MK,2021-12-02,obecność,90
3MK,2021-12-03,obecność,90
3MK,2021-12-06,obecność,65
3MK,2021-12-08,obecność,100
3MK,2021-12-09,obecność,85
3MK,2021-12-10,obecność,67
3MK,2021-12-13,obecność,61
3MK,2021-12-15,nauka zdalna,23
3MK,2021-12-16,nauka zdalna,38
3MK,2021-12-17,nauka zdalna,29
3MK,2021-12-22,nauka zdalna,39
3MK,2022-01-05,nauka zdalna,38
3MK,2022-01-12,obecność,81
3MK,2022-01-13,obecność,116
3MK,2022-01-14,nieob. uspraw.,16
3MK,2022-01-19,obecność,76
3MK,2022-01-20,obecność,112
3MK,2022-01-21,obecność,68
3MK,2022-01-26,obecność,65
3MK,2022-01-27,nauka zdalna,107
3MK,2022-01-28,nauka zdalna,47
3MK,2022-02-16,nauka zdalna,77
3MK,2022-02-17,nauka zdalna,80
3MK,2022-02-18,nauka zdalna,54
3MK,2022-02-23,obecność,102
3MK,2022-02-24,obecność,82
3MK,2022-02-25,obecność,63
3MK,2022-03-02,obecność,91
3MK,2022-03-03,obecność,109
3MK,2022-03-04,obecność,68
3MK,2022-03-09,nieob. uspraw.,15
3MK,2022-03-10,obecność,90
3MK,2022-03-11,obecność,78
3MK,2022-03-16,obecność,100
3MK,2022-03-17,obecność,88
3MK,2022-03-18,nieob. uspraw.,18
3MK,2022-03-23,obecność,63
3MK,2022-03-24,obecność,98
3MK,2022-03-25,obecność,87
3MK,2022-03-30,obecność,93
3MK,2022-03-31,obecność,71
3MK,2022-04-01,obecność,87
3MK,2022-04-06,obecność,79
3MK,2022-04-07,obecność,91
3MK,2022-04-08,obecność,64
3MK,2022-04-13,obecność,52
3MK,2022-04-20,obecność,113
3MK,2022-04-21,obecność,78
3MK,2022-04-22,obecność,60
3MK,2022-04-27,obecność,113
3MK,2022-04-28,nieob. uspraw.,6
3MK,2022-04-28,obecność,81
3MK,2022-04-29,obecność,67
3MK,2022-05-04,obecność,45
3MK,2022-05-05,obecność,34
3MK,2022-05-05,nieob. uspraw.,45
3MK,2022-05-06,obecność,3
3MK,2022-05-11,spóźnienie,9
3MK,2022-05-11,obecność,79
3MK,2022-05-12,obecność,23
3MK,2022-05-13,obecność,78
3MK,2022-05-18,obecność,109
3MK,2022-05-19,obecność,87
3MK,2022-05-20,obecność,40
3MK,2022-05-25,obecność,108
3MK,2022-05-26,obecność,74
3MK,2022-05-27,obecność,44
3MK,2022-06-01,obecność,91
3MK,2022-06-02,nieob. uspraw.,26
3MK,2022-06-03,obecność,21
3MK,2022-06-08,obecność,35
3MK,2022-06-09,obecność,44
3MK,2022-06-10,nieob. uspraw.,37
3MK,2022-06-15,nieobecność,132
3MK,2022-06-22,nieobecność,127
3MK,2022-06-23,nieobecność,130
3MK,2022-06-24,obecność,161
3MK,2021-09-06,nieob. uspraw.,85
3MK,2021-09-07,nieob. uspraw.,60
3MK,2021-09-08,nieobecność,37
3MK,2021-09-09,nieobecność,59
3MK,2021-09-14,obecność,60
3MK,2021-09-21,obecność,60
3MK,2021-09-28,obecność,66
3MK,2021-10-01,obecność,74
3MK,2021-10-05,nieob. uspraw.,7
3MK,2021-10-06,spóźnienie,4
3MK,2021-10-08,nieob. uspraw.,14
3MK,2021-10-11,nieob. uspraw.,16
3MK,2021-10-12,obecność,72
3MK,2021-10-18,nieob. uspraw.,4
3MK,2021-10-19,obecność,68
3MK,2021-10-19,nieob. uspraw.,1
3MK,2021-10-22,spóźnienie,9
3MK,2021-10-26,obecność,77
3MK,2021-11-02,nieob. uspraw.,14
3MK,2021-11-04,nieobecność,26
3MK,2021-11-09,obecność,47
3MK,2021-11-09,nieobecność,44
3MK,2021-11-10,nieobecność,46
3MK,2021-11-16,obecność,84
3MK,2021-11-22,obecność,60
3MK,2021-11-23,obecność,61
3MK,2021-11-24,spóźnienie,3
3MK,2021-11-29,obecność,59
3MK,2021-11-30,obecność,66
3MK,2021-12-07,nieob. uspraw.,14
3MK,2021-12-08,nieob. uspraw.,28
3MK,2021-12-09,nieob. uspraw.,35
3MK,2021-12-10,nieob. uspraw.,34
3MK,2021-12-14,obecność,70
3MK,2021-12-15,obecność,68
3MK,2021-12-16,obecność,69
3MK,2021-12-17,obecność,43
3MK,2021-12-20,nieobecność,17
3MK,2021-12-20,nauka zdalna,67
3MK,2021-12-21,nauka zdalna,63
3MK,2021-12-22,nieobecność,18
3MK,2022-01-03,nieobecność,16
3MK,2022-01-03,nauka zdalna,71
3MK,2022-01-04,nieobecność,16
3MK,2022-01-04,nauka zdalna,68
3MK,2022-01-05,nieobecność,38
3MK,2022-01-10,obecność,69
3MK,2022-01-11,obecność,49
3MK,2022-01-13,nieobecność,26
3MK,2022-01-14,obecność,84
3MK,2022-01-14,nieobecność,35
3MK,2022-01-17,obecność,51
3MK,2022-01-17,nieobecność,38
3MK,2022-01-18,obecność,75
3MK,2022-01-19,spóźnienie,4
3MK,2022-01-20,spóźnienie,10
3MK,2022-01-24,nieobecność,28
3MK,2022-01-25,nieobecność,26
3MK,2022-01-26,nieobecność,29
3MK,2022-01-27,nieobecność,53
3MK,2022-01-28,nieobecność,48
3MK,2022-02-14,nieobecność,70
3MK,2022-02-15,nauka zdalna,91
3MK,2022-02-16,nieobecność,61
3MK,2022-02-17,nieob. uspraw.,24
3MK,2022-02-18,nieobecność,38
3MK,2022-02-21,obecność,30
3MK,2022-02-22,obecność,77
3MK,2022-02-24,spóźnienie,10
3MK,2022-02-25,spóźnienie,3
3MK,2022-02-28,nieobecność,6
3MK,2022-03-01,obecność,84
3MK,2022-03-02,nieob. uspraw.,15
3MK,2022-03-02,spóźnienie,17
3MK,2022-03-03,spóźnienie,5
3MK,2022-03-03,nieob. uspraw.,23
3MK,2022-03-04,nieob. uspraw.,12
3MK,2022-03-07,nieobecność,22
3MK,2022-03-07,nieob. uspraw.,31
3MK,2022-03-08,nieob. uspraw.,21
3MK,2022-03-09,obecność,107
3MK,2022-03-09,spóźnienie,7
3MK,2022-03-09,nieobecność,23
3MK,2022-03-10,nieob. uspraw.,43
3MK,2022-03-14,nieob. uspraw.,14
3MK,2022-03-15,nieobecność,25
3MK,2022-03-15,obecność,66
3MK,2022-03-16,spóźnienie,6
3MK,2022-03-17,nieob. uspraw.,39
3MK,2022-03-18,obecność,57
3MK,2022-03-21,nieob. uspraw.,48
3MK,2022-03-22,obecność,70
3MK,2022-03-23,nieob. uspraw.,38
3MK,2022-03-24,spóźnienie,6
3MK,2022-03-25,nieob. uspraw.,31
3MK,2022-03-28,nieob. uspraw.,26
3MK,2022-03-29,nieob. uspraw.,7
3MK,2022-03-30,nieob. uspraw.,8
3MK,2022-03-31,spóźnienie,9
3MK,2022-04-04,obecność,41
3MK,2022-04-05,obecność,91
3MK,2022-04-06,nieobecność,30
3MK,2022-04-07,nieob. uspraw.,22
3MK,2022-04-08,nieob. uspraw.,22
3MK,2022-04-11,obecność,35
3MK,2022-04-12,obecność,91
3MK,2022-04-13,nieobecność,23
3MK,2022-04-20,spóźnienie,11
3MK,2022-04-21,nieobecność,53
3MK,2022-04-22,nieobecność,29
3MK,2022-04-25,nieob. uspraw.,28
3MK,2022-04-26,obecność,80
3MK,2022-04-26,nieobecność,11
3MK,2022-05-04,nieob. uspraw.,57
3MK,2022-05-06,nieob. uspraw.,49
3MK,2022-05-09,nieob. uspraw.,36
3MK,2022-05-10,obecność,78
3MK,2022-05-11,nieobecność,31
3MK,2022-05-16,obecność,46
3MK,2022-05-17,nieobecność,9
3MK,2022-05-17,obecność,47
3MK,2022-05-19,nieob. uspraw.,35
3MK,2022-05-20,nieob. uspraw.,19
3MK,2022-05-23,nieobecność,32
3MK,2022-05-24,obecność,46
3MK,2022-05-24,nieobecność,35
3MK,2022-05-25,nieobecność,33
3MK,2022-05-26,nieob. uspraw.,19
3MK,2022-05-27,nieob. uspraw.,12
3MK,2022-05-30,obecność,46
3MK,2022-05-31,obecność,60
3MK,2022-06-01,spóźnienie,2
3MK,2022-06-02,obecność,67
3MK,2022-06-02,nieobecność,31
3MK,2022-06-06,nieobecność,59
3MK,2022-06-07,spóźnienie,4
3MK,2022-06-07,obecność,35
3MK,2022-06-08,nieob. uspraw.,48
3MK,2022-06-09,nieob. uspraw.,35
3MK,2022-06-13,nieobecność,42
3MK,2022-06-14,nieobecność,73
3MK,2022-06-20,nieobecność,73
3MK,2022-06-21,nieobecność,65
3MK,2021-09-08,nieob. uspraw.,27
3MK,2021-09-09,nieob. uspraw.,44
3MK,2021-09-13,nieob. uspraw.,16
3MK,2021-09-17,nieob. uspraw.,9
3MK,2021-09-20,nieob. uspraw.,15
3MK,2021-09-21,nieob. uspraw.,11
3MK,2021-09-22,nieob. uspraw.,26
3MK,2021-09-24,nieob. uspraw.,11
3MK,2021-10-05,obecność,63
3MK,2021-10-07,spóźnienie,4
3MK,2021-10-25,nieob. uspraw.,2
3MK,2021-10-27,spóźnienie,6
3MK,2021-10-29,nieob. uspraw.,14
3MK,2021-11-02,obecność,36
3MK,2021-11-08,nieob. uspr. p.s.,6
3MK,2021-12-01,spóźnienie,2
3MK,2021-12-03,nieobecność,23
3MK,2021-12-07,obecność,70
3MK,2021-12-13,nieob. uspraw.,19
3MK,2021-12-20,nieob. uspraw.,7
3MK,2022-01-11,nieob. uspraw.,21
3MK,2022-01-14,spóźnienie,6
3MK,2022-01-21,nieob. uspraw.,22
3MK,2022-01-24,obecność,63
3MK,2022-01-25,obecność,65
3MK,2022-02-17,nieobecność,60
3MK,2022-02-21,nieob. uspraw.,30
3MK,2022-02-28,obecność,7
3MK,2022-03-07,obecność,38
3MK,2022-03-08,obecność,53
3MK,2022-03-14,obecność,55
3MK,2022-03-22,nieob. uspraw.,7
3MK,2022-03-24,nieobecność,20
3MK,2022-03-29,obecność,84
3MK,2022-03-30,,1
3MK,2022-04-13,nieob. uspr. p.s.,5
3MK,2022-05-09,obecność,22
3MK,2022-05-11,nieob. uspraw.,18
3MK,2022-05-12,nieob. uspraw.,29
3MK,2022-05-16,nieob. uspraw.,35
3MK,2022-05-17,nieob. uspraw.,35
3MK,2022-05-18,nieob. uspraw.,11
3MK,2022-05-23,spóźnienie,5
3MK,2022-05-23,obecność,33
3MK,2022-05-26,nieobecność,40
3MK,2022-05-27,spóźnienie,6
3MK,2022-06-02,spóźnienie,7
3MK,2022-06-06,nieob. uspraw.,24
3MK,2022-06-07,nieob. uspraw.,17
3MK,2022-06-08,spóźnienie,1
3MK,2022-06-22,obecność,4
3MK,2021-09-02,spóźnienie,4
3MK,2021-09-14,nieob. uspraw.,7
3MK,2021-09-15,spóźnienie,1
3MK,2021-09-16,nieob. uspraw.,6
3MK,2021-09-23,spóźnienie,1
3MK,2021-09-24,spóźnienie,2
3MK,2021-09-27,nieob. uspraw.,2
3MK,2021-09-29,spóźnienie,6
3MK,2021-09-30,nieob. uspraw.,7
3MK,2021-10-04,spóźnienie,1
3MK,2021-10-06,nieob. uspraw.,9
3MK,2021-10-07,nieob. uspraw.,16
3MK,2021-10-12,nieobecność,19
3MK,2021-10-15,nieobecność,68
3MK,2021-10-18,nieobecność,40
3MK,2021-10-19,nieobecność,22
3MK,2021-10-21,nieobecność,41
3MK,2021-10-25,spóźnienie,1
3MK,2021-10-27,nieobecność,28
3MK,2021-11-02,nieobecność,41
3MK,2021-11-03,nieobecność,31
3MK,2021-11-03,spóźnienie,6
3MK,2021-11-08,nieobecność,34
3MK,2021-11-15,nieobecność,26
3MK,2021-11-17,nieobecność,26
3MK,2021-11-18,nieobecność,17
3MK,2021-11-23,nieobecność,30
3MK,2021-11-25,nieobecność,22
3MK,2021-11-26,nieobecność,20
3MK,2021-11-29,nieobecność,19
3MK,2021-12-01,nieobecność,18
3MK,2021-12-06,nieobecność,11
3MK,2021-12-08,nieobecność,12
3MK,2021-12-09,nieobecność,20
3MK,2021-12-10,nieobecność,16
3MK,2021-12-10,spóźnienie,1
3MK,2021-12-13,spóźnienie,1
3MK,2021-12-13,nieobecność,20
3MK,2021-12-14,nieobecność,21
3MK,2021-12-15,nieobecność,19
3MK,2021-12-17,nieobecność,40
3MK,2022-01-12,nieobecność,21
3MK,2022-01-17,spóźnienie,2
3MK,2022-01-18,spóźnienie,2
3MK,2022-01-19,nieobecność,21
3MK,2022-01-21,nieobecność,28
3MK,2022-02-23,nieobecność,17
3MK,2022-03-02,nieobecność,29
3MK,2022-03-03,nieobecność,21
3MK,2022-03-04,nieobecność,15
3MK,2022-03-08,nieobecność,17
3MK,2022-03-10,spóźnienie,7
3MK,2022-03-14,nieobecność,22
3MK,2022-03-21,nieobecność,30
3MK,2022-03-23,nieobecność,27
3MK,2022-03-25,nieobecność,23
3MK,2022-03-28,nieobecność,17
3MK,2022-03-28,obecność,34
3MK,2022-03-31,nieobecność,17
3MK,2022-04-11,nieobecność,31
3MK,2022-04-25,obecność,33
3MK,2022-04-25,nieobecność,30
3MK,2022-04-28,nieobecność,31
3MK,2022-05-04,nieobecność,36
3MK,2022-05-05,nieobecność,26
3MK,2022-05-06,nieobecność,30
3MK,2022-05-09,nieobecność,20
3MK,2022-05-10,spóźnienie,5
3MK,2022-05-10,nieobecność,16
3MK,2022-05-18,spóźnienie,1
3MK,2022-05-19,nieobecność,42
3MK,2022-05-20,spóźnienie,5
3MK,2022-05-20,nieobecność,31
3MK,2022-05-27,nieobecność,33
3MK,2022-05-30,nieobecność,28
3MK,2022-06-01,nieobecność,37
3MK,2022-06-07,nieobecność,35
3MK,2022-06-08,nieobecność,70
3MK,2022-06-09,nieobecność,52
3MK,2022-06-10,nieobecność,75
3MK,2022-06-10,obecność,16
3MK,2022-06-13,obecność,29
3MK,2021-09-02,nieobecność,13
3MK,2021-09-03,nieobecność,25
3MK,2021-09-13,nieobecność,27
3MK,2021-09-15,nieobecność,29
3MK,2021-09-16,nieobecność,22
3MK,2021-09-17,nieobecność,19
3MK,2021-09-20,nieobecność,37
3MK,2021-09-21,nieobecność,20
3MK,2021-09-22,nieobecność,41
3MK,2021-09-23,nieobecność,24
3MK,2021-09-24,nieobecność,24
3MK,2021-09-27,nieobecność,22
3MK,2021-09-28,nieobecność,25
3MK,2021-09-29,nieobecność,19
3MK,2021-09-30,nieobecność,29
3MK,2021-10-01,nieobecność,37
3MK,2021-10-04,nieobecność,46
3MK,2021-10-05,nieobecność,21
3MK,2021-10-06,nieobecność,41
3MK,2021-10-07,nieobecność,23
3MK,2021-10-13,nieobecność,30
3MK,2021-10-20,nieobecność,31
3MK,2021-10-22,nieobecność,35
3MK,2021-10-25,nieobecność,24
3MK,2021-10-26,nieobecność,14
3MK,2021-10-28,nieobecność,33
3MK,2021-11-24,nieobecność,26
3MK,2022-03-16,nieob. uspraw.,22
3MK,2022-03-28,spóźnienie,1
3MK,2022-03-30,spóźnienie,3
3MK,2022-03-30,nieobecność,18
3MK,2022-04-01,nieob. uspraw.,9
3MK,2022-04-04,nieob. uspraw.,24
3MK,2022-04-06,nieob. uspraw.,14
3MK,2022-04-11,nieob. uspraw.,12
3MK,2022-04-20,nieobecność,23
3MK,2022-04-21,spóźnienie,4
3MK,2022-04-29,nieobecność,16
3MK,2022-05-13,spóźnienie,1
3MK,2022-05-18,nieobecność,25
3MK,2022-05-23,nieob. uspraw.,21
3MK,2022-05-24,nieob. uspraw.,10
3MK,2022-05-25,nieob. uspraw.,9
3MK,2022-05-26,spóźnienie,2
3MK,2022-05-30,nieob. uspraw.,17
3MK,2022-05-31,nieob. uspraw.,10
3MK,2022-06-13,spóźnienie,1
3MK,2022-06-14,obecność,15
3MK,2021-09-14,nieobecność,24
3MK,2021-10-11,nieobecność,32
3MK,2021-10-29,nieobecność,28
3MK,2021-11-04,nieob. uspraw.,24
3MK,2021-11-05,nieob. uspraw.,22
3MK,2021-11-19,spóźnienie,1
3MK,2021-11-22,nieobecność,12
3MK,2021-11-30,nieob. uspraw.,7
3MK,2021-12-02,nieob. uspraw.,5
3MK,2021-12-06,nieob. uspraw.,23
3MK,2021-12-15,nieob. uspraw.,11
3MK,2021-12-16,nieobecność,23
3MK,2022-01-10,nieob. uspraw.,7
3MK,2022-01-20,nieobecność,29
3MK,2022-02-14,nauka zdalna,21
3MK,2022-02-22,nieob. uspraw.,7
3MK,2022-02-23,nieob. uspraw.,10
3MK,2022-02-24,nieob. uspraw.,7
3MK,2022-02-25,nieob. uspraw.,6
3MK,2022-04-08,nieobecność,55
3MK,2022-05-12,nieobecność,17
3MK,2022-06-20,obecność,5
3MK,2021-09-06,nieobecność,1
3MK,2021-09-08,spóźnienie,1
3MK,2021-10-08,nieobecność,20
3MK,2021-10-13,spóźnienie,2
3MK,2021-10-21,nieob. uspraw.,1
3MK,2021-10-28,nieob. uspraw.,11
3MK,2021-11-03,nieob. uspraw.,18
3MK,2021-11-15,nieob. uspraw.,7
3MK,2021-11-18,nieob. uspraw.,2
3MK,2021-11-19,nieob. uspraw.,6
3MK,2021-11-25,nieob. uspraw.,7
3MK,2021-12-01,nieob. uspraw.,2
3MK,2021-12-03,nieob. uspraw.,5
3MK,2022-01-20,nieob. uspraw.,9
3MK,2022-02-24,nieobecność,19
3MK,2022-02-25,nieobecność,22
3MK,2022-03-09,zwolniony,2
3MK,2022-03-10,nieobecność,20
3MK,2022-03-17,nieobecność,34
3MK,2022-03-31,nieob. uspraw.,20
3MK,2022-04-07,nieobecność,27
3MK,2022-04-21,nieob. uspraw.,16
3MK,2021-11-10,nieob. uspraw.,9
3MK,2021-11-17,zwolniony,2
3MK,2021-11-18,zwolniony,4
3MK,2021-12-16,nieob. uspraw.,11
3MK,2022-01-12,nieob. uspraw.,6
3MK,2022-01-13,nieob. uspraw.,21
3MK,2022-01-19,zwolniony,2
3MK,2022-01-20,zwolniony,4
3MK,2022-01-26,zwolniony,1
3MK,2022-01-27,nieob. uspraw.,4
3MK,2022-03-03,zwolniony,6
3MK,2022-03-11,nieob. uspraw.,3
3MK,2022-03-30,zwolniony,8
3MK,2022-04-13,nieob. uspraw.,4
3MK,2022-04-27,zwolniony,8
3MK,2022-04-29,nieob. uspraw.,10
3MK,2022-05-18,zwolniony,8
3MK,2022-05-25,zwolniony,4
3MK,2022-06-01,nieob. uspraw.,24
3MK,2021-11-05,nieobecność,23
3MK,2021-11-18,spóźnienie,1
3MK,2021-11-19,nieobecność,25
3MK,2021-11-26,spóźnienie,1
3MK,2021-12-08,spóźnienie,2
3MK,2022-03-11,nieobecność,14
3MK,2022-03-16,nieobecność,25
3MK,2022-03-18,nieobecność,20
3MK,2022-04-01,nieobecność,22
3MK,2022-04-27,nieobecność,24
3MK,2022-05-13,nieobecność,15
3MK,2022-06-03,nieobecność,2
3MK,2021-11-30,nieobecność,18
3MK,2021-12-21,nieobecność,28
3MK,2022-03-22,nieobecność,14
3MK,2022-06-06,obecność,8
3MK,2022-06-15,obecność,5
3MK,2021-09-02,nieob. uspraw.,10
3MK,2021-09-03,nieob. uspraw.,8
3MK,2021-09-23,nieob. uspraw.,4
3MK,2021-09-29,nieob. uspraw.,4
3MK,2021-10-01,spóźnienie,1
3MK,2021-10-06,nieob. uspr. p.s.,1
3MK,2021-10-08,spóźnienie,6
3MK,2021-10-20,spóźnienie,3
3MK,2021-11-08,nieob. uspraw.,1
3MK,2021-11-10,spóźn. uspr.,1
3MK,2021-11-17,spóźn. uspr.,2
3MK,2021-11-18,spóźn. uspr.,1
3MK,2021-11-24,nieob. uspraw.,17
3MK,2021-11-26,spóźn. uspr.,1
3MK,2021-12-08,spóźn. uspr.,2
3MK,2021-12-17,nieob. uspraw.,6
3MK,2021-12-22,nieob. uspraw.,2
3MK,2022-01-05,nieob. uspraw.,6
3MK,2022-01-19,nieob. uspraw.,5
3MK,2022-01-26,spóźn. uspr.,1
3MK,2022-01-26,nieob. uspraw.,12
3MK,2022-02-16,nieob. uspraw.,15
3MK,2022-02-18,nieob. uspraw.,3
3MK,2022-02-23,spóźn. uspr.,2
3MK,2022-02-25,spóźn. uspr.,1
3MK,2022-03-02,spóźn. uspr.,2
3MK,2022-03-24,nieob. uspraw.,17
3MK,2022-03-31,spóźn. uspr.,1
3MK,2022-04-20,nieob. uspraw.,6
3MK,2022-04-20,spóźn. uspr.,1
3MK,2022-04-21,spóźn. uspr.,1
3MK,2022-04-27,spóźn. uspr.,1
3MK,2022-05-11,spóźn. uspr.,1
3MK,2022-06-15,nieob. uspraw.,17
3MK,2021-10-27,nieob. uspraw.,5
3MK,2022-02-16,spóźnienie,1
3MK,2022-04-27,spóźnienie,1
3MK,2021-09-15,nieob. uspraw.,3
3MK,2022-04-07,spóźnienie,1
3MK,2022-04-22,nieob. uspraw.,6
3MK,2022-04-27,nieob. uspraw.,5
3MK,2021-12-09,spóźnienie,1
3MK,2022-03-23,spóźnienie,1
3MK,2022-04-29,spóźnienie,2
3MK,2022-05-10,nieob. uspraw.,5
3MK,2021-09-01,nieobecność,16
3MK,2021-12-06,spóźnienie,2
3MK,2022-04-06,zwolniony,6
3MK,2022-04-21,zwolniony,6
3MK,2022-05-11,zwolniony,3
3MK,2022-05-26,zwolniony,6
3MK,2022-01-11,nieobecność,21
3MK,2022-04-04,spóźnienie,1
3MK,2022-04-06,spóźnienie,2
3MK,2022-04-13,spóźnienie,1
3MK,2022-05-13,nieob. uspraw.,14
3MK,2022-06-13,nieob. uspraw.,6
3MK,2022-06-14,nieob. uspraw.,3
3MK,2021-09-06,nieob. uspr. p.s.,7
3MK,2021-09-07,nieob. uspr. p.s.,5
3MK,2022-01-10,spóźnienie,1
3MK,2022-01-13,spóźnienie,1
3MK,2022-01-18,nieobecność,14
3MK,2022-03-16,,1
3MK,2022-05-31,nieobecność,21
3MK,2022-06-23,obecność,1
3MK,2021-11-22,nieob. uspraw.,6
3MK,2022-05-16,nieobecność,10
3MK,2021-12-07,nieobecność,7
3MK,2022-01-10,nieobecność,14
3MK,2022-04-04,nieobecność,12
3MK,2021-11-26,nieob. uspraw.,8
3MK,2022-03-10,zwolniony,4
3MK,2022-03-17,zwolniony,3
3MK,2022-03-23,zwolniony,2
3MK,2022-04-21,nieob. uspr. p.s.,6
3MK,2022-04-27,nieob. uspr. p.s.,2
3MK,2021-11-15,spóźnienie,1
3MK,2022-01-03,nieob. uspraw.,4
3MK,2022-01-04,nieob. uspraw.,7
3MK,2021-09-23,zwolniony,2
3MK,2021-11-16,nieobecność,7
3MK,2022-02-21,nieobecność,5
3MK,2022-02-22,nieobecność,7
3MK,2022-03-01,nieobecność,7
