Dziennik,Data,Wpis,Liczba
1RŻ,2024-09-02,obecność,144
1RŻ,2024-09-03,obecność,125
1RŻ,2024-09-04,obecność,132
1RŻ,2024-09-05,obecność,107
1RŻ,2024-09-06,obecność,97
1RŻ,2024-09-09,obecność,139
1RŻ,2024-09-10,obecność,119
1RŻ,2024-09-11,obecność,78
1RŻ,2024-09-12,obecność,122
1RŻ,2024-09-13,obecność,106
1RŻ,2024-09-16,obecność,125
1RŻ,2024-09-17,obecność,101
1RŻ,2024-09-18,obecność,107
1RŻ,2024-09-19,obecność,113
1RŻ,2024-09-20,nieob. uspr. p.s.,52
1RŻ,2024-09-23,obecność,109
1RŻ,2024-09-24,obecność,114
1RŻ,2024-09-25,obecność,94
1RŻ,2024-09-26,obecność,107
1RŻ,2024-09-27,obecność,98
1RŻ,2024-09-30,obecność,102
1RŻ,2024-10-01,obecność,95
1RŻ,2024-10-02,obecność,97
1RŻ,2024-10-03,obecność,81
1RŻ,2024-10-04,obecność,93
1RŻ,2024-10-07,obecność,98
1RŻ,2024-10-08,obecność,101
1RŻ,2024-10-09,obecność,129
1RŻ,2024-10-10,obecność,105
1RŻ,2024-10-11,obecność,98
1RŻ,2024-10-15,obecność,57
1RŻ,2024-10-16,obecność,96
1RŻ,2024-10-17,obecność,103
1RŻ,2024-10-18,obecność,104
1RŻ,2024-10-21,obecność,94
1RŻ,2024-10-22,obecność,105
1RŻ,2024-10-23,obecność,84
1RŻ,2024-10-24,obecność,94
1RŻ,2024-10-25,obecność,85
1RŻ,2024-10-28,obecność,133
1RŻ,2024-10-29,obecność,102
1RŻ,2024-10-30,obecność,103
1RŻ,2024-10-31,obecność,70
1RŻ,2024-11-04,obecność,122
1RŻ,2024-11-05,obecność,116
1RŻ,2024-11-06,obecność,103
1RŻ,2024-11-07,obecność,117
1RŻ,2024-11-08,obecność,97
1RŻ,2024-11-12,obecność,96
1RŻ,2024-11-13,obecność,112
1RŻ,2024-11-14,obecność,117
1RŻ,2024-11-15,obecność,65
1RŻ,2024-11-18,nieob. uspr. p.s.,96
1RŻ,2024-11-19,obecność,80
1RŻ,2024-11-20,obecność,96
1RŻ,2024-11-21,obecność,96
1RŻ,2024-11-22,obecność,65
1RŻ,2024-11-25,obecność,89
1RŻ,2024-11-26,obecność,105
1RŻ,2024-11-27,obecność,105
1RŻ,2024-11-28,obecność,80
1RŻ,2024-11-29,obecność,114
1RŻ,2024-12-02,obecność,120
1RŻ,2024-12-03,obecność,113
1RŻ,2024-12-04,obecność,103
1RŻ,2024-12-05,obecność,44
1RŻ,2024-12-06,obecność,106
1RŻ,2024-12-09,obecność,113
1RŻ,2024-12-10,obecność,100
1RŻ,2024-12-11,obecność,106
1RŻ,2024-12-12,obecność,96
1RŻ,2024-12-13,obecność,82
1RŻ,2024-12-16,obecność,119
1RŻ,2024-12-17,obecność,100
1RŻ,2024-12-18,obecność,79
1RŻ,2024-12-19,obecność,87
1RŻ,2024-12-20,obecność,81
1RŻ,2025-01-07,obecność,92
1RŻ,2025-01-08,obecność,107
1RŻ,2025-01-09,obecność,106
1RŻ,2025-01-10,obecność,93
1RŻ,2025-01-13,obecność,110
1RŻ,2025-01-14,obecność,93
1RŻ,2025-01-15,obecność,95
1RŻ,2025-01-16,obecność,101
1RŻ,2025-01-17,obecność,89
1RŻ,2025-01-20,obecność,61
1RŻ,2025-01-21,obecność,125
1RŻ,2025-01-22,obecność,100
1RŻ,2025-01-23,obecność,96
1RŻ,2025-01-24,nieobecność,38
1RŻ,2025-01-24,nieob. uspr. p.s.,30
1RŻ,2025-01-27,spóźnienie,3
1RŻ,2025-01-27,obecność,111
1RŻ,2025-01-28,obecność,85
1RŻ,2025-01-29,obecność,93
1RŻ,2025-01-30,obecność,87
1RŻ,2025-01-30,spóźnienie,4
1RŻ,2025-01-31,obecność,59
1RŻ,2025-02-17,obecność,97
1RŻ,2025-02-18,obecność,123
1RŻ,2025-02-19,obecność,107
1RŻ,2025-02-20,obecność,120
1RŻ,2025-02-21,obecność,59
1RŻ,2025-02-24,nieobecność,25
1RŻ,2025-02-25,obecność,111
1RŻ,2025-02-26,obecność,94
1RŻ,2025-02-27,obecność,103
1RŻ,2025-02-28,obecność,116
1RŻ,2025-02-28,nieobecność,9
1RŻ,2025-03-03,obecność,111
1RŻ,2025-03-04,obecność,95
1RŻ,2025-03-05,obecność,72
1RŻ,2025-03-06,obecność,89
1RŻ,2025-03-06,spóźnienie,6
1RŻ,2025-03-07,obecność,88
1RŻ,2025-03-07,nieobecność,21
1RŻ,2025-03-10,obecność,104
1RŻ,2025-03-10,nieob. uspraw.,21
1RŻ,2025-03-11,obecność,99
1RŻ,2025-03-11,spóźnienie,1
1RŻ,2025-03-12,obecność,60
1RŻ,2025-03-13,obecność,100
1RŻ,2025-03-14,obecność,107
1RŻ,2025-03-17,obecność,90
1RŻ,2025-03-18,obecność,113
1RŻ,2025-03-18,nieob. uspraw.,12
1RŻ,2025-03-19,obecność,90
1RŻ,2025-03-20,obecność,106
1RŻ,2025-03-21,nieobecność,35
1RŻ,2025-03-24,obecność,102
1RŻ,2025-03-25,obecność,104
1RŻ,2025-03-25,spóźnienie,2
1RŻ,2025-03-26,obecność,100
1RŻ,2025-03-27,obecność,131
1RŻ,2025-03-28,obecność,111
1RŻ,2025-03-28,nieobecność,18
1RŻ,2025-03-31,spóźnienie,2
1RŻ,2025-03-31,obecność,119
1RŻ,2025-04-01,nieob. uspraw.,44
1RŻ,2025-04-01,obecność,96
1RŻ,2025-04-02,obecność,86
1RŻ,2025-04-03,obecność,127
1RŻ,2025-04-04,obecność,67
1RŻ,2025-04-07,nieobecność,18
1RŻ,2025-04-07,obecność,107
1RŻ,2025-04-08,obecność,113
1RŻ,2025-04-08,spóźnienie,7
1RŻ,2025-04-09,obecność,101
1RŻ,2025-04-09,nieob. uspraw.,9
1RŻ,2025-04-10,obecność,76
1RŻ,2025-04-10,nieob. uspr. p.s.,27
1RŻ,2025-04-11,obecność,104
1RŻ,2025-04-14,spóźnienie,1
1RŻ,2025-04-14,obecność,82
1RŻ,2025-04-15,obecność,94
1RŻ,2025-04-16,obecność,76
1RŻ,2025-04-23,obecność,95
1RŻ,2025-04-23,spóźnienie,10
1RŻ,2025-04-24,obecność,104
1RŻ,2025-04-25,obecność,110
1RŻ,2025-04-28,nieob. uspraw.,9
1RŻ,2025-04-28,obecność,131
1RŻ,2025-04-29,obecność,114
1RŻ,2025-04-30,obecność,95
1RŻ,2025-04-30,nieob. uspraw.,33
1RŻ,2025-05-07,obecność,93
1RŻ,2025-05-08,obecność,76
1RŻ,2025-05-09,obecność,85
1RŻ,2025-05-12,obecność,93
1RŻ,2025-05-13,obecność,68
1RŻ,2025-05-14,obecność,86
1RŻ,2025-05-15,obecność,69
1RŻ,2025-05-16,obecność,71
1RŻ,2025-05-19,obecność,91
1RŻ,2025-05-19,,5
1RŻ,2025-05-20,obecność,97
1RŻ,2025-05-21,obecność,98
1RŻ,2025-05-22,obecność,102
1RŻ,2025-05-22,nieob. uspr. p.s.,13
1RŻ,2025-05-23,nieob. uspr. p.s.,119
1RŻ,2025-05-26,nieob. uspraw.,49
1RŻ,2025-05-27,obecność,94
1RŻ,2025-05-28,obecność,94
1RŻ,2025-05-28,nieob. uspraw.,25
1RŻ,2025-05-29,obecność,95
1RŻ,2025-05-29,spóźnienie,6
1RŻ,2025-05-29,nieobecność,3
1RŻ,2025-05-30,obecność,49
1RŻ,2025-05-30,nieobecność,13
1RŻ,2025-06-02,nieobecność,19
1RŻ,2025-06-03,nieobecność,11
1RŻ,2025-06-03,obecność,63
1RŻ,2025-06-04,obecność,116
1RŻ,2025-06-05,obecność,90
1RŻ,2025-06-06,obecność,85
1RŻ,2025-06-09,obecność,107
1RŻ,2025-06-10,spóźnienie,2
1RŻ,2025-06-10,obecność,76
1RŻ,2025-06-11,spóźnienie,3
1RŻ,2025-06-11,obecność,77
1RŻ,2024-09-05,spóźnienie,10
1RŻ,2024-09-10,spóźnienie,3
1RŻ,2024-09-12,nieobecność,8
1RŻ,2024-09-13,nieobecność,14
1RŻ,2024-09-16,nieobecność,11
1RŻ,2024-09-17,nieobecność,12
1RŻ,2024-09-18,nieobecność,10
1RŻ,2024-09-19,nieobecność,12
1RŻ,2024-09-20,nieobecność,14
1RŻ,2024-09-24,spóźnienie,2
1RŻ,2024-09-25,nieobecność,19
1RŻ,2024-09-25,spóźnienie,5
1RŻ,2024-09-26,nieobecność,6
1RŻ,2024-09-27,nieobecność,7
1RŻ,2024-09-30,nieobecność,16
1RŻ,2024-10-01,nieobecność,5
1RŻ,2024-10-01,spóźnienie,3
1RŻ,2024-10-02,spóźnienie,5
1RŻ,2024-10-04,nieobecność,18
1RŻ,2024-10-07,nieobecność,2
1RŻ,2024-10-08,spóźnienie,16
1RŻ,2024-10-08,nieobecność,4
1RŻ,2024-10-09,spóźnienie,4
1RŻ,2024-10-10,spóźnienie,7
1RŻ,2024-10-11,nieobecność,22
1RŻ,2024-10-11,,8
1RŻ,2024-10-15,nieob. uspr. p.s.,35
1RŻ,2024-10-15,nieob. uspraw.,8
1RŻ,2024-10-15,nieobecność,8
1RŻ,2024-10-16,spóźnienie,1
1RŻ,2024-10-17,spóźnienie,3
1RŻ,2024-10-18,nieobecność,10
1RŻ,2024-10-21,nieobecność,16
1RŻ,2024-10-22,nieobecność,15
1RŻ,2024-10-23,nieobecność,18
1RŻ,2024-10-24,nieobecność,9
1RŻ,2024-10-25,nieobecność,14
1RŻ,2024-10-29,nieobecność,10
1RŻ,2024-10-31,nieobecność,10
1RŻ,2024-11-04,nieobecność,5
1RŻ,2024-11-06,nieobecność,3
1RŻ,2024-11-06,spóźnienie,4
1RŻ,2024-11-08,nieobecność,30
1RŻ,2024-11-12,nieobecność,24
1RŻ,2024-11-14,nieobecność,7
1RŻ,2024-11-15,nieobecność,21
1RŻ,2024-11-18,nieobecność,32
1RŻ,2024-11-19,nieobecność,16
1RŻ,2024-11-19,spóźnienie,4
1RŻ,2024-11-20,nieobecność,4
1RŻ,2024-11-20,spóźnienie,5
1RŻ,2024-11-22,nieobecność,26
1RŻ,2024-11-25,spóźnienie,4
1RŻ,2024-11-25,nieobecność,15
1RŻ,2024-11-26,nieobecność,15
1RŻ,2024-11-27,nieob. uspr. p.s.,3
1RŻ,2024-11-28,nieobecność,2
1RŻ,2024-11-28,spóźnienie,3
1RŻ,2024-12-03,nieobecność,10
1RŻ,2024-12-05,nieobecność,38
1RŻ,2024-12-06,nieobecność,19
1RŻ,2024-12-09,nieobecność,23
1RŻ,2024-12-10,nieobecność,20
1RŻ,2024-12-11,nieobecność,19
1RŻ,2024-12-17,nieob. uspraw.,17
1RŻ,2024-12-18,nieob. uspraw.,26
1RŻ,2024-12-19,nieobecność,20
1RŻ,2024-12-20,nieobecność,16
1RŻ,2025-01-07,nieobecność,23
1RŻ,2025-01-08,spóźnienie,3
1RŻ,2025-01-09,nieobecność,7
1RŻ,2025-01-10,nieobecność,9
1RŻ,2025-01-13,nieobecność,10
1RŻ,2025-01-14,nieob. uspraw.,35
1RŻ,2025-01-14,nieobecność,2
1RŻ,2025-01-16,nieob. uspraw.,15
1RŻ,2025-01-17,nieobecność,9
1RŻ,2025-01-20,nieobecność,35
1RŻ,2025-01-21,nieobecność,5
1RŻ,2025-01-22,nieobecność,16
1RŻ,2025-01-27,nieob. uspraw.,8
1RŻ,2025-01-28,nieobecność,17
1RŻ,2025-01-29,nieobecność,14
1RŻ,2025-01-30,nieobecność,15
1RŻ,2025-01-31,nieobecność,13
1RŻ,2025-02-17,nieob. uspraw.,22
1RŻ,2025-02-18,nieobecność,9
1RŻ,2025-02-24,nieob. uspraw.,49
1RŻ,2025-02-25,nieob. uspraw.,20
1RŻ,2025-02-26,nieobecność,10
1RŻ,2025-02-26,spóźnienie,5
1RŻ,2025-02-27,nieobecność,1
1RŻ,2025-02-28,nieob. uspraw.,12
1RŻ,2025-03-03,nieob. uspraw.,9
1RŻ,2025-03-04,nieob. uspraw.,14
1RŻ,2025-03-05,nieobecność,20
1RŻ,2025-03-06,nieobecność,19
1RŻ,2025-03-11,nieob. uspraw.,27
1RŻ,2025-03-12,nieobecność,8
1RŻ,2025-03-13,nieobecność,12
1RŻ,2025-03-14,nieobecność,17
1RŻ,2025-03-17,nieobecność,22
1RŻ,2025-03-18,nieobecność,16
1RŻ,2025-03-19,nieobecność,9
1RŻ,2025-03-19,spóźnienie,4
1RŻ,2025-03-20,nieobecność,17
1RŻ,2025-03-24,nieobecność,3
1RŻ,2025-03-24,nieob. uspraw.,37
1RŻ,2025-03-25,nieobecność,19
1RŻ,2025-03-26,nieobecność,13
1RŻ,2025-03-31,nieob. uspr. p.s.,1
1RŻ,2025-03-31,nieobecność,4
1RŻ,2025-04-02,nieob. uspraw.,24
1RŻ,2025-04-04,nieobecność,13
1RŻ,2025-04-04,spóźnienie,4
1RŻ,2025-04-08,nieobecność,8
1RŻ,2025-04-09,nieobecność,10
1RŻ,2025-04-11,nieobecność,16
1RŻ,2025-04-14,nieobecność,18
1RŻ,2025-04-15,nieobecność,11
1RŻ,2025-04-16,nieobecność,13
1RŻ,2025-04-25,nieobecność,9
1RŻ,2025-04-28,nieobecność,4
1RŻ,2025-04-30,spóźnienie,3
1RŻ,2025-04-30,nieobecność,8
1RŻ,2025-05-07,spóźnienie,3
1RŻ,2025-05-07,nieobecność,35
1RŻ,2025-05-08,nieobecność,39
1RŻ,2025-05-09,nieobecność,29
1RŻ,2025-05-12,nieobecność,17
1RŻ,2025-05-13,nieobecność,13
1RŻ,2025-05-14,nieobecność,14
1RŻ,2025-05-15,nieobecność,19
1RŻ,2025-05-16,nieobecność,9
1RŻ,2025-05-19,nieobecność,16
1RŻ,2025-05-20,nieobecność,6
1RŻ,2025-05-21,nieobecność,22
1RŻ,2025-05-22,nieobecność,11
1RŻ,2025-05-26,nieobecność,16
1RŻ,2025-05-27,nieobecność,6
1RŻ,2025-05-28,nieobecność,11
1RŻ,2025-06-02,obecność,104
1RŻ,2025-06-04,nieobecność,11
1RŻ,2025-06-05,nieobecność,16
1RŻ,2025-06-06,nieobecność,12
1RŻ,2025-06-09,nieobecność,28
1RŻ,2025-06-10,nieobecność,22
1RŻ,2025-06-11,nieobecność,18
1RŻ,2025-06-12,nieobecność,25
1RŻ,2024-09-05,nieobecność,9
1RŻ,2024-09-09,nieobecność,3
1RŻ,2024-09-10,nieobecność,5
1RŻ,2024-09-11,nieobecność,19
1RŻ,2024-09-17,nieob. uspraw.,8
1RŻ,2024-09-18,nieob. uspraw.,13
1RŻ,2024-09-23,nieobecność,16
1RŻ,2024-09-24,nieobecność,7
1RŻ,2024-09-27,spóźnienie,2
1RŻ,2024-10-02,nieob. uspraw.,18
1RŻ,2024-10-03,nieobecność,12
1RŻ,2024-10-04,spóźnienie,3
1RŻ,2024-10-07,nieob. uspraw.,36
1RŻ,2024-10-09,nieobecność,1
1RŻ,2024-10-16,nieobecność,7
1RŻ,2024-10-29,nieob. uspraw.,8
1RŻ,2024-10-30,nieob. uspraw.,9
1RŻ,2024-10-31,nieob. uspraw.,50
1RŻ,2024-11-05,nieobecność,10
1RŻ,2024-11-07,nieobecność,9
1RŻ,2024-11-13,nieobecność,5
1RŻ,2024-11-21,nieobecność,10
1RŻ,2024-11-27,nieobecność,8
1RŻ,2024-11-29,nieobecność,12
1RŻ,2024-12-02,nieobecność,8
1RŻ,2024-12-04,nieobecność,14
1RŻ,2024-12-13,nieobecność,16
1RŻ,2024-12-17,nieobecność,16
1RŻ,2024-12-18,nieobecność,2
1RŻ,2025-01-08,nieobecność,12
1RŻ,2025-01-10,spóźnienie,2
1RŻ,2025-01-14,spóźnienie,6
1RŻ,2025-01-15,nieob. uspraw.,30
1RŻ,2025-01-23,nieobecność,4
1RŻ,2025-01-27,nieobecność,14
1RŻ,2025-02-17,nieobecność,17
1RŻ,2025-02-19,nieobecność,8
1RŻ,2025-02-20,nieobecność,11
1RŻ,2025-02-20,nieob. uspraw.,1
1RŻ,2025-02-21,nieobecność,20
1RŻ,2025-02-25,spóźnienie,1
1RŻ,2025-02-26,nieob. uspraw.,14
1RŻ,2025-02-27,nieob. uspraw.,12
1RŻ,2025-03-03,nieobecność,7
1RŻ,2025-03-04,nieobecność,11
1RŻ,2025-03-10,nieobecność,11
1RŻ,2025-03-11,nieobecność,6
1RŻ,2025-03-24,spóźnienie,1
1RŻ,2025-03-26,spóźnienie,1
1RŻ,2025-03-27,nieob. uspraw.,1
1RŻ,2025-04-01,spóźnienie,1
1RŻ,2025-04-01,nieobecność,4
1RŻ,2025-04-02,nieobecność,4
1RŻ,2025-04-03,nieobecność,5
1RŻ,2025-04-15,spóźnienie,7
1RŻ,2025-04-16,spóźnienie,5
1RŻ,2025-04-24,nieobecność,8
1RŻ,2025-04-29,nieob. uspraw.,7
1RŻ,2025-04-29,nieobecność,3
1RŻ,2025-06-13,nieobecność,7
1RŻ,2025-06-16,obecność,33
1RŻ,2025-06-16,nieobecność,7
1RŻ,2025-06-17,nieobecność,8
1RŻ,2025-06-18,nieobecność,8
1RŻ,2025-06-23,obecność,9
1RŻ,2025-06-23,nieobecność,63
1RŻ,2025-06-24,nieobecność,56
1RŻ,2025-06-25,nieobecność,64
1RŻ,2025-06-26,nieobecność,70
1RŻ,2025-06-27,nieob. uspr. p.s.,10
1RŻ,2025-06-27,,10
1RŻ,2024-09-20,obecność,33
1RŻ,2024-10-01,nieob. uspraw.,35
1RŻ,2024-10-08,nieob. uspr. p.s.,5
1RŻ,2024-10-10,nieob. uspraw.,1
1RŻ,2024-10-16,nieob. uspr. p.s.,6
1RŻ,2024-10-24,nieob. uspraw.,29
1RŻ,2024-10-25,nieob. uspraw.,20
1RŻ,2024-11-06,nieob. uspraw.,12
1RŻ,2024-11-19,nieob. uspraw.,38
1RŻ,2024-11-20,nieob. uspraw.,20
1RŻ,2024-11-21,nieob. uspraw.,26
1RŻ,2024-11-22,nieob. uspraw.,38
1RŻ,2024-11-28,nieob. uspr. p.s.,18
1RŻ,2024-12-02,nieob. uspraw.,8
1RŻ,2024-12-05,nieob. uspraw.,20
1RŻ,2024-12-19,nieob. uspraw.,16
1RŻ,2025-01-09,nieob. uspr. p.s.,7
1RŻ,2025-01-10,nieob. uspr. p.s.,3
1RŻ,2025-01-24,nieob. uspraw.,19
1RŻ,2025-01-28,nieob. uspraw.,18
1RŻ,2025-02-18,nieob. uspr. p.s.,6
1RŻ,2025-02-24,obecność,62
1RŻ,2025-03-06,nieob. uspraw.,17
1RŻ,2025-03-12,nieob. uspraw.,36
1RŻ,2025-03-17,nieob. uspraw.,30
1RŻ,2025-03-18,nieob. uspr. p.s.,3
1RŻ,2025-03-21,obecność,36
1RŻ,2025-03-21,nieob. uspr. p.s.,39
1RŻ,2025-03-28,nieob. uspraw.,16
1RŻ,2025-03-31,nieob. uspraw.,18
1RŻ,2025-04-03,nieob. uspraw.,8
1RŻ,2025-04-04,nieob. uspraw.,18
1RŻ,2025-04-07,nieob. uspraw.,18
1RŻ,2025-04-08,nieob. uspraw.,13
1RŻ,2025-04-10,nieob. uspraw.,35
1RŻ,2025-04-11,nieob. uspraw.,25
1RŻ,2025-04-14,nieob. uspraw.,34
1RŻ,2025-05-13,nieob. uspraw.,18
1RŻ,2025-05-15,nieob. uspraw.,28
1RŻ,2025-05-26,obecność,70
1RŻ,2025-05-28,nieob. uspr. p.s.,3
1RŻ,2025-05-30,nieob. uspraw.,29
1RŻ,2025-06-03,nieob. uspraw.,22
1RŻ,2025-06-12,obecność,41
1RŻ,2025-06-13,obecność,31
1RŻ,2025-06-13,nieob. uspraw.,29
1RŻ,2025-06-17,obecność,31
1RŻ,2025-06-17,nieob. uspraw.,23
1RŻ,2025-06-18,nieob. uspraw.,64
1RŻ,2024-09-11,nieob. uspraw.,29
1RŻ,2024-09-12,nieob. uspraw.,10
1RŻ,2024-09-20,nieob. uspraw.,21
1RŻ,2024-09-24,nieob. uspraw.,12
1RŻ,2024-10-02,nieobecność,5
1RŻ,2024-10-04,nieob. uspraw.,15
1RŻ,2024-10-21,nieob. uspraw.,17
1RŻ,2024-10-23,nieob. uspraw.,22
1RŻ,2024-11-15,nieob. uspraw.,33
1RŻ,2025-01-20,nieob. uspraw.,31
1RŻ,2025-01-31,nieob. uspraw.,34
1RŻ,2025-03-07,nieob. uspraw.,28
1RŻ,2025-03-20,nieob. uspr. p.s.,10
1RŻ,2025-04-24,nieob. uspraw.,26
1RŻ,2025-05-12,nieob. uspraw.,34
1RŻ,2025-05-14,nieob. uspraw.,16
1RŻ,2025-05-16,nieob. uspraw.,21
1RŻ,2025-05-20,nieob. uspr. p.s.,6
1RŻ,2025-05-22,nieob. uspraw.,6
1RŻ,2025-05-27,nieob. uspraw.,25
1RŻ,2025-05-29,nieob. uspraw.,11
1RŻ,2025-06-02,nieob. uspraw.,13
1RŻ,2025-06-03,nieob. uspr. p.s.,5
1RŻ,2025-06-05,nieob. uspraw.,11
1RŻ,2025-06-06,nieob. uspraw.,8
1RŻ,2025-06-10,nieob. uspr. p.s.,8
1RŻ,2025-06-11,nieob. uspraw.,25
1RŻ,2025-06-12,nieob. uspraw.,15
1RŻ,2025-06-12,nieob. uspr. p.s.,2
1RŻ,2025-06-16,nieob. uspraw.,40
1RŻ,2024-09-13,nieob. uspraw.,12
1RŻ,2024-09-30,nieob. uspraw.,16
1RŻ,2024-10-03,nieob. uspraw.,21
1RŻ,2024-10-18,nieob. uspraw.,15
1RŻ,2024-11-14,nieob. uspraw.,8
1RŻ,2024-11-18,nieob. uspraw.,15
1RŻ,2024-11-25,nieob. uspraw.,28
1RŻ,2024-11-26,nieob. uspraw.,15
1RŻ,2024-11-27,nieob. uspraw.,9
1RŻ,2024-11-28,nieob. uspraw.,13
1RŻ,2024-11-29,spóźnienie,1
1RŻ,2024-12-20,nieob. uspraw.,31
1RŻ,2025-01-07,nieob. uspraw.,21
1RŻ,2025-01-13,nieob. uspraw.,16
1RŻ,2025-02-21,nieob. uspraw.,5
1RŻ,2025-03-17,spóźnienie,2
1RŻ,2025-03-26,nieob. uspraw.,2
1RŻ,2025-04-23,nieob. uspraw.,16
1RŻ,2025-04-25,nieob. uspraw.,26
1RŻ,2025-06-06,spóźnienie,3
1RŻ,2024-10-11,nieob. uspraw.,7
1RŻ,2024-10-30,spóźnienie,1
1RŻ,2024-10-30,nieob. uspr. p.s.,2
1RŻ,2024-10-31,nieob. uspr. p.s.,2
1RŻ,2024-12-05,nieob. uspr. p.s.,3
1RŻ,2024-12-06,nieob. uspraw.,4
1RŻ,2024-12-17,nieob. uspr. p.s.,3
1RŻ,2025-01-31,spóźnienie,2
1RŻ,2025-02-28,nieob. uspr. p.s.,1
1RŻ,2025-03-05,nieob. uspr. p.s.,4
1RŻ,2025-03-06,nieob. uspr. p.s.,1
1RŻ,2025-03-07,nieob. uspr. p.s.,6
1RŻ,2025-03-12,nieob. uspr. p.s.,7
1RŻ,2025-03-13,nieob. uspraw.,8
1RŻ,2025-03-13,nieob. uspr. p.s.,1
1RŻ,2025-03-26,nieob. uspr. p.s.,5
1RŻ,2025-03-27,nieob. uspr. p.s.,4
1RŻ,2025-04-04,nieob. uspr. p.s.,12
1RŻ,2025-04-16,nieob. uspraw.,27
1RŻ,2025-04-24,nieob. uspr. p.s.,2
1RŻ,2025-04-29,nieob. uspr. p.s.,8
1RŻ,2025-05-07,nieob. uspraw.,8
1RŻ,2025-05-08,nieob. uspraw.,5
1RŻ,2025-05-08,nieob. uspr. p.s.,1
1RŻ,2025-05-09,nieob. uspraw.,5
1RŻ,2024-09-09,nieob. uspraw.,12
1RŻ,2024-09-10,nieob. uspraw.,8
1RŻ,2024-10-25,nieob. uspr. p.s.,1
1RŻ,2024-11-18,obecność,1
1RŻ,2024-11-29,nieob. uspraw.,2
1RŻ,2024-12-03,nieob. uspraw.,14
1RŻ,2024-12-04,nieob. uspraw.,8
1RŻ,2024-12-12,nieob. uspraw.,6
1RŻ,2024-12-13,nieob. uspraw.,13
1RŻ,2024-12-16,nieob. uspraw.,9
1RŻ,2025-01-08,nieob. uspraw.,12
1RŻ,2025-01-09,nieob. uspraw.,12
1RŻ,2025-01-10,nieob. uspraw.,22
1RŻ,2025-01-21,nieob. uspraw.,7
1RŻ,2025-03-14,nieob. uspraw.,9
1RŻ,2025-03-19,nieob. uspraw.,18
1RŻ,2025-03-21,nieob. uspraw.,35
1RŻ,2025-04-15,nieob. uspraw.,14
1RŻ,2024-09-05,nieob. uspraw.,16
1RŻ,2024-09-06,nieob. uspraw.,12
1RŻ,2024-09-23,nieob. uspraw.,9
1RŻ,2024-09-25,nieob. uspraw.,7
1RŻ,2024-10-22,nieob. uspraw.,18
1RŻ,2024-10-30,spóźn. uspr.,1
1RŻ,2024-11-06,nieob. uspr. p.s.,3
1RŻ,2024-11-07,nieob. uspr. p.s.,1
1RŻ,2024-11-13,nieob. uspr. p.s.,8
1RŻ,2025-01-14,zwolniony,2
1RŻ,2025-01-17,nieob. uspraw.,31
1RŻ,2025-01-22,nieob. uspr. p.s.,1
1RŻ,2025-01-29,nieob. uspraw.,9
1RŻ,2025-01-30,nieob. uspraw.,17
1RŻ,2025-03-24,nieob. uspr. p.s.,1
1RŻ,2025-03-25,nieob. uspr. p.s.,3
1RŻ,2025-03-25,nieob. uspraw.,17
1RŻ,2025-04-07,nieob. uspr. p.s.,1
1RŻ,2025-04-30,nieob. uspr. p.s.,2
1RŻ,2025-05-14,nieob. uspr. p.s.,2
1RŻ,2025-05-19,nieob. uspraw.,24
1RŻ,2025-05-20,nieob. uspraw.,8
1RŻ,2025-05-26,nieob. uspr. p.s.,1
1RŻ,2025-05-27,nieob. uspr. p.s.,1
1RŻ,2025-05-28,spóźnienie,1
1RŻ,2025-05-29,nieob. uspr. p.s.,1
1RŻ,2025-06-09,nieob. uspr. p.s.,1
1RŻ,2025-06-11,nieob. uspr. p.s.,2
1RŻ,2024-09-12,spóźnienie,3
1RŻ,2024-09-17,nieob. uspr. p.s.,2
1RŻ,2024-09-18,spóźnienie,4
1RŻ,2024-09-23,spóźnienie,2
1RŻ,2024-09-26,nieob. uspraw.,1
1RŻ,2024-11-07,nieob. uspraw.,3
1RŻ,2025-01-24,obecność,15
1RŻ,2025-03-20,nieob. uspraw.,7
1RŻ,2025-03-27,nieobecność,4
1RŻ,2025-06-04,nieob. uspraw.,16
1RŻ,2024-10-17,nieobecność,8
1RŻ,2024-12-03,zwolniony,1
1RŻ,2025-04-08,nieob. uspr. p.s.,4
1RŻ,2025-04-10,nieobecność,2
1RŻ,2025-05-21,nieob. uspraw.,7
1RŻ,2025-05-30,spóźnienie,1
1RŻ,2024-09-17,spóźnienie,3
1RŻ,2024-10-10,nieobecność,1
1RŻ,2024-11-26,spóźnienie,3
1RŻ,2024-12-12,nieobecność,3
1RŻ,2024-12-16,nieobecność,8
1RŻ,2025-02-25,nieobecność,6
1RŻ,2025-05-07,nieob. uspr. p.s.,2
1RŻ,2024-09-27,nieob. uspraw.,13
1RŻ,2024-09-30,spóźnienie,2
1RŻ,2024-11-04,nieob. uspraw.,8
1RŻ,2024-12-17,spóźnienie,2
1RŻ,2025-01-07,spóźnienie,2
1RŻ,2025-01-21,spóźnienie,1
1RŻ,2025-04-09,spóźnienie,1
1RŻ,2024-09-19,nieob. uspraw.,7
1RŻ,2024-10-23,spóźnienie,1
1RŻ,2024-11-04,spóźnienie,1
1RŻ,2024-11-15,spóźnienie,1
1RŻ,2025-01-22,nieob. uspraw.,8
1RŻ,2025-01-23,nieob. uspraw.,5
1RŻ,2025-03-05,nieob. uspraw.,11
1RŻ,2025-03-18,spóźnienie,1
1RŻ,2025-02-26,nieob. uspr. p.s.,2
1RŻ,2025-06-18,obecność,8
1RŻ,2024-11-07,spóźnienie,2
1RŻ,2024-12-20,nieob. uspr. p.s.,1
1RŻ,2025-02-19,nieob. uspr. p.s.,1
1RŻ,2025-06-23,nieob. uspraw.,8
1RŻ,2025-06-24,nieob. uspraw.,6
1RŻ,2025-06-25,nieob. uspraw.,8
1RŻ,2025-06-26,nieob. uspraw.,7
1RŻ,2024-09-03,zwolniony,1
1RŻ,2024-09-05,zwolniony,1
1RŻ,2024-09-06,nieobecność,7
1RŻ,2024-10-28,nieob. uspraw.,3
1RŻ,2025-06-25,obecność,8
1RŻ,2024-10-16,nieob. uspraw.,6
1RŻ,2024-11-08,nieob. uspraw.,2
1TMR,2025-06-12,obecność,93
1TMR,2025-06-12,nieobecność,11
1TMR,2025-06-13,nieob. uspr. p.s.,102
1TMR,2025-06-13,nieobecność,2
1TMR,2025-06-16,obecność,42
1TMR,2025-06-17,nieob. uspraw.,103
1TMR,2025-06-18,nieob. uspraw.,112
1TMR,2025-06-23,nieob. uspraw.,98
1TMR,2025-06-24,nieob. uspraw.,128
1TMR,2025-06-25,nieob. uspraw.,133
1TMR,2025-06-26,nieob. uspraw.,128
1TMR,2025-06-27,obecność,144
1TMR,2024-09-02,obecność,171
1TMR,2024-09-03,obecność,114
1TMR,2024-09-04,obecność,133
1TMR,2024-09-05,obecność,152
1TMR,2024-09-06,obecność,138
1TMR,2024-09-09,obecność,127
1TMR,2024-09-10,obecność,97
1TMR,2024-09-11,obecność,106
1TMR,2024-09-12,obecność,115
1TMR,2024-09-13,obecność,100
1TMR,2024-09-13,nieob. uspraw.,35
1TMR,2024-09-16,obecność,98
1TMR,2024-09-16,zwolniony,8
1TMR,2024-09-17,obecność,109
1TMR,2024-09-17,nieobecność,1
1TMR,2024-09-18,obecność,92
1TMR,2024-09-18,nieobecność,1
1TMR,2024-09-19,obecność,105
1TMR,2024-09-20,nieob. uspr. p.s.,128
1TMR,2024-09-23,nieob. uspraw.,30
1TMR,2024-09-24,nieob. uspraw.,21
1TMR,2024-09-25,obecność,108
1TMR,2024-09-26,obecność,126
1TMR,2024-09-27,obecność,127
1TMR,2024-09-30,obecność,127
1TMR,2024-10-01,obecność,132
1TMR,2024-10-02,obecność,118
1TMR,2024-10-03,obecność,111
1TMR,2024-10-04,obecność,125
1TMR,2024-10-04,nieob. uspraw.,2
1TMR,2024-10-07,obecność,83
1TMR,2024-10-07,nieobecność,1
1TMR,2024-10-08,obecność,112
1TMR,2024-10-09,obecność,118
1TMR,2024-10-10,obecność,88
1TMR,2024-10-10,nieob. uspr. p.s.,2
1TMR,2024-10-10,nieobecność,1
1TMR,2024-10-11,obecność,111
1TMR,2024-10-15,nieob. uspraw.,25
1TMR,2024-10-16,obecność,117
1TMR,2024-10-17,obecność,89
1TMR,2024-10-18,obecność,91
1TMR,2024-10-18,nieobecność,1
1TMR,2024-10-21,obecność,116
1TMR,2024-10-22,obecność,128
1TMR,2024-10-22,spóźnienie,1
1TMR,2024-10-22,nieobecność,2
1TMR,2024-10-23,obecność,93
1TMR,2024-10-23,nieob. uspraw.,22
1TMR,2024-10-24,obecność,112
1TMR,2024-10-24,nieobecność,1
1TMR,2024-10-25,obecność,110
1TMR,2024-10-28,obecność,118
1TMR,2024-10-28,nieobecność,1
1TMR,2024-10-29,obecność,131
1TMR,2024-10-30,obecność,88
1TMR,2024-10-30,nieob. uspr. p.s.,3
1TMR,2024-10-30,nieobecność,3
1TMR,2024-10-31,nieobecność,10
1TMR,2024-11-04,nieob. uspraw.,8
1TMR,2024-11-05,nieob. uspraw.,9
1TMR,2024-11-06,nieob. uspraw.,7
1TMR,2024-11-07,nieob. uspraw.,13
1TMR,2024-11-08,nieob. uspraw.,21
1TMR,2024-11-12,nieob. uspraw.,24
1TMR,2024-11-12,obecność,100
1TMR,2024-11-12,nieobecność,3
1TMR,2024-11-13,obecność,106
1TMR,2024-11-14,obecność,87
1TMR,2024-11-15,nieob. uspraw.,25
1TMR,2024-11-18,obecność,94
1TMR,2024-11-19,obecność,108
1TMR,2024-11-20,obecność,91
1TMR,2024-11-21,obecność,87
1TMR,2024-11-22,obecność,101
1TMR,2024-11-22,nieobecność,3
1TMR,2024-11-25,obecność,103
1TMR,2024-11-26,obecność,115
1TMR,2024-11-27,obecność,114
1TMR,2024-11-28,obecność,94
1TMR,2024-11-29,obecność,86
1TMR,2024-11-29,nieobecność,3
1TMR,2024-12-02,obecność,116
1TMR,2024-12-02,nieobecność,2
1TMR,2024-12-03,obecność,125
1TMR,2024-12-04,obecność,117
1TMR,2024-12-05,obecność,105
1TMR,2024-12-05,spóźnienie,1
1TMR,2024-12-06,obecność,99
1TMR,2024-12-06,nieobecność,5
1TMR,2024-12-06,spóźnienie,1
1TMR,2024-12-09,nieobecność,9
1TMR,2024-12-10,nieobecność,8
1TMR,2024-12-11,obecność,85
1TMR,2024-12-12,obecność,67
1TMR,2024-12-12,spóźnienie,2
1TMR,2024-12-13,spóźnienie,3
1TMR,2024-12-13,obecność,73
1TMR,2024-12-13,nieobecność,2
1TMR,2024-12-16,obecność,96
1TMR,2024-12-16,nieobecność,1
1TMR,2024-12-17,obecność,106
1TMR,2024-12-18,nieob. uspraw.,27
1TMR,2024-12-19,nieob. uspraw.,23
1TMR,2024-12-20,nieob. uspraw.,15
1TMR,2025-01-07,obecność,82
1TMR,2025-01-08,obecność,85
1TMR,2025-01-08,nieobecność,6
1TMR,2025-01-08,spóźnienie,5
1TMR,2025-01-09,obecność,82
1TMR,2025-01-10,obecność,88
1TMR,2025-01-10,spóźnienie,1
1TMR,2025-01-13,obecność,87
1TMR,2025-01-14,obecność,95
1TMR,2025-01-15,obecność,101
1TMR,2025-01-15,nieobecność,4
1TMR,2025-01-16,obecność,113
1TMR,2025-01-16,nieobecność,3
1TMR,2025-01-17,nieobecność,7
1TMR,2025-01-20,obecność,103
1TMR,2025-01-21,obecność,114
1TMR,2025-01-22,obecność,119
1TMR,2025-01-23,obecność,81
1TMR,2025-01-23,nieob. uspr. p.s.,16
1TMR,2025-01-24,nieobecność,21
1TMR,2025-01-27,nieob. uspraw.,22
1TMR,2025-01-28,obecność,93
1TMR,2025-01-28,spóźnienie,1
1TMR,2025-01-29,obecność,57
1TMR,2025-01-29,nieobecność,2
1TMR,2025-01-30,obecność,61
1TMR,2025-01-30,nieobecność,3
1TMR,2025-01-31,obecność,48
1TMR,2025-01-31,nieob. uspraw.,79
1TMR,2025-02-17,obecność,103
1TMR,2025-02-17,nieobecność,2
1TMR,2025-02-18,obecność,123
1TMR,2025-02-19,obecność,90
1TMR,2025-02-20,obecność,101
1TMR,2025-02-21,nieobecność,8
1TMR,2025-02-24,obecność,105
1TMR,2025-02-25,obecność,106
1TMR,2025-02-26,obecność,81
1TMR,2025-02-26,spóźnienie,3
1TMR,2025-02-26,nieobecność,4
1TMR,2025-02-27,obecność,114
1TMR,2025-02-28,obecność,84
1TMR,2025-02-28,nieobecność,2
1TMR,2025-03-03,obecność,75
1TMR,2025-03-04,nieob. uspraw.,51
1TMR,2025-03-05,obecność,59
1TMR,2025-03-05,nieobecność,1
1TMR,2025-03-06,obecność,58
1TMR,2025-03-07,nieob. uspraw.,79
1TMR,2025-03-10,obecność,88
1TMR,2025-03-11,obecność,101
1TMR,2025-03-12,obecność,82
1TMR,2025-03-13,obecność,114
1TMR,2025-03-14,obecność,118
1TMR,2025-03-14,nieobecność,1
1TMR,2025-03-17,obecność,101
1TMR,2025-03-17,nieobecność,1
1TMR,2025-03-18,nieobecność,6
1TMR,2025-03-18,obecność,116
1TMR,2025-03-19,obecność,80
1TMR,2025-03-20,obecność,100
1TMR,2025-03-20,spóźnienie,2
1TMR,2025-03-20,nieobecność,1
1TMR,2025-03-21,nieobecność,6
1TMR,2025-03-24,nieobecność,7
1TMR,2025-03-24,obecność,97
1TMR,2025-03-25,obecność,121
1TMR,2025-03-26,obecność,94
1TMR,2025-03-26,nieobecność,2
1TMR,2025-03-27,obecność,113
1TMR,2025-03-27,nieobecność,2
1TMR,2025-03-28,nieobecność,7
1TMR,2025-03-31,obecność,104
1TMR,2025-04-01,obecność,122
1TMR,2025-04-02,obecność,77
1TMR,2025-04-03,obecność,122
1TMR,2025-04-04,obecność,93
1TMR,2025-04-04,spóźnienie,2
1TMR,2025-04-07,obecność,103
1TMR,2025-04-07,nieobecność,1
1TMR,2025-04-08,obecność,105
1TMR,2025-04-08,nieobecność,1
1TMR,2025-04-09,obecność,95
1TMR,2025-04-09,nieobecność,1
1TMR,2025-04-10,obecność,106
1TMR,2025-04-10,nieobecność,1
1TMR,2025-04-11,nieobecność,4
1TMR,2025-04-11,obecność,85
1TMR,2025-04-14,obecność,95
1TMR,2025-04-14,spóźnienie,1
1TMR,2025-04-15,obecność,106
1TMR,2025-04-16,nieobecność,5
1TMR,2025-04-23,nieobecność,2
1TMR,2025-04-23,obecność,81
1TMR,2025-04-24,obecność,110
1TMR,2025-04-24,nieobecność,2
1TMR,2025-04-25,obecność,100
1TMR,2025-04-25,nieobecność,1
1TMR,2025-04-28,obecność,98
1TMR,2025-04-29,obecność,83
1TMR,2025-04-29,nieobecność,3
1TMR,2025-04-30,obecność,100
1TMR,2025-04-30,spóźnienie,1
1TMR,2025-05-07,nieob. uspraw.,40
1TMR,2025-05-08,nieob. uspraw.,30
1TMR,2025-05-09,nieob. uspraw.,33
1TMR,2025-05-12,obecność,111
1TMR,2025-05-13,obecność,103
1TMR,2025-05-13,zwolniony,4
1TMR,2025-05-14,obecność,105
1TMR,2025-05-15,obecność,83
1TMR,2025-05-16,obecność,89
1TMR,2025-05-16,spóźnienie,1
1TMR,2025-05-19,obecność,76
1TMR,2025-05-19,nieobecność,1
1TMR,2025-05-20,obecność,111
1TMR,2025-05-21,obecność,89
1TMR,2025-05-22,obecność,94
1TMR,2025-05-23,nieob. uspr. p.s.,101
1TMR,2025-05-26,spóźnienie,1
1TMR,2025-05-26,obecność,167
1TMR,2025-05-27,obecność,101
1TMR,2025-05-27,nieobecność,10
1TMR,2025-05-28,obecność,78
1TMR,2025-05-29,obecność,89
1TMR,2025-05-29,spóźnienie,4
1TMR,2025-05-29,nieobecność,11
1TMR,2025-05-30,nieobecność,14
1TMR,2025-06-02,nieobecność,7
1TMR,2025-06-03,nieobecność,7
1TMR,2025-06-04,spóźnienie,3
1TMR,2025-06-04,obecność,96
1TMR,2025-06-04,nieobecność,1
1TMR,2025-06-05,obecność,90
1TMR,2025-06-05,spóźnienie,2
1TMR,2025-06-06,obecność,82
1TMR,2025-06-06,spóźnienie,2
1TMR,2025-06-06,nieobecność,10
1TMR,2025-06-09,nieob. uspraw.,37
1TMR,2025-06-10,nieobecność,11
1TMR,2025-06-10,obecność,85
1TMR,2025-06-11,obecność,59
1TMR,2025-06-12,nieob. uspraw.,26
1TMR,2025-06-13,nieob. uspraw.,37
1TMR,2025-06-16,nieob. uspraw.,77
1TMR,2025-06-17,nieobecność,11
1TMR,2025-06-18,nieobecność,7
1TMR,2024-09-23,obecność,97
1TMR,2024-09-24,obecność,105
1TMR,2024-10-15,obecność,65
1TMR,2024-10-21,nieob. uspraw.,4
1TMR,2024-10-31,obecność,30
1TMR,2024-11-04,obecność,105
1TMR,2024-11-05,obecność,107
1TMR,2024-11-06,obecność,112
1TMR,2024-11-07,obecność,101
1TMR,2024-11-08,obecność,101
1TMR,2024-11-08,nieob. uspr. p.s.,5
1TMR,2024-11-12,nieob. uspr. p.s.,4
1TMR,2024-11-14,nieob. uspraw.,15
1TMR,2024-11-18,nieob. uspraw.,26
1TMR,2024-11-19,nieob. uspraw.,23
1TMR,2024-11-20,nieob. uspraw.,28
1TMR,2024-11-21,nieob. uspraw.,27
1TMR,2024-11-22,nieob. uspraw.,22
1TMR,2024-12-09,obecność,95
1TMR,2024-12-10,obecność,89
1TMR,2024-12-18,obecność,75
1TMR,2024-12-19,obecność,108
1TMR,2024-12-20,obecność,108
1TMR,2025-01-13,nieob. uspraw.,31
1TMR,2025-01-14,nieob. uspraw.,19
1TMR,2025-01-15,nieob. uspraw.,14
1TMR,2025-01-16,nieob. uspraw.,15
1TMR,2025-01-17,nieob. uspraw.,22
1TMR,2025-01-24,obecność,64
1TMR,2025-01-27,obecność,97
1TMR,2025-02-21,obecność,80
1TMR,2025-03-04,obecność,79
1TMR,2025-03-05,nieob. uspraw.,42
1TMR,2025-03-06,nieob. uspraw.,70
1TMR,2025-03-10,nieob. uspraw.,32
1TMR,2025-03-17,nieob. uspraw.,24
1TMR,2025-03-18,nieob. uspraw.,8
1TMR,2025-03-19,nieob. uspraw.,5
1TMR,2025-03-20,nieob. uspraw.,10
1TMR,2025-03-21,nieob. uspraw.,86
1TMR,2025-03-25,nieob. uspraw.,10
1TMR,2025-03-28,obecność,112
1TMR,2025-04-10,nieob. uspraw.,24
1TMR,2025-04-11,nieob. uspraw.,38
1TMR,2025-04-14,nieob. uspraw.,15
1TMR,2025-04-15,nieob. uspraw.,25
1TMR,2025-04-16,nieob. uspraw.,17
1TMR,2025-05-07,obecność,90
1TMR,2025-05-08,obecność,92
1TMR,2025-05-09,obecność,100
1TMR,2025-05-28,nieob. uspraw.,34
1TMR,2025-05-29,nieob. uspraw.,23
1TMR,2025-05-30,nieob. uspraw.,48
1TMR,2025-06-02,obecność,77
1TMR,2025-06-03,obecność,88
1TMR,2025-06-09,obecność,75
1TMR,2025-06-10,zwolniony,7
1TMR,2025-06-11,nieobecność,6
1TMR,2024-09-17,nieob. uspraw.,28
1TMR,2024-09-18,nieob. uspraw.,27
1TMR,2024-09-19,nieob. uspraw.,21
1TMR,2024-09-20,nieob. uspraw.,7
1TMR,2024-10-01,nieob. uspr. p.s.,2
1TMR,2024-10-15,nieob. uspr. p.s.,12
1TMR,2024-10-28,nieob. uspraw.,1
1TMR,2024-11-15,obecność,84
1TMR,2024-12-06,nieob. uspraw.,22
1TMR,2024-12-09,nieob. uspraw.,15
1TMR,2024-12-10,nieob. uspraw.,17
1TMR,2024-12-11,nieob. uspraw.,32
1TMR,2024-12-12,nieob. uspraw.,27
1TMR,2024-12-13,nieob. uspraw.,47
1TMR,2024-12-16,nieob. uspraw.,23
1TMR,2025-01-07,nieob. uspraw.,32
1TMR,2025-01-08,nieob. uspraw.,21
1TMR,2025-01-09,nieob. uspraw.,18
1TMR,2025-01-10,nieob. uspraw.,37
1TMR,2025-01-13,spóźnienie,2
1TMR,2025-01-17,obecność,98
1TMR,2025-01-20,nieob. uspraw.,17
1TMR,2025-02-20,nieob. uspraw.,13
1TMR,2025-02-21,nieob. uspraw.,15
1TMR,2025-03-03,nieob. uspraw.,45
1TMR,2025-03-24,spóźnienie,1
1TMR,2025-03-31,nieob. uspraw.,16
1TMR,2025-04-16,obecność,59
1TMR,2025-06-10,nieob. uspraw.,23
1TMR,2024-09-11,nieob. uspraw.,20
1TMR,2024-10-01,nieob. uspraw.,1
1TMR,2024-10-01,spóźn. uspr.,1
1TMR,2024-10-17,nieob. uspraw.,13
1TMR,2024-10-18,nieob. uspraw.,35
1TMR,2024-10-23,nieob. uspr. p.s.,2
1TMR,2024-10-24,spóźnienie,1
1TMR,2024-10-31,nieob. uspraw.,45
1TMR,2024-11-22,spóźnienie,1
1TMR,2024-11-25,nieob. uspraw.,17
1TMR,2024-11-26,nieob. uspraw.,14
1TMR,2024-11-29,nieob. uspraw.,37
1TMR,2024-12-05,nieob. uspraw.,8
1TMR,2024-12-13,spóźn. uspr.,2
1TMR,2025-01-23,nieob. uspraw.,16
1TMR,2025-01-24,nieob. uspraw.,25
1TMR,2025-01-27,spóźnienie,1
1TMR,2025-01-30,nieob. uspraw.,21
1TMR,2025-02-17,spóźn. uspr.,1
1TMR,2025-02-24,nieob. uspraw.,15
1TMR,2025-02-25,nieob. uspraw.,25
1TMR,2025-03-14,zwolniony,1
1TMR,2025-03-27,nieob. uspraw.,16
1TMR,2025-04-03,nieobecność,1
1TMR,2025-04-08,nieob. uspraw.,6
1TMR,2025-04-09,nieob. uspraw.,6
1TMR,2025-04-23,nieob. uspraw.,19
1TMR,2025-04-28,nieob. uspraw.,14
1TMR,2025-04-30,nieob. uspraw.,29
1TMR,2025-05-09,nieobecność,2
1TMR,2025-05-19,nieob. uspraw.,35
1TMR,2025-05-20,nieob. uspraw.,16
1TMR,2025-05-27,nieob. uspraw.,16
1TMR,2025-05-30,obecność,44
1TMR,2025-06-02,nieob. uspraw.,28
1TMR,2025-06-05,spóźn. uspr.,1
1TMR,2025-06-06,nieob. uspraw.,20
1TMR,2024-11-29,zwolniony,1
1TMR,2024-12-09,spóźnienie,1
1TMR,2025-01-10,zwolniony,1
1TMR,2024-10-03,nieob. uspraw.,1
1TMR,2025-01-29,nieob. uspraw.,26
1TMR,2025-03-07,obecność,48
1TMR,2025-04-14,zwolniony,8
1TMR,2025-05-15,nieob. uspraw.,10
1TMR,2025-05-16,nieob. uspraw.,12
1TMR,2025-05-30,zwolniony,13
1TMR,2025-06-11,nieob. uspraw.,20
1TMR,2025-06-12,zwolniony,3
1TMR,2024-12-02,nieob. uspraw.,9
1TMR,2024-12-03,spóźnienie,4
1TMR,2024-12-11,nieobecność,2
1TMR,2025-02-21,spóźnienie,3
1TMR,2025-02-28,nieob. uspraw.,41
1TMR,2025-03-14,nieob. uspraw.,7
1TMR,2025-03-24,nieob. uspraw.,22
1TMR,2025-04-01,nieob. uspraw.,5
1TMR,2025-04-01,spóźnienie,2
1TMR,2025-04-02,nieob. uspraw.,7
1TMR,2025-04-07,nieob. uspraw.,16
1TMR,2025-04-25,nieob. uspraw.,26
1TMR,2025-04-29,nieob. uspraw.,21
1TMR,2025-05-12,nieob. uspraw.,1
1TMR,2025-05-13,nieobecność,3
1TMR,2025-05-23,nieob. uspraw.,1
1TMR,2025-06-10,spóźnienie,1
1TMR,2025-06-17,obecność,28
1TMR,2025-06-27,nieobecność,8
1TMR,2024-09-12,nieob. uspraw.,23
1TMR,2024-10-03,zwolniony,2
1TMR,2024-10-07,nieob. uspraw.,36
1TMR,2024-10-23,nieobecność,2
1TMR,2024-11-05,nieob. uspr. p.s.,3
1TMR,2024-11-13,nieob. uspraw.,6
1TMR,2024-11-27,nieob. uspraw.,5
1TMR,2024-11-28,nieob. uspraw.,20
1TMR,2024-12-03,nieob. uspraw.,2
1TMR,2025-01-08,spóźn. uspr.,1
1TMR,2025-01-09,zwolniony,2
1TMR,2025-01-23,zwolniony,2
1TMR,2025-01-28,spóźn. uspr.,1
1TMR,2025-01-28,nieob. uspraw.,20
1TMR,2025-02-19,nieob. uspraw.,10
1TMR,2025-02-21,zwolniony,4
1TMR,2025-03-11,nieob. uspraw.,1
1TMR,2025-03-17,zwolniony,1
1TMR,2025-04-04,nieob. uspraw.,15
1TMR,2025-04-14,nieob. uspr. p.s.,1
1TMR,2025-04-16,zwolniony,4
1TMR,2025-04-24,nieob. uspraw.,17
1TMR,2025-05-14,nieob. uspraw.,14
1TMR,2025-06-04,nieob. uspraw.,17
1TMR,2024-10-02,nieob. uspraw.,1
1TMR,2024-10-16,nieob. uspr. p.s.,2
1TMR,2024-10-30,nieob. uspraw.,20
1TMR,2024-12-12,spóźn. uspr.,1
1TMR,2025-01-08,zwolniony,1
1TMR,2025-02-26,spóźn. uspr.,1
1TMR,2025-02-26,nieob. uspraw.,13
1TMR,2025-03-12,nieobecność,3
1TMR,2025-03-18,spóźn. uspr.,1
1TMR,2025-03-20,spóźn. uspr.,1
1TMR,2025-04-01,zwolniony,2
1TMR,2025-04-08,nieob. uspr. p.s.,2
1TMR,2025-06-03,nieob. uspraw.,12
1TMR,2025-06-05,zwolniony,3
1TMR,2025-06-12,spóźnienie,1
1TMR,2024-09-27,nieob. uspr. p.s.,8
1TMR,2025-01-28,nieob. uspr. p.s.,4
1TMR,2025-03-21,nieob. uspr. p.s.,18
1TMR,2025-06-06,zwolniony,4
1TMR,2025-06-18,obecność,14
1TMR,2025-06-23,obecność,21
1TMR,2025-06-24,obecność,14
1TMR,2024-09-10,nieob. uspraw.,11
1TMR,2024-09-16,nieob. uspraw.,21
1TMR,2024-10-08,nieob. uspraw.,7
1TMR,2025-05-22,zwolniony,1
1TMR,2025-06-03,spóźn. uspr.,1
1TMR,2024-10-10,nieob. uspraw.,11
1TMR,2024-10-11,nieob. uspraw.,16
1TMR,2024-12-17,nieob. uspraw.,8
1TMR,2025-01-23,nieobecność,16
1TMR,2025-02-17,nieob. uspraw.,14
1TMR,2025-02-18,nieob. uspraw.,8
1TMR,2025-04-03,nieob. uspraw.,7
1TMR,2025-05-21,nieobecność,1
1TMR,2025-05-22,nieobecność,7
1TMR,2025-05-28,nieobecność,7
1TMR,2025-06-05,nieob. uspraw.,6
1TMR,2025-06-09,nieobecność,7
1TMR,2024-10-07,nieob. uspr. p.s.,7
1TMR,2025-03-04,zwolniony,1
1TMR,2025-04-30,zwolniony,1
1TMR,2025-06-13,obecność,6
1TMR,2024-11-26,zwolniony,2
1TMR,2025-02-27,nieob. uspraw.,16
1TMR,2025-05-21,nieob. uspraw.,12
1TMR,2025-05-22,nieob. uspraw.,7
1TMR,2025-05-26,nieob. uspraw.,7
1TMR,2025-06-03,spóźnienie,2
1TMR,2024-12-20,nieobecność,1
1TMR,2025-02-19,nieobecność,2
1TMR,2025-06-04,zwolniony,1
1TMR,2024-11-13,nieob. uspr. p.s.,2
1TMR,2025-03-06,nieobecność,2
1TMR,2025-06-06,spóźn. uspr.,1
1TMR,2024-10-09,nieob. uspr. p.s.,1
1TMR,2024-11-04,nieobecność,7
1TMR,2024-11-15,spóźnienie,1
1TMR,2024-12-04,nieobecność,1
1TMR,2024-12-04,nieob. uspr. p.s.,1
1TMR,2024-12-20,nieob. uspr. p.s.,3
1TMR,2025-02-27,nieobecność,1
1TMR,2025-03-06,nieob. uspr. p.s.,1
1TMR,2025-03-26,nieob. uspraw.,6
1TMR,2025-03-28,nieob. uspraw.,8
1TMR,2025-04-02,nieob. uspr. p.s.,1
1TMR,2025-04-03,nieob. uspr. p.s.,1
1TMR,2025-04-24,nieob. uspr. p.s.,2
1TMR,2025-04-29,nieob. uspr. p.s.,3
1TMR,2025-05-07,nieob. uspr. p.s.,1
1TMR,2025-05-09,nieob. uspr. p.s.,1
1TMR,2025-05-22,nieob. uspr. p.s.,1
1TMR,2025-06-04,nieob. uspr. p.s.,1
1TW,2024-09-02,obecność,126
1TW,2024-09-03,obecność,116
1TW,2024-09-04,obecność,136
1TW,2024-09-05,obecność,136
1TW,2024-09-06,obecność,103
1TW,2024-09-09,obecność,126
1TW,2024-09-10,obecność,136
1TW,2024-09-11,obecność,119
1TW,2024-09-12,obecność,144
1TW,2024-09-13,obecność,96
1TW,2024-09-16,obecność,109
1TW,2024-09-17,obecność,127
1TW,2024-09-18,obecność,121
1TW,2024-09-19,obecność,102
1TW,2024-09-20,obecność,83
1TW,2024-09-23,obecność,80
1TW,2024-09-24,obecność,112
1TW,2024-09-25,obecność,105
1TW,2024-09-26,obecność,105
1TW,2024-09-27,obecność,87
1TW,2024-09-30,obecność,102
1TW,2024-10-01,obecność,136
1TW,2024-10-02,obecność,119
1TW,2024-10-03,obecność,90
1TW,2024-10-04,obecność,75
1TW,2024-10-07,obecność,97
1TW,2024-10-08,obecność,137
1TW,2024-10-09,obecność,126
1TW,2024-10-10,obecność,111
1TW,2024-10-11,obecność,110
1TW,2024-10-14,nieob. uspr. p.s.,18
1TW,2024-10-15,nieob. uspraw.,18
1TW,2024-10-15,obecność,124
1TW,2024-10-16,obecność,117
1TW,2024-10-17,obecność,78
1TW,2024-10-18,nieob. uspraw.,29
1TW,2024-10-21,obecność,102
1TW,2024-10-22,obecność,119
1TW,2024-10-23,obecność,116
1TW,2024-10-24,obecność,96
1TW,2024-10-25,obecność,91
1TW,2024-10-28,nieob. uspraw.,4
1TW,2024-10-28,obecność,106
1TW,2024-10-29,obecność,134
1TW,2024-10-30,obecność,97
1TW,2024-10-31,obecność,90
1TW,2024-11-04,obecność,109
1TW,2024-11-05,obecność,131
1TW,2024-11-05,nieob. uspr. p.s.,5
1TW,2024-11-06,obecność,110
1TW,2024-11-07,obecność,117
1TW,2024-11-08,obecność,90
1TW,2024-11-12,obecność,118
1TW,2024-11-13,obecność,93
1TW,2024-11-14,obecność,80
1TW,2024-11-15,obecność,70
1TW,2024-11-18,nieob. uspraw.,22
1TW,2024-11-19,nieob. uspraw.,24
1TW,2024-11-20,obecność,98
1TW,2024-11-21,obecność,100
1TW,2024-11-22,nieob. uspraw.,14
1TW,2024-11-22,obecność,71
1TW,2024-11-25,obecność,112
1TW,2024-11-26,obecność,125
1TW,2024-11-27,obecność,100
1TW,2024-11-28,obecność,100
1TW,2024-11-29,obecność,88
1TW,2024-12-02,obecność,110
1TW,2024-12-03,obecność,134
1TW,2024-12-04,obecność,133
1TW,2024-12-05,obecność,62
1TW,2024-12-06,obecność,92
1TW,2024-12-09,obecność,95
1TW,2024-12-09,nieob. uspraw.,17
1TW,2024-12-10,obecność,139
1TW,2024-12-11,obecność,123
1TW,2024-12-12,obecność,121
1TW,2024-12-12,nieobecność,11
1TW,2024-12-13,obecność,86
1TW,2024-12-16,nieob. uspraw.,19
1TW,2024-12-16,obecność,99
1TW,2024-12-17,obecność,130
1TW,2024-12-18,obecność,97
1TW,2024-12-19,obecność,79
1TW,2024-12-20,obecność,91
1TW,2025-01-07,obecność,129
1TW,2025-01-08,obecność,117
1TW,2025-01-09,obecność,96
1TW,2025-01-10,obecność,97
1TW,2025-01-13,nieob. uspraw.,20
1TW,2025-01-13,obecność,84
1TW,2025-01-14,obecność,117
1TW,2025-01-15,obecność,102
1TW,2025-01-15,nieob. uspr. p.s.,2
1TW,2025-01-16,obecność,87
1TW,2025-01-17,obecność,77
1TW,2025-01-17,nieob. uspraw.,17
1TW,2025-01-20,spóźn. uspr.,2
1TW,2025-01-20,obecność,101
1TW,2025-01-21,obecność,141
1TW,2025-01-21,spóźn. uspr.,1
1TW,2025-01-22,obecność,98
1TW,2025-01-23,obecność,117
1TW,2025-01-24,obecność,116
1TW,2025-01-27,nieob. uspraw.,29
1TW,2025-01-27,obecność,84
1TW,2025-01-28,obecność,111
1TW,2025-01-29,obecność,81
1TW,2025-01-29,spóźn. uspr.,5
1TW,2025-01-30,obecność,81
1TW,2025-01-31,obecność,35
1TW,2025-02-17,obecność,136
1TW,2025-02-18,obecność,58
1TW,2025-02-19,obecność,90
1TW,2025-02-20,obecność,106
1TW,2025-02-21,obecność,100
1TW,2025-02-24,obecność,112
1TW,2025-02-25,obecność,136
1TW,2025-02-26,obecność,122
1TW,2025-02-27,obecność,112
1TW,2025-02-28,obecność,73
1TW,2025-03-03,nieob. uspraw.,35
1TW,2025-03-04,obecność,112
1TW,2025-03-05,obecność,71
1TW,2025-03-06,obecność,72
1TW,2025-03-07,obecność,76
1TW,2025-03-10,obecność,134
1TW,2025-03-11,obecność,132
1TW,2025-03-12,obecność,98
1TW,2025-03-13,obecność,81
1TW,2025-03-14,obecność,108
1TW,2025-03-17,obecność,112
1TW,2025-03-18,nieob. uspraw.,17
1TW,2025-03-18,obecność,123
1TW,2025-03-19,nieob. uspraw.,18
1TW,2025-03-19,obecność,104
1TW,2025-03-20,obecność,86
1TW,2025-03-21,nieob. uspraw.,76
1TW,2025-03-24,obecność,136
1TW,2025-03-24,nieob. uspraw.,5
1TW,2025-03-25,obecność,94
1TW,2025-03-26,obecność,121
1TW,2025-03-27,obecność,107
1TW,2025-03-28,obecność,92
1TW,2025-03-31,obecność,132
1TW,2025-04-01,obecność,120
1TW,2025-04-02,obecność,103
1TW,2025-04-03,obecność,96
1TW,2025-04-04,obecność,117
1TW,2025-04-07,obecność,128
1TW,2025-04-08,obecność,109
1TW,2025-04-09,obecność,111
1TW,2025-04-10,obecność,46
1TW,2025-04-10,nieob. uspraw.,26
1TW,2025-04-11,obecność,99
1TW,2025-04-14,obecność,125
1TW,2025-04-15,obecność,135
1TW,2025-04-16,obecność,99
1TW,2025-04-16,nieob. uspraw.,19
1TW,2025-04-23,obecność,96
1TW,2025-04-24,obecność,84
1TW,2025-04-25,obecność,53
1TW,2025-04-25,nieob. uspraw.,83
1TW,2025-04-28,obecność,105
1TW,2025-04-29,obecność,122
1TW,2025-04-30,nieob. uspraw.,85
1TW,2025-05-07,obecność,82
1TW,2025-05-08,nieob. uspraw.,36
1TW,2025-05-09,nieob. uspraw.,24
1TW,2025-05-12,obecność,118
1TW,2025-05-13,obecność,119
1TW,2025-05-14,obecność,92
1TW,2025-05-15,obecność,44
1TW,2025-05-16,obecność,72
1TW,2025-05-19,obecność,104
1TW,2025-05-19,nieob. uspraw.,27
1TW,2025-05-20,obecność,128
1TW,2025-05-21,obecność,81
1TW,2025-05-22,obecność,100
1TW,2025-05-22,nieob. uspr. p.s.,2
1TW,2025-05-23,nieob. uspr. p.s.,90
1TW,2025-05-26,obecność,109
1TW,2025-05-27,nieob. uspraw.,20
1TW,2025-05-27,obecność,121
1TW,2025-05-28,obecność,111
1TW,2025-05-29,obecność,97
1TW,2025-05-30,obecność,95
1TW,2025-06-02,obecność,101
1TW,2025-06-03,obecność,135
1TW,2025-06-04,obecność,107
1TW,2025-06-05,obecność,105
1TW,2025-06-06,obecność,76
1TW,2025-06-09,obecność,124
1TW,2025-06-10,obecność,119
1TW,2025-06-11,obecność,78
1TW,2025-06-12,obecność,77
1TW,2025-06-13,obecność,71
1TW,2025-06-16,nieob. uspraw.,46
1TW,2025-06-17,nieob. uspraw.,35
1TW,2025-06-18,nieob. uspraw.,35
1TW,2025-06-23,nieob. uspraw.,30
1TW,2025-06-23,obecność,2
1TW,2025-06-24,nieob. uspraw.,24
1TW,2025-06-25,nieob. uspraw.,21
1TW,2025-06-26,nieob. uspraw.,12
1TW,2024-09-10,nieobecność,16
1TW,2024-09-13,nieobecność,12
1TW,2024-09-16,nieobecność,14
1TW,2024-09-18,nieobecność,9
1TW,2024-09-20,nieob. uspr. p.s.,1
1TW,2024-09-24,nieobecność,8
1TW,2024-09-30,nieobecność,14
1TW,2024-10-01,nieob. uspraw.,8
1TW,2024-10-03,nieob. uspraw.,29
1TW,2024-10-17,nieob. uspraw.,30
1TW,2024-10-18,obecność,97
1TW,2024-10-24,nieob. uspraw.,34
1TW,2024-10-25,nieob. uspraw.,20
1TW,2024-10-29,nieob. uspraw.,9
1TW,2024-10-30,spóźn. uspr.,1
1TW,2024-10-31,nieob. uspraw.,46
1TW,2024-11-07,nieob. uspraw.,18
1TW,2024-11-12,nieob. uspraw.,24
1TW,2024-11-18,obecność,97
1TW,2024-11-19,obecność,120
1TW,2024-11-26,nieob. uspraw.,19
1TW,2024-11-28,nieob. uspraw.,19
1TW,2024-11-29,nieob. uspraw.,18
1TW,2024-12-02,nieob. uspraw.,6
1TW,2024-12-05,nieob. uspraw.,16
1TW,2024-12-10,nieob. uspraw.,5
1TW,2024-12-13,nieobecność,7
1TW,2024-12-17,nieob. uspraw.,13
1TW,2024-12-19,nieob. uspraw.,24
1TW,2025-01-07,spóźn. uspr.,2
1TW,2025-01-08,nieob. uspraw.,24
1TW,2025-01-09,nieob. uspraw.,10
1TW,2025-01-10,nieob. uspraw.,14
1TW,2025-01-13,spóźn. uspr.,1
1TW,2025-01-14,nieob. uspraw.,19
1TW,2025-01-20,nieob. uspraw.,15
1TW,2025-01-24,nieob. uspr. p.s.,2
1TW,2025-01-28,nieobecność,8
1TW,2025-01-29,nieobecność,16
1TW,2025-02-21,nieob. uspraw.,26
1TW,2025-02-24,nieobecność,18
1TW,2025-03-03,obecność,82
1TW,2025-03-04,nieob. uspraw.,32
1TW,2025-03-05,nieob. uspraw.,36
1TW,2025-03-06,nieob. uspraw.,36
1TW,2025-03-11,nieob. uspr. p.s.,3
1TW,2025-03-12,nieob. uspraw.,27
1TW,2025-03-13,nieob. uspraw.,18
1TW,2025-03-20,nieob. uspraw.,22
1TW,2025-03-24,nieobecność,3
1TW,2025-03-26,spóźn. uspr.,3
1TW,2025-04-01,nieob. uspraw.,24
1TW,2025-04-02,spóźn. uspr.,1
1TW,2025-04-08,nieob. uspraw.,35
1TW,2025-04-11,nieob. uspr. p.s.,18
1TW,2025-04-11,nieobecność,4
1TW,2025-04-15,nieob. uspr. p.s.,1
1TW,2025-04-24,nieob. uspr. p.s.,5
1TW,2025-04-24,nieob. uspraw.,12
1TW,2025-04-29,nieob. uspr. p.s.,2
1TW,2025-04-29,nieob. uspraw.,20
1TW,2025-05-08,obecność,83
1TW,2025-05-09,obecność,91
1TW,2025-05-21,nieobecność,7
1TW,2025-05-26,nieob. uspraw.,16
1TW,2025-06-02,nieobecność,11
1TW,2025-06-04,nieobecność,7
1TW,2025-06-12,nieobecność,18
1TW,2025-06-13,nieobecność,35
1TW,2025-06-16,obecność,18
1TW,2025-06-16,nieobecność,88
1TW,2025-06-17,nieobecność,83
1TW,2025-06-18,nieobecność,97
1TW,2025-06-23,nieobecność,120
1TW,2025-06-24,nieobecność,128
1TW,2025-06-25,nieobecność,112
1TW,2025-06-26,nieobecność,103
1TW,2025-06-26,obecność,18
1TW,2024-09-19,nieob. uspraw.,25
1TW,2024-09-20,nieob. uspraw.,24
1TW,2024-09-23,nieob. uspraw.,39
1TW,2024-09-30,nieob. uspraw.,10
1TW,2024-10-04,nieob. uspraw.,10
1TW,2024-10-11,nieob. uspraw.,16
1TW,2024-10-30,nieob. uspraw.,6
1TW,2024-11-08,nieob. uspraw.,18
1TW,2024-11-20,nieob. uspraw.,28
1TW,2024-11-21,nieob. uspraw.,19
1TW,2024-11-29,nieobecność,2
1TW,2024-12-06,nieob. uspraw.,16
1TW,2024-12-16,nieobecność,8
1TW,2024-12-19,nieobecność,23
1TW,2024-12-20,nieobecność,7
1TW,2025-01-07,spóźnienie,4
1TW,2025-01-14,nieobecność,3
1TW,2025-01-15,nieob. uspraw.,32
1TW,2025-01-21,spóźnienie,1
1TW,2025-01-22,nieobecność,28
1TW,2025-01-23,nieobecność,2
1TW,2025-01-27,nieobecność,13
1TW,2025-01-30,nieobecność,24
1TW,2025-01-31,nieobecność,25
1TW,2025-02-20,nieobecność,7
1TW,2025-03-03,nieobecność,8
1TW,2025-03-07,nieob. uspraw.,48
1TW,2025-03-10,nieob. uspraw.,8
1TW,2025-03-10,nieobecność,1
1TW,2025-03-11,nieob. uspraw.,9
1TW,2025-03-21,nieobecność,30
1TW,2025-04-02,nieobecność,7
1TW,2025-04-03,nieobecność,6
1TW,2025-04-10,nieobecność,6
1TW,2025-04-16,nieobecność,8
1TW,2025-04-28,nieob. uspraw.,21
1TW,2025-05-07,nieobecność,11
1TW,2025-05-09,nieobecność,11
1TW,2025-05-14,nieob. uspraw.,31
1TW,2025-05-15,nieob. uspraw.,24
1TW,2025-05-16,nieobecność,7
1TW,2025-05-19,nieob. uspr. p.s.,6
1TW,2025-05-19,nieobecność,3
1TW,2025-05-21,spóźnienie,2
1TW,2025-06-02,nieob. uspraw.,31
1TW,2025-06-05,nieob. uspraw.,14
1TW,2025-06-11,nieob. uspraw.,24
1TW,2024-09-17,nieob. uspraw.,16
1TW,2024-09-24,nieob. uspraw.,24
1TW,2024-09-25,nieob. uspraw.,21
1TW,2024-09-26,nieob. uspraw.,21
1TW,2024-09-27,nieob. uspraw.,21
1TW,2024-10-07,nieob. uspraw.,11
1TW,2024-10-16,zwolniony,1
1TW,2024-10-16,nieob. uspraw.,8
1TW,2024-10-31,nieob. uspr. p.s.,1
1TW,2024-11-04,nieob. uspraw.,10
1TW,2024-12-18,nieob. uspraw.,29
1TW,2025-01-16,nieob. uspraw.,28
1TW,2025-02-24,nieob. uspraw.,13
1TW,2025-02-25,nieob. uspraw.,8
1TW,2025-03-17,nieob. uspraw.,24
1TW,2025-03-25,nieob. uspraw.,30
1TW,2025-03-28,nieob. uspr. p.s.,1
1TW,2025-03-31,nieob. uspraw.,10
1TW,2025-05-20,nieob. uspraw.,16
1TW,2025-05-21,nieob. uspraw.,35
1TW,2025-05-28,nieobecność,7
1TW,2025-06-06,nieobecność,14
1TW,2025-06-18,obecność,1
1TW,2024-09-13,nieob. uspraw.,25
1TW,2024-10-15,nieobecność,2
1TW,2024-10-28,nieobecność,8
1TW,2024-10-30,nieobecność,2
1TW,2024-11-06,nieob. uspr. p.s.,1
1TW,2024-11-07,nieob. uspr. p.s.,2
1TW,2024-11-12,nieob. uspr. p.s.,2
1TW,2024-11-13,nieob. uspr. p.s.,6
1TW,2024-12-09,nieobecność,7
1TW,2025-01-17,nieobecność,14
1TW,2025-01-29,spóźnienie,3
1TW,2025-03-18,nieobecność,1
1TW,2025-05-27,nieobecność,3
1TW,2024-10-04,nieobecność,5
1TW,2024-10-25,nieobecność,6
1TW,2024-11-06,nieob. uspraw.,15
1TW,2024-11-14,nieob. uspr. p.s.,18
1TW,2024-11-15,nieob. uspraw.,38
1TW,2024-12-13,nieob. uspraw.,33
1TW,2024-12-20,nieob. uspraw.,28
1TW,2025-01-10,nieobecność,15
1TW,2025-01-13,nieobecność,1
1TW,2025-01-13,spóźnienie,2
1TW,2025-01-16,nieobecność,9
1TW,2025-02-18,nieob. uspraw.,8
1TW,2025-02-26,nieob. uspraw.,1
1TW,2025-02-27,nieob. uspraw.,14
1TW,2025-02-28,nieob. uspraw.,50
1TW,2025-03-28,nieobecność,6
1TW,2025-04-04,nieob. uspraw.,19
1TW,2025-04-11,nieob. uspraw.,23
1TW,2025-05-12,nieobecność,1
1TW,2025-05-15,nieobecność,4
1TW,2024-09-09,nieobecność,7
1TW,2024-09-11,nieobecność,7
1TW,2024-09-12,nieobecność,8
1TW,2024-09-17,nieobecność,8
1TW,2024-09-19,nieobecność,6
1TW,2024-10-30,nieob. uspr. p.s.,2
1TW,2024-11-13,spóźn. uspr.,1
1TW,2025-01-14,spóźnienie,4
1TW,2025-02-28,spóźnienie,2
1TW,2025-03-05,spóźnienie,1
1TW,2025-03-07,nieob. uspr. p.s.,2
1TW,2025-03-13,nieob. uspr. p.s.,9
1TW,2025-03-19,spóźn. uspr.,1
1TW,2025-03-31,spóźn. uspr.,2
1TW,2025-04-10,nieob. uspr. p.s.,30
1TW,2025-04-30,obecność,41
1TW,2025-05-19,spóźn. uspr.,3
1TW,2025-06-04,spóźn. uspr.,1
1TW,2024-10-23,nieob. uspraw.,9
1TW,2024-10-24,nieobecność,7
1TW,2024-10-25,nieob. uspr. p.s.,2
1TW,2024-10-29,nieobecność,1
1TW,2024-11-27,nieob. uspraw.,6
1TW,2024-12-11,nieob. uspr. p.s.,2
1TW,2025-01-07,nieob. uspraw.,9
1TW,2025-02-17,nieob. uspraw.,8
1TW,2025-02-19,nieob. uspraw.,17
1TW,2025-03-03,spóźnienie,1
1TW,2025-03-14,nieob. uspraw.,15
1TW,2025-03-18,zwolniony,1
1TW,2025-03-28,spóźn. uspr.,1
1TW,2025-05-07,nieob. uspraw.,33
1TW,2025-05-12,nieob. uspraw.,25
1TW,2025-05-16,nieob. uspraw.,11
1TW,2025-05-28,nieob. uspraw.,8
1TW,2025-05-29,nieob. uspraw.,11
1TW,2025-05-30,nieob. uspraw.,13
1TW,2025-06-06,nieob. uspraw.,36
1TW,2024-10-02,nieob. uspraw.,7
1TW,2024-10-08,nieobecność,2
1TW,2024-10-10,nieob. uspraw.,14
1TW,2024-10-28,spóźnienie,1
1TW,2024-11-13,spóźnienie,1
1TW,2025-01-16,spóźnienie,1
1TW,2025-01-22,nieob. uspraw.,18
1TW,2025-01-23,nieob. uspraw.,7
1TW,2025-01-24,nieob. uspraw.,8
1TW,2025-01-28,nieob. uspraw.,25
1TW,2025-01-29,nieob. uspraw.,21
1TW,2025-01-30,nieob. uspraw.,21
1TW,2025-01-31,nieob. uspraw.,30
1TW,2025-02-28,spóźn. uspr.,1
1TW,2025-03-10,spóźn. uspr.,1
1TW,2025-03-18,spóźn. uspr.,1
1TW,2025-04-07,nieob. uspraw.,16
1TW,2025-04-14,spóźn. uspr.,1
1TW,2025-04-23,nieob. uspraw.,21
1TW,2025-05-21,spóźn. uspr.,1
1TW,2025-06-04,spóźnienie,1
1TW,2025-06-10,nieob. uspraw.,9
1TW,2025-06-17,obecność,15
1TW,2024-09-03,nieob. uspraw.,4
1TW,2024-09-04,nieob. uspraw.,8
1TW,2024-09-05,nieob. uspraw.,8
1TW,2024-09-06,nieob. uspraw.,6
1TW,2024-09-11,nieob. uspraw.,7
1TW,2024-12-02,nieob. uspr. p.s.,1
1TW,2024-12-03,nieob. uspraw.,9
1TW,2024-12-04,nieob. uspraw.,9
1TW,2025-01-15,nieobecność,8
1TW,2025-02-20,nieob. uspraw.,13
1TW,2025-02-26,nieob. uspr. p.s.,2
1TW,2025-03-12,nieob. uspr. p.s.,1
1TW,2025-03-25,nieobecność,2
1TW,2025-03-27,nieobecność,1
1TW,2025-04-02,nieob. uspraw.,15
1TW,2025-04-09,nieob. uspraw.,15
1TW,2025-04-23,nieob. uspr. p.s.,2
1TW,2025-05-22,nieob. uspraw.,6
1TW,2025-06-03,nieob. uspraw.,9
1TW,2025-06-04,nieob. uspraw.,10
1TW,2025-06-05,nieobecność,7
1TW,2025-06-09,nieob. uspraw.,19
1TW,2025-06-10,nieobecność,16
1TW,2024-10-08,nieob. uspr. p.s.,3
1TW,2024-10-10,nieob. uspr. p.s.,1
1TW,2024-11-05,nieob. uspraw.,8
1TW,2025-01-08,nieob. uspr. p.s.,1
1TW,2025-03-18,nieob. uspr. p.s.,1
1TW,2025-03-19,nieob. uspr. p.s.,2
1TW,2024-11-13,nieob. uspraw.,7
1TW,2024-11-14,nieob. uspraw.,21
1TW,2025-01-21,nieob. uspraw.,1
1TW,2025-03-28,nieob. uspraw.,7
1TW,2025-05-08,nieobecność,7
1TW,2025-06-11,nieobecność,6
1TW,2024-10-08,nieob. uspraw.,2
1TW,2024-11-25,nieobecność,7
1TW,2024-12-02,nieobecność,2
1TW,2024-12-04,nieobecność,2
1TW,2024-12-05,nieobecność,5
1TW,2024-12-11,nieob. uspraw.,1
1TW,2024-12-12,spóźn. uspr.,2
1TW,2024-12-12,nieob. uspraw.,2
1TW,2024-12-17,nieobecność,1
1TW,2025-01-08,nieobecność,1
1TW,2025-01-20,nieobecność,7
1TW,2025-04-04,nieobecność,8
1TW,2025-04-24,nieobecność,7
1TW,2025-05-14,spóźn. uspr.,2
1TW,2024-09-16,nieob. uspraw.,10
1TW,2024-09-18,nieob. uspraw.,15
1TW,2024-10-22,nieobecność,7
1TW,2025-03-26,spóźnienie,2
1TW,2025-04-15,nieob. uspraw.,8
1TW,2025-05-13,nieob. uspraw.,7
1TW,2025-05-19,spóźnienie,1
1TW,2025-06-13,nieob. uspraw.,7
1TW,2024-10-21,nieob. uspraw.,6
1TW,2024-11-22,nieobecność,5
1TW,2025-01-20,spóźnienie,1
1TW,2025-03-14,nieobecność,3
1TW,2025-03-17,nieobecność,8
1TW,2025-03-19,nieobecność,1
1TW,2025-03-28,spóźnienie,1
1TW,2025-04-03,nieob. uspraw.,6
1TW,2024-10-23,spóźn. uspr.,1
1TW,2024-11-27,spóźnienie,2
1TW,2024-12-03,nieobecność,1
1TW,2024-12-12,spóźnienie,1
1TW,2025-01-09,nieobecność,2
1TW,2025-05-14,spóźnienie,1
1TW,2025-01-08,spóźn. uspr.,1
1TW,2025-01-14,spóźn. uspr.,1
1TW,2025-01-16,spóźn. uspr.,1
1TW,2025-02-19,spóźnienie,1
1TW,2025-02-24,spóźnienie,1
1TW,2025-02-26,spóźnienie,1
1TW,2025-03-21,obecność,2
1TW,2025-04-23,nieobecność,7
1TW,2025-04-25,nieobecność,8
1TW,2025-05-26,spóźn. uspr.,1
1TW,2025-06-02,spóźn. uspr.,1
1TW,2025-06-09,spóźn. uspr.,1
1TW,2025-06-12,nieob. uspraw.,1
1TW,2025-06-13,spóźnienie,1
2TMR,2024-09-02,obecność,225
2TMR,2024-09-03,obecność,193
2TMR,2024-09-04,obecność,188
2TMR,2024-09-05,obecność,126
2TMR,2024-09-06,obecność,126
2TMR,2024-09-09,obecność,167
2TMR,2024-09-10,obecność,165
2TMR,2024-09-10,nieob. uspraw.,23
2TMR,2024-09-11,obecność,166
2TMR,2024-09-12,obecność,161
2TMR,2024-09-12,nieob. uspraw.,21
2TMR,2024-09-13,nieobecność,2
2TMR,2024-09-13,obecność,166
2TMR,2024-09-16,obecność,135
2TMR,2024-09-17,obecność,129
2TMR,2024-09-18,obecność,150
2TMR,2024-09-19,obecność,161
2TMR,2024-09-19,nieob. uspraw.,25
2TMR,2024-09-20,nieob. uspraw.,115
2TMR,2024-09-20,nieobecność,41
2TMR,2024-09-23,obecność,144
2TMR,2024-09-23,nieob. uspr. p.s.,6
2TMR,2024-09-24,obecność,165
2TMR,2024-09-25,obecność,124
2TMR,2024-09-25,nieob. uspr. p.s.,23
2TMR,2024-09-26,obecność,139
2TMR,2024-09-27,obecność,165
2TMR,2024-09-30,obecność,172
2TMR,2024-10-01,obecność,175
2TMR,2024-10-01,nieob. uspraw.,1
2TMR,2024-10-02,obecność,174
2TMR,2024-10-03,obecność,176
2TMR,2024-10-04,obecność,174
2TMR,2024-10-07,obecność,169
2TMR,2024-10-08,obecność,161
2TMR,2024-10-09,obecność,162
2TMR,2024-10-09,nieob. uspraw.,17
2TMR,2024-10-10,obecność,175
2TMR,2024-10-11,obecność,49
2TMR,2024-10-14,nieob. uspr. p.s.,25
2TMR,2024-10-15,obecność,143
2TMR,2024-10-15,nieob. uspraw.,30
2TMR,2024-10-16,nieob. uspraw.,14
2TMR,2024-10-17,nieob. uspraw.,15
2TMR,2024-10-18,obecność,165
2TMR,2024-10-18,nieob. uspraw.,39
2TMR,2024-10-21,obecność,174
2TMR,2024-10-21,nieob. uspr. p.s.,9
2TMR,2024-10-22,obecność,157
2TMR,2024-10-22,nieob. uspr. p.s.,6
2TMR,2024-10-23,obecność,174
2TMR,2024-10-24,obecność,170
2TMR,2024-10-25,obecność,159
2TMR,2024-10-25,nieob. uspr. p.s.,8
2TMR,2024-10-28,obecność,166
2TMR,2024-10-28,nieob. uspr. p.s.,19
2TMR,2024-10-29,obecność,150
2TMR,2024-10-30,obecność,160
2TMR,2024-10-30,nieob. uspraw.,22
2TMR,2024-10-31,nieob. uspraw.,150
2TMR,2024-10-31,obecność,44
2TMR,2024-11-04,nieob. uspr. p.s.,7
2TMR,2024-11-04,obecność,174
2TMR,2024-11-05,obecność,154
2TMR,2024-11-05,nieob. uspr. p.s.,7
2TMR,2024-11-06,nieob. uspraw.,19
2TMR,2024-11-07,obecność,166
2TMR,2024-11-08,obecność,168
2TMR,2024-11-12,nieob. uspr. p.s.,11
2TMR,2024-11-12,obecność,120
2TMR,2024-11-13,obecność,165
2TMR,2024-11-14,obecność,184
2TMR,2024-11-15,obecność,157
2TMR,2024-11-18,obecność,166
2TMR,2024-11-19,obecność,166
2TMR,2024-11-19,nieob. uspraw.,11
2TMR,2024-11-20,obecność,173
2TMR,2024-11-21,obecność,154
2TMR,2024-11-22,obecność,144
2TMR,2024-11-25,nieob. uspraw.,34
2TMR,2024-11-26,nieob. uspraw.,48
2TMR,2024-11-27,nieob. uspraw.,24
2TMR,2024-11-28,obecność,124
2TMR,2024-11-29,obecność,155
2TMR,2024-12-02,obecność,134
2TMR,2024-12-03,obecność,145
2TMR,2024-12-03,nieob. uspraw.,23
2TMR,2024-12-04,obecność,139
2TMR,2024-12-04,nieob. uspr. p.s.,8
2TMR,2024-12-05,nieob. uspr. p.s.,19
2TMR,2024-12-06,obecność,133
2TMR,2024-12-09,nieob. uspr. p.s.,33
2TMR,2024-12-10,nieob. uspr. p.s.,36
2TMR,2024-12-11,nieob. uspr. p.s.,19
2TMR,2024-12-12,nieob. uspraw.,43
2TMR,2024-12-13,obecność,91
2TMR,2024-12-16,obecność,181
2TMR,2024-12-17,obecność,128
2TMR,2024-12-17,nieob. uspraw.,42
2TMR,2024-12-18,nieob. uspraw.,25
2TMR,2024-12-18,obecność,139
2TMR,2024-12-18,nieob. uspr. p.s.,17
2TMR,2024-12-19,nieob. uspraw.,40
2TMR,2024-12-20,obecność,163
2TMR,2025-01-07,nieob. uspraw.,21
2TMR,2025-01-07,obecność,150
2TMR,2025-01-08,obecność,148
2TMR,2025-01-08,nieob. uspr. p.s.,13
2TMR,2025-01-09,nieob. uspraw.,24
2TMR,2025-01-10,nieob. uspraw.,39
2TMR,2025-01-10,obecność,129
2TMR,2025-01-13,obecność,168
2TMR,2025-01-13,nieob. uspr. p.s.,2
2TMR,2025-01-14,nieob. uspr. p.s.,16
2TMR,2025-01-14,obecność,136
2TMR,2025-01-15,nieob. uspraw.,47
2TMR,2025-01-15,obecność,126
2TMR,2025-01-16,obecność,153
2TMR,2025-01-16,nieob. uspr. p.s.,3
2TMR,2025-01-17,obecność,162
2TMR,2025-01-20,obecność,172
2TMR,2025-01-21,nieob. uspraw.,15
2TMR,2025-01-21,obecność,154
2TMR,2025-01-22,obecność,142
2TMR,2025-01-22,nieob. uspr. p.s.,9
2TMR,2025-01-23,nieob. uspraw.,24
2TMR,2025-01-24,obecność,159
2TMR,2025-01-24,nieob. uspraw.,31
2TMR,2025-01-27,obecność,142
2TMR,2025-01-27,nieob. uspraw.,41
2TMR,2025-01-28,nieob. uspraw.,52
2TMR,2025-01-29,obecność,98
2TMR,2025-01-30,obecność,104
2TMR,2025-01-31,obecność,109
2TMR,2025-02-17,obecność,152
2TMR,2025-02-17,nieob. uspr. p.s.,9
2TMR,2025-02-18,obecność,90
2TMR,2025-02-18,nieob. uspr. p.s.,15
2TMR,2025-02-18,nieob. uspraw.,42
2TMR,2025-02-19,nieob. uspraw.,34
2TMR,2025-02-20,obecność,120
2TMR,2025-02-20,nieob. uspr. p.s.,2
2TMR,2025-02-21,obecność,139
2TMR,2025-02-24,obecność,119
2TMR,2025-02-24,nieob. uspraw.,32
2TMR,2025-02-25,obecność,148
2TMR,2025-02-25,nieob. uspr. p.s.,5
2TMR,2025-02-26,obecność,161
2TMR,2025-02-27,nieob. uspraw.,26
2TMR,2025-02-28,obecność,156
2TMR,2025-03-03,obecność,175
2TMR,2025-03-04,obecność,142
2TMR,2025-03-05,nieob. uspraw.,19
2TMR,2025-03-05,obecność,147
2TMR,2025-03-06,nieob. uspraw.,51
2TMR,2025-03-07,obecność,138
2TMR,2025-03-10,obecność,115
2TMR,2025-03-10,nieobecność,9
2TMR,2025-03-11,nieob. uspr. p.s.,7
2TMR,2025-03-11,obecność,131
2TMR,2025-03-12,obecność,119
2TMR,2025-03-12,spóźnienie,3
2TMR,2025-03-13,obecność,130
2TMR,2025-03-13,nieob. uspr. p.s.,22
2TMR,2025-03-14,obecność,134
2TMR,2025-03-14,nieobecność,15
2TMR,2025-03-17,nieob. uspr. p.s.,29
2TMR,2025-03-18,obecność,132
2TMR,2025-03-19,obecność,80
2TMR,2025-03-19,nieobecność,17
2TMR,2025-03-20,nieob. uspraw.,26
2TMR,2025-03-21,obecność,41
2TMR,2025-03-24,nieob. uspraw.,78
2TMR,2025-03-25,nieobecność,7
2TMR,2025-03-25,obecność,123
2TMR,2025-03-26,nieob. uspraw.,60
2TMR,2025-03-27,obecność,121
2TMR,2025-03-28,nieob. uspr. p.s.,28
2TMR,2025-03-28,obecność,109
2TMR,2025-03-31,obecność,173
2TMR,2025-04-01,obecność,101
2TMR,2025-04-01,nieob. uspr. p.s.,1
2TMR,2025-04-01,nieobecność,34
2TMR,2025-04-02,nieob. uspraw.,33
2TMR,2025-04-02,obecność,125
2TMR,2025-04-03,obecność,158
2TMR,2025-04-04,obecność,144
2TMR,2025-04-07,nieob. uspraw.,19
2TMR,2025-04-08,obecność,106
2TMR,2025-04-09,obecność,92
2TMR,2025-04-09,nieob. uspr. p.s.,2
2TMR,2025-04-09,zwolniony,48
2TMR,2025-04-10,obecność,76
2TMR,2025-04-11,obecność,111
2TMR,2025-04-14,obecność,171
2TMR,2025-04-14,nieob. uspraw.,1
2TMR,2025-04-15,nieob. uspraw.,15
2TMR,2025-04-16,obecność,45
2TMR,2025-04-16,nieob. uspraw.,52
2TMR,2025-04-23,obecność,153
2TMR,2025-04-23,nieob. uspraw.,16
2TMR,2025-04-24,nieob. uspraw.,56
2TMR,2025-04-24,obecność,116
2TMR,2025-04-25,obecność,126
2TMR,2025-05-12,obecność,108
2TMR,2025-05-13,obecność,165
2TMR,2025-05-14,obecność,128
2TMR,2025-05-15,obecność,46
2TMR,2025-05-16,obecność,86
2TMR,2025-05-19,nieob. uspr. p.s.,1
2TMR,2025-05-19,obecność,153
2TMR,2025-05-19,nieob. uspraw.,26
2TMR,2025-05-20,nieob. uspraw.,21
2TMR,2025-05-21,nieob. uspraw.,14
2TMR,2025-05-22,nieob. uspraw.,40
2TMR,2025-05-23,obecność,187
2TMR,2025-05-26,obecność,132
2TMR,2025-05-27,obecność,177
2TMR,2025-05-27,spóźnienie,1
2TMR,2025-05-28,nieob. uspraw.,21
2TMR,2025-05-29,nieob. uspraw.,57
2TMR,2025-05-30,obecność,116
2TMR,2025-05-30,nieob. uspr. p.s.,4
2TMR,2025-06-02,nieob. uspraw.,125
2TMR,2025-06-03,nieob. uspraw.,14
2TMR,2025-06-03,obecność,156
2TMR,2025-06-03,nieob. uspr. p.s.,2
2TMR,2025-06-04,obecność,101
2TMR,2025-06-04,nieob. uspraw.,17
2TMR,2025-06-05,nieob. uspraw.,67
2TMR,2025-06-06,nieob. uspraw.,78
2TMR,2025-06-06,obecność,90
2TMR,2025-06-09,obecność,84
2TMR,2025-06-09,nieob. uspraw.,102
2TMR,2025-06-10,nieob. uspraw.,112
2TMR,2025-06-11,nieob. uspraw.,87
2TMR,2025-06-12,obecność,40
2TMR,2025-06-12,nieob. uspraw.,124
2TMR,2025-06-13,obecność,156
2TMR,2025-06-16,obecność,6
2TMR,2025-06-16,nieob. uspraw.,181
2TMR,2025-06-17,nieob. uspraw.,184
2TMR,2025-06-18,nieobecność,30
2TMR,2025-06-23,nieobecność,186
2TMR,2025-06-24,nieobecność,167
2TMR,2025-06-25,nieobecność,118
2TMR,2025-06-25,obecność,1
2TMR,2025-06-25,,48
2TMR,2025-06-26,nieobecność,189
2TMR,2024-09-03,nieob. uspraw.,1
2TMR,2024-09-04,nieob. uspraw.,11
2TMR,2024-09-27,nieob. uspr. p.s.,20
2TMR,2024-10-07,nieob. uspraw.,16
2TMR,2024-10-11,nieob. uspraw.,146
2TMR,2024-10-16,obecność,145
2TMR,2024-10-17,obecność,152
2TMR,2024-10-18,nieobecność,7
2TMR,2024-11-05,nieob. uspraw.,15
2TMR,2024-11-06,obecność,162
2TMR,2024-11-07,spóźnienie,4
2TMR,2024-11-07,nieob. uspraw.,19
2TMR,2024-11-08,nieob. uspraw.,22
2TMR,2024-11-12,nieob. uspraw.,22
2TMR,2024-11-13,nieob. uspraw.,14
2TMR,2024-11-14,nieob. uspraw.,8
2TMR,2024-11-15,nieob. uspraw.,33
2TMR,2024-11-18,nieob. uspraw.,20
2TMR,2024-11-20,nieob. uspraw.,13
2TMR,2024-11-21,nieob. uspraw.,32
2TMR,2024-11-22,nieob. uspraw.,48
2TMR,2024-11-25,obecność,153
2TMR,2024-11-26,obecność,100
2TMR,2024-11-27,obecność,159
2TMR,2024-11-29,nieobecność,8
2TMR,2024-12-05,obecność,128
2TMR,2024-12-09,obecność,117
2TMR,2024-12-10,obecność,104
2TMR,2024-12-10,nieob. uspraw.,13
2TMR,2024-12-11,nieob. uspraw.,19
2TMR,2024-12-13,nieob. uspraw.,77
2TMR,2025-01-08,nieob. uspraw.,20
2TMR,2025-01-13,nieob. uspraw.,15
2TMR,2025-01-20,spóźnienie,2
2TMR,2025-01-23,obecność,130
2TMR,2025-01-27,nieobecność,9
2TMR,2025-01-28,nieobecność,19
2TMR,2025-01-28,obecność,105
2TMR,2024-09-05,nieob. uspraw.,19
2TMR,2024-09-13,nieob. uspraw.,27
2TMR,2024-09-18,nieob. uspraw.,37
2TMR,2024-09-19,nieobecność,8
2TMR,2024-09-23,nieobecność,4
2TMR,2024-09-24,nieobecność,6
2TMR,2024-09-25,nieob. uspraw.,23
2TMR,2024-09-26,nieob. uspraw.,19
2TMR,2024-09-30,nieobecność,4
2TMR,2024-10-01,nieobecność,2
2TMR,2024-10-04,nieobecność,7
2TMR,2024-10-08,nieobecność,3
2TMR,2024-10-09,nieobecność,5
2TMR,2024-10-21,nieob. uspraw.,11
2TMR,2024-10-23,nieob. uspr. p.s.,4
2TMR,2024-10-25,nieob. uspraw.,27
2TMR,2024-10-29,nieob. uspraw.,29
2TMR,2024-11-04,nieob. uspraw.,8
2TMR,2024-11-08,nieob. uspr. p.s.,5
2TMR,2024-12-02,nieob. uspraw.,20
2TMR,2024-12-05,nieobecność,10
2TMR,2024-12-06,nieob. uspraw.,42
2TMR,2024-12-11,obecność,123
2TMR,2024-12-20,nieob. uspraw.,24
2TMR,2025-01-09,obecność,138
2TMR,2025-01-14,nieobecność,12
2TMR,2025-01-16,nieobecność,4
2TMR,2025-01-17,nieob. uspraw.,32
2TMR,2025-01-20,nieobecność,6
2TMR,2025-01-27,nieob. uspr. p.s.,2
2TMR,2025-01-28,nieob. uspr. p.s.,6
2TMR,2025-01-30,nieobecność,18
2TMR,2025-02-20,nieob. uspraw.,42
2TMR,2025-02-21,nieob. uspr. p.s.,1
2TMR,2025-03-03,nieob. uspraw.,4
2TMR,2025-03-04,nieob. uspr. p.s.,12
2TMR,2025-03-06,nieob. uspr. p.s.,41
2TMR,2025-03-06,obecność,92
2TMR,2025-03-07,nieob. uspraw.,43
2TMR,2025-03-10,nieob. uspraw.,40
2TMR,2025-03-12,nieob. uspraw.,27
2TMR,2025-03-17,obecność,107
2TMR,2025-03-17,nieobecność,10
2TMR,2025-03-19,nieob. uspraw.,23
2TMR,2025-03-20,obecność,121
2TMR,2025-03-20,nieobecność,17
2TMR,2025-03-21,nieob. uspraw.,146
2TMR,2025-03-26,obecność,111
2TMR,2025-03-27,nieob. uspraw.,48
2TMR,2025-03-28,nieob. uspraw.,50
2TMR,2025-04-01,nieob. uspraw.,40
2TMR,2025-04-02,nieobecność,20
2TMR,2025-04-03,nieobecność,3
2TMR,2025-04-07,obecność,139
2TMR,2025-04-07,nieobecność,6
2TMR,2025-04-08,nieob. uspraw.,30
2TMR,2025-04-10,nieob. uspraw.,22
2TMR,2025-04-11,nieob. uspraw.,30
2TMR,2025-04-15,obecność,132
2TMR,2025-04-15,nieobecność,29
2TMR,2025-04-16,nieobecność,11
2TMR,2025-04-25,nieob. uspraw.,61
2TMR,2025-05-13,nieobecność,10
2TMR,2025-05-14,nieob. uspraw.,28
2TMR,2025-05-15,nieob. uspraw.,40
2TMR,2025-05-16,nieob. uspraw.,72
2TMR,2025-05-20,obecność,145
2TMR,2025-05-20,nieobecność,13
2TMR,2025-05-21,obecność,140
2TMR,2025-05-22,nieobecność,12
2TMR,2025-05-22,obecność,135
2TMR,2025-05-26,nieob. uspraw.,46
2TMR,2025-05-27,nieobecność,8
2TMR,2025-05-28,obecność,140
2TMR,2025-05-30,nieob. uspraw.,66
2TMR,2025-06-02,obecność,57
2TMR,2025-06-03,nieobecność,15
2TMR,2025-06-05,obecność,95
2TMR,2024-09-19,nieob. uspr. p.s.,3
2TMR,2024-10-04,nieob. uspraw.,13
2TMR,2024-10-07,nieob. uspr. p.s.,10
2TMR,2024-10-17,nieob. uspr. p.s.,2
2TMR,2024-10-30,nieobecność,6
2TMR,2024-11-19,nieobecność,3
2TMR,2024-12-19,obecność,92
2TMR,2025-02-19,obecność,144
2TMR,2025-02-24,nieob. uspr. p.s.,38
2TMR,2025-02-25,spóźnienie,4
2TMR,2025-02-27,obecność,106
2TMR,2025-02-27,nieobecność,5
2TMR,2025-03-03,nieob. uspr. p.s.,6
2TMR,2025-03-04,nieobecność,7
2TMR,2025-03-05,spóźnienie,3
2TMR,2025-03-10,nieob. uspr. p.s.,1
2TMR,2025-03-20,nieob. uspr. p.s.,26
2TMR,2025-03-24,obecność,90
2TMR,2025-03-24,nieob. uspr. p.s.,18
2TMR,2025-04-08,nieobecność,15
2TMR,2025-04-10,nieob. uspr. p.s.,51
2TMR,2025-04-23,nieobecność,6
2TMR,2025-05-19,nieobecność,9
2TMR,2025-05-22,spóźnienie,5
2TMR,2025-05-29,obecność,128
2TMR,2025-06-02,spóźnienie,5
2TMR,2025-06-05,spóźnienie,5
2TMR,2025-06-10,obecność,75
2TMR,2025-06-23,obecność,1
2TMR,2024-09-06,nieob. uspraw.,49
2TMR,2024-09-09,spóźnienie,6
2TMR,2024-09-12,nieobecność,16
2TMR,2024-09-16,nieobecność,10
2TMR,2024-09-20,obecność,5
2TMR,2024-09-25,nieobecność,17
2TMR,2024-09-26,nieobecność,10
2TMR,2024-10-04,spóźnienie,1
2TMR,2024-10-17,spóźnienie,3
2TMR,2024-10-24,nieob. uspr. p.s.,5
2TMR,2024-11-12,nieobecność,5
2TMR,2024-11-12,spóźnienie,2
2TMR,2024-11-25,nieobecność,3
2TMR,2024-11-26,nieobecność,5
2TMR,2024-12-02,nieobecność,2
2TMR,2024-12-12,obecność,112
2TMR,2024-12-18,nieobecność,6
2TMR,2024-12-19,nieobecność,6
2TMR,2024-12-20,spóźnienie,2
2TMR,2025-01-08,nieobecność,7
2TMR,2025-01-15,nieobecność,7
2TMR,2025-01-21,nieobecność,10
2TMR,2025-01-29,nieobecność,6
2TMR,2025-01-31,spóźnienie,2
2TMR,2025-01-31,nieob. uspraw.,74
2TMR,2025-03-18,nieobecność,9
2TMR,2025-05-12,nieobecność,13
2TMR,2025-05-12,spóźnienie,2
2TMR,2025-05-14,nieobecność,11
2TMR,2025-05-15,nieobecność,9
2TMR,2025-05-16,nieobecność,5
2TMR,2025-05-20,spóźnienie,7
2TMR,2025-05-26,nieobecność,6
2TMR,2025-06-11,obecność,79
2TMR,2025-06-11,nieobecność,1
2TMR,2025-06-12,nieob. uspr. p.s.,2
2TMR,2025-06-18,obecność,16
2TMR,2024-10-31,nieob. uspr. p.s.,4
2TMR,2024-11-28,nieob. uspraw.,22
2TMR,2024-11-29,nieob. uspraw.,16
2TMR,2025-01-20,nieob. uspr. p.s.,8
2TMR,2025-01-24,nieob. uspr. p.s.,2
2TMR,2025-01-31,nieob. uspr. p.s.,1
2TMR,2025-03-13,nieob. uspraw.,33
2TMR,2025-03-25,nieob. uspraw.,37
2TMR,2025-03-31,nieob. uspraw.,8
2TMR,2025-06-17,obecność,5
2TMR,2024-09-11,nieob. uspraw.,22
2TMR,2024-09-17,nieobecność,3
2TMR,2024-10-02,nieobecność,3
2TMR,2024-10-07,nieobecność,2
2TMR,2024-10-24,nieob. uspraw.,20
2TMR,2024-11-13,nieobecność,2
2TMR,2024-11-18,nieobecność,4
2TMR,2024-11-22,nieobecność,3
2TMR,2025-01-09,nieobecność,1
2TMR,2025-01-10,nieobecność,2
2TMR,2025-01-29,nieob. uspraw.,26
2TMR,2025-01-30,nieob. uspraw.,18
2TMR,2025-02-17,nieobecność,5
2TMR,2025-02-21,nieobecność,3
2TMR,2025-02-25,nieobecność,11
2TMR,2025-03-05,nieobecność,3
2TMR,2025-03-07,nieob. uspr. p.s.,4
2TMR,2025-03-07,nieobecność,2
2TMR,2025-03-13,nieobecność,6
2TMR,2025-03-25,nieob. uspr. p.s.,7
2TMR,2025-03-26,nieobecność,4
2TMR,2025-04-03,nieob. uspraw.,27
2TMR,2025-04-10,nieobecność,17
2TMR,2025-04-24,nieobecność,9
2TMR,2025-06-03,spóźnienie,2
2TMR,2025-06-18,nieob. uspraw.,121
2TMR,2024-09-05,nieobecność,2
2TMR,2024-10-10,nieobecność,8
2TMR,2024-10-23,nieobecność,3
2TMR,2024-10-24,nieobecność,3
2TMR,2024-11-13,spóźnienie,2
2TMR,2024-11-14,spóźnienie,5
2TMR,2024-11-18,nieob. uspr. p.s.,5
2TMR,2024-11-21,nieob. uspr. p.s.,5
2TMR,2024-11-27,nieobecność,5
2TMR,2024-12-03,nieob. uspr. p.s.,9
2TMR,2024-12-03,nieobecność,6
2TMR,2024-12-05,nieob. uspraw.,16
2TMR,2024-12-10,nieobecność,5
2TMR,2024-12-11,nieobecność,2
2TMR,2024-12-13,nieobecność,2
2TMR,2024-12-17,nieobecność,8
2TMR,2025-01-15,nieob. uspr. p.s.,7
2TMR,2025-01-16,nieob. uspraw.,38
2TMR,2025-01-22,nieob. uspraw.,12
2TMR,2025-02-21,nieob. uspraw.,44
2TMR,2025-03-17,spóźnienie,3
2TMR,2025-04-09,nieob. uspraw.,26
2TMR,2025-04-11,nieobecność,2
2TMR,2025-04-14,nieobecność,16
2TMR,2025-05-21,nieobecność,6
2TMR,2025-06-10,spóźnienie,1
2TMR,2025-06-13,nieob. uspraw.,7
2TMR,2024-09-16,nieob. uspraw.,39
2TMR,2024-09-17,nieob. uspraw.,64
2TMR,2024-10-08,nieob. uspraw.,14
2TMR,2024-10-10,nieob. uspraw.,8
2TMR,2024-11-29,nieob. uspr. p.s.,16
2TMR,2024-12-04,nieob. uspraw.,13
2TMR,2025-01-23,nieob. uspr. p.s.,41
2TMR,2025-02-25,nieob. uspraw.,10
2TMR,2025-03-04,nieob. uspraw.,15
2TMR,2025-03-14,nieob. uspraw.,14
2TMR,2025-03-18,nieob. uspr. p.s.,8
2TMR,2025-04-09,nieobecność,12
2TMR,2025-05-12,nieob. uspraw.,66
2TMR,2025-05-13,nieob. uspr. p.s.,3
2TMR,2025-05-28,nieobecność,6
2TMR,2024-09-05,spóźnienie,3
2TMR,2024-09-24,spóźnienie,3
2TMR,2024-09-27,nieobecność,2
2TMR,2024-10-01,spóźnienie,3
2TMR,2024-10-03,nieobecność,3
2TMR,2024-10-22,spóźnienie,1
2TMR,2024-10-22,nieobecność,1
2TMR,2024-10-28,spóźnienie,3
2TMR,2024-11-04,spóźnienie,3
2TMR,2024-11-04,nieobecność,4
2TMR,2024-11-05,nieobecność,7
2TMR,2024-12-06,nieobecność,20
2TMR,2024-12-16,nieob. uspraw.,13
2TMR,2025-01-09,spóźnienie,3
2TMR,2025-01-24,spóźnienie,3
2TMR,2025-01-27,spóźnienie,2
2TMR,2025-01-29,spóźnienie,2
2TMR,2025-02-24,nieobecność,1
2TMR,2025-02-26,nieobecność,7
2TMR,2025-03-03,nieobecność,3
2TMR,2025-03-06,nieobecność,4
2TMR,2025-03-06,spóźnienie,3
2TMR,2025-03-12,nieob. uspr. p.s.,4
2TMR,2025-03-25,spóźnienie,2
2TMR,2025-04-02,nieob. uspr. p.s.,2
2TMR,2025-05-27,nieob. uspraw.,3
2TMR,2025-05-30,nieobecność,1
2TMR,2025-06-12,nieobecność,1
2TMR,2024-09-09,nieob. uspraw.,10
2TMR,2024-09-20,nieob. uspr. p.s.,14
2TMR,2024-09-26,nieob. uspr. p.s.,5
2TMR,2024-09-30,nieob. uspr. p.s.,3
2TMR,2024-10-03,nieob. uspraw.,16
2TMR,2024-10-15,nieob. uspr. p.s.,10
2TMR,2025-03-17,nieob. uspraw.,39
2TMR,2025-05-29,nieob. uspr. p.s.,2
2TMR,2024-11-25,nieob. uspr. p.s.,5
2TMR,2024-12-02,nieob. uspr. p.s.,4
2TMR,2025-01-17,nieob. uspr. p.s.,1
2TMR,2025-01-21,nieob. uspr. p.s.,3
2TMR,2025-01-14,nieob. uspraw.,7
2TMR,2025-03-19,nieob. uspr. p.s.,12
2TMR,2025-05-20,nieob. uspr. p.s.,3
2TMR,2025-05-29,nieobecność,4
2TMR,2024-09-10,nieobecność,8
2TMR,2024-09-23,nieob. uspraw.,30
2TMR,2024-09-24,nieob. uspraw.,23
2TMR,2024-09-30,nieob. uspraw.,16
2TMR,2024-10-02,nieob. uspraw.,7
2TMR,2024-11-15,nieob. uspr. p.s.,3
2TMR,2024-11-18,spóźnienie,2
2TMR,2024-11-21,nieobecność,5
2TMR,2024-11-26,nieob. uspr. p.s.,5
2TMR,2024-12-09,nieob. uspraw.,18
2TMR,2024-12-12,nieobecność,14
2TMR,2024-12-16,nieob. uspr. p.s.,2
2TMR,2024-12-20,nieob. uspr. p.s.,4
2TMR,2025-01-07,nieobecność,2
2TMR,2025-01-20,nieob. uspraw.,8
2TMR,2025-01-21,spóźnienie,1
2TMR,2025-03-11,nieob. uspraw.,13
2TMR,2025-03-18,nieob. uspraw.,27
2TMR,2025-03-31,nieobecność,7
2TMR,2024-11-14,nieobecność,1
2TMR,2024-12-19,nieob. uspr. p.s.,10
2TMR,2025-01-07,nieob. uspr. p.s.,9
2TMR,2024-09-30,spóźnienie,1
2TMR,2024-10-03,nieob. uspr. p.s.,2
2TMR,2024-10-08,nieob. uspr. p.s.,5
2TMR,2024-10-09,nieob. uspr. p.s.,2
2TMR,2024-10-10,nieob. uspr. p.s.,7
2TMR,2024-10-16,nieob. uspr. p.s.,3
2TMR,2024-10-18,nieob. uspr. p.s.,8
2TMR,2024-11-06,nieob. uspr. p.s.,2
2TMR,2024-11-07,nieob. uspr. p.s.,8
2TMR,2024-11-25,spóźnienie,1
2TMR,2024-11-28,nieob. uspr. p.s.,2
2TMR,2024-12-04,nieobecność,3
2TMR,2024-12-12,nieob. uspr. p.s.,4
2TMR,2024-12-17,nieob. uspr. p.s.,5
2TMR,2024-12-18,spóźnienie,1
2TMR,2025-01-09,nieob. uspr. p.s.,7
2TMR,2025-01-14,spóźnienie,1
2TMR,2025-01-15,spóźnienie,1
2TMR,2025-01-28,spóźnienie,1
2TMR,2025-02-18,spóźnienie,1
2TMR,2025-02-26,nieob. uspr. p.s.,4
2TMR,2025-03-05,nieob. uspr. p.s.,8
2TMR,2025-04-08,spóźnienie,1
2TMR,2025-04-23,nieob. uspr. p.s.,5
2TMR,2025-04-24,nieob. uspr. p.s.,9
2TMR,2025-05-21,nieob. uspr. p.s.,7
2TMR,2025-06-09,spóźnienie,1
2TMR,2025-06-26,obecność,2
2TMR,2024-09-25,spóźnienie,1
2TMR,2024-10-28,nieob. uspraw.,8
2TMR,2024-12-09,nieobecność,3
2TMR,2025-02-17,nieob. uspraw.,22
2TMR,2025-03-26,nieob. uspr. p.s.,5
2TMR,2024-09-27,nieob. uspraw.,8
2TMR,2024-10-25,nieobecność,1
2TMR,2024-11-13,nieob. uspr. p.s.,5
2TMR,2024-11-19,nieob. uspr. p.s.,3
2TMR,2025-05-13,nieob. uspraw.,11
2TMR,2025-05-26,spóźnienie,3
2TMR,2024-09-03,nieobecność,4
2TMR,2024-09-18,nieobecność,1
2TMR,2024-10-03,spóźnienie,1
2TMR,2024-10-21,nieobecność,2
2TMR,2025-01-23,spóźnienie,2
2TMR,2025-01-30,nieob. uspr. p.s.,2
2TMR,2025-01-31,nieobecność,1
2TMR,2025-02-26,nieob. uspraw.,8
2TMR,2025-02-28,nieob. uspraw.,7
2TMR,2025-04-03,spóźnienie,2
2TMR,2025-06-10,nieobecność,2
2TMR,2024-11-20,spóźnienie,1
2TMR,2025-02-18,nieobecność,4
2TMR,2025-02-27,nieob. uspr. p.s.,5
2TMR,2025-03-27,nieob. uspr. p.s.,12
2TMR,2024-10-09,spóźnienie,2
2TMR,2024-10-29,nieobecność,4
2TMR,2024-11-21,spóźnienie,2
2TMR,2025-01-07,spóźnienie,1
2TMR,2025-02-20,nieobecność,2
2TMR,2025-03-24,nieobecność,2
2TMR,2025-03-27,nieobecność,9
2TMR,2024-10-01,nieob. uspr. p.s.,2
2TMR,2024-10-22,nieob. uspraw.,7
2TMR,2024-10-23,nieob. uspraw.,7
2TMR,2024-10-02,nieob. uspr. p.s.,4
2TMR,2025-04-11,nieob. uspr. p.s.,1
2TMR,2025-06-04,nieobecność,1
2TMR,2024-09-19,spóźnienie,1
2TMR,2024-10-16,spóźnienie,1
2TMR,2024-10-17,nieobecność,1
2TMR,2024-11-06,nieobecność,5
2TMR,2024-11-07,nieobecność,1
2TMR,2024-11-15,nieobecność,2
2TMR,2024-11-20,nieobecność,1
2TMR,2025-01-23,nieobecność,1
2TMR,2025-02-19,nieobecność,2
2TMR,2025-03-11,nieobecność,2
2TMR,2025-03-12,nieobecność,3
2TR,2024-09-02,obecność,180
2TR,2024-09-03,obecność,151
2TR,2024-09-04,nieob. uspraw.,16
2TR,2024-09-05,obecność,108
2TR,2024-09-05,nieob. uspraw.,26
2TR,2024-09-06,obecność,111
2TR,2024-09-09,obecność,134
2TR,2024-09-09,nieob. uspraw.,26
2TR,2024-09-10,obecność,138
2TR,2024-09-11,obecność,143
2TR,2024-09-11,nieob. uspraw.,13
2TR,2024-09-12,obecność,136
2TR,2024-09-12,nieob. uspraw.,24
2TR,2024-09-13,obecność,141
2TR,2024-09-16,obecność,111
2TR,2024-09-17,obecność,120
2TR,2024-09-17,nieob. uspraw.,38
2TR,2024-09-18,nieob. uspraw.,48
2TR,2024-09-18,obecność,112
2TR,2024-09-19,obecność,98
2TR,2024-09-19,nieob. uspraw.,41
2TR,2024-09-20,nieob. uspraw.,77
2TR,2024-09-23,obecność,124
2TR,2024-09-23,nieob. uspraw.,16
2TR,2024-09-24,nieob. uspraw.,17
2TR,2024-09-25,nieob. uspraw.,25
2TR,2024-09-26,obecność,140
2TR,2024-09-27,obecność,131
2TR,2024-09-27,nieob. uspraw.,5
2TR,2024-09-30,obecność,138
2TR,2024-09-30,nieob. uspraw.,21
2TR,2024-10-01,obecność,147
2TR,2024-10-02,obecność,147
2TR,2024-10-02,nieob. uspraw.,12
2TR,2024-10-03,obecność,116
2TR,2024-10-04,nieob. uspr. p.s.,60
2TR,2024-10-04,,80
2TR,2024-10-07,obecność,124
2TR,2024-10-08,obecność,143
2TR,2024-10-08,nieob. uspraw.,14
2TR,2024-10-09,obecność,154
2TR,2024-10-10,obecność,83
2TR,2024-10-11,obecność,125
2TR,2024-10-14,nieob. uspr. p.s.,20
2TR,2024-10-15,nieob. uspraw.,39
2TR,2024-10-16,nieob. uspraw.,15
2TR,2024-10-16,nieob. uspr. p.s.,77
2TR,2024-10-17,obecność,113
2TR,2024-10-17,nieob. uspraw.,20
2TR,2024-10-18,obecność,112
2TR,2024-10-21,obecność,130
2TR,2024-10-22,nieob. uspraw.,12
2TR,2024-10-22,obecność,145
2TR,2024-10-23,obecność,124
2TR,2024-10-23,nieob. uspraw.,34
2TR,2024-10-24,obecność,130
2TR,2024-10-24,nieobecność,1
2TR,2024-10-25,obecność,153
2TR,2024-10-28,obecność,125
2TR,2024-10-29,obecność,140
2TR,2024-10-29,nieob. uspraw.,18
2TR,2024-10-30,obecność,102
2TR,2024-10-30,nieob. uspraw.,18
2TR,2024-10-31,nieob. uspraw.,81
2TR,2024-11-04,obecność,148
2TR,2024-11-04,nieob. uspraw.,8
2TR,2024-11-05,nieob. uspraw.,6
2TR,2024-11-05,obecność,149
2TR,2024-11-06,obecność,101
2TR,2024-11-06,nieob. uspraw.,19
2TR,2024-11-07,nieob. uspraw.,23
2TR,2024-11-07,obecność,135
2TR,2024-11-08,obecność,161
2TR,2024-11-12,obecność,99
2TR,2024-11-13,obecność,135
2TR,2024-11-13,nieob. uspraw.,18
2TR,2024-11-14,obecność,106
2TR,2024-11-14,nieob. uspraw.,31
2TR,2024-11-15,nieob. uspraw.,30
2TR,2024-11-15,obecność,148
2TR,2024-11-18,nieob. uspr. p.s.,140
2TR,2024-11-19,obecność,124
2TR,2024-11-19,nieob. uspraw.,24
2TR,2024-11-20,nieob. uspraw.,18
2TR,2024-11-20,obecność,142
2TR,2024-11-21,obecność,144
2TR,2024-11-21,nieob. uspraw.,14
2TR,2024-11-22,nieob. uspraw.,28
2TR,2024-11-22,obecność,152
2TR,2024-11-25,obecność,81
2TR,2024-11-25,nieob. uspraw.,69
2TR,2024-11-26,nieob. uspraw.,7
2TR,2024-11-26,obecność,143
2TR,2024-11-27,obecność,128
2TR,2024-11-28,obecność,146
2TR,2024-11-29,nieobecność,2
2TR,2024-11-29,obecność,131
2TR,2024-12-02,obecność,143
2TR,2024-12-02,nieob. uspraw.,10
2TR,2024-12-03,obecność,115
2TR,2024-12-03,nieobecność,1
2TR,2024-12-04,obecność,108
2TR,2024-12-05,obecność,43
2TR,2024-12-05,nieobecność,12
2TR,2024-12-06,obecność,108
2TR,2024-12-09,obecność,98
2TR,2024-12-10,obecność,114
2TR,2024-12-10,nieob. uspraw.,18
2TR,2024-12-11,obecność,129
2TR,2024-12-11,nieob. uspraw.,11
2TR,2024-12-12,obecność,111
2TR,2024-12-12,nieob. uspraw.,26
2TR,2024-12-13,obecność,157
2TR,2024-12-16,obecność,143
2TR,2024-12-17,obecność,138
2TR,2024-12-17,nieob. uspraw.,22
2TR,2024-12-18,obecność,83
2TR,2024-12-19,nieob. uspraw.,35
2TR,2024-12-19,obecność,111
2TR,2024-12-20,nieob. uspraw.,31
2TR,2024-12-20,obecność,140
2TR,2025-01-07,obecność,146
2TR,2025-01-07,nieob. uspraw.,14
2TR,2025-01-08,obecność,147
2TR,2025-01-09,obecność,130
2TR,2025-01-09,nieob. uspraw.,27
2TR,2025-01-10,nieob. uspraw.,58
2TR,2025-01-10,obecność,122
2TR,2025-01-13,obecność,148
2TR,2025-01-13,nieob. uspraw.,12
2TR,2025-01-14,obecność,109
2TR,2025-01-14,nieob. uspraw.,29
2TR,2025-01-15,obecność,99
2TR,2025-01-16,obecność,128
2TR,2025-01-16,nieob. uspraw.,31
2TR,2025-01-17,spóźnienie,1
2TR,2025-01-17,obecność,116
2TR,2025-01-20,obecność,89
2TR,2025-01-20,nieobecność,44
2TR,2025-01-21,nieobecność,35
2TR,2025-01-21,obecność,101
2TR,2025-01-22,obecność,122
2TR,2025-01-22,nieobecność,16
2TR,2025-01-23,obecność,107
2TR,2025-01-23,nieobecność,26
2TR,2025-01-24,obecność,87
2TR,2025-01-27,obecność,119
2TR,2025-01-28,obecność,115
2TR,2025-01-29,obecność,100
2TR,2025-01-30,nieobecność,58
2TR,2025-01-30,obecność,97
2TR,2025-01-31,nieobecność,102
2TR,2025-01-31,obecność,46
2TR,2025-02-17,obecność,135
2TR,2025-02-17,nieob. uspraw.,24
2TR,2025-02-18,obecność,128
2TR,2025-02-18,nieob. uspraw.,24
2TR,2025-02-19,obecność,127
2TR,2025-02-19,spóźnienie,2
2TR,2025-02-19,nieob. uspraw.,9
2TR,2025-02-20,obecność,143
2TR,2025-02-20,spóźnienie,1
2TR,2025-02-20,nieob. uspraw.,16
2TR,2025-02-21,obecność,81
2TR,2025-02-21,nieobecność,6
2TR,2025-02-24,obecność,110
2TR,2025-02-25,obecność,140
2TR,2025-02-25,nieob. uspraw.,18
2TR,2025-02-26,obecność,119
2TR,2025-02-26,spóźnienie,1
2TR,2025-02-26,nieob. uspraw.,28
2TR,2025-02-27,nieob. uspraw.,27
2TR,2025-02-28,nieob. uspraw.,51
2TR,2025-02-28,obecność,126
2TR,2025-03-03,obecność,116
2TR,2025-03-04,obecność,147
2TR,2025-03-04,nieob. uspraw.,10
2TR,2025-03-05,nieob. uspraw.,17
2TR,2025-03-05,obecność,121
2TR,2025-03-06,nieob. uspraw.,35
2TR,2025-03-07,nieobecność,1
2TR,2025-03-07,obecność,112
2TR,2025-03-10,obecność,113
2TR,2025-03-10,nieob. uspraw.,38
2TR,2025-03-11,obecność,121
2TR,2025-03-11,nieob. uspr. p.s.,12
2TR,2025-03-12,obecność,61
2TR,2025-03-12,nieob. uspraw.,29
2TR,2025-03-13,obecność,85
2TR,2025-03-13,nieob. uspraw.,52
2TR,2025-03-14,nieob. uspraw.,54
2TR,2025-03-14,obecność,124
2TR,2025-03-17,obecność,118
2TR,2025-03-17,nieob. uspr. p.s.,29
2TR,2025-03-17,nieob. uspraw.,13
2TR,2025-03-18,obecność,114
2TR,2025-03-18,nieob. uspraw.,36
2TR,2025-03-19,obecność,129
2TR,2025-03-20,nieob. uspraw.,46
2TR,2025-03-21,nieob. uspraw.,153
2TR,2025-03-24,obecność,106
2TR,2025-03-25,nieob. uspraw.,27
2TR,2025-03-25,obecność,99
2TR,2025-03-25,nieob. uspr. p.s.,14
2TR,2025-03-26,obecność,103
2TR,2025-03-27,obecność,113
2TR,2025-03-28,nieob. uspraw.,33
2TR,2025-03-28,obecność,142
2TR,2025-03-31,obecność,111
2TR,2025-03-31,nieob. uspraw.,43
2TR,2025-04-01,obecność,109
2TR,2025-04-02,obecność,90
2TR,2025-04-02,,5
2TR,2025-04-03,obecność,127
2TR,2025-04-03,nieob. uspraw.,24
2TR,2025-04-04,nieob. uspraw.,17
2TR,2025-04-04,obecność,120
2TR,2025-04-07,obecność,124
2TR,2025-04-08,obecność,129
2TR,2025-04-09,obecność,110
2TR,2025-04-09,nieob. uspraw.,17
2TR,2025-04-10,nieob. uspraw.,63
2TR,2025-04-10,obecność,65
2TR,2025-04-10,nieob. uspr. p.s.,31
2TR,2025-04-11,obecność,107
2TR,2025-04-14,obecność,136
2TR,2025-04-15,obecność,148
2TR,2025-04-16,nieob. uspraw.,23
2TR,2025-04-16,obecność,103
2TR,2025-04-16,nieob. uspr. p.s.,14
2TR,2025-04-23,obecność,92
2TR,2025-04-23,nieob. uspr. p.s.,24
2TR,2025-04-24,obecność,119
2TR,2025-04-24,nieob. uspraw.,30
2TR,2025-04-25,nieob. uspraw.,91
2TR,2025-05-12,obecność,98
2TR,2025-05-13,obecność,131
2TR,2025-05-13,nieob. uspraw.,26
2TR,2025-05-14,obecność,87
2TR,2025-05-14,nieob. uspraw.,32
2TR,2025-05-15,nieobecność,13
2TR,2025-05-16,nieob. uspraw.,30
2TR,2025-05-16,obecność,148
2TR,2025-05-19,nieob. uspraw.,20
2TR,2025-05-19,obecność,137
2TR,2025-05-20,obecność,140
2TR,2025-05-20,nieob. uspraw.,17
2TR,2025-05-21,obecność,88
2TR,2025-05-21,nieob. uspr. p.s.,12
2TR,2025-05-21,nieob. uspraw.,40
2TR,2025-05-22,obecność,80
2TR,2025-05-22,nieobecność,3
2TR,2025-05-23,obecność,75
2TR,2025-05-23,nieob. uspr. p.s.,105
2TR,2025-05-26,obecność,105
2TR,2025-05-26,nieob. uspraw.,35
2TR,2025-05-27,obecność,136
2TR,2025-05-27,nieob. uspraw.,24
2TR,2025-05-28,obecność,99
2TR,2025-05-28,nieob. uspraw.,18
2TR,2025-05-29,nieob. uspraw.,49
2TR,2025-05-30,obecność,77
2TR,2025-06-02,obecność,131
2TR,2025-06-02,nieob. uspraw.,29
2TR,2025-06-03,nieob. uspraw.,46
2TR,2025-06-03,obecność,113
2TR,2025-06-04,obecność,110
2TR,2025-06-04,nieob. uspraw.,50
2TR,2025-06-05,obecność,71
2TR,2025-06-05,nieob. uspraw.,69
2TR,2025-06-06,obecność,117
2TR,2025-06-09,spóźnienie,3
2TR,2025-06-09,obecność,70
2TR,2025-06-10,nieob. uspraw.,100
2TR,2025-06-10,obecność,52
2TR,2025-06-11,nieob. uspraw.,140
2TR,2025-06-12,nieob. uspraw.,124
2TR,2025-06-13,obecność,147
2TR,2025-06-13,nieob. uspraw.,33
2TR,2025-06-16,nieob. uspraw.,132
2TR,2025-06-17,nieob. uspraw.,128
2TR,2025-06-18,nieobecność,21
2TR,2025-06-18,obecność,1
2TR,2025-06-18,,2
2TR,2025-06-23,nieob. uspraw.,117
2TR,2025-06-23,nieobecność,41
2TR,2025-06-24,nieobecność,119
2TR,2025-06-25,nieobecność,159
2TR,2025-06-25,obecność,1
2TR,2025-06-26,nieobecność,160
2TR,2025-06-27,obecność,240
2TR,2024-09-04,obecność,144
2TR,2024-09-20,obecność,103
2TR,2024-09-24,obecność,123
2TR,2024-09-25,obecność,101
2TR,2024-10-15,obecność,120
2TR,2024-10-16,obecność,48
2TR,2024-10-25,nieob. uspraw.,27
2TR,2024-10-31,obecność,76
2TR,2024-11-29,nieob. uspr. p.s.,7
2TR,2024-11-29,nieob. uspraw.,40
2TR,2024-12-05,nieob. uspr. p.s.,13
2TR,2024-12-13,nieob. uspraw.,20
2TR,2025-01-08,nieob. uspr. p.s.,10
2TR,2025-01-15,nieob. uspraw.,61
2TR,2025-02-27,obecność,120
2TR,2025-03-06,obecność,94
2TR,2025-03-07,nieob. uspraw.,62
2TR,2025-03-20,obecność,97
2TR,2025-03-21,obecność,25
2TR,2025-03-27,nieob. uspr. p.s.,30
2TR,2025-05-13,zwolniony,2
2TR,2025-05-15,obecność,51
2TR,2025-05-22,nieob. uspr. p.s.,8
2TR,2025-05-22,nieob. uspraw.,49
2TR,2025-05-29,obecność,111
2TR,2025-06-06,nieob. uspraw.,63
2TR,2025-06-12,spóźnienie,1
2TR,2025-06-12,obecność,13
2TR,2025-06-17,nieobecność,31
2TR,2025-06-17,obecność,1
2TR,2025-06-18,nieob. uspraw.,136
2TR,2025-06-24,obecność,1
2TR,2024-09-03,nieob. uspraw.,9
2TR,2024-09-11,zwolniony,2
2TR,2024-09-16,nieob. uspraw.,49
2TR,2024-10-01,nieob. uspraw.,11
2TR,2024-10-03,nieob. uspraw.,23
2TR,2024-10-09,zwolniony,1
2TR,2024-10-11,nieob. uspraw.,55
2TR,2024-10-18,nieob. uspraw.,40
2TR,2024-10-28,nieob. uspraw.,14
2TR,2024-11-04,nieobecność,3
2TR,2024-11-12,nieob. uspraw.,19
2TR,2024-11-13,nieobecność,3
2TR,2024-11-15,nieob. uspr. p.s.,2
2TR,2024-11-27,nieob. uspraw.,7
2TR,2024-11-28,nieob. uspraw.,12
2TR,2024-12-04,spóźnienie,3
2TR,2024-12-05,nieob. uspraw.,70
2TR,2024-12-06,nieob. uspraw.,59
2TR,2024-12-09,nieob. uspraw.,42
2TR,2024-12-19,nieobecność,14
2TR,2024-12-20,nieobecność,9
2TR,2025-01-09,spóźnienie,2
2TR,2025-01-17,nieob. uspraw.,63
2TR,2025-01-20,nieob. uspraw.,24
2TR,2025-01-21,nieob. uspraw.,24
2TR,2025-01-22,nieob. uspraw.,22
2TR,2025-01-23,nieob. uspraw.,24
2TR,2025-01-24,nieob. uspraw.,13
2TR,2025-01-27,nieob. uspraw.,15
2TR,2025-01-31,nieob. uspraw.,29
2TR,2025-02-21,nieob. uspraw.,42
2TR,2025-02-24,nieob. uspraw.,34
2TR,2025-03-11,nieob. uspraw.,7
2TR,2025-03-24,nieob. uspr. p.s.,21
2TR,2025-03-26,nieob. uspraw.,17
2TR,2025-03-27,nieob. uspraw.,17
2TR,2025-04-01,nieob. uspraw.,35
2TR,2025-04-07,nieob. uspraw.,14
2TR,2025-04-08,nieob. uspr. p.s.,13
2TR,2025-04-08,nieob. uspraw.,18
2TR,2025-04-09,nieob. uspr. p.s.,13
2TR,2025-04-11,nieob. uspraw.,35
2TR,2025-04-15,nieob. uspr. p.s.,1
2TR,2025-04-25,obecność,82
2TR,2025-05-30,nieob. uspraw.,59
2TR,2025-06-09,nieob. uspraw.,43
2TR,2025-06-23,obecność,2
2TR,2024-09-25,nieob. uspr. p.s.,13
2TR,2024-10-07,spóźnienie,1
2TR,2024-10-09,nieob. uspraw.,5
2TR,2024-10-10,nieob. uspraw.,16
2TR,2024-12-02,nieob. uspr. p.s.,7
2TR,2024-12-03,nieob. uspraw.,13
2TR,2024-12-16,nieob. uspraw.,16
2TR,2024-12-18,nieob. uspraw.,37
2TR,2025-01-24,nieobecność,60
2TR,2025-01-27,nieobecność,3
2TR,2025-01-28,nieobecność,4
2TR,2025-01-29,nieob. uspraw.,29
2TR,2025-01-30,nieob. uspr. p.s.,4
2TR,2025-03-06,spóźnienie,4
2TR,2025-03-10,spóźnienie,1
2TR,2025-03-10,nieob. uspr. p.s.,8
2TR,2025-03-14,nieob. uspr. p.s.,2
2TR,2025-03-19,nieob. uspr. p.s.,10
2TR,2025-03-20,nieob. uspr. p.s.,17
2TR,2025-03-24,nieob. uspraw.,9
2TR,2025-03-26,nieobecność,1
2TR,2025-04-23,nieob. uspraw.,44
2TR,2025-04-24,nieob. uspr. p.s.,11
2TR,2025-05-12,nieob. uspraw.,19
2TR,2025-05-15,nieob. uspraw.,36
2TR,2025-06-03,nieobecność,1
2TR,2025-06-16,obecność,4
2TR,2024-09-06,nieob. uspraw.,29
2TR,2024-09-25,nieobecność,1
2TR,2025-03-24,spóźnienie,3
2TR,2025-04-02,spóźnienie,2
2TR,2025-06-10,nieob. uspr. p.s.,8
2TR,2024-09-11,nieobecność,2
2TR,2024-09-13,nieob. uspraw.,39
2TR,2024-10-02,spóźnienie,1
2TR,2024-10-07,nieob. uspraw.,15
2TR,2024-10-24,nieob. uspraw.,7
2TR,2024-10-28,spóźnienie,1
2TR,2024-11-13,spóźnienie,4
2TR,2024-11-26,nieob. uspr. p.s.,8
2TR,2025-02-17,spóźnienie,1
2TR,2025-03-03,nieob. uspraw.,24
2TR,2025-03-12,nieobecność,3
2TR,2025-03-12,nieob. uspr. p.s.,7
2TR,2025-03-18,nieob. uspr. p.s.,10
2TR,2025-03-19,nieob. uspraw.,21
2TR,2025-03-26,nieob. uspr. p.s.,19
2TR,2025-03-31,nieob. uspr. p.s.,6
2TR,2025-04-01,nieob. uspr. p.s.,16
2TR,2025-04-02,nieob. uspr. p.s.,1
2TR,2025-04-03,nieob. uspr. p.s.,9
2TR,2025-04-04,nieob. uspr. p.s.,22
2TR,2025-05-13,spóźnienie,1
2TR,2025-05-19,spóźnienie,3
2TR,2024-11-14,nieob. uspr. p.s.,1
2TR,2025-01-08,nieob. uspraw.,3
2TR,2025-01-29,nieob. uspr. p.s.,11
2TR,2025-02-21,nieob. uspr. p.s.,31
2TR,2025-02-26,nieob. uspr. p.s.,12
2TR,2025-04-02,nieob. uspraw.,21
2TR,2025-04-10,nieobecność,1
2TR,2025-04-15,nieob. uspraw.,11
2TR,2025-04-25,nieob. uspr. p.s.,7
2TR,2025-05-12,nieob. uspr. p.s.,23
2TR,2024-09-05,nieobecność,6
2TR,2025-01-28,nieob. uspraw.,14
2TR,2025-03-28,nieob. uspr. p.s.,5
2TR,2024-09-10,nieob. uspraw.,2
2TR,2024-10-01,nieobecność,2
2TR,2024-10-08,nieobecność,3
2TR,2024-11-08,nieob. uspraw.,19
2TR,2024-12-03,nieob. uspr. p.s.,9
2TR,2024-12-04,nieob. uspraw.,9
2TR,2025-01-16,spóźnienie,1
2TR,2025-02-18,nieob. uspr. p.s.,8
2TR,2025-02-24,nieobecność,1
2TR,2025-02-27,nieob. uspr. p.s.,13
2TR,2025-03-04,nieob. uspr. p.s.,3
2TR,2025-03-05,nieob. uspr. p.s.,2
2TR,2024-10-17,nieob. uspr. p.s.,7
2TR,2024-10-18,nieob. uspr. p.s.,8
2TR,2025-01-30,spóźnienie,1
2TR,2025-02-24,nieob. uspr. p.s.,15
2TR,2025-03-13,nieob. uspr. p.s.,23
2TR,2025-04-11,nieob. uspr. p.s.,18
2TR,2025-05-16,nieob. uspr. p.s.,2
2TR,2025-05-28,nieob. uspr. p.s.,3
2TR,2024-09-19,nieobecność,1
2TR,2024-09-27,nieob. uspr. p.s.,24
2TR,2024-10-03,nieobecność,1
2TR,2024-10-21,nieobecność,2
2TR,2024-11-04,spóźnienie,1
2TR,2024-11-05,nieob. uspr. p.s.,3
2TR,2024-11-25,nieobecność,6
2TR,2024-12-16,spóźnienie,1
2TR,2025-01-09,nieob. uspr. p.s.,1
2TR,2025-02-19,nieob. uspr. p.s.,1
2TR,2025-03-06,nieob. uspr. p.s.,6
2TR,2025-04-02,nieobecność,1
2TR,2025-04-04,nieobecność,1
2TR,2025-04-14,nieob. uspraw.,4
2TR,2025-05-14,nieobecność,1
2TR,2025-06-16,nieobecność,24
2TR,2025-02-19,spóźn. uspr.,1
2TR,2025-03-06,spóźn. uspr.,1
2TR,2025-03-24,spóźn. uspr.,1
2TR,2025-06-09,nieob. uspr. p.s.,2
2TR,2025-06-09,spóźn. uspr.,2
2TR,2024-10-21,nieob. uspraw.,8
2TR,2024-11-27,nieob. uspr. p.s.,3
2TR,2024-12-06,nieob. uspr. p.s.,4
2TR,2024-12-10,nieob. uspr. p.s.,5
2TR,2024-12-13,nieob. uspr. p.s.,3
2TR,2025-01-23,nieob. uspr. p.s.,3
2TR,2025-06-12,nieob. uspr. p.s.,2
2TR,2025-04-07,nieob. uspr. p.s.,2
2TR,2024-09-17,nieobecność,2
2TR,2024-10-23,nieobecność,2
2TR,2024-11-19,nieob. uspr. p.s.,10
2TR,2024-11-27,spóźnienie,1
2TR,2025-01-14,nieob. uspr. p.s.,2
2TR,2025-01-27,nieob. uspr. p.s.,3
2TR,2025-01-28,nieob. uspr. p.s.,7
2TR,2025-03-07,nieob. uspr. p.s.,5
2TR,2025-05-30,nieobecność,4
2TR,2024-12-06,spóźnienie,9
2TR,2024-12-10,spóźnienie,1
2TR,2024-10-10,nieob. uspr. p.s.,1
2TR,2024-10-15,nieob. uspr. p.s.,1
2TR,2024-10-31,spóźnienie,1
2TR,2024-11-25,nieob. uspr. p.s.,4
2TR,2025-01-31,nieob. uspr. p.s.,3
2TR,2025-02-25,nieob. uspr. p.s.,2
2TR,2024-09-30,nieobecność,1
2TR,2024-10-22,spóźn. uspr.,1
2TR,2024-11-27,spóźn. uspr.,1
2TR,2024-12-12,nieobecność,1
2TR,2025-01-20,nieob. uspr. p.s.,2
2TR,2025-01-20,spóźnienie,1
2TR,2025-02-28,nieob. uspr. p.s.,3
2TR,2025-03-21,nieob. uspr. p.s.,2
2TR,2025-05-20,nieob. uspr. p.s.,3
2TW,2024-09-02,obecność,206
2TW,2024-09-03,obecność,186
2TW,2024-09-04,obecność,192
2TW,2024-09-05,obecność,174
2TW,2024-09-06,obecność,153
2TW,2024-09-09,nieob. uspraw.,32
2TW,2024-09-10,nieob. uspraw.,27
2TW,2024-09-11,nieob. uspraw.,21
2TW,2024-09-12,nieob. uspraw.,28
2TW,2024-09-13,obecność,187
2TW,2024-09-16,obecność,129
2TW,2024-09-16,nieob. uspraw.,62
2TW,2024-09-17,nieob. uspraw.,111
2TW,2024-09-18,nieobecność,5
2TW,2024-09-18,obecność,112
2TW,2024-09-19,obecność,110
2TW,2024-09-20,nieob. uspraw.,89
2TW,2024-09-23,nieob. uspraw.,16
2TW,2024-09-24,nieob. uspraw.,22
2TW,2024-09-25,nieob. uspraw.,36
2TW,2024-09-26,obecność,163
2TW,2024-09-27,obecność,153
2TW,2024-09-30,obecność,140
2TW,2024-10-01,obecność,129
2TW,2024-10-01,nieobecność,5
2TW,2024-10-02,obecność,205
2TW,2024-10-03,obecność,150
2TW,2024-10-07,obecność,128
2TW,2024-10-07,nieob. uspr. p.s.,7
2TW,2024-10-08,obecność,123
2TW,2024-10-09,obecność,138
2TW,2024-10-10,nieob. uspraw.,25
2TW,2024-10-11,nieob. uspraw.,26
2TW,2024-10-14,nieob. uspr. p.s.,25
2TW,2024-10-15,nieob. uspraw.,29
2TW,2024-10-16,obecność,176
2TW,2024-10-17,obecność,120
2TW,2024-10-18,nieobecność,6
2TW,2024-10-18,obecność,135
2TW,2024-10-21,nieob. uspraw.,30
2TW,2024-10-22,nieob. uspraw.,27
2TW,2024-10-23,nieob. uspraw.,24
2TW,2024-10-24,obecność,127
2TW,2024-10-24,nieob. uspraw.,44
2TW,2024-10-25,nieob. uspraw.,42
2TW,2024-10-28,nieob. uspraw.,43
2TW,2024-10-29,nieob. uspraw.,41
2TW,2024-10-30,nieob. uspraw.,44
2TW,2024-10-31,nieob. uspraw.,69
2TW,2024-11-04,obecność,165
2TW,2024-11-05,obecność,154
2TW,2024-11-06,obecność,116
2TW,2024-11-07,obecność,124
2TW,2024-11-08,obecność,187
2TW,2024-11-12,nieob. uspraw.,21
2TW,2024-11-12,obecność,152
2TW,2024-11-13,obecność,177
2TW,2024-11-14,nieob. uspr. p.s.,71
2TW,2024-11-15,nieob. uspraw.,68
2TW,2024-11-18,obecność,164
2TW,2024-11-19,obecność,152
2TW,2024-11-19,nieob. uspraw.,26
2TW,2024-11-20,obecność,141
2TW,2024-11-21,obecność,140
2TW,2024-11-21,nieob. uspraw.,33
2TW,2024-11-22,nieob. uspraw.,63
2TW,2024-11-25,obecność,172
2TW,2024-11-26,obecność,124
2TW,2024-11-26,nieob. uspraw.,20
2TW,2024-11-27,nieob. uspraw.,25
2TW,2024-11-28,obecność,132
2TW,2024-11-29,obecność,168
2TW,2024-11-29,nieob. uspraw.,17
2TW,2024-12-02,nieob. uspraw.,49
2TW,2024-12-03,nieob. uspraw.,24
2TW,2024-12-04,obecność,166
2TW,2024-12-05,nieob. uspraw.,34
2TW,2024-12-06,obecność,140
2TW,2024-12-09,nieob. uspraw.,42
2TW,2024-12-10,nieob. uspraw.,28
2TW,2024-12-11,obecność,139
2TW,2024-12-11,nieob. uspraw.,31
2TW,2024-12-12,nieob. uspraw.,22
2TW,2024-12-13,nieob. uspraw.,33
2TW,2024-12-16,nieob. uspraw.,11
2TW,2024-12-16,obecność,163
2TW,2024-12-17,nieob. uspraw.,18
2TW,2024-12-17,obecność,144
2TW,2024-12-18,obecność,169
2TW,2024-12-19,obecność,117
2TW,2024-12-19,nieobecność,31
2TW,2024-12-20,obecność,142
2TW,2025-01-07,obecność,165
2TW,2025-01-08,obecność,136
2TW,2025-01-08,nieobecność,12
2TW,2025-01-08,spóźnienie,15
2TW,2025-01-09,spóźnienie,5
2TW,2025-01-09,obecność,128
2TW,2025-01-10,spóźnienie,6
2TW,2025-01-10,obecność,107
2TW,2025-01-13,obecność,130
2TW,2025-01-13,spóźnienie,17
2TW,2025-01-14,obecność,134
2TW,2025-01-15,nieob. uspraw.,30
2TW,2025-01-16,spóźnienie,8
2TW,2025-01-16,obecność,180
2TW,2025-01-17,spóźnienie,5
2TW,2025-01-17,obecność,180
2TW,2025-01-20,nieob. uspraw.,41
2TW,2025-01-21,obecność,89
2TW,2025-01-21,nieob. uspraw.,88
2TW,2025-01-22,nieob. uspraw.,63
2TW,2025-01-22,obecność,124
2TW,2025-01-23,obecność,130
2TW,2025-01-24,nieob. uspraw.,74
2TW,2025-01-27,obecność,110
2TW,2025-01-28,obecność,108
2TW,2025-01-28,nieob. uspraw.,49
2TW,2025-01-29,nieob. uspraw.,59
2TW,2025-01-30,obecność,157
2TW,2025-01-31,nieob. uspraw.,86
2TW,2025-02-17,nieob. uspraw.,21
2TW,2025-02-18,obecność,155
2TW,2025-02-18,nieobecność,5
2TW,2025-02-19,nieobecność,3
2TW,2025-02-19,obecność,176
2TW,2025-02-20,nieob. uspraw.,19
2TW,2025-02-21,nieob. uspraw.,47
2TW,2025-02-24,obecność,149
2TW,2025-02-25,nieob. uspraw.,32
2TW,2025-02-26,nieob. uspraw.,33
2TW,2025-02-27,obecność,135
2TW,2025-02-28,obecność,117
2TW,2025-03-03,obecność,133
2TW,2025-03-04,nieob. uspraw.,28
2TW,2025-03-05,obecność,140
2TW,2025-03-06,obecność,149
2TW,2025-03-06,nieob. uspraw.,32
2TW,2025-03-07,nieob. uspraw.,31
2TW,2025-03-10,nieobecność,8
2TW,2025-03-11,obecność,108
2TW,2025-03-11,spóźnienie,9
2TW,2025-03-11,nieobecność,10
2TW,2025-03-12,nieobecność,8
2TW,2025-03-13,obecność,157
2TW,2025-03-14,obecność,144
2TW,2025-03-17,nieobecność,8
2TW,2025-03-18,nieobecność,11
2TW,2025-03-18,obecność,129
2TW,2025-03-19,obecność,146
2TW,2025-03-20,obecność,109
2TW,2025-03-20,nieobecność,10
2TW,2025-03-21,obecność,30
2TW,2025-03-21,nieob. uspr. p.s.,13
2TW,2025-03-24,obecność,138
2TW,2025-03-25,nieobecność,14
2TW,2025-03-26,nieobecność,12
2TW,2025-03-27,obecność,150
2TW,2025-03-28,obecność,130
2TW,2025-03-31,obecność,183
2TW,2025-04-01,nieobecność,11
2TW,2025-04-02,obecność,134
2TW,2025-04-03,obecność,185
2TW,2025-04-03,nieobecność,10
2TW,2025-04-04,obecność,174
2TW,2025-04-07,obecność,143
2TW,2025-04-07,nieobecność,3
2TW,2025-04-08,obecność,141
2TW,2025-04-08,nieob. uspr. p.s.,9
2TW,2025-04-09,nieobecność,10
2TW,2025-04-10,obecność,102
2TW,2025-04-11,obecność,151
2TW,2025-04-14,obecność,154
2TW,2025-04-14,spóźnienie,13
2TW,2025-04-15,obecność,142
2TW,2025-04-16,obecność,121
2TW,2025-04-16,nieobecność,17
2TW,2025-04-23,nieobecność,23
2TW,2025-04-24,nieobecność,23
2TW,2025-04-24,obecność,163
2TW,2025-04-25,nieobecność,26
2TW,2025-05-26,obecność,160
2TW,2025-05-27,obecność,125
2TW,2025-05-28,nieobecność,10
2TW,2025-05-29,obecność,133
2TW,2025-05-30,nieobecność,20
2TW,2025-06-02,nieob. uspr. p.s.,150
2TW,2025-06-03,nieobecność,29
2TW,2025-06-04,obecność,116
2TW,2025-06-04,nieobecność,21
2TW,2025-06-05,nieob. uspr. p.s.,167
2TW,2025-06-06,nieobecność,66
2TW,2025-06-06,obecność,59
2TW,2025-06-09,nieobecność,28
2TW,2025-06-10,nieobecność,20
2TW,2025-06-11,obecność,155
2TW,2025-06-11,nieobecność,8
2TW,2025-06-12,nieobecność,41
2TW,2025-06-13,nieobecność,42
2TW,2025-06-16,nieob. uspraw.,156
2TW,2025-06-17,nieob. uspraw.,158
2TW,2025-06-18,nieob. uspraw.,196
2TW,2025-06-23,nieob. uspraw.,200
2TW,2025-06-24,nieob. uspraw.,147
2TW,2025-06-25,nieob. uspraw.,200
2TW,2025-06-26,nieob. uspraw.,197
2TW,2025-06-27,obecność,176
2TW,2024-09-09,obecność,166
2TW,2024-09-10,obecność,127
2TW,2024-09-11,obecność,117
2TW,2024-09-11,spóźnienie,2
2TW,2024-09-12,obecność,156
2TW,2024-09-12,spóźnienie,11
2TW,2024-09-17,spóźnienie,9
2TW,2024-09-17,obecność,75
2TW,2024-09-19,nieobecność,2
2TW,2024-09-20,obecność,39
2TW,2024-09-23,spóźnienie,2
2TW,2024-09-23,obecność,179
2TW,2024-09-24,obecność,144
2TW,2024-09-24,spóźnienie,7
2TW,2024-09-25,obecność,141
2TW,2024-09-25,spóźnienie,4
2TW,2024-09-30,spóźnienie,2
2TW,2024-10-01,spóźnienie,5
2TW,2024-10-01,nieob. uspr. p.s.,22
2TW,2024-10-03,spóźnienie,3
2TW,2024-10-07,spóźnienie,8
2TW,2024-10-08,spóźnienie,2
2TW,2024-10-08,nieob. uspraw.,25
2TW,2024-10-08,nieobecność,8
2TW,2024-10-09,nieob. uspr. p.s.,3
2TW,2024-10-09,spóźnienie,9
2TW,2024-10-10,obecność,109
2TW,2024-10-10,nieob. uspr. p.s.,22
2TW,2024-10-11,nieobecność,8
2TW,2024-10-11,obecność,149
2TW,2024-10-15,nieob. uspr. p.s.,46
2TW,2024-10-18,nieob. uspraw.,36
2TW,2024-10-21,spóźnienie,11
2TW,2024-10-21,obecność,130
2TW,2024-10-22,obecność,153
2TW,2024-10-23,obecność,165
2TW,2024-10-23,spóźnienie,3
2TW,2024-10-23,nieobecność,8
2TW,2024-10-24,spóźnienie,3
2TW,2024-10-25,obecność,138
2TW,2024-10-25,spóźnienie,3
2TW,2024-10-28,obecność,149
2TW,2024-10-29,nieobecność,7
2TW,2024-10-29,obecność,128
2TW,2024-10-29,spóźnienie,6
2TW,2024-10-29,nieob. uspr. p.s.,2
2TW,2024-10-30,obecność,136
2TW,2024-10-30,spóźnienie,5
2TW,2024-10-31,spóźnienie,7
2TW,2024-10-31,obecność,106
2TW,2024-11-12,spóźnienie,9
2TW,2024-11-15,spóźnienie,5
2TW,2024-11-15,obecność,109
2TW,2024-11-18,spóźnienie,14
2TW,2024-11-19,spóźnienie,2
2TW,2024-11-20,nieobecność,8
2TW,2024-11-21,spóźnienie,6
2TW,2024-11-22,obecność,112
2TW,2024-11-25,spóźnienie,12
2TW,2024-11-26,spóźnienie,7
2TW,2024-11-27,obecność,157
2TW,2024-11-28,spóźnienie,10
2TW,2024-11-29,nieobecność,13
2TW,2024-12-02,obecność,128
2TW,2024-12-02,spóźnienie,11
2TW,2024-12-03,nieobecność,13
2TW,2024-12-03,obecność,136
2TW,2024-12-03,spóźnienie,9
2TW,2024-12-04,nieobecność,12
2TW,2024-12-05,obecność,101
2TW,2024-12-06,spóźnienie,3
2TW,2024-12-09,obecność,123
2TW,2024-12-09,spóźnienie,3
2TW,2024-12-10,obecność,89
2TW,2024-12-11,spóźnienie,8
2TW,2024-12-12,obecność,91
2TW,2024-12-13,obecność,156
2TW,2024-12-16,nieobecność,4
2TW,2024-12-16,spóźnienie,12
2TW,2024-12-17,spóźnienie,3
2TW,2024-12-18,spóźnienie,10
2TW,2025-01-15,obecność,150
2TW,2025-01-20,obecność,145
2TW,2025-01-20,nieob. uspr. p.s.,3
2TW,2025-01-20,spóźnienie,3
2TW,2025-01-24,nieob. uspr. p.s.,14
2TW,2025-01-29,obecność,113
2TW,2025-01-31,obecność,67
2TW,2025-02-17,obecność,150
2TW,2025-02-20,obecność,129
2TW,2025-02-21,obecność,120
2TW,2025-02-25,obecność,144
2TW,2025-02-26,obecność,162
2TW,2025-02-27,nieob. uspraw.,37
2TW,2025-02-28,nieob. uspraw.,40
2TW,2025-03-03,nieob. uspr. p.s.,5
2TW,2025-03-04,obecność,141
2TW,2025-03-05,spóźnienie,3
2TW,2025-03-06,nieob. uspr. p.s.,8
2TW,2025-03-07,nieob. uspr. p.s.,6
2TW,2025-03-07,obecność,135
2TW,2025-03-07,nieobecność,13
2TW,2025-03-10,obecność,124
2TW,2025-03-12,nieob. uspr. p.s.,8
2TW,2025-03-17,nieob. uspr. p.s.,32
2TW,2025-03-18,spóźnienie,2
2TW,2025-03-19,nieob. uspr. p.s.,15
2TW,2025-03-20,spóźnienie,2
2TW,2025-03-21,nieob. uspraw.,108
2TW,2025-03-24,nieob. uspr. p.s.,6
2TW,2025-03-25,nieob. uspr. p.s.,8
2TW,2025-03-25,obecność,97
2TW,2025-03-26,obecność,143
2TW,2025-03-26,spóźnienie,14
2TW,2025-03-28,spóźnienie,3
2TW,2025-04-01,obecność,164
2TW,2025-04-01,spóźnienie,1
2TW,2025-04-03,spóźnienie,4
2TW,2025-04-08,spóźnienie,9
2TW,2025-04-09,obecność,105
2TW,2025-04-09,spóźnienie,11
2TW,2025-04-10,nieobecność,16
2TW,2025-04-11,nieob. uspraw.,30
2TW,2025-04-15,spóźnienie,10
2TW,2025-04-16,nieob. uspraw.,42
2TW,2025-04-16,spóźnienie,4
2TW,2025-04-23,spóźnienie,6
2TW,2025-04-23,obecność,124
2TW,2025-04-25,obecność,90
2TW,2025-04-25,nieob. uspr. p.s.,11
2TW,2025-05-27,spóźnienie,5
2TW,2025-05-28,obecność,169
2TW,2025-05-30,obecność,154
2TW,2025-06-03,obecność,97
2TW,2025-06-04,spóźnienie,9
2TW,2025-06-06,spóźnienie,3
2TW,2025-06-09,spóźnienie,9
2TW,2025-06-09,obecność,129
2TW,2025-06-09,nieob. uspr. p.s.,5
2TW,2025-06-10,spóźnienie,6
2TW,2025-06-10,obecność,105
2TW,2025-06-10,nieob. uspr. p.s.,3
2TW,2025-06-11,nieob. uspr. p.s.,20
2TW,2025-06-11,nieob. uspraw.,15
2TW,2025-06-11,spóźnienie,2
2TW,2025-06-12,nieob. uspraw.,94
2TW,2025-06-13,nieob. uspraw.,56
2TW,2024-10-03,spóźn. uspr.,1
2TW,2024-10-03,nieob. uspraw.,25
2TW,2024-10-07,nieob. uspraw.,53
2TW,2024-10-10,nieobecność,7
2TW,2024-10-15,spóźnienie,3
2TW,2024-10-15,obecność,74
2TW,2024-10-24,nieobecność,8
2TW,2024-10-28,nieobecność,7
2TW,2024-10-31,nieobecność,3
2TW,2024-11-05,nieobecność,1
2TW,2024-11-08,nieobecność,2
2TW,2024-11-12,nieobecność,2
2TW,2024-11-14,obecność,46
2TW,2024-11-19,nieobecność,4
2TW,2024-11-20,nieob. uspr. p.s.,2
2TW,2024-11-27,spóźnienie,10
2TW,2024-12-06,nieobecność,10
2TW,2024-12-09,nieobecność,7
2TW,2024-12-11,nieobecność,15
2TW,2025-03-12,obecność,143
2TW,2025-03-12,spóźnienie,9
2TW,2025-03-14,nieob. uspraw.,37
2TW,2025-03-24,nieobecność,2
2TW,2025-03-25,spóźnienie,3
2TW,2025-04-24,nieob. uspr. p.s.,6
2TW,2025-05-29,nieob. uspraw.,42
2TW,2025-05-30,nieob. uspraw.,26
2TW,2025-06-12,obecność,62
2TW,2024-09-10,nieobecność,6
2TW,2024-09-12,nieobecność,5
2TW,2024-09-13,nieobecność,3
2TW,2024-09-16,nieobecność,7
2TW,2024-09-25,nieobecność,8
2TW,2024-10-07,nieobecność,4
2TW,2024-10-15,nieobecność,10
2TW,2024-10-16,nieobecność,4
2TW,2024-10-21,nieobecność,4
2TW,2024-11-08,nieob. uspr. p.s.,2
2TW,2024-11-15,nieobecność,18
2TW,2024-11-21,nieobecność,6
2TW,2024-12-02,nieobecność,11
2TW,2024-12-05,nieobecność,21
2TW,2024-12-10,nieobecność,12
2TW,2024-12-13,nieobecność,10
2TW,2024-12-16,nieob. uspr. p.s.,9
2TW,2024-12-17,nieobecność,16
2TW,2025-01-09,nieobecność,7
2TW,2025-01-14,spóźnienie,2
2TW,2025-01-15,nieobecność,12
2TW,2025-01-15,spóźnienie,8
2TW,2025-01-28,nieobecność,1
2TW,2025-01-29,nieobecność,1
2TW,2025-01-29,spóźnienie,1
2TW,2025-02-18,nieob. uspraw.,22
2TW,2025-02-19,nieob. uspraw.,20
2TW,2025-02-24,spóźnienie,4
2TW,2025-02-25,nieobecność,2
2TW,2025-02-26,nieobecność,5
2TW,2025-02-27,nieobecność,28
2TW,2025-03-04,nieobecność,8
2TW,2025-03-13,spóźnienie,8
2TW,2025-03-17,nieob. uspraw.,50
2TW,2025-03-19,spóźnienie,6
2TW,2025-03-21,nieobecność,37
2TW,2025-03-24,nieob. uspraw.,47
2TW,2025-03-25,nieob. uspraw.,37
2TW,2025-04-09,nieob. uspraw.,21
2TW,2025-05-26,nieobecność,9
2TW,2025-05-26,spóźnienie,8
2TW,2025-05-29,nieobecność,19
2TW,2025-06-04,nieob. uspr. p.s.,2
2TW,2025-06-09,nieob. uspraw.,29
2TW,2025-06-13,obecność,76
2TW,2024-09-03,nieob. uspraw.,8
2TW,2024-09-04,nieob. uspraw.,8
2TW,2024-09-18,nieob. uspraw.,83
2TW,2024-09-19,nieob. uspraw.,63
2TW,2024-11-07,nieob. uspraw.,20
2TW,2024-11-26,spóźn. uspr.,1
2TW,2024-12-04,nieob. uspraw.,20
2TW,2025-01-10,nieob. uspraw.,27
2TW,2025-01-10,nieobecność,12
2TW,2025-01-23,nieob. uspraw.,38
2TW,2025-01-24,obecność,92
2TW,2025-03-10,nieob. uspraw.,42
2TW,2025-03-11,nieob. uspraw.,35
2TW,2025-03-12,nieob. uspraw.,32
2TW,2025-03-17,obecność,107
2TW,2025-04-14,nieob. uspraw.,18
2TW,2025-04-15,nieob. uspraw.,17
2TW,2025-05-27,nieob. uspraw.,28
2TW,2025-06-04,nieob. uspraw.,51
2TW,2025-06-05,obecność,10
2TW,2025-06-06,nieob. uspraw.,72
2TW,2024-09-06,nieob. uspraw.,21
2TW,2024-09-20,nieob. uspr. p.s.,52
2TW,2024-10-01,nieob. uspraw.,23
2TW,2024-10-09,nieobecność,8
2TW,2024-10-16,spóźnienie,4
2TW,2024-10-18,nieob. uspr. p.s.,22
2TW,2024-10-22,nieobecność,4
2TW,2024-10-24,spóźn. uspr.,1
2TW,2024-10-30,nieob. uspr. p.s.,2
2TW,2024-11-04,spóźnienie,8
2TW,2024-11-06,spóźnienie,3
2TW,2024-11-07,nieobecność,9
2TW,2024-11-08,nieob. uspraw.,7
2TW,2024-11-20,spóźnienie,3
2TW,2024-11-29,spóźnienie,2
2TW,2024-12-10,spóźnienie,1
2TW,2024-12-10,nieob. uspr. p.s.,4
2TW,2024-12-12,nieobecność,20
2TW,2024-12-18,nieobecność,7
2TW,2024-12-18,nieob. uspr. p.s.,3
2TW,2024-12-19,spóźnienie,1
2TW,2024-12-19,nieob. uspr. p.s.,6
2TW,2025-01-07,nieob. uspr. p.s.,4
2TW,2025-01-13,nieob. uspr. p.s.,1
2TW,2025-01-17,nieob. uspr. p.s.,3
2TW,2025-01-22,spóźnienie,5
2TW,2025-01-23,spóźnienie,3
2TW,2025-01-23,nieobecność,1
2TW,2025-01-24,spóźnienie,1
2TW,2025-01-27,nieobecność,1
2TW,2025-01-28,spóźnienie,1
2TW,2025-01-30,nieob. uspraw.,42
2TW,2025-02-17,spóźnienie,1
2TW,2025-02-18,spóźnienie,1
2TW,2025-02-19,spóźnienie,1
2TW,2025-03-03,spóźnienie,1
2TW,2025-03-05,nieob. uspraw.,32
2TW,2025-03-06,spóźnienie,2
2TW,2025-03-07,spóźnienie,3
2TW,2025-03-10,spóźnienie,1
2TW,2025-03-18,nieob. uspr. p.s.,15
2TW,2025-03-20,nieob. uspr. p.s.,14
2TW,2025-03-27,spóźnienie,1
2TW,2025-04-02,spóźnienie,2
2TW,2025-04-07,spóźnienie,1
2TW,2025-04-14,nieobecność,10
2TW,2025-04-16,nieob. uspr. p.s.,16
2TW,2025-04-23,nieob. uspr. p.s.,2
2TW,2025-05-28,spóźnienie,8
2TW,2025-06-03,spóźnienie,2
2TW,2025-06-16,nieob. uspr. p.s.,4
2TW,2025-06-16,obecność,38
2TW,2024-09-27,nieob. uspraw.,20
2TW,2024-09-30,nieob. uspraw.,33
2TW,2024-10-17,nieob. uspraw.,17
2TW,2024-11-05,nieob. uspraw.,7
2TW,2024-11-20,nieob. uspraw.,46
2TW,2024-12-11,spóźn. uspr.,3
2TW,2024-12-19,nieob. uspraw.,42
2TW,2025-01-08,nieob. uspr. p.s.,17
2TW,2025-01-08,spóźn. uspr.,2
2TW,2025-01-08,nieob. uspraw.,18
2TW,2025-01-09,nieob. uspraw.,14
2TW,2025-02-24,nieob. uspraw.,38
2TW,2025-03-03,spóźn. uspr.,1
2TW,2025-03-19,nieob. uspraw.,16
2TW,2025-04-02,nieob. uspraw.,24
2TW,2025-04-23,nieob. uspraw.,45
2TW,2025-06-03,nieob. uspraw.,44
2TW,2024-10-09,nieob. uspraw.,42
2TW,2024-11-27,spóźn. uspr.,3
2TW,2024-12-06,nieob. uspr. p.s.,1
2TW,2024-12-11,nieob. uspr. p.s.,4
2TW,2024-12-12,nieob. uspr. p.s.,2
2TW,2024-12-16,spóźn. uspr.,1
2TW,2024-12-17,nieob. uspr. p.s.,3
2TW,2024-12-20,nieob. uspr. p.s.,1
2TW,2025-01-09,nieob. uspr. p.s.,21
2TW,2025-01-10,nieob. uspr. p.s.,12
2TW,2025-01-13,spóźn. uspr.,1
2TW,2025-03-03,nieob. uspraw.,50
2TW,2025-03-28,nieob. uspraw.,41
2TW,2025-04-04,nieob. uspraw.,13
2TW,2025-05-28,nieob. uspr. p.s.,2
2TW,2025-06-13,nieob. uspr. p.s.,1
2TW,2025-06-17,obecność,13
2TW,2025-06-17,nieob. uspr. p.s.,1
2TW,2025-06-18,obecność,4
2TW,2024-09-02,nieob. uspraw.,16
2TW,2024-09-26,nieob. uspraw.,12
2TW,2024-10-08,nieob. uspr. p.s.,4
2TW,2024-11-07,nieob. uspr. p.s.,4
2TW,2024-11-13,nieobecność,5
2TW,2024-11-14,nieob. uspraw.,5
2TW,2024-11-25,nieobecność,2
2TW,2024-11-26,nieobecność,7
2TW,2024-11-27,nieobecność,5
2TW,2024-11-28,nieobecność,11
2TW,2024-12-04,spóźnienie,2
2TW,2024-12-05,spóźnienie,2
2TW,2024-12-06,nieob. uspraw.,46
2TW,2025-01-13,nieob. uspraw.,35
2TW,2025-01-14,nieob. uspraw.,27
2TW,2025-01-24,nieobecność,7
2TW,2025-01-28,nieob. uspr. p.s.,3
2TW,2025-01-31,nieobecność,6
2TW,2025-02-20,nieobecność,2
2TW,2025-02-21,nieobecność,20
2TW,2025-02-25,nieob. uspr. p.s.,6
2TW,2025-02-28,nieobecność,29
2TW,2025-03-14,nieobecność,7
2TW,2025-03-18,nieob. uspraw.,27
2TW,2025-03-19,nieobecność,17
2TW,2025-03-24,spóźnienie,4
2TW,2025-03-27,nieobecność,16
2TW,2025-04-02,nieobecność,15
2TW,2025-04-04,spóźnienie,1
2TW,2025-04-08,nieobecność,10
2TW,2025-04-15,nieobecność,9
2TW,2025-06-16,spóźnienie,2
2TW,2025-06-27,nieob. uspraw.,8
2TW,2024-12-18,nieob. uspraw.,11
2TW,2024-12-20,nieob. uspraw.,29
2TW,2025-01-14,nieobecność,9
2TW,2025-01-27,nieob. uspraw.,63
2TW,2025-03-20,nieob. uspraw.,65
2TW,2025-04-01,nieob. uspraw.,8
2TW,2025-04-11,nieobecność,7
2TW,2025-06-10,nieob. uspraw.,38
2TW,2024-09-05,nieob. uspraw.,1
2TW,2024-10-16,nieob. uspraw.,2
2TW,2024-11-13,nieob. uspraw.,17
2TW,2024-11-18,nieob. uspraw.,21
2TW,2025-03-13,nieob. uspraw.,33
2TW,2025-03-26,nieob. uspraw.,28
2TW,2025-03-27,nieob. uspraw.,33
2TW,2025-04-08,nieob. uspraw.,15
2TW,2025-04-10,nieob. uspraw.,28
2TW,2025-04-25,nieob. uspraw.,61
2TW,2025-05-28,nieob. uspraw.,11
2TW,2024-10-03,zwolniony,2
2TW,2024-09-09,spóźnienie,2
2TW,2024-09-24,spóźn. uspr.,2
2TW,2024-10-04,nieob. uspraw.,28
2TW,2024-10-04,obecność,70
2TW,2024-10-04,nieobecność,6
2TW,2024-10-11,nieob. uspr. p.s.,17
2TW,2024-10-24,nieob. uspr. p.s.,2
2TW,2024-11-08,zwolniony,2
2TW,2024-12-03,nieob. uspr. p.s.,2
2TW,2024-12-05,spóźn. uspr.,2
2TW,2024-12-13,spóźnienie,1
2TW,2025-01-31,spóźnienie,3
2TW,2025-02-18,nieob. uspr. p.s.,1
2TW,2025-02-24,nieob. uspr. p.s.,5
2TW,2025-03-04,spóźnienie,4
2TW,2025-03-28,nieob. uspr. p.s.,4
2TW,2025-03-31,nieob. uspr. p.s.,2
2TW,2025-04-15,nieob. uspr. p.s.,5
2TW,2024-09-11,nieobecność,11
2TW,2024-09-17,nieobecność,1
2TW,2024-09-27,nieobecność,2
2TW,2024-10-03,nieobecność,4
2TW,2024-10-16,nieob. uspr. p.s.,1
2TW,2024-11-04,nieob. uspr. p.s.,1
2TW,2024-11-13,spóźnienie,1
2TW,2024-11-14,nieobecność,13
2TW,2024-11-25,nieob. uspraw.,14
2TW,2024-12-20,nieobecność,16
2TW,2025-03-03,nieobecność,7
2TW,2025-03-28,nieobecność,10
2TW,2025-04-24,nieob. uspraw.,8
2TW,2025-06-27,nieobecność,16
2TW,2024-11-04,nieob. uspraw.,26
2TW,2025-03-31,nieob. uspraw.,7
2TW,2025-05-26,nieob. uspraw.,23
2TW,2024-10-25,nieobecność,5
2TW,2025-03-26,nieob. uspr. p.s.,3
2TW,2025-05-29,spóźnienie,3
2TW,2025-06-05,nieob. uspraw.,14
2TW,2024-09-17,zwolniony,1
2TW,2024-10-17,nieob. uspr. p.s.,1
2TW,2025-01-27,nieob. uspr. p.s.,1
2TW,2025-01-30,nieob. uspr. p.s.,1
2TW,2025-02-21,nieob. uspr. p.s.,1
2TW,2025-04-07,nieob. uspraw.,11
2TW,2025-04-10,nieob. uspr. p.s.,4
2TW,2024-09-13,nieob. uspraw.,8
2TW,2024-11-06,nieob. uspraw.,17
2TW,2024-11-07,zwolniony,1
2TW,2025-01-07,nieob. uspraw.,8
2TW,2025-01-31,nieob. uspr. p.s.,1
2TW,2025-04-03,nieob. uspraw.,1
2TW,2025-04-14,zwolniony,1
2TW,2024-10-28,spóźnienie,1
2TW,2025-03-05,nieob. uspr. p.s.,1
2TW,2025-06-05,nieobecność,6
2TW,2024-09-25,nieob. uspr. p.s.,11
2TW,2024-10-02,nieobecność,2
2TW,2025-01-07,nieobecność,7
2TW,2025-03-04,nieob. uspr. p.s.,3
2TW,2025-03-31,nieobecność,5
2TW,2025-04-07,nieob. uspr. p.s.,14
2TW,2024-09-06,spóźnienie,1
2TW,2024-09-17,spóźn. uspr.,1
2TW,2024-10-02,nieob. uspraw.,16
2TW,2024-10-18,spóźnienie,1
2TW,2024-11-07,spóźnienie,2
2TW,2024-12-02,spóźn. uspr.,1
2TW,2025-06-04,spóźn. uspr.,1
2TW,2024-11-06,nieobecność,1
2TW,2025-01-13,nieobecność,16
2TW,2025-01-16,nieobecność,9
2TW,2025-01-20,nieobecność,8
2TW,2025-01-21,nieobecność,7
2TW,2025-01-22,nieobecność,8
2TW,2025-02-28,spóźnienie,1
2TW,2025-03-05,nieobecność,24
2TW,2025-03-06,nieobecność,9
2TW,2025-03-13,nieobecność,2
2TW,2025-05-27,nieobecność,14
2TW,2024-11-28,nieob. uspr. p.s.,7
2TW,2025-04-14,nieob. uspr. p.s.,1
2TW,2024-09-20,nieobecność,7
2TW,2024-10-02,spóźnienie,2
2TW,2024-11-18,nieobecność,1
2TW,2025-01-29,nieob. uspr. p.s.,1
2TW,2025-02-24,spóźn. uspr.,1
2TW,2025-02-28,spóźn. uspr.,1
2TW,2025-04-15,spóźn. uspr.,1
2TW,2024-09-03,nieobecność,4
2TŻ,2024-09-02,obecność,217
2TŻ,2024-09-03,obecność,205
2TŻ,2024-09-04,obecność,199
2TŻ,2024-09-04,nieob. uspr. p.s.,1
2TŻ,2024-09-05,obecność,176
2TŻ,2024-09-06,obecność,198
2TŻ,2024-09-09,obecność,192
2TŻ,2024-09-10,obecność,199
2TŻ,2024-09-11,obecność,87
2TŻ,2024-09-11,nieob. uspr. p.s.,74
2TŻ,2024-09-12,obecność,171
2TŻ,2024-09-13,obecność,148
2TŻ,2024-09-16,obecność,131
2TŻ,2024-09-17,obecność,153
2TŻ,2024-09-18,obecność,158
2TŻ,2024-09-19,obecność,194
2TŻ,2024-09-19,spóźnienie,2
2TŻ,2024-09-20,obecność,79
2TŻ,2024-09-23,obecność,161
2TŻ,2024-09-24,obecność,190
2TŻ,2024-09-25,obecność,177
2TŻ,2024-09-26,obecność,193
2TŻ,2024-09-27,obecność,166
2TŻ,2024-09-30,obecność,182
2TŻ,2024-10-01,nieob. uspraw.,16
2TŻ,2024-10-02,obecność,188
2TŻ,2024-10-03,obecność,181
2TŻ,2024-10-04,obecność,140
2TŻ,2024-10-04,spóźn. uspr.,1
2TŻ,2024-10-07,obecność,176
2TŻ,2024-10-08,obecność,196
2TŻ,2024-10-08,nieob. uspr. p.s.,15
2TŻ,2024-10-09,obecność,199
2TŻ,2024-10-10,obecność,145
2TŻ,2024-10-11,obecność,137
2TŻ,2024-10-14,nieob. uspr. p.s.,27
2TŻ,2024-10-15,obecność,139
2TŻ,2024-10-15,nieob. uspraw.,48
2TŻ,2024-10-16,obecność,175
2TŻ,2024-10-16,nieob. uspraw.,33
2TŻ,2024-10-17,nieob. uspraw.,36
2TŻ,2024-10-18,nieob. uspraw.,41
2TŻ,2024-10-21,nieob. uspraw.,55
2TŻ,2024-10-22,nieob. uspraw.,46
2TŻ,2024-10-23,obecność,160
2TŻ,2024-10-24,obecność,175
2TŻ,2024-10-25,obecność,165
2TŻ,2024-10-28,obecność,167
2TŻ,2024-10-29,obecność,193
2TŻ,2024-10-30,obecność,198
2TŻ,2024-10-31,obecność,141
2TŻ,2024-11-04,obecność,193
2TŻ,2024-11-04,spóźnienie,2
2TŻ,2024-11-04,nieob. uspr. p.s.,7
2TŻ,2024-11-05,obecność,173
2TŻ,2024-11-06,obecność,176
2TŻ,2024-11-07,obecność,178
2TŻ,2024-11-08,obecność,138
2TŻ,2024-11-12,obecność,165
2TŻ,2024-11-12,nieob. uspr. p.s.,5
2TŻ,2024-11-13,obecność,177
2TŻ,2024-11-14,obecność,179
2TŻ,2024-11-15,obecność,128
2TŻ,2024-11-18,obecność,167
2TŻ,2024-11-19,obecność,195
2TŻ,2024-11-20,obecność,191
2TŻ,2024-11-21,obecność,172
2TŻ,2024-11-22,obecność,135
2TŻ,2024-11-25,obecność,185
2TŻ,2024-11-26,obecność,155
2TŻ,2024-11-27,obecność,184
2TŻ,2024-11-28,obecność,151
2TŻ,2024-11-29,obecność,121
2TŻ,2024-12-02,obecność,175
2TŻ,2024-12-03,obecność,187
2TŻ,2024-12-03,nieob. uspr. p.s.,10
2TŻ,2024-12-04,nieob. uspr. p.s.,49
2TŻ,2024-12-05,obecność,168
2TŻ,2024-12-06,obecność,132
2TŻ,2024-12-09,obecność,166
2TŻ,2024-12-09,nieob. uspr. p.s.,9
2TŻ,2024-12-10,nieobecność,17
2TŻ,2024-12-10,obecność,186
2TŻ,2024-12-11,spóźnienie,2
2TŻ,2024-12-11,obecność,169
2TŻ,2024-12-12,obecność,142
2TŻ,2024-12-13,obecność,96
2TŻ,2024-12-16,obecność,158
2TŻ,2024-12-16,nieob. uspr. p.s.,14
2TŻ,2024-12-17,obecność,147
2TŻ,2024-12-18,nieob. uspr. p.s.,13
2TŻ,2024-12-18,obecność,196
2TŻ,2024-12-19,obecność,114
2TŻ,2024-12-19,nieob. uspr. p.s.,29
2TŻ,2024-12-20,obecność,124
2TŻ,2025-01-07,nieob. uspr. p.s.,19
2TŻ,2025-01-07,obecność,150
2TŻ,2025-01-08,obecność,175
2TŻ,2025-01-08,nieob. uspr. p.s.,20
2TŻ,2025-01-09,obecność,107
2TŻ,2025-01-09,nieob. uspr. p.s.,22
2TŻ,2025-01-10,obecność,157
2TŻ,2025-01-13,obecność,187
2TŻ,2025-01-13,nieob. uspr. p.s.,3
2TŻ,2025-01-14,nieob. uspr. p.s.,9
2TŻ,2025-01-14,obecność,171
2TŻ,2025-01-15,nieob. uspr. p.s.,6
2TŻ,2025-01-15,obecność,166
2TŻ,2025-01-16,obecność,147
2TŻ,2025-01-16,nieob. uspr. p.s.,4
2TŻ,2025-01-17,obecność,158
2TŻ,2025-01-20,obecność,206
2TŻ,2025-01-21,obecność,185
2TŻ,2025-01-22,obecność,179
2TŻ,2025-01-22,nieobecność,5
2TŻ,2025-01-23,obecność,185
2TŻ,2025-01-23,nieob. uspr. p.s.,4
2TŻ,2025-01-24,obecność,150
2TŻ,2025-01-24,nieob. uspr. p.s.,6
2TŻ,2025-01-27,nieobecność,13
2TŻ,2025-01-28,nieobecność,18
2TŻ,2025-01-29,nieobecność,9
2TŻ,2025-01-30,obecność,171
2TŻ,2025-01-30,nieob. uspr. p.s.,2
2TŻ,2025-01-31,obecność,56
2TŻ,2025-02-17,obecność,166
2TŻ,2025-02-17,nieob. uspr. p.s.,6
2TŻ,2025-02-18,obecność,174
2TŻ,2025-02-18,nieob. uspr. p.s.,5
2TŻ,2025-02-19,obecność,65
2TŻ,2025-02-20,obecność,169
2TŻ,2025-02-21,obecność,151
2TŻ,2025-02-24,obecność,182
2TŻ,2025-02-24,nieob. uspr. p.s.,8
2TŻ,2025-02-25,obecność,183
2TŻ,2025-02-25,nieob. uspr. p.s.,7
2TŻ,2025-02-26,obecność,182
2TŻ,2025-02-27,obecność,182
2TŻ,2025-02-28,obecność,144
2TŻ,2025-03-03,obecność,143
2TŻ,2025-03-04,nieob. uspr. p.s.,9
2TŻ,2025-03-04,obecność,140
2TŻ,2025-03-05,obecność,192
2TŻ,2025-03-05,spóźnienie,5
2TŻ,2025-03-06,obecność,169
2TŻ,2025-03-06,nieobecność,31
2TŻ,2025-03-07,nieob. uspr. p.s.,14
2TŻ,2025-03-07,obecność,159
2TŻ,2025-03-10,nieob. uspraw.,21
2TŻ,2025-03-11,obecność,177
2TŻ,2025-03-12,obecność,170
2TŻ,2025-03-13,obecność,110
2TŻ,2025-03-14,obecność,109
2TŻ,2025-03-14,nieob. uspr. p.s.,14
2TŻ,2025-03-17,obecność,147
2TŻ,2025-03-17,nieob. uspr. p.s.,23
2TŻ,2025-03-17,spóźnienie,4
2TŻ,2025-03-18,nieob. uspraw.,10
2TŻ,2025-03-18,obecność,159
2TŻ,2025-03-19,obecność,165
2TŻ,2025-03-20,obecność,158
2TŻ,2025-03-20,nieob. uspr. p.s.,34
2TŻ,2025-03-21,nieob. uspraw.,84
2TŻ,2025-03-24,obecność,167
2TŻ,2025-03-25,nieob. uspr. p.s.,25
2TŻ,2025-03-25,obecność,161
2TŻ,2025-03-26,nieobecność,13
2TŻ,2025-03-27,obecność,101
2TŻ,2025-03-28,nieob. uspraw.,12
2TŻ,2025-03-28,nieob. uspr. p.s.,3
2TŻ,2025-03-28,obecność,145
2TŻ,2025-03-31,obecność,167
2TŻ,2025-04-01,obecność,151
2TŻ,2025-04-02,nieobecność,28
2TŻ,2025-04-02,obecność,159
2TŻ,2025-04-02,spóźnienie,2
2TŻ,2025-04-03,obecność,177
2TŻ,2025-04-04,obecność,174
2TŻ,2025-04-07,obecność,149
2TŻ,2025-04-08,obecność,165
2TŻ,2025-04-08,nieob. uspr. p.s.,9
2TŻ,2025-04-09,obecność,194
2TŻ,2025-04-09,nieob. uspraw.,2
2TŻ,2025-04-10,obecność,134
2TŻ,2025-04-11,nieob. uspraw.,30
2TŻ,2025-04-14,obecność,181
2TŻ,2025-04-14,nieob. uspraw.,5
2TŻ,2025-04-15,nieob. uspraw.,48
2TŻ,2025-04-16,nieob. uspraw.,18
2TŻ,2025-04-23,nieob. uspraw.,8
2TŻ,2025-04-24,nieob. uspraw.,16
2TŻ,2025-04-25,nieob. uspraw.,36
2TŻ,2025-05-12,obecność,140
2TŻ,2025-05-13,obecność,162
2TŻ,2025-05-14,obecność,168
2TŻ,2025-05-14,nieob. uspr. p.s.,3
2TŻ,2025-05-15,obecność,118
2TŻ,2025-05-16,obecność,137
2TŻ,2025-05-19,obecność,153
2TŻ,2025-05-20,obecność,162
2TŻ,2025-05-20,nieob. uspr. p.s.,26
2TŻ,2025-05-21,obecność,179
2TŻ,2025-05-22,obecność,107
2TŻ,2025-05-22,spóźnienie,6
2TŻ,2025-05-23,nieob. uspraw.,18
2TŻ,2025-05-23,obecność,27
2TŻ,2025-05-26,nieob. uspraw.,28
2TŻ,2025-05-27,obecność,186
2TŻ,2025-05-27,nieob. uspraw.,8
2TŻ,2025-05-28,obecność,183
2TŻ,2025-05-29,obecność,185
2TŻ,2025-05-29,nieobecność,19
2TŻ,2025-05-30,obecność,112
2TŻ,2025-05-30,nieob. uspraw.,20
2TŻ,2025-06-02,obecność,153
2TŻ,2025-06-03,obecność,183
2TŻ,2025-06-04,obecność,193
2TŻ,2025-06-05,obecność,200
2TŻ,2025-06-06,nieob. uspraw.,22
2TŻ,2025-06-09,obecność,169
2TŻ,2025-06-10,obecność,145
2TŻ,2025-06-11,obecność,143
2TŻ,2025-06-11,nieob. uspraw.,8
2TŻ,2025-06-12,obecność,155
2TŻ,2025-06-13,nieob. uspr. p.s.,44
2TŻ,2025-06-13,obecność,63
2TŻ,2025-06-16,obecność,73
2TŻ,2025-06-16,nieobecność,87
2TŻ,2025-06-16,nieob. uspr. p.s.,17
2TŻ,2025-06-17,nieobecność,94
2TŻ,2025-06-18,nieobecność,136
2TŻ,2025-06-23,nieobecność,184
2TŻ,2025-06-24,nieobecność,180
2TŻ,2025-06-25,nieobecność,194
2TŻ,2025-06-26,nieobecność,186
2TŻ,2025-06-27,obecność,182
2TŻ,2024-09-02,nieobecność,17
2TŻ,2024-09-09,nieobecność,16
2TŻ,2024-09-16,nieobecność,18
2TŻ,2024-09-18,nieob. uspr. p.s.,2
2TŻ,2024-09-20,nieobecność,10
2TŻ,2024-10-01,obecność,179
2TŻ,2024-10-01,nieob. uspr. p.s.,4
2TŻ,2024-10-15,nieobecność,9
2TŻ,2024-10-17,obecność,114
2TŻ,2024-10-18,obecność,80
2TŻ,2024-10-21,spóźnienie,3
2TŻ,2024-10-21,obecność,149
2TŻ,2024-10-22,obecność,165
2TŻ,2024-10-28,nieob. uspr. p.s.,15
2TŻ,2024-10-31,nieobecność,11
2TŻ,2024-11-08,nieobecność,13
2TŻ,2024-11-12,nieob. uspraw.,28
2TŻ,2024-11-25,nieob. uspraw.,21
2TŻ,2024-11-26,nieob. uspraw.,22
2TŻ,2024-11-27,nieob. uspraw.,24
2TŻ,2024-11-28,nieob. uspraw.,29
2TŻ,2024-11-29,nieob. uspraw.,35
2TŻ,2024-12-02,nieob. uspr. p.s.,8
2TŻ,2024-12-04,obecność,92
2TŻ,2024-12-04,nieob. uspraw.,17
2TŻ,2024-12-05,nieobecność,11
2TŻ,2024-12-12,nieob. uspr. p.s.,40
2TŻ,2024-12-13,nieob. uspraw.,10
2TŻ,2024-12-16,nieobecność,31
2TŻ,2024-12-19,spóźnienie,2
2TŻ,2025-01-27,obecność,151
2TŻ,2025-01-28,obecność,177
2TŻ,2025-01-29,obecność,173
2TŻ,2025-01-31,nieobecność,60
2TŻ,2025-02-19,nieob. uspr. p.s.,100
2TŻ,2025-02-24,nieobecność,22
2TŻ,2025-02-27,nieobecność,19
2TŻ,2025-03-03,nieob. uspraw.,30
2TŻ,2025-03-04,nieob. uspraw.,25
2TŻ,2025-03-10,obecność,157
2TŻ,2025-03-17,nieobecność,22
2TŻ,2025-03-18,nieob. uspr. p.s.,39
2TŻ,2025-03-19,nieob. uspr. p.s.,14
2TŻ,2025-03-25,nieobecność,13
2TŻ,2025-03-26,obecność,162
2TŻ,2025-03-27,nieob. uspr. p.s.,35
2TŻ,2025-03-28,nieobecność,22
2TŻ,2025-03-28,spóźnienie,4
2TŻ,2025-04-02,spóźn. uspr.,1
2TŻ,2025-04-08,spóźn. uspr.,1
2TŻ,2025-04-10,nieobecność,3
2TŻ,2025-04-11,obecność,93
2TŻ,2025-04-15,obecność,168
2TŻ,2025-04-16,obecność,172
2TŻ,2025-04-23,obecność,191
2TŻ,2025-04-23,nieob. uspr. p.s.,5
2TŻ,2025-04-24,obecność,147
2TŻ,2025-04-25,obecność,133
2TŻ,2025-05-13,nieobecność,1
2TŻ,2025-05-15,nieob. uspr. p.s.,40
2TŻ,2025-05-16,zwolniony,3
2TŻ,2025-05-19,nieob. uspr. p.s.,31
2TŻ,2025-05-21,nieob. uspr. p.s.,3
2TŻ,2025-05-22,nieob. uspr. p.s.,46
2TŻ,2025-05-23,nieob. uspr. p.s.,108
2TŻ,2025-05-26,obecność,156
2TŻ,2025-05-26,spóźn. uspr.,1
2TŻ,2025-06-02,nieob. uspr. p.s.,10
2TŻ,2025-06-09,nieob. uspraw.,26
2TŻ,2025-06-13,nieobecność,45
2TŻ,2025-06-16,nieob. uspraw.,38
2TŻ,2025-06-17,nieob. uspraw.,52
2TŻ,2025-06-18,nieob. uspraw.,70
2TŻ,2024-09-11,nieob. uspraw.,23
2TŻ,2024-09-17,nieob. uspraw.,33
2TŻ,2024-09-18,nieob. uspraw.,20
2TŻ,2024-09-20,nieob. uspr. p.s.,19
2TŻ,2024-09-24,nieob. uspraw.,19
2TŻ,2024-09-25,nieob. uspr. p.s.,16
2TŻ,2024-09-26,spóźnienie,2
2TŻ,2024-10-02,nieob. uspraw.,18
2TŻ,2024-10-03,nieob. uspr. p.s.,2
2TŻ,2024-10-04,spóźnienie,2
2TŻ,2024-10-10,nieob. uspraw.,15
2TŻ,2024-10-30,nieob. uspraw.,10
2TŻ,2024-11-20,nieob. uspraw.,17
2TŻ,2024-11-26,spóźnienie,2
2TŻ,2024-11-26,nieob. uspr. p.s.,2
2TŻ,2024-12-10,spóźnienie,3
2TŻ,2024-12-18,nieob. uspraw.,2
2TŻ,2025-01-15,nieob. uspraw.,20
2TŻ,2025-01-16,nieobecność,43
2TŻ,2025-01-22,nieob. uspr. p.s.,10
2TŻ,2025-01-24,zwolniony,1
2TŻ,2025-01-27,nieob. uspraw.,15
2TŻ,2025-01-28,nieob. uspraw.,13
2TŻ,2025-01-29,nieob. uspraw.,11
2TŻ,2025-01-30,nieob. uspraw.,35
2TŻ,2025-01-31,nieob. uspraw.,17
2TŻ,2025-02-19,nieob. uspraw.,10
2TŻ,2025-03-05,nieob. uspraw.,1
2TŻ,2025-03-26,nieob. uspraw.,7
2TŻ,2025-03-27,nieob. uspraw.,1
2TŻ,2025-04-02,nieob. uspraw.,12
2TŻ,2025-04-16,nieob. uspr. p.s.,4
2TŻ,2025-04-23,spóźnienie,4
2TŻ,2025-05-16,nieob. uspraw.,22
2TŻ,2025-05-20,nieob. uspraw.,9
2TŻ,2025-05-22,nieob. uspraw.,6
2TŻ,2025-05-29,nieob. uspraw.,6
2TŻ,2025-06-03,nieob. uspraw.,7
2TŻ,2025-06-06,obecność,124
2TŻ,2025-06-10,nieob. uspraw.,1
2TŻ,2025-06-10,nieob. uspr. p.s.,15
2TŻ,2025-06-12,spóźnienie,3
2TŻ,2025-06-13,nieob. uspraw.,35
2TŻ,2025-06-23,nieob. uspraw.,30
2TŻ,2025-06-24,nieob. uspraw.,32
2TŻ,2024-09-23,nieob. uspr. p.s.,2
2TŻ,2024-09-30,nieob. uspraw.,29
2TŻ,2024-10-02,nieob. uspr. p.s.,3
2TŻ,2024-10-10,nieob. uspr. p.s.,15
2TŻ,2024-10-15,nieob. uspr. p.s.,16
2TŻ,2024-10-31,nieob. uspraw.,64
2TŻ,2024-11-06,spóźnienie,1
2TŻ,2024-11-06,nieob. uspraw.,15
2TŻ,2024-11-14,nieob. uspr. p.s.,2
2TŻ,2024-11-15,nieobecność,28
2TŻ,2024-11-18,nieob. uspraw.,28
2TŻ,2024-11-21,nieob. uspr. p.s.,6
2TŻ,2024-11-28,nieob. uspr. p.s.,15
2TŻ,2024-12-05,nieob. uspr. p.s.,3
2TŻ,2024-12-06,nieobecność,24
2TŻ,2024-12-09,nieobecność,30
2TŻ,2024-12-10,nieob. uspr. p.s.,5
2TŻ,2024-12-11,nieob. uspr. p.s.,4
2TŻ,2024-12-13,nieobecność,26
2TŻ,2024-12-17,nieob. uspr. p.s.,38
2TŻ,2024-12-20,nieob. uspr. p.s.,31
2TŻ,2025-01-09,nieob. uspraw.,23
2TŻ,2025-01-22,spóźnienie,2
2TŻ,2025-01-29,nieob. uspr. p.s.,18
2TŻ,2025-02-20,nieobecność,16
2TŻ,2025-02-26,nieob. uspr. p.s.,13
2TŻ,2025-03-03,spóźnienie,4
2TŻ,2025-03-06,nieob. uspr. p.s.,13
2TŻ,2025-03-11,nieob. uspr. p.s.,19
2TŻ,2025-03-17,nieob. uspraw.,16
2TŻ,2025-03-19,spóźnienie,1
2TŻ,2025-03-24,nieob. uspr. p.s.,17
2TŻ,2025-03-31,nieob. uspr. p.s.,14
2TŻ,2025-04-01,nieob. uspr. p.s.,19
2TŻ,2025-04-03,nieob. uspr. p.s.,3
2TŻ,2025-04-04,nieob. uspr. p.s.,4
2TŻ,2025-04-07,nieob. uspr. p.s.,13
2TŻ,2025-04-09,nieob. uspr. p.s.,10
2TŻ,2025-04-10,nieob. uspr. p.s.,19
2TŻ,2025-04-14,nieob. uspr. p.s.,2
2TŻ,2025-04-24,nieob. uspr. p.s.,35
2TŻ,2025-04-25,nieob. uspr. p.s.,3
2TŻ,2025-05-12,nieob. uspraw.,48
2TŻ,2025-05-21,nieob. uspraw.,19
2TŻ,2025-05-28,nieob. uspr. p.s.,1
2TŻ,2025-06-04,nieob. uspraw.,3
2TŻ,2025-06-11,nieob. uspr. p.s.,15
2TŻ,2025-06-11,nieobecność,16
2TŻ,2025-06-17,obecność,65
2TŻ,2025-06-23,obecność,1
2TŻ,2025-06-24,obecność,1
2TŻ,2024-09-13,nieob. uspraw.,25
2TŻ,2024-10-04,nieob. uspraw.,28
2TŻ,2024-10-07,nieob. uspraw.,7
2TŻ,2024-10-09,nieob. uspr. p.s.,2
2TŻ,2024-10-21,spóźn. uspr.,1
2TŻ,2024-11-13,nieob. uspraw.,16
2TŻ,2024-11-14,nieob. uspraw.,27
2TŻ,2024-12-04,nieobecność,26
2TŻ,2025-01-10,nieobecność,6
2TŻ,2025-01-14,spóźnienie,3
2TŻ,2025-01-15,nieobecność,18
2TŻ,2025-01-21,nieobecność,13
2TŻ,2025-01-27,spóźnienie,2
2TŻ,2025-01-30,spóźnienie,3
2TŻ,2025-02-17,nieobecność,13
2TŻ,2025-02-19,nieobecność,9
2TŻ,2025-02-21,nieobecność,17
2TŻ,2025-02-28,nieobecność,17
2TŻ,2025-03-03,nieobecność,35
2TŻ,2025-03-04,nieobecność,37
2TŻ,2025-03-11,spóźnienie,3
2TŻ,2025-03-13,nieobecność,8
2TŻ,2025-03-21,nieobecność,58
2TŻ,2025-03-27,nieobecność,25
2TŻ,2025-03-31,nieobecność,8
2TŻ,2025-04-01,nieobecność,9
2TŻ,2025-04-08,nieobecność,11
2TŻ,2025-04-09,nieobecność,5
2TŻ,2025-04-14,nieobecność,24
2TŻ,2025-04-16,nieobecność,17
2TŻ,2025-04-24,nieobecność,18
2TŻ,2025-05-14,nieobecność,28
2TŻ,2025-05-15,nieobecność,22
2TŻ,2025-05-19,spóźnienie,2
2TŻ,2025-05-19,nieobecność,19
2TŻ,2025-05-22,nieobecność,35
2TŻ,2025-05-28,nieobecność,19
2TŻ,2025-05-30,nieobecność,22
2TŻ,2025-06-02,nieobecność,37
2TŻ,2025-06-03,nieobecność,23
2TŻ,2025-06-04,nieobecność,14
2TŻ,2025-06-06,nieobecność,37
2TŻ,2025-06-11,spóźnienie,2
2TŻ,2024-09-03,spóźn. uspr.,1
2TŻ,2024-09-16,nieob. uspraw.,36
2TŻ,2024-10-07,nieob. uspr. p.s.,3
2TŻ,2024-10-16,nieob. uspr. p.s.,1
2TŻ,2024-10-18,nieob. uspr. p.s.,50
2TŻ,2024-10-21,nieob. uspr. p.s.,3
2TŻ,2024-11-05,nieob. uspr. p.s.,9
2TŻ,2024-11-06,nieob. uspr. p.s.,14
2TŻ,2024-11-07,nieob. uspr. p.s.,14
2TŻ,2024-11-08,nieob. uspr. p.s.,15
2TŻ,2024-11-13,nieob. uspr. p.s.,17
2TŻ,2024-11-25,nieob. uspr. p.s.,5
2TŻ,2024-12-13,nieob. uspr. p.s.,2
2TŻ,2025-01-27,nieob. uspr. p.s.,4
2TŻ,2025-01-30,spóźn. uspr.,1
2TŻ,2025-02-28,nieob. uspraw.,23
2TŻ,2025-03-06,nieob. uspraw.,3
2TŻ,2025-03-13,nieob. uspraw.,15
2TŻ,2025-03-28,spóźn. uspr.,1
2TŻ,2025-05-21,spóźn. uspr.,1
2TŻ,2025-05-27,nieob. uspr. p.s.,4
2TŻ,2025-05-29,nieob. uspr. p.s.,3
2TŻ,2025-05-30,nieob. uspr. p.s.,6
2TŻ,2025-06-04,nieob. uspr. p.s.,1
2TŻ,2024-09-06,nieob. uspraw.,13
2TŻ,2024-10-23,nieob. uspr. p.s.,11
2TŻ,2024-09-12,nieobecność,29
2TŻ,2024-09-13,nieobecność,14
2TŻ,2024-09-17,nieobecność,25
2TŻ,2024-09-23,nieobecność,8
2TŻ,2024-09-26,nieobecność,8
2TŻ,2024-09-27,nieobecność,7
2TŻ,2024-10-01,nieobecność,13
2TŻ,2024-10-02,nieobecność,2
2TŻ,2024-10-03,nieobecność,8
2TŻ,2024-10-04,nieobecność,2
2TŻ,2024-10-11,nieobecność,28
2TŻ,2024-10-23,nieob. uspraw.,33
2TŻ,2024-10-24,nieob. uspraw.,39
2TŻ,2024-10-25,nieob. uspraw.,11
2TŻ,2024-10-28,spóźnienie,2
2TŻ,2024-10-29,nieob. uspr. p.s.,9
2TŻ,2024-10-30,nieob. uspr. p.s.,1
2TŻ,2024-11-05,nieobecność,13
2TŻ,2024-11-12,nieobecność,14
2TŻ,2024-11-14,nieobecność,8
2TŻ,2024-11-19,spóźnienie,1
2TŻ,2024-11-19,nieobecność,7
2TŻ,2024-11-21,nieob. uspraw.,33
2TŻ,2024-11-22,nieob. uspraw.,36
2TŻ,2024-11-28,nieobecność,21
2TŻ,2024-12-02,nieobecność,6
2TŻ,2024-12-03,nieobecność,12
2TŻ,2024-12-17,nieobecność,20
2TŻ,2025-01-07,nieobecność,8
2TŻ,2025-01-07,spóźnienie,2
2TŻ,2025-01-13,nieobecność,14
2TŻ,2025-01-16,zwolniony,2
2TŻ,2025-01-17,nieobecność,8
2TŻ,2025-01-21,spóźnienie,2
2TŻ,2025-01-24,nieobecność,15
2TŻ,2025-01-28,nieob. uspr. p.s.,4
2TŻ,2025-02-18,spóźnienie,2
2TŻ,2025-02-25,nieobecność,15
2TŻ,2025-03-04,spóźnienie,2
2TŻ,2025-03-07,nieobecność,13
2TŻ,2025-03-11,nieobecność,6
2TŻ,2025-03-12,nieob. uspr. p.s.,28
2TŻ,2025-03-19,nieob. uspraw.,31
2TŻ,2025-04-07,nieobecność,16
2TŻ,2025-04-11,nieobecność,10
2TŻ,2025-04-25,nieobecność,10
2TŻ,2025-05-14,nieob. uspraw.,11
2TŻ,2025-05-16,nieobecność,25
2TŻ,2025-05-20,nieobecność,16
2TŻ,2025-05-21,spóźnienie,5
2TŻ,2025-05-23,nieobecność,34
2TŻ,2025-05-26,nieobecność,1
2TŻ,2025-05-27,nieobecność,15
2TŻ,2025-06-05,nieobecność,14
2TŻ,2025-06-09,nieobecność,8
2TŻ,2025-06-10,nieobecność,22
2TŻ,2025-06-10,spóźnienie,3
2TŻ,2025-06-12,nieobecność,15
2TŻ,2025-06-12,nieob. uspr. p.s.,8
2TŻ,2024-10-09,nieob. uspraw.,9
2TŻ,2024-10-18,zwolniony,1
2TŻ,2024-11-08,nieob. uspraw.,21
2TŻ,2024-11-13,nieobecność,1
2TŻ,2024-12-19,nieobecność,37
2TŻ,2025-01-24,nieob. uspraw.,15
2TŻ,2025-03-05,nieob. uspr. p.s.,1
2TŻ,2025-03-25,nieob. uspraw.,10
2TŻ,2025-04-03,nieob. uspraw.,7
2TŻ,2025-04-04,nieob. uspraw.,7
2TŻ,2025-05-15,nieob. uspraw.,6
2TŻ,2025-05-19,nieob. uspraw.,10
2TŻ,2025-06-09,nieob. uspr. p.s.,12
2TŻ,2025-06-17,nieob. uspr. p.s.,2
2TŻ,2024-09-04,nieobecność,2
2TŻ,2024-09-05,nieobecność,1
2TŻ,2024-09-06,nieobecność,3
2TŻ,2024-09-09,nieob. uspraw.,4
2TŻ,2024-09-10,nieob. uspraw.,13
2TŻ,2024-09-12,nieob. uspraw.,13
2TŻ,2024-09-18,nieobecność,4
2TŻ,2024-09-19,nieobecność,3
2TŻ,2024-09-24,nieobecność,4
2TŻ,2024-09-27,nieob. uspraw.,14
2TŻ,2024-10-16,nieobecność,2
2TŻ,2024-10-21,nieobecność,2
2TŻ,2024-10-22,nieobecność,1
2TŻ,2024-10-23,nieobecność,7
2TŻ,2024-10-25,nieobecność,7
2TŻ,2024-10-28,nieob. uspraw.,18
2TŻ,2024-10-28,nieobecność,11
2TŻ,2024-10-30,nieobecność,2
2TŻ,2024-11-04,nieobecność,3
2TŻ,2024-11-06,nieobecność,5
2TŻ,2024-11-15,nieob. uspraw.,30
2TŻ,2024-11-18,nieobecność,8
2TŻ,2024-11-18,nieob. uspr. p.s.,8
2TŻ,2024-11-20,nieobecność,2
2TŻ,2024-11-21,nieobecność,5
2TŻ,2024-12-11,nieobecność,9
2TŻ,2024-12-12,nieobecność,7
2TŻ,2024-12-20,nieobecność,3
2TŻ,2025-01-08,nieob. uspraw.,15
2TŻ,2025-01-10,nieob. uspraw.,14
2TŻ,2025-01-14,nieobecność,4
2TŻ,2025-01-21,nieob. uspraw.,9
2TŻ,2025-01-28,spóźnienie,1
2TŻ,2025-01-30,nieobecność,4
2TŻ,2025-02-18,nieobecność,1
2TŻ,2025-02-20,nieob. uspraw.,31
2TŻ,2025-02-27,nieob. uspraw.,14
2TŻ,2025-02-28,nieob. uspr. p.s.,3
2TŻ,2025-03-05,nieobecność,12
2TŻ,2025-03-11,nieob. uspraw.,8
2TŻ,2025-03-12,nieob. uspraw.,8
2TŻ,2025-03-14,nieob. uspraw.,5
2TŻ,2025-03-18,nieobecność,5
2TŻ,2025-03-20,nieobecność,16
2TŻ,2025-03-24,nieobecność,12
2TŻ,2025-03-25,spóźnienie,4
2TŻ,2025-03-31,nieob. uspraw.,23
2TŻ,2025-04-10,nieob. uspraw.,6
2TŻ,2025-05-13,nieob. uspraw.,18
2TŻ,2025-05-26,spóźnienie,2
2TŻ,2025-06-12,nieob. uspraw.,5
2TŻ,2024-09-19,nieob. uspraw.,15
2TŻ,2024-09-20,nieob. uspraw.,12
2TŻ,2024-09-23,spóźnienie,1
2TŻ,2024-10-10,nieobecność,14
2TŻ,2024-11-20,nieob. uspr. p.s.,1
2TŻ,2024-11-22,nieobecność,16
2TŻ,2024-12-16,spóźnienie,1
2TŻ,2025-01-08,spóźnienie,1
2TŻ,2025-01-10,nieob. uspr. p.s.,10
2TŻ,2025-01-15,spóźnienie,1
2TŻ,2025-02-25,nieob. uspraw.,8
2TŻ,2025-02-26,nieob. uspraw.,8
2TŻ,2025-03-21,nieob. uspr. p.s.,15
2TŻ,2025-04-02,nieob. uspr. p.s.,9
2TŻ,2025-05-13,nieob. uspr. p.s.,2
2TŻ,2025-06-18,obecność,5
2TŻ,2024-09-02,nieob. uspraw.,9
2TŻ,2024-09-03,nieob. uspraw.,6
2TŻ,2024-09-05,nieob. uspraw.,10
2TŻ,2024-09-25,nieobecność,10
2TŻ,2024-09-26,nieob. uspraw.,12
2TŻ,2024-10-03,nieob. uspraw.,25
2TŻ,2024-11-07,nieobecność,16
2TŻ,2024-11-25,spóźnienie,2
2TŻ,2024-11-26,nieobecność,4
2TŻ,2024-11-29,nieobecność,4
2TŻ,2025-01-09,nieobecność,10
2TŻ,2025-01-20,nieobecność,1
2TŻ,2025-01-23,nieobecność,27
2TŻ,2025-02-18,nieob. uspraw.,4
2TŻ,2025-02-21,nieob. uspraw.,19
2TŻ,2025-03-10,nieobecność,4
2TŻ,2025-03-14,nieobecność,4
2TŻ,2025-04-03,nieobecność,2
2TŻ,2025-04-04,nieobecność,2
2TŻ,2025-04-23,nieobecność,3
2TŻ,2025-06-02,nieob. uspraw.,15
2TŻ,2025-06-27,nieobecność,7
2TŻ,2024-09-03,spóźnienie,1
2TŻ,2024-10-11,nieob. uspraw.,9
2TŻ,2024-11-04,nieob. uspraw.,8
2TŻ,2024-11-05,nieob. uspraw.,17
2TŻ,2024-11-27,nieob. uspr. p.s.,1
2TŻ,2025-03-24,nieob. uspraw.,16
2TŻ,2025-06-06,nieob. uspr. p.s.,4
2TŻ,2025-06-26,obecność,1
2TŻ,2024-09-04,nieob. uspraw.,2
2TŻ,2024-09-09,spóźnienie,1
2TŻ,2024-10-09,nieobecność,1
2TŻ,2024-11-19,nieob. uspraw.,9
2TŻ,2025-01-16,nieob. uspraw.,20
2TŻ,2025-01-17,nieob. uspraw.,14
2TŻ,2024-10-11,nieob. uspr. p.s.,13
2TŻ,2024-12-02,nieob. uspraw.,24
2TŻ,2025-03-07,nieob. uspraw.,1
2TŻ,2025-06-25,nieob. uspraw.,16
2TŻ,2025-06-26,nieob. uspraw.,13
2TŻ,2024-09-23,nieob. uspraw.,14
2TŻ,2024-09-25,nieob. uspraw.,8
2TŻ,2024-10-17,nieobecność,12
2TŻ,2024-10-18,nieobecność,14
2TŻ,2024-11-27,nieobecność,2
2TŻ,2025-04-07,nieob. uspraw.,7
2TŻ,2025-05-21,nieobecność,4
2TŻ,2024-10-25,spóźn. uspr.,1
2TŻ,2024-10-29,nieob. uspraw.,9
2TŻ,2025-01-17,nieob. uspr. p.s.,7
2TŻ,2025-03-13,nieob. uspr. p.s.,2
2TŻ,2024-09-17,nieob. uspr. p.s.,2
2TŻ,2024-09-30,nieob. uspr. p.s.,2
2TŻ,2024-10-04,nieob. uspr. p.s.,2
2TŻ,2024-12-03,spóźnienie,3
2TŻ,2025-02-27,nieob. uspr. p.s.,1
2TŻ,2025-03-10,nieob. uspr. p.s.,3
2TŻ,2025-03-26,nieob. uspr. p.s.,2
2TŻ,2025-04-25,spóźnienie,5
2TŻ,2024-10-29,nieobecność,1
2TŻ,2024-11-07,nieob. uspraw.,8
2TŻ,2024-12-16,nieob. uspraw.,8
2TŻ,2024-12-17,nieob. uspraw.,8
2TŻ,2025-01-07,nieob. uspraw.,7
2TŻ,2025-04-01,nieob. uspraw.,7
2TŻ,2025-05-28,nieob. uspraw.,8
2TŻ,2024-10-08,nieob. uspraw.,1
2TŻ,2024-10-24,spóźnienie,2
2TŻ,2024-10-25,nieob. uspr. p.s.,3
2TŻ,2024-11-18,spóźnienie,2
2TŻ,2024-12-20,spóźnienie,2
2TŻ,2025-01-20,nieob. uspr. p.s.,5
2TŻ,2025-01-21,nieob. uspr. p.s.,4
2TŻ,2025-02-26,nieobecność,8
2TŻ,2025-03-12,nieobecność,5
2TŻ,2025-05-13,spóźnienie,3
2TŻ,2024-12-06,nieob. uspr. p.s.,4
2TŻ,2024-12-09,nieob. uspraw.,8
2TŻ,2025-01-22,nieob. uspraw.,15
2TŻ,2025-06-25,obecność,1
2TŻ,2025-03-21,obecność,3
2TŻ,2024-12-19,nieob. uspraw.,7
2TŻ,2025-03-20,nieob. uspraw.,8
2TŻ,2024-09-12,nieob. uspr. p.s.,2
2TŻ,2024-09-16,nieob. uspr. p.s.,1
2TŻ,2024-09-19,nieob. uspr. p.s.,1
2TŻ,2024-11-15,spóźnienie,1
2TŻ,2024-12-05,nieob. uspraw.,7
2TŻ,2025-03-14,spóźnienie,1
2TŻ,2025-05-14,spóźnienie,1
2TŻ,2024-09-10,nieobecność,1
2TŻ,2024-10-18,spóźnienie,1
2TŻ,2025-01-13,nieob. uspraw.,8
3TM5,2024-09-02,obecność,152
3TM5,2024-09-03,obecność,149
3TM5,2024-09-04,obecność,126
3TM5,2024-09-05,obecność,112
3TM5,2024-09-06,obecność,141
3TM5,2024-09-09,obecność,102
3TM5,2024-09-10,obecność,134
3TM5,2024-09-11,obecność,107
3TM5,2024-09-12,obecność,123
3TM5,2024-09-13,obecność,127
3TM5,2024-09-16,obecność,77
3TM5,2024-09-17,obecność,115
3TM5,2024-09-18,nieob. uspraw.,56
3TM5,2024-09-19,obecność,80
3TM5,2024-09-20,obecność,72
3TM5,2024-09-23,obecność,102
3TM5,2024-09-24,obecność,122
3TM5,2024-09-25,nieob. uspraw.,43
3TM5,2024-09-26,nieob. uspraw.,23
3TM5,2024-09-27,nieob. uspraw.,32
3TM5,2024-09-30,obecność,112
3TM5,2024-10-01,obecność,103
3TM5,2024-10-02,obecność,114
3TM5,2024-10-03,obecność,1
3TM5,2024-10-03,nieob. uspr. p.s.,151
3TM5,2024-10-04,nieob. uspraw.,160
3TM5,2024-10-07,obecność,116
3TM5,2024-10-08,obecność,115
3TM5,2024-10-09,obecność,119
3TM5,2024-10-10,obecność,132
3TM5,2024-10-11,obecność,79
3TM5,2024-10-15,obecność,73
3TM5,2024-10-16,nieob. uspraw.,70
3TM5,2024-10-17,obecność,132
3TM5,2024-10-18,obecność,87
3TM5,2024-10-21,obecność,97
3TM5,2024-10-21,spóźnienie,14
3TM5,2024-10-22,obecność,130
3TM5,2024-10-23,obecność,111
3TM5,2024-10-24,obecność,154
3TM5,2024-10-24,spóźnienie,3
3TM5,2024-10-25,obecność,130
3TM5,2024-10-28,obecność,121
3TM5,2024-10-28,spóźnienie,3
3TM5,2024-10-29,obecność,116
3TM5,2024-10-30,obecność,95
3TM5,2024-10-30,nieob. uspraw.,44
3TM5,2024-10-31,obecność,121
3TM5,2024-11-04,obecność,115
3TM5,2024-11-05,obecność,130
3TM5,2024-11-06,obecność,127
3TM5,2024-11-07,obecność,134
3TM5,2024-11-08,obecność,87
3TM5,2024-11-08,spóźnienie,8
3TM5,2024-11-12,obecność,103
3TM5,2024-11-13,obecność,127
3TM5,2024-11-14,obecność,151
3TM5,2024-11-15,obecność,146
3TM5,2024-11-18,obecność,123
3TM5,2024-11-19,obecność,130
3TM5,2024-11-20,obecność,111
3TM5,2024-11-20,nieob. uspraw.,42
3TM5,2024-11-21,obecność,122
3TM5,2024-11-21,nieob. uspraw.,27
3TM5,2024-11-22,obecność,114
3TM5,2024-11-25,obecność,119
3TM5,2024-11-26,obecność,112
3TM5,2024-11-27,nieob. uspraw.,37
3TM5,2024-11-28,obecność,134
3TM5,2024-11-29,obecność,117
3TM5,2024-12-02,obecność,135
3TM5,2024-12-03,obecność,101
3TM5,2024-12-04,obecność,119
3TM5,2024-12-05,obecność,71
3TM5,2024-12-06,obecność,134
3TM5,2024-12-06,nieobecność,16
3TM5,2024-12-09,obecność,100
3TM5,2024-12-10,obecność,117
3TM5,2024-12-11,obecność,95
3TM5,2024-12-12,obecność,59
3TM5,2024-12-13,nieob. uspraw.,54
3TM5,2024-12-16,obecność,118
3TM5,2024-12-17,obecność,100
3TM5,2024-12-18,obecność,108
3TM5,2024-12-18,nieobecność,43
3TM5,2024-12-19,obecność,97
3TM5,2024-12-19,nieobecność,18
3TM5,2024-12-20,obecność,128
3TM5,2025-01-07,obecność,122
3TM5,2025-01-08,obecność,121
3TM5,2025-01-08,nieob. uspraw.,15
3TM5,2025-01-09,obecność,27
3TM5,2025-01-10,obecność,138
3TM5,2025-01-13,obecność,117
3TM5,2025-01-13,nieob. uspraw.,18
3TM5,2025-01-14,obecność,120
3TM5,2025-01-14,nieob. uspr. p.s.,8
3TM5,2025-01-15,obecność,120
3TM5,2025-01-15,nieob. uspr. p.s.,15
3TM5,2025-01-16,obecność,118
3TM5,2025-01-16,nieob. uspr. p.s.,7
3TM5,2025-01-16,nieob. uspraw.,12
3TM5,2025-01-17,obecność,134
3TM5,2025-01-20,obecność,91
3TM5,2025-01-20,nieobecność,14
3TM5,2025-01-21,obecność,99
3TM5,2025-01-21,nieobecność,10
3TM5,2025-01-22,obecność,82
3TM5,2025-01-22,nieobecność,15
3TM5,2025-01-23,nieob. uspr. p.s.,26
3TM5,2025-01-24,obecność,122
3TM5,2025-01-27,obecność,106
3TM5,2025-01-28,nieobecność,37
3TM5,2025-01-28,spóźnienie,3
3TM5,2025-01-29,obecność,103
3TM5,2025-01-30,obecność,96
3TM5,2025-01-31,nieobecność,96
3TM5,2025-02-17,obecność,117
3TM5,2025-02-18,obecność,117
3TM5,2025-02-18,spóźnienie,7
3TM5,2025-02-18,nieobecność,6
3TM5,2025-02-19,obecność,117
3TM5,2025-02-19,nieobecność,7
3TM5,2025-02-20,nieob. uspr. p.s.,16
3TM5,2025-02-21,obecność,101
3TM5,2025-02-24,obecność,110
3TM5,2025-02-25,obecność,118
3TM5,2025-02-25,nieobecność,11
3TM5,2025-02-26,obecność,102
3TM5,2025-02-26,nieobecność,10
3TM5,2025-02-27,obecność,98
3TM5,2025-02-27,nieobecność,9
3TM5,2025-02-28,obecność,102
3TM5,2025-02-28,nieobecność,11
3TM5,2025-03-03,obecność,79
3TM5,2025-03-03,nieobecność,15
3TM5,2025-03-04,obecność,116
3TM5,2025-03-05,obecność,111
3TM5,2025-03-05,nieobecność,11
3TM5,2025-03-06,obecność,101
3TM5,2025-03-06,nieobecność,5
3TM5,2025-03-07,obecność,89
3TM5,2025-03-10,obecność,99
3TM5,2025-03-11,nieob. uspr. p.s.,16
3TM5,2025-03-12,nieob. uspraw.,114
3TM5,2025-03-13,obecność,119
3TM5,2025-03-14,obecność,94
3TM5,2025-03-17,obecność,87
3TM5,2025-03-17,spóźnienie,8
3TM5,2025-03-18,nieob. uspr. p.s.,25
3TM5,2025-03-19,obecność,116
3TM5,2025-03-20,obecność,116
3TM5,2025-03-20,nieobecność,28
3TM5,2025-03-21,nieobecność,79
3TM5,2025-03-24,obecność,117
3TM5,2025-03-25,obecność,99
3TM5,2025-03-26,obecność,97
3TM5,2025-03-27,obecność,129
3TM5,2025-03-28,obecność,114
3TM5,2025-03-31,nieob. uspr. p.s.,12
3TM5,2025-03-31,obecność,120
3TM5,2025-04-01,obecność,111
3TM5,2025-04-02,obecność,88
3TM5,2025-04-02,nieob. uspraw.,42
3TM5,2025-04-03,obecność,134
3TM5,2025-04-04,obecność,94
3TM5,2025-04-04,nieob. uspraw.,30
3TM5,2025-04-07,obecność,112
3TM5,2025-04-08,obecność,113
3TM5,2025-04-09,obecność,101
3TM5,2025-04-09,nieob. uspraw.,21
3TM5,2025-04-10,nieob. uspraw.,14
3TM5,2025-04-10,obecność,89
3TM5,2025-04-11,obecność,81
3TM5,2025-04-11,spóźnienie,4
3TM5,2025-04-14,obecność,91
3TM5,2025-04-15,obecność,131
3TM5,2025-04-16,nieob. uspraw.,37
3TM5,2025-04-23,nieobecność,77
3TM5,2025-04-24,obecność,87
3TM5,2025-04-25,nieob. uspraw.,149
3TM5,2025-05-12,obecność,107
3TM5,2025-05-13,obecność,52
3TM5,2025-05-14,obecność,99
3TM5,2025-05-15,nieob. uspraw.,14
3TM5,2025-05-15,obecność,63
3TM5,2025-05-16,nieob. uspr. p.s.,18
3TM5,2025-05-19,obecność,91
3TM5,2025-05-20,obecność,110
3TM5,2025-05-21,obecność,57
3TM5,2025-05-21,nieob. uspraw.,68
3TM5,2025-05-22,obecność,85
3TM5,2025-05-22,spóźnienie,5
3TM5,2025-05-23,obecność,140
3TM5,2025-05-26,obecność,96
3TM5,2025-05-27,obecność,12
3TM5,2025-05-27,nieob. uspr. p.s.,120
3TM5,2025-05-28,obecność,100
3TM5,2025-05-28,nieobecność,39
3TM5,2025-05-29,obecność,99
3TM5,2025-05-30,obecność,43
3TM5,2025-05-30,nieobecność,66
3TM5,2025-06-02,obecność,62
3TM5,2025-06-02,spóźnienie,4
3TM5,2025-06-02,nieobecność,70
3TM5,2025-06-03,nieob. uspr. p.s.,45
3TM5,2025-06-04,nieobecność,94
3TM5,2025-06-05,nieob. uspr. p.s.,120
3TM5,2025-06-06,spóźnienie,3
3TM5,2025-06-06,obecność,11
3TM5,2025-06-06,nieob. uspr. p.s.,82
3TM5,2025-06-06,nieobecność,61
3TM5,2025-06-09,nieobecność,62
3TM5,2025-06-09,obecność,67
3TM5,2025-06-10,obecność,56
3TM5,2025-06-10,nieobecność,94
3TM5,2025-06-11,nieobecność,129
3TM5,2025-06-12,nieobecność,103
3TM5,2025-06-13,nieobecność,102
3TM5,2025-06-16,nieobecność,123
3TM5,2025-06-16,obecność,27
3TM5,2025-06-17,nieobecność,128
3TM5,2025-06-18,nieobecność,139
3TM5,2025-06-23,nieobecność,140
3TM5,2025-06-23,,20
3TM5,2025-06-24,nieobecność,160
3TM5,2025-06-25,nieobecność,155
3TM5,2025-06-26,,20
3TM5,2025-06-26,nieobecność,100
3TM5,2025-06-27,,160
3TM5,2024-09-04,nieob. uspraw.,14
3TM5,2024-09-16,nieob. uspraw.,48
3TM5,2024-09-18,obecność,75
3TM5,2024-09-19,nieob. uspraw.,35
3TM5,2024-09-23,nieob. uspr. p.s.,21
3TM5,2024-09-26,obecność,101
3TM5,2024-10-02,nieob. uspraw.,17
3TM5,2024-10-07,nieob. uspraw.,10
3TM5,2024-10-10,nieob. uspraw.,11
3TM5,2024-10-11,nieob. uspraw.,40
3TM5,2024-10-18,nieob. uspraw.,30
3TM5,2024-10-21,spóźn. uspr.,3
3TM5,2024-10-24,spóźn. uspr.,1
3TM5,2024-10-28,spóźn. uspr.,2
3TM5,2024-11-04,nieobecność,1
3TM5,2024-11-07,spóźnienie,12
3TM5,2024-11-12,nieob. uspraw.,23
3TM5,2024-11-18,spóźnienie,10
3TM5,2024-11-22,nieob. uspraw.,19
3TM5,2024-11-25,spóźnienie,6
3TM5,2024-11-27,obecność,82
3TM5,2024-12-04,nieob. uspr. p.s.,16
3TM5,2024-12-05,nieobecność,4
3TM5,2024-12-13,nieob. uspr. p.s.,2
3TM5,2024-12-13,nieobecność,28
3TM5,2024-12-16,nieob. uspraw.,28
3TM5,2024-12-17,nieob. uspraw.,21
3TM5,2025-01-07,nieob. uspr. p.s.,7
3TM5,2025-01-09,nieobecność,27
3TM5,2025-01-16,nieobecność,22
3TM5,2025-01-23,obecność,108
3TM5,2025-01-28,obecność,114
3TM5,2025-01-31,obecność,30
3TM5,2025-02-20,obecność,112
3TM5,2025-02-21,nieob. uspraw.,33
3TM5,2025-02-21,nieobecność,6
3TM5,2025-03-11,obecność,108
3TM5,2025-03-18,obecność,89
3TM5,2025-03-18,nieobecność,20
3TM5,2025-03-25,nieobecność,42
3TM5,2025-03-26,nieobecność,23
3TM5,2025-03-27,nieobecność,13
3TM5,2025-03-28,nieobecność,24
3TM5,2025-04-04,nieobecność,21
3TM5,2025-04-09,nieobecność,22
3TM5,2025-04-14,nieobecność,16
3TM5,2025-04-16,obecność,36
3TM5,2025-04-23,nieob. uspraw.,40
3TM5,2025-04-24,nieobecność,57
3TM5,2025-05-12,nieobecność,14
3TM5,2025-05-14,nieobecność,32
3TM5,2025-05-16,obecność,68
3TM5,2025-05-19,spóźnienie,17
3TM5,2025-05-21,nieobecność,54
3TM5,2025-05-27,nieobecność,20
3TM5,2025-06-04,obecność,45
3TM5,2025-06-12,obecność,27
3TM5,2024-09-02,nieob. uspraw.,8
3TM5,2024-09-03,nieob. uspraw.,10
3TM5,2024-09-05,nieob. uspraw.,21
3TM5,2024-09-06,nieob. uspraw.,15
3TM5,2024-09-09,nieob. uspraw.,38
3TM5,2024-09-10,spóźnienie,2
3TM5,2024-09-11,nieob. uspraw.,53
3TM5,2024-09-13,nieob. uspraw.,30
3TM5,2024-09-16,nieob. uspr. p.s.,2
3TM5,2024-09-16,nieobecność,11
3TM5,2024-09-17,nieobecność,14
3TM5,2024-09-17,nieob. uspr. p.s.,1
3TM5,2024-09-19,spóźnienie,7
3TM5,2024-09-19,nieobecność,13
3TM5,2024-09-20,nieob. uspraw.,72
3TM5,2024-09-23,nieobecność,14
3TM5,2024-09-24,nieobecność,9
3TM5,2024-09-25,obecność,88
3TM5,2024-09-25,nieobecność,2
3TM5,2024-09-26,nieobecność,10
3TM5,2024-09-30,nieob. uspr. p.s.,16
3TM5,2024-10-07,nieobecność,5
3TM5,2024-10-07,spóźnienie,4
3TM5,2024-10-08,nieobecność,5
3TM5,2024-10-10,spóźnienie,9
3TM5,2024-10-10,nieobecność,6
3TM5,2024-10-15,nieob. uspraw.,36
3TM5,2024-10-17,nieobecność,9
3TM5,2024-10-22,nieobecność,4
3TM5,2024-10-23,nieob. uspraw.,30
3TM5,2024-10-25,nieobecność,14
3TM5,2024-10-28,nieobecność,10
3TM5,2024-10-29,nieobecność,23
3TM5,2024-10-30,nieobecność,20
3TM5,2024-10-31,nieob. uspraw.,22
3TM5,2024-11-07,nieobecność,5
3TM5,2024-11-08,nieob. uspraw.,56
3TM5,2024-11-12,nieobecność,8
3TM5,2024-11-13,nieobecność,3
3TM5,2024-11-14,nieobecność,2
3TM5,2024-11-15,nieobecność,13
3TM5,2024-11-18,nieobecność,9
3TM5,2024-11-26,nieobecność,23
3TM5,2024-11-28,spóźnienie,8
3TM5,2024-12-02,nieobecność,3
3TM5,2024-12-03,spóźnienie,5
3TM5,2024-12-03,nieobecność,18
3TM5,2024-12-04,nieobecność,9
3TM5,2024-12-05,nieob. uspr. p.s.,15
3TM5,2024-12-09,nieobecność,14
3TM5,2024-12-10,nieobecność,8
3TM5,2024-12-10,spóźnienie,1
3TM5,2024-12-11,nieobecność,28
3TM5,2024-12-16,nieobecność,10
3TM5,2024-12-17,nieobecność,12
3TM5,2024-12-20,nieobecność,32
3TM5,2025-01-07,nieobecność,6
3TM5,2025-01-10,nieobecność,11
3TM5,2025-01-13,spóźnienie,4
3TM5,2025-01-13,nieobecność,12
3TM5,2025-01-14,nieobecność,9
3TM5,2025-01-15,nieobecność,17
3TM5,2025-01-17,nieobecność,23
3TM5,2025-01-20,spóźnienie,9
3TM5,2025-01-21,spóźnienie,15
3TM5,2025-01-22,nieob. uspraw.,53
3TM5,2025-01-27,nieobecność,21
3TM5,2025-02-17,nieobecność,3
3TM5,2025-02-18,nieob. uspraw.,30
3TM5,2025-02-20,nieobecność,8
3TM5,2025-02-24,spóźnienie,3
3TM5,2025-02-27,nieob. uspraw.,22
3TM5,2025-03-03,spóźnienie,5
3TM5,2025-03-03,nieob. uspraw.,30
3TM5,2025-03-04,nieobecność,13
3TM5,2025-03-04,nieob. uspraw.,31
3TM5,2025-03-06,nieob. uspraw.,27
3TM5,2025-03-10,nieob. uspraw.,26
3TM5,2025-03-11,nieob. uspraw.,32
3TM5,2025-03-13,nieob. uspraw.,21
3TM5,2025-03-14,nieob. uspraw.,30
3TM5,2025-03-17,nieobecność,10
3TM5,2025-03-19,nieob. uspraw.,32
3TM5,2025-03-31,nieobecność,1
3TM5,2025-04-01,nieobecność,28
3TM5,2025-04-02,nieobecność,22
3TM5,2025-04-07,nieobecność,6
3TM5,2025-04-07,spóźnienie,4
3TM5,2025-04-08,nieobecność,10
3TM5,2025-04-10,nieob. uspr. p.s.,16
3TM5,2025-04-10,nieobecność,21
3TM5,2025-04-11,nieobecność,32
3TM5,2025-04-15,nieobecność,12
3TM5,2025-04-16,nieobecność,53
3TM5,2025-05-13,nieobecność,21
3TM5,2025-05-15,nieobecność,23
3TM5,2025-05-19,nieobecność,24
3TM5,2025-05-20,nieob. uspraw.,10
3TM5,2025-05-22,nieobecność,7
3TM5,2025-05-22,nieob. uspr. p.s.,8
3TM5,2025-05-26,nieob. uspr. p.s.,14
3TM5,2025-05-28,spóźnienie,11
3TM5,2025-05-29,nieobecność,37
3TM5,2025-05-30,spóźnienie,5
3TM5,2025-06-04,spóźnienie,7
3TM5,2025-06-17,obecność,16
3TM5,2024-09-05,spóźn. uspr.,2
3TM5,2024-09-06,spóźn. uspr.,2
3TM5,2024-09-12,nieob. uspraw.,35
3TM5,2024-09-17,nieob. uspraw.,30
3TM5,2024-09-19,spóźn. uspr.,5
3TM5,2024-09-23,nieob. uspraw.,22
3TM5,2024-09-24,nieob. uspraw.,29
3TM5,2024-09-27,nieob. uspr. p.s.,110
3TM5,2024-09-30,nieob. uspraw.,12
3TM5,2024-10-01,nieob. uspraw.,24
3TM5,2024-10-07,spóźn. uspr.,2
3TM5,2024-10-07,nieob. uspr. p.s.,3
3TM5,2024-10-08,spóźn. uspr.,3
3TM5,2024-10-09,nieob. uspraw.,21
3TM5,2024-10-10,spóźn. uspr.,2
3TM5,2024-10-25,nieob. uspraw.,16
3TM5,2024-10-30,nieob. uspr. p.s.,1
3TM5,2024-11-04,nieob. uspraw.,15
3TM5,2024-11-05,nieob. uspraw.,8
3TM5,2024-11-07,spóźn. uspr.,1
3TM5,2024-11-07,nieob. uspraw.,8
3TM5,2024-11-13,nieob. uspraw.,8
3TM5,2024-11-15,nieob. uspraw.,1
3TM5,2024-11-18,nieob. uspr. p.s.,16
3TM5,2024-11-19,nieob. uspraw.,2
3TM5,2024-11-25,nieob. uspraw.,8
3TM5,2024-11-26,spóźn. uspr.,1
3TM5,2024-11-28,spóźn. uspr.,1
3TM5,2024-12-03,spóźn. uspr.,2
3TM5,2024-12-06,spóźn. uspr.,1
3TM5,2024-12-11,nieob. uspraw.,17
3TM5,2024-12-12,nieob. uspraw.,43
3TM5,2024-12-12,nieob. uspr. p.s.,6
3TM5,2024-12-13,obecność,16
3TM5,2024-12-19,nieob. uspraw.,5
3TM5,2025-01-13,spóźn. uspr.,1
3TM5,2025-01-20,nieob. uspraw.,29
3TM5,2025-01-20,spóźn. uspr.,1
3TM5,2025-01-21,spóźn. uspr.,1
3TM5,2025-01-21,nieob. uspraw.,8
3TM5,2025-01-24,nieob. uspraw.,17
3TM5,2025-01-27,nieob. uspraw.,7
3TM5,2025-01-28,nieob. uspraw.,6
3TM5,2025-01-29,nieob. uspraw.,8
3TM5,2025-01-31,nieob. uspraw.,14
3TM5,2025-02-19,nieob. uspraw.,29
3TM5,2025-02-20,nieob. uspraw.,24
3TM5,2025-02-25,nieob. uspraw.,23
3TM5,2025-02-26,nieob. uspraw.,44
3TM5,2025-02-28,nieob. uspraw.,24
3TM5,2025-03-06,spóźn. uspr.,3
3TM5,2025-03-07,nieob. uspraw.,63
3TM5,2025-03-17,nieob. uspraw.,27
3TM5,2025-03-19,nieobecność,9
3TM5,2025-04-03,nieobecność,8
3TM5,2025-04-14,spóźnienie,12
3TM5,2025-05-20,nieobecność,20
3TM5,2025-05-26,nieobecność,21
3TM5,2024-09-03,nieobecność,1
3TM5,2024-09-05,spóźnienie,5
3TM5,2024-09-06,spóźnienie,2
3TM5,2024-09-16,spóźnienie,18
3TM5,2024-09-18,nieobecność,9
3TM5,2024-09-26,spóźnienie,6
3TM5,2024-09-30,nieobecność,20
3TM5,2024-10-01,nieobecność,13
3TM5,2024-10-02,nieobecność,21
3TM5,2024-10-02,spóźnienie,8
3TM5,2024-10-17,nieob. uspraw.,19
3TM5,2024-10-21,nieobecność,3
3TM5,2024-10-23,nieobecność,19
3TM5,2024-10-24,nieobecność,1
3TM5,2024-10-31,nieobecność,17
3TM5,2024-11-04,spóźnienie,7
3TM5,2024-11-05,nieobecność,2
3TM5,2024-11-06,nieobecność,8
3TM5,2024-11-08,nieobecność,8
3TM5,2024-11-20,nieobecność,7
3TM5,2024-11-21,nieobecność,11
3TM5,2024-11-25,nieobecność,26
3TM5,2024-11-27,nieobecność,11
3TM5,2025-01-07,nieob. uspraw.,5
3TM5,2025-01-08,nieobecność,22
3TM5,2025-01-22,nieob. uspr. p.s.,10
3TM5,2025-01-27,nieob. uspr. p.s.,6
3TM5,2025-01-29,nieobecność,33
3TM5,2025-01-30,nieob. uspr. p.s.,2
3TM5,2025-01-30,nieobecność,22
3TM5,2025-03-06,spóźnienie,3
3TM5,2025-03-07,nieobecność,8
3TM5,2025-03-10,nieob. uspr. p.s.,14
3TM5,2025-03-11,nieobecność,4
3TM5,2025-03-12,nieobecność,7
3TM5,2025-03-14,nieobecność,11
3TM5,2025-03-20,nieob. uspr. p.s.,14
3TM5,2025-05-16,nieobecność,15
3TM5,2024-09-27,obecność,2
3TM5,2024-12-04,nieob. uspraw.,16
3TM5,2025-01-09,nieob. uspraw.,40
3TM5,2025-03-14,nieob. uspr. p.s.,5
3TM5,2025-03-21,nieob. uspr. p.s.,12
3TM5,2025-03-21,obecność,4
3TM5,2025-03-26,nieob. uspr. p.s.,19
3TM5,2025-03-27,nieob. uspraw.,11
3TM5,2025-03-28,nieob. uspraw.,9
3TM5,2025-04-01,nieob. uspraw.,17
3TM5,2025-04-03,nieob. uspraw.,12
3TM5,2025-04-09,nieob. uspr. p.s.,16
3TM5,2025-04-14,nieob. uspr. p.s.,14
3TM5,2025-04-16,nieob. uspr. p.s.,14
3TM5,2025-05-13,nieob. uspr. p.s.,10
3TM5,2025-05-19,nieob. uspr. p.s.,14
3TM5,2025-05-19,nieob. uspraw.,14
3TM5,2024-09-20,nieob. uspr. p.s.,8
3TM5,2024-10-16,obecność,53
3TM5,2025-01-08,nieob. uspr. p.s.,2
3TM5,2025-01-14,nieob. uspraw.,3
3TM5,2025-01-15,nieob. uspraw.,8
3TM5,2025-02-24,nieob. uspr. p.s.,17
3TM5,2025-02-25,nieob. uspr. p.s.,6
3TM5,2025-02-27,nieob. uspr. p.s.,11
3TM5,2025-02-28,nieob. uspr. p.s.,3
3TM5,2025-03-05,nieob. uspraw.,30
3TM5,2025-03-12,obecność,19
3TM5,2025-03-20,nieob. uspraw.,2
3TM5,2025-03-21,nieob. uspraw.,45
3TM5,2025-03-26,nieob. uspraw.,18
3TM5,2025-04-01,nieob. uspr. p.s.,4
3TM5,2025-04-02,nieob. uspr. p.s.,8
3TM5,2025-04-07,nieob. uspr. p.s.,16
3TM5,2025-04-23,nieob. uspr. p.s.,3
3TM5,2025-04-23,obecność,40
3TM5,2025-04-25,obecność,3
3TM5,2025-05-14,nieob. uspr. p.s.,16
3TM5,2025-05-28,nieob. uspraw.,10
3TM5,2025-06-02,nieob. uspraw.,14
3TM5,2025-06-03,obecność,52
3TM5,2025-06-03,nieob. uspraw.,8
3TM5,2025-06-04,nieob. uspraw.,14
3TM5,2025-06-06,nieob. uspraw.,3
3TM5,2025-06-09,nieob. uspraw.,11
3TM5,2025-06-10,nieob. uspraw.,10
3TM5,2025-06-11,obecność,17
3TM5,2025-06-11,nieob. uspraw.,14
3TM5,2025-06-12,nieob. uspraw.,10
3TM5,2025-06-13,nieob. uspraw.,12
3TM5,2025-06-16,nieob. uspraw.,10
3TM5,2025-06-17,nieob. uspraw.,16
3TM5,2025-06-18,nieob. uspraw.,16
3TM5,2025-06-25,obecność,5
3TM5,2024-09-12,nieobecność,2
3TM5,2024-09-20,nieobecność,8
3TM5,2024-09-23,spóźnienie,1
3TM5,2024-09-25,nieob. uspr. p.s.,7
3TM5,2024-09-27,nieobecność,16
3TM5,2024-10-08,nieob. uspraw.,9
3TM5,2024-10-08,spóźnienie,8
3TM5,2024-10-11,nieobecność,1
3TM5,2024-10-15,nieobecność,11
3TM5,2024-10-18,nieobecność,3
3TM5,2024-10-22,spóźnienie,5
3TM5,2024-11-12,spóźnienie,6
3TM5,2024-11-26,nieob. uspraw.,2
3TM5,2024-11-26,spóźnienie,2
3TM5,2024-12-02,nieob. uspraw.,2
3TM5,2024-12-06,nieob. uspraw.,9
3TM5,2024-12-18,nieob. uspraw.,9
3TM5,2025-01-23,nieob. uspraw.,3
3TM5,2025-02-24,nieob. uspraw.,7
3TM5,2025-02-25,spóźnienie,2
3TM5,2025-03-06,nieob. uspr. p.s.,21
3TM5,2025-03-19,nieob. uspr. p.s.,3
3TM5,2025-04-24,nieob. uspr. p.s.,16
3TM5,2025-05-12,nieob. uspraw.,1
3TM5,2025-05-13,nieob. uspraw.,10
3TM5,2025-05-14,nieob. uspraw.,13
3TM5,2025-05-16,nieob. uspraw.,19
3TM5,2025-05-22,nieob. uspraw.,15
3TM5,2025-05-29,nieob. uspraw.,2
3TM5,2025-05-29,nieob. uspr. p.s.,2
3TM5,2025-06-02,nieob. uspr. p.s.,10
3TM5,2025-06-03,nieobecność,35
3TM5,2024-09-10,nieob. uspraw.,24
3TM5,2024-10-29,spóźnienie,1
3TM5,2025-01-10,spóźnienie,1
3TM5,2025-01-23,spóźnienie,1
3TM5,2025-02-24,nieobecność,3
3TM5,2025-03-18,spóźnienie,6
3TM5,2025-03-24,nieobecność,9
3TM5,2025-03-26,spóźnienie,3
3TM5,2025-03-28,nieob. uspr. p.s.,13
3TM5,2025-04-03,nieob. uspr. p.s.,6
3TM5,2025-04-04,spóźnienie,1
3TM5,2025-05-12,nieob. uspr. p.s.,13
3TM5,2025-05-26,nieob. uspraw.,9
3TM5,2025-06-18,obecność,5
3TM5,2024-11-04,spóźn. uspr.,2
3TM5,2024-11-08,spóźn. uspr.,1
3TM5,2024-11-18,nieob. uspraw.,1
3TM5,2024-11-18,spóźn. uspr.,1
3TM5,2024-11-22,nieob. uspr. p.s.,16
3TM5,2024-11-27,nieob. uspr. p.s.,10
3TM5,2024-12-05,nieob. uspraw.,10
3TM5,2025-01-13,nieob. uspr. p.s.,8
3TM5,2025-01-20,nieob. uspr. p.s.,16
3TM5,2025-03-17,spóźn. uspr.,1
3TM5,2025-03-18,spóźn. uspr.,1
3TM5,2025-03-18,nieob. uspraw.,19
3TM5,2025-03-25,nieob. uspraw.,19
3TM5,2024-11-13,spóźnienie,2
3TM5,2024-11-28,nieobecność,9
3TM5,2024-11-29,nieob. uspr. p.s.,14
3TM5,2025-04-14,nieob. uspraw.,7
3TM5,2025-04-15,nieob. uspraw.,16
3TM5,2025-05-13,spóźnienie,7
3TM5,2024-10-16,nieobecność,17
3TM5,2024-11-22,nieobecność,11
3TM5,2024-12-16,spóźnienie,4
3TM5,2025-01-10,nieob. uspraw.,10
3TM5,2025-02-17,nieob. uspraw.,8
3TM5,2025-02-26,nieob. uspr. p.s.,4
3TM5,2025-03-03,nieob. uspr. p.s.,11
3TM5,2025-03-10,spóźnienie,1
3TM5,2025-04-04,nieob. uspr. p.s.,14
3TM5,2025-04-15,spóźnienie,1
3TM5,2024-09-16,spóźn. uspr.,4
3TM5,2024-10-21,nieob. uspraw.,3
3TM5,2024-10-24,nieob. uspraw.,1
3TM5,2024-11-06,nieob. uspraw.,5
3TM5,2024-11-14,nieob. uspraw.,7
3TM5,2024-11-19,nieobecność,8
3TM5,2024-11-28,nieob. uspraw.,8
3TM5,2024-11-29,nieob. uspraw.,8
3TM5,2025-01-21,nieob. uspr. p.s.,7
3TM5,2025-01-29,nieob. uspr. p.s.,16
3TM5,2025-02-17,nieob. uspr. p.s.,12
3TM5,2025-02-19,nieob. uspr. p.s.,7
3TM5,2025-03-05,nieob. uspr. p.s.,8
3TM5,2025-03-31,nieob. uspraw.,7
3TM5,2025-04-07,spóźn. uspr.,1
3TM5,2025-04-07,nieob. uspraw.,1
3TM5,2025-04-08,nieob. uspraw.,10
3TM5,2025-04-11,nieob. uspraw.,16
3TM5,2025-05-27,nieob. uspraw.,8
3TM5,2025-01-16,spóźnienie,1
3TM5,2025-05-12,spóźnienie,5
3TM5,2024-12-10,nieob. uspraw.,7
3TM5,2025-01-09,nieob. uspr. p.s.,6
3TM5,2025-01-17,nieob. uspr. p.s.,3
3TM5,2025-03-17,nieob. uspr. p.s.,7
3TM5,2025-03-27,nieob. uspr. p.s.,7
3TM5,2025-04-08,nieob. uspr. p.s.,7
3TM5,2025-04-11,nieob. uspr. p.s.,7
3TM5,2025-04-25,nieob. uspr. p.s.,8
3TM5,2025-05-21,nieob. uspr. p.s.,1
3TM5,2025-06-13,nieob. uspr. p.s.,6
3TM5,2024-10-28,nieob. uspr. p.s.,16
3TM5,2024-12-03,nieob. uspr. p.s.,14
3TM5,2024-12-12,nieobecność,12
3TM5,2025-01-23,nieobecność,2
3TM5,2025-01-24,nieobecność,1
3TM5,2025-05-30,nieob. uspraw.,6
3TM5,2024-10-22,spóźn. uspr.,1
3TM5,2024-10-28,nieob. uspraw.,8
3TM5,2024-11-25,spóźn. uspr.,1
3TM5,2024-12-09,nieob. uspraw.,6
3TM5,2024-12-10,nieob. uspr. p.s.,7
3TM5,2024-12-17,nieob. uspr. p.s.,7
3TM5,2025-03-24,nieob. uspraw.,14
3TM5,2024-09-13,nieobecność,3
3TM5,2024-10-03,nieob. uspraw.,8
3TM5,2024-11-29,nieobecność,1
3TR5,2024-09-02,obecność,120
3TR5,2024-09-03,obecność,117
3TR5,2024-09-04,obecność,90
3TR5,2024-09-05,obecność,84
3TR5,2024-09-06,obecność,56
3TR5,2024-09-09,obecność,103
3TR5,2024-09-10,obecność,115
3TR5,2024-09-11,obecność,88
3TR5,2024-09-12,obecność,93
3TR5,2024-09-12,spóźn. uspr.,2
3TR5,2024-09-13,obecność,80
3TR5,2024-09-16,obecność,73
3TR5,2024-09-17,obecność,69
3TR5,2024-09-17,nieob. uspraw.,60
3TR5,2024-09-18,obecność,93
3TR5,2024-09-18,nieob. uspraw.,26
3TR5,2024-09-19,obecność,82
3TR5,2024-09-20,nieob. uspraw.,71
3TR5,2024-09-23,obecność,79
3TR5,2024-09-23,nieob. uspraw.,23
3TR5,2024-09-24,obecność,90
3TR5,2024-09-25,obecność,48
3TR5,2024-09-26,obecność,75
3TR5,2024-09-27,obecność,24
3TR5,2024-09-27,nieob. uspraw.,65
3TR5,2024-09-30,obecność,63
3TR5,2024-10-01,obecność,82
3TR5,2024-10-02,obecność,108
3TR5,2024-10-03,obecność,102
3TR5,2024-10-04,obecność,89
3TR5,2024-10-04,nieob. uspraw.,23
3TR5,2024-10-07,obecność,80
3TR5,2024-10-07,nieob. uspr. p.s.,3
3TR5,2024-10-08,nieob. uspraw.,62
3TR5,2024-10-09,obecność,116
3TR5,2024-10-10,obecność,106
3TR5,2024-10-11,obecność,88
3TR5,2024-10-15,nieob. uspraw.,48
3TR5,2024-10-16,nieob. uspraw.,24
3TR5,2024-10-17,nieob. uspraw.,40
3TR5,2024-10-18,nieob. uspraw.,27
3TR5,2024-10-21,obecność,104
3TR5,2024-10-22,obecność,62
3TR5,2024-10-23,spóźn. uspr.,2
3TR5,2024-10-23,obecność,104
3TR5,2024-10-24,nieob. uspraw.,19
3TR5,2024-10-24,obecność,92
3TR5,2024-10-25,obecność,40
3TR5,2024-10-25,nieob. uspr. p.s.,8
3TR5,2024-10-25,nieob. uspraw.,35
3TR5,2024-10-28,obecność,97
3TR5,2024-10-29,obecność,99
3TR5,2024-10-29,nieob. uspraw.,22
3TR5,2024-10-30,obecność,97
3TR5,2024-10-30,nieob. uspr. p.s.,2
3TR5,2024-10-31,nieob. uspraw.,50
3TR5,2024-11-04,obecność,92
3TR5,2024-11-04,nieob. uspr. p.s.,6
3TR5,2024-11-04,spóźn. uspr.,1
3TR5,2024-11-05,nieob. uspraw.,50
3TR5,2024-11-06,obecność,85
3TR5,2024-11-06,nieob. uspraw.,29
3TR5,2024-11-07,obecność,76
3TR5,2024-11-07,nieob. uspr. p.s.,8
3TR5,2024-11-07,nieob. uspraw.,15
3TR5,2024-11-08,nieob. uspraw.,59
3TR5,2024-11-08,obecność,54
3TR5,2024-11-12,obecność,101
3TR5,2024-11-13,obecność,91
3TR5,2024-11-14,obecność,73
3TR5,2024-11-14,spóźn. uspr.,1
3TR5,2024-11-15,obecność,71
3TR5,2024-11-18,obecność,92
3TR5,2024-11-18,nieob. uspraw.,25
3TR5,2024-11-19,obecność,104
3TR5,2024-11-20,obecność,95
3TR5,2024-11-21,nieob. uspraw.,18
3TR5,2024-11-22,nieob. uspraw.,31
3TR5,2024-11-25,obecność,92
3TR5,2024-11-26,obecność,115
3TR5,2024-11-27,obecność,95
3TR5,2024-11-28,obecność,80
3TR5,2024-11-29,obecność,65
3TR5,2024-12-02,obecność,86
3TR5,2024-12-02,spóźn. uspr.,1
3TR5,2024-12-03,obecność,100
3TR5,2024-12-04,obecność,84
3TR5,2024-12-05,obecność,90
3TR5,2024-12-06,obecność,42
3TR5,2024-12-06,spóźn. uspr.,1
3TR5,2024-12-06,nieob. uspraw.,43
3TR5,2024-12-09,obecność,80
3TR5,2024-12-10,obecność,64
3TR5,2024-12-10,nieob. uspraw.,18
3TR5,2024-12-11,obecność,74
3TR5,2024-12-11,nieob. uspraw.,32
3TR5,2024-12-12,obecność,53
3TR5,2024-12-12,nieob. uspr. p.s.,22
3TR5,2024-12-12,nieob. uspraw.,27
3TR5,2024-12-13,nieob. uspraw.,23
3TR5,2024-12-16,obecność,108
3TR5,2024-12-16,nieob. uspraw.,3
3TR5,2024-12-17,nieob. uspraw.,26
3TR5,2024-12-18,nieob. uspraw.,14
3TR5,2024-12-19,nieob. uspraw.,24
3TR5,2024-12-20,obecność,66
3TR5,2025-01-07,obecność,87
3TR5,2025-01-08,obecność,91
3TR5,2025-01-09,nieob. uspraw.,23
3TR5,2025-01-10,obecność,51
3TR5,2025-01-10,nieob. uspraw.,28
3TR5,2025-01-13,obecność,79
3TR5,2025-01-14,obecność,105
3TR5,2025-01-14,nieob. uspraw.,24
3TR5,2025-01-15,obecność,80
3TR5,2025-01-15,spóźn. uspr.,2
3TR5,2025-01-16,obecność,78
3TR5,2025-01-17,obecność,64
3TR5,2025-01-20,obecność,96
3TR5,2025-01-21,nieobecność,6
3TR5,2025-01-21,obecność,65
3TR5,2025-01-22,obecność,84
3TR5,2025-01-22,nieobecność,22
3TR5,2025-01-23,obecność,67
3TR5,2025-01-24,obecność,10
3TR5,2025-01-24,nieob. uspr. p.s.,54
3TR5,2025-01-27,obecność,67
3TR5,2025-01-28,obecność,70
3TR5,2025-01-29,nieob. uspraw.,26
3TR5,2025-01-29,nieobecność,12
3TR5,2025-01-30,obecność,74
3TR5,2025-01-30,nieobecność,17
3TR5,2025-01-31,nieob. uspraw.,49
3TR5,2025-02-17,obecność,99
3TR5,2025-02-17,nieobecność,2
3TR5,2025-02-18,nieob. uspraw.,30
3TR5,2025-02-19,nieob. uspraw.,14
3TR5,2025-02-20,obecność,94
3TR5,2025-02-21,nieob. uspraw.,25
3TR5,2025-02-24,obecność,101
3TR5,2025-02-25,nieob. uspraw.,9
3TR5,2025-02-26,obecność,97
3TR5,2025-02-27,obecność,90
3TR5,2025-02-27,nieob. uspr. p.s.,11
3TR5,2025-02-27,nieobecność,8
3TR5,2025-02-28,nieob. uspraw.,34
3TR5,2025-03-03,nieobecność,16
3TR5,2025-03-04,obecność,113
3TR5,2025-03-05,obecność,93
3TR5,2025-03-06,nieob. uspraw.,60
3TR5,2025-03-07,nieob. uspr. p.s.,14
3TR5,2025-03-10,obecność,86
3TR5,2025-03-11,nieob. uspraw.,31
3TR5,2025-03-12,obecność,52
3TR5,2025-03-13,obecność,63
3TR5,2025-03-14,nieob. uspraw.,10
3TR5,2025-03-17,nieob. uspraw.,18
3TR5,2025-03-18,obecność,103
3TR5,2025-03-19,nieob. uspr. p.s.,19
3TR5,2025-03-19,nieobecność,23
3TR5,2025-03-20,nieob. uspr. p.s.,13
3TR5,2025-03-20,nieobecność,9
3TR5,2025-03-21,nieob. uspraw.,55
3TR5,2025-03-21,obecność,3
3TR5,2025-03-21,nieob. uspr. p.s.,5
3TR5,2025-03-24,obecność,104
3TR5,2025-03-25,obecność,82
3TR5,2025-03-25,spóźn. uspr.,5
3TR5,2025-03-26,obecność,101
3TR5,2025-03-26,spóźn. uspr.,1
3TR5,2025-03-27,obecność,62
3TR5,2025-03-28,obecność,82
3TR5,2025-03-31,nieob. uspraw.,28
3TR5,2025-04-01,obecność,115
3TR5,2025-04-02,nieob. uspraw.,45
3TR5,2025-04-02,nieobecność,21
3TR5,2025-04-03,obecność,90
3TR5,2025-04-03,nieobecność,10
3TR5,2025-04-04,nieob. uspraw.,28
3TR5,2025-04-07,obecność,94
3TR5,2025-04-08,spóźn. uspr.,2
3TR5,2025-04-08,obecność,85
3TR5,2025-04-09,obecność,78
3TR5,2025-04-09,spóźn. uspr.,1
3TR5,2025-04-10,obecność,14
3TR5,2025-04-10,spóźn. uspr.,2
3TR5,2025-04-11,obecność,38
3TR5,2025-04-11,nieob. uspraw.,51
3TR5,2025-04-14,obecność,83
3TR5,2025-04-15,obecność,100
3TR5,2025-04-15,nieob. uspraw.,18
3TR5,2025-04-16,nieob. uspraw.,19
3TR5,2025-04-16,obecność,89
3TR5,2025-04-23,nieob. uspraw.,24
3TR5,2025-04-23,obecność,78
3TR5,2025-04-24,nieob. uspraw.,38
3TR5,2025-04-25,nieob. uspraw.,41
3TR5,2025-04-25,obecność,62
3TR5,2025-04-28,obecność,105
3TR5,2025-04-29,obecność,105
3TR5,2025-04-30,obecność,105
3TR5,2025-05-01,obecność,105
3TR5,2025-05-02,obecność,105
3TR5,2025-05-05,obecność,105
3TR5,2025-05-06,obecność,105
3TR5,2025-05-07,obecność,75
3TR5,2025-05-08,obecność,105
3TR5,2025-05-09,obecność,105
3TR5,2025-05-12,spóźn. uspr.,1
3TR5,2025-05-12,obecność,89
3TR5,2025-05-13,nieob. uspraw.,1
3TR5,2025-05-13,obecność,125
3TR5,2025-05-14,obecność,88
3TR5,2025-05-15,nieob. uspraw.,33
3TR5,2025-05-16,obecność,67
3TR5,2025-05-16,nieob. uspraw.,38
3TR5,2025-05-19,obecność,86
3TR5,2025-05-20,obecność,91
3TR5,2025-05-20,nieob. uspraw.,28
3TR5,2025-05-21,obecność,74
3TR5,2025-05-21,nieob. uspr. p.s.,17
3TR5,2025-05-21,nieob. uspraw.,17
3TR5,2025-05-22,nieob. uspr. p.s.,20
3TR5,2025-05-22,nieob. uspraw.,8
3TR5,2025-05-23,obecność,90
3TR5,2025-05-26,nieob. uspraw.,28
3TR5,2025-05-27,obecność,91
3TR5,2025-05-27,nieob. uspr. p.s.,14
3TR5,2025-05-28,obecność,90
3TR5,2025-05-29,obecność,67
3TR5,2025-05-30,nieob. uspraw.,29
3TR5,2025-06-02,nieob. uspraw.,63
3TR5,2025-06-03,obecność,69
3TR5,2025-06-03,nieob. uspraw.,48
3TR5,2025-06-04,obecność,73
3TR5,2025-06-05,nieob. uspr. p.s.,55
3TR5,2025-06-05,nieob. uspraw.,44
3TR5,2025-06-06,nieob. uspraw.,48
3TR5,2025-06-09,nieob. uspr. p.s.,64
3TR5,2025-06-10,nieob. uspraw.,42
3TR5,2025-06-11,nieob. uspraw.,64
3TR5,2025-06-12,nieob. uspraw.,63
3TR5,2025-06-13,nieob. uspraw.,109
3TR5,2025-06-13,obecność,1
3TR5,2025-06-16,nieobecność,63
3TR5,2025-06-17,nieobecność,64
3TR5,2025-06-18,nieob. uspraw.,58
3TR5,2025-06-18,nieobecność,58
3TR5,2025-06-23,nieobecność,59
3TR5,2025-06-24,nieobecność,80
3TR5,2025-06-25,obecność,4
3TR5,2025-06-25,nieobecność,85
3TR5,2025-06-26,nieobecność,87
3TR5,2025-06-26,obecność,2
3TR5,2025-06-27,obecność,112
3TR5,2024-09-23,nieobecność,17
3TR5,2024-09-27,nieobecność,16
3TR5,2024-10-04,nieobecność,7
3TR5,2024-10-08,obecność,41
3TR5,2024-10-15,obecność,65
3TR5,2024-10-16,obecność,94
3TR5,2024-10-17,obecność,72
3TR5,2024-10-18,obecność,70
3TR5,2024-10-18,nieobecność,1
3TR5,2024-10-22,nieobecność,9
3TR5,2024-10-31,obecność,30
3TR5,2024-11-05,obecność,85
3TR5,2024-11-21,obecność,82
3TR5,2024-11-22,obecność,76
3TR5,2024-12-10,nieob. uspr. p.s.,23
3TR5,2024-12-12,nieobecność,18
3TR5,2024-12-13,obecność,72
3TR5,2024-12-17,obecność,77
3TR5,2024-12-18,obecność,79
3TR5,2024-12-19,obecność,73
3TR5,2025-01-09,obecność,64
3TR5,2025-01-29,obecność,80
3TR5,2025-02-18,obecność,89
3TR5,2025-02-19,obecność,82
3TR5,2025-02-21,obecność,44
3TR5,2025-02-25,obecność,94
3TR5,2025-02-28,obecność,73
3TR5,2025-03-03,obecność,95
3TR5,2025-03-06,obecność,25
3TR5,2025-03-07,obecność,48
3TR5,2025-03-11,obecność,87
3TR5,2025-03-14,obecność,89
3TR5,2025-03-17,obecność,89
3TR5,2025-03-19,obecność,54
3TR5,2025-03-20,obecność,71
3TR5,2025-03-20,nieob. uspraw.,13
3TR5,2025-03-31,obecność,73
3TR5,2025-03-31,nieobecność,18
3TR5,2025-04-02,obecność,51
3TR5,2025-04-04,obecność,69
3TR5,2025-04-09,nieob. uspr. p.s.,2
3TR5,2025-04-10,nieob. uspr. p.s.,39
3TR5,2025-04-23,spóźn. uspr.,7
3TR5,2025-04-24,obecność,64
3TR5,2025-05-19,nieobecność,3
3TR5,2025-05-22,obecność,60
3TR5,2025-05-22,nieobecność,10
3TR5,2025-05-23,nieob. uspr. p.s.,13
3TR5,2025-05-26,obecność,68
3TR5,2025-05-30,obecność,46
3TR5,2025-05-30,nieobecność,10
3TR5,2025-06-02,obecność,28
3TR5,2025-06-06,obecność,19
3TR5,2025-06-06,nieobecność,8
3TR5,2025-06-09,obecność,23
3TR5,2025-06-10,obecność,79
3TR5,2025-06-12,obecność,21
3TR5,2024-09-10,spóźnienie,1
3TR5,2024-09-11,nieob. uspraw.,24
3TR5,2024-09-12,spóźnienie,7
3TR5,2024-09-13,nieob. uspr. p.s.,2
3TR5,2024-09-16,nieob. uspr. p.s.,4
3TR5,2024-09-16,nieobecność,2
3TR5,2024-09-17,spóźnienie,3
3TR5,2024-09-20,spóźnienie,2
3TR5,2024-09-20,obecność,15
3TR5,2024-09-20,nieobecność,1
3TR5,2024-09-25,nieob. uspr. p.s.,37
3TR5,2024-09-25,nieobecność,3
3TR5,2024-09-30,spóźnienie,3
3TR5,2024-10-01,spóźnienie,1
3TR5,2024-10-02,spóźnienie,2
3TR5,2024-10-07,spóźnienie,2
3TR5,2024-10-08,nieobecność,2
3TR5,2024-10-10,spóźnienie,5
3TR5,2024-10-10,nieobecność,5
3TR5,2024-10-15,nieob. uspr. p.s.,15
3TR5,2024-10-16,nieobecność,1
3TR5,2024-10-17,spóźnienie,2
3TR5,2024-10-17,nieobecność,6
3TR5,2024-10-18,nieob. uspr. p.s.,7
3TR5,2024-10-23,spóźnienie,3
3TR5,2024-10-23,nieob. uspr. p.s.,2
3TR5,2024-10-24,nieobecność,4
3TR5,2024-10-25,spóźnienie,3
3TR5,2024-10-25,nieobecność,4
3TR5,2024-10-28,nieob. uspr. p.s.,3
3TR5,2024-10-29,spóźnienie,7
3TR5,2024-10-30,spóźnienie,1
3TR5,2024-10-31,nieobecność,5
3TR5,2024-10-31,spóźnienie,4
3TR5,2024-11-04,spóźnienie,10
3TR5,2024-11-07,spóźnienie,2
3TR5,2024-11-07,nieobecność,4
3TR5,2024-11-12,spóźnienie,3
3TR5,2024-11-12,nieobecność,2
3TR5,2024-11-13,spóźnienie,8
3TR5,2024-11-14,nieobecność,3
3TR5,2024-11-14,spóźnienie,8
3TR5,2024-11-14,nieob. uspr. p.s.,2
3TR5,2024-11-15,nieob. uspraw.,28
3TR5,2024-11-20,nieobecność,7
3TR5,2024-11-20,spóźn. uspr.,1
3TR5,2024-11-20,spóźnienie,3
3TR5,2024-11-21,spóźnienie,3
3TR5,2024-11-22,spóźnienie,2
3TR5,2024-11-25,spóźnienie,10
3TR5,2024-11-26,spóźnienie,6
3TR5,2024-11-26,nieobecność,1
3TR5,2024-11-28,nieobecność,11
3TR5,2024-11-28,spóźnienie,5
3TR5,2024-11-29,nieob. uspraw.,18
3TR5,2024-12-02,nieobecność,5
3TR5,2024-12-02,spóźnienie,4
3TR5,2024-12-03,spóźnienie,3
3TR5,2024-12-03,nieob. uspraw.,31
3TR5,2024-12-04,nieob. uspraw.,18
3TR5,2024-12-05,nieobecność,8
3TR5,2024-12-05,spóźnienie,3
3TR5,2024-12-06,nieobecność,6
3TR5,2024-12-09,nieob. uspraw.,21
3TR5,2024-12-13,zwolniony,1
3TR5,2024-12-13,spóźnienie,2
3TR5,2024-12-16,spóźnienie,3
3TR5,2024-12-16,nieob. uspr. p.s.,5
3TR5,2024-12-17,spóźnienie,7
3TR5,2024-12-17,nieob. uspr. p.s.,17
3TR5,2024-12-18,spóźnienie,4
3TR5,2024-12-19,spóźnienie,2
3TR5,2024-12-19,nieobecność,2
3TR5,2024-12-20,nieob. uspraw.,26
3TR5,2025-01-07,spóźnienie,10
3TR5,2025-01-07,nieobecność,5
3TR5,2025-01-07,nieob. uspr. p.s.,8
3TR5,2025-01-08,spóźnienie,2
3TR5,2025-01-08,nieobecność,4
3TR5,2025-01-10,nieobecność,7
3TR5,2025-01-13,nieobecność,7
3TR5,2025-01-13,nieob. uspr. p.s.,6
3TR5,2025-01-14,spóźnienie,1
3TR5,2025-01-15,nieobecność,9
3TR5,2025-01-16,spóźnienie,5
3TR5,2025-01-17,nieobecność,13
3TR5,2025-01-20,nieobecność,10
3TR5,2025-01-22,spóźnienie,2
3TR5,2025-01-23,nieobecność,19
3TR5,2025-01-27,nieobecność,12
3TR5,2025-01-28,nieobecność,22
3TR5,2025-01-31,nieobecność,26
3TR5,2025-02-17,spóźnienie,2
3TR5,2025-02-18,spóźnienie,5
3TR5,2025-02-19,nieobecność,1
3TR5,2025-02-19,spóźnienie,5
3TR5,2025-02-20,spóźnienie,5
3TR5,2025-02-24,spóźnienie,1
3TR5,2025-02-25,spóźnienie,3
3TR5,2025-02-25,nieobecność,26
3TR5,2025-02-26,nieobecność,9
3TR5,2025-02-26,nieob. uspr. p.s.,3
3TR5,2025-02-28,nieobecność,13
3TR5,2025-03-04,spóźnienie,2
3TR5,2025-03-05,nieobecność,10
3TR5,2025-03-06,nieobecność,27
3TR5,2025-03-07,nieob. uspraw.,31
3TR5,2025-03-10,nieob. uspraw.,21
3TR5,2025-03-11,spóźnienie,1
3TR5,2025-03-12,spóźnienie,3
3TR5,2025-03-13,spóźnienie,2
3TR5,2025-03-14,nieobecność,19
3TR5,2025-03-14,spóźnienie,2
3TR5,2025-03-17,nieobecność,13
3TR5,2025-03-18,nieobecność,11
3TR5,2025-03-18,spóźnienie,5
3TR5,2025-03-20,spóźnienie,8
3TR5,2025-03-21,nieobecność,27
3TR5,2025-03-24,nieobecność,12
3TR5,2025-03-24,spóźnienie,2
3TR5,2025-03-25,nieobecność,17
3TR5,2025-03-25,nieob. uspr. p.s.,2
3TR5,2025-03-26,nieob. uspr. p.s.,11
3TR5,2025-03-27,spóźnienie,14
3TR5,2025-03-28,nieobecność,8
3TR5,2025-04-01,nieobecność,18
3TR5,2025-04-02,spóźnienie,1
3TR5,2025-04-03,spóźnienie,4
3TR5,2025-04-04,nieobecność,8
3TR5,2025-04-07,nieobecność,2
3TR5,2025-04-07,spóźnienie,2
3TR5,2025-04-08,nieobecność,4
3TR5,2025-04-09,nieobecność,6
3TR5,2025-04-11,nieob. uspr. p.s.,12
3TR5,2025-04-14,nieobecność,10
3TR5,2025-04-14,spóźnienie,1
3TR5,2025-04-16,nieob. uspr. p.s.,2
3TR5,2025-04-16,spóźnienie,4
3TR5,2025-04-23,spóźnienie,11
3TR5,2025-04-24,spóźnienie,8
3TR5,2025-04-25,nieobecność,17
3TR5,2025-05-12,nieob. uspraw.,20
3TR5,2025-05-15,obecność,32
3TR5,2025-05-15,spóźn. uspr.,2
3TR5,2025-05-19,nieob. uspraw.,16
3TR5,2025-05-21,spóźn. uspr.,3
3TR5,2025-05-22,spóźn. uspr.,4
3TR5,2025-05-27,nieob. uspraw.,21
3TR5,2025-05-28,spóźn. uspr.,2
3TR5,2025-06-03,spóźn. uspr.,3
3TR5,2025-06-04,spóźn. uspr.,5
3TR5,2025-06-10,spóźn. uspr.,5
3TR5,2024-09-06,nieob. uspraw.,27
3TR5,2024-09-16,nieob. uspraw.,38
3TR5,2024-09-19,nieob. uspraw.,31
3TR5,2024-10-02,nieob. uspraw.,9
3TR5,2024-10-03,nieob. uspraw.,17
3TR5,2024-10-07,nieob. uspraw.,34
3TR5,2024-10-09,nieob. uspraw.,3
3TR5,2024-10-11,nieob. uspraw.,14
3TR5,2024-10-22,nieob. uspraw.,48
3TR5,2024-10-28,nieob. uspraw.,17
3TR5,2024-11-04,nieob. uspraw.,11
3TR5,2024-11-12,nieob. uspraw.,28
3TR5,2024-11-13,nieob. uspraw.,21
3TR5,2024-11-14,nieob. uspraw.,3
3TR5,2024-11-20,nieob. uspraw.,14
3TR5,2024-11-25,nieob. uspraw.,17
3TR5,2024-11-28,nieob. uspraw.,24
3TR5,2024-12-02,nieob. uspraw.,24
3TR5,2024-12-05,spóźn. uspr.,1
3TR5,2024-12-05,nieob. uspraw.,18
3TR5,2024-12-13,nieobecność,6
3TR5,2024-12-18,nieobecność,3
3TR5,2025-01-09,nieobecność,4
3TR5,2025-01-16,nieobecność,4
3TR5,2025-01-20,nieob. uspraw.,9
3TR5,2025-01-21,nieob. uspraw.,40
3TR5,2025-01-23,nieob. uspraw.,18
3TR5,2025-01-24,nieob. uspraw.,35
3TR5,2025-01-27,nieob. uspraw.,40
3TR5,2025-02-17,nieob. uspraw.,17
3TR5,2025-02-20,nieob. uspraw.,1
3TR5,2025-02-24,nieob. uspraw.,9
3TR5,2025-02-26,nieob. uspraw.,11
3TR5,2025-02-27,nieob. uspraw.,9
3TR5,2025-03-04,nieob. uspraw.,6
3TR5,2025-03-19,nieob. uspraw.,24
3TR5,2025-03-27,nieob. uspraw.,13
3TR5,2025-04-03,nieob. uspraw.,9
3TR5,2025-04-08,nieob. uspraw.,27
3TR5,2025-04-09,nieob. uspraw.,17
3TR5,2025-04-10,nieob. uspraw.,42
3TR5,2025-06-05,obecność,6
3TR5,2025-06-16,nieob. uspraw.,55
3TR5,2025-06-17,nieob. uspraw.,50
3TR5,2025-06-23,nieob. uspraw.,29
3TR5,2025-06-24,nieob. uspraw.,40
3TR5,2025-06-25,nieob. uspraw.,31
3TR5,2025-06-26,nieob. uspraw.,31
3TR5,2024-09-18,nieobecność,1
3TR5,2024-09-19,spóźnienie,2
3TR5,2024-09-19,nieobecność,1
3TR5,2024-09-26,spóźnienie,1
3TR5,2024-10-01,nieobecność,6
3TR5,2024-10-02,nieobecność,1
3TR5,2024-10-07,nieobecność,1
3TR5,2024-10-11,nieobecność,3
3TR5,2024-10-15,nieobecność,7
3TR5,2024-10-28,nieobecność,2
3TR5,2024-10-29,nieobecność,4
3TR5,2024-10-30,nieob. uspraw.,17
3TR5,2024-11-06,nieobecność,6
3TR5,2024-11-08,nieobecność,2
3TR5,2024-11-08,spóźnienie,4
3TR5,2024-11-18,nieobecność,3
3TR5,2024-11-29,nieob. uspr. p.s.,1
3TR5,2024-12-09,spóźnienie,3
3TR5,2024-12-10,nieobecność,14
3TR5,2024-12-20,nieobecność,9
3TR5,2025-01-09,spóźnienie,4
3TR5,2025-01-14,nieobecność,1
3TR5,2025-01-20,spóźnienie,2
3TR5,2025-01-31,obecność,44
3TR5,2025-02-21,spóźnienie,1
3TR5,2025-02-24,nieobecność,9
3TR5,2025-03-07,nieobecność,10
3TR5,2025-03-10,spóźnienie,2
3TR5,2025-03-10,nieobecność,10
3TR5,2025-03-11,nieobecność,1
3TR5,2025-03-13,nieobecność,8
3TR5,2025-03-26,nieobecność,5
3TR5,2025-03-31,spóźnienie,1
3TR5,2025-04-10,nieobecność,6
3TR5,2025-04-11,spóźnienie,1
3TR5,2025-04-11,nieobecność,2
3TR5,2025-04-14,nieob. uspraw.,25
3TR5,2025-04-15,nieobecność,15
3TR5,2025-05-12,spóźnienie,2
3TR5,2025-05-16,nieobecność,12
3TR5,2025-05-20,nieobecność,11
3TR5,2025-05-20,spóźnienie,2
3TR5,2025-05-21,spóźnienie,1
3TR5,2025-05-22,spóźnienie,1
3TR5,2025-05-26,spóźnienie,2
3TR5,2025-05-29,spóźnienie,1
3TR5,2025-06-02,nieobecność,13
3TR5,2025-06-03,spóźnienie,2
3TR5,2025-06-03,nieobecność,13
3TR5,2025-06-04,spóźnienie,2
3TR5,2024-09-09,nieob. uspraw.,16
3TR5,2024-09-10,nieob. uspraw.,18
3TR5,2024-09-12,nieob. uspraw.,16
3TR5,2024-09-13,nieob. uspraw.,22
3TR5,2024-09-30,nieob. uspraw.,24
3TR5,2024-10-01,nieob. uspraw.,45
3TR5,2024-10-10,nieob. uspraw.,3
3TR5,2024-10-21,nieob. uspraw.,16
3TR5,2024-10-23,nieob. uspraw.,8
3TR5,2024-11-15,nieobecność,3
3TR5,2024-11-21,nieobecność,2
3TR5,2024-11-22,nieobecność,10
3TR5,2024-11-27,nieobecność,10
3TR5,2024-11-29,nieobecność,6
3TR5,2025-01-07,nieob. uspraw.,19
3TR5,2025-01-08,nieob. uspraw.,8
3TR5,2025-01-13,nieob. uspraw.,28
3TR5,2025-01-15,nieob. uspraw.,23
3TR5,2025-01-16,nieob. uspraw.,33
3TR5,2025-01-17,nieob. uspraw.,28
3TR5,2025-01-24,nieobecność,6
3TR5,2025-01-30,nieob. uspraw.,14
3TR5,2025-02-18,nieobecność,9
3TR5,2025-02-20,nieobecność,2
3TR5,2025-02-21,nieobecność,5
3TR5,2025-03-04,nieobecność,9
3TR5,2025-03-12,nieobecność,5
3TR5,2025-03-27,nieobecność,7
3TR5,2025-04-07,nieob. uspraw.,21
3TR5,2025-04-16,nieobecność,6
3TR5,2025-04-24,nieobecność,8
3TR5,2025-05-12,nieobecność,8
3TR5,2025-05-13,nieobecność,9
3TR5,2025-05-14,nieobecność,8
3TR5,2025-05-15,nieobecność,6
3TR5,2025-05-21,nieobecność,8
3TR5,2025-05-26,nieobecność,7
3TR5,2025-05-27,nieobecność,9
3TR5,2025-05-28,nieobecność,2
3TR5,2025-05-29,nieobecność,1
3TR5,2025-06-04,nieobecność,3
3TR5,2025-06-10,nieobecność,9
3TR5,2025-06-11,nieobecność,8
3TR5,2025-06-12,nieobecność,6
3TR5,2025-06-13,nieobecność,8
3TR5,2025-06-27,nieobecność,8
3TR5,2024-09-16,spóźnienie,1
3TR5,2024-09-24,nieob. uspraw.,45
3TR5,2024-09-25,nieob. uspraw.,32
3TR5,2024-10-30,nieobecność,3
3TR5,2024-11-27,nieob. uspraw.,15
3TR5,2024-12-11,nieobecność,10
3TR5,2025-01-20,spóźn. uspr.,3
3TR5,2025-03-12,nieob. uspraw.,15
3TR5,2025-03-13,nieob. uspraw.,12
3TR5,2025-03-27,spóźn. uspr.,7
3TR5,2025-04-03,spóźn. uspr.,5
3TR5,2025-05-14,nieob. uspraw.,24
3TR5,2025-05-20,spóźn. uspr.,3
3TR5,2025-06-04,nieob. uspraw.,37
3TR5,2025-06-11,obecność,1
3TR5,2025-06-18,obecność,4
3TR5,2024-09-03,nieob. uspraw.,1
3TR5,2024-09-05,nieob. uspraw.,14
3TR5,2024-09-26,nieob. uspraw.,28
3TR5,2024-12-18,spóźn. uspr.,5
3TR5,2025-01-28,nieob. uspraw.,28
3TR5,2025-03-25,nieob. uspraw.,25
3TR5,2025-05-29,nieob. uspraw.,5
3TR5,2024-09-19,spóźn. uspr.,3
3TR5,2024-10-10,spóźn. uspr.,1
3TR5,2024-10-24,spóźn. uspr.,1
3TR5,2024-11-15,spóźnienie,2
3TR5,2024-12-19,spóźn. uspr.,4
3TR5,2025-03-25,spóźnienie,2
3TR5,2024-09-03,nieobecność,1
3TR5,2024-09-10,nieobecność,1
3TR5,2024-09-11,nieobecność,7
3TR5,2024-09-16,spóźn. uspr.,2
3TR5,2024-09-17,spóźn. uspr.,3
3TR5,2024-09-23,spóźnienie,1
3TR5,2024-09-26,nieobecność,1
3TR5,2024-10-03,spóźn. uspr.,1
3TR5,2024-10-09,spóźnienie,1
3TR5,2024-10-16,spóźnienie,1
3TR5,2024-10-24,spóźnienie,4
3TR5,2024-10-28,spóźnienie,1
3TR5,2024-12-04,nieob. uspr. p.s.,3
3TR5,2024-12-06,spóźnienie,1
3TR5,2024-12-09,spóźn. uspr.,1
3TR5,2024-12-16,spóźn. uspr.,1
3TR5,2024-12-17,spóźn. uspr.,1
3TR5,2025-01-15,spóźnienie,2
3TR5,2025-01-23,nieob. uspr. p.s.,16
3TR5,2025-03-03,spóźnienie,1
3TR5,2025-03-04,nieob. uspr. p.s.,2
3TR5,2025-03-06,nieob. uspr. p.s.,6
3TR5,2025-03-18,spóźn. uspr.,3
3TR5,2025-03-20,spóźn. uspr.,4
3TR5,2025-03-26,nieob. uspraw.,1
3TR5,2025-05-28,nieob. uspraw.,11
3TR5,2025-06-02,spóźnienie,1
3TR5,2025-06-09,nieob. uspraw.,27
3TR5,2025-06-09,spóźn. uspr.,4
3TR5,2025-06-11,nieob. uspr. p.s.,47
3TR5,2024-10-29,spóźn. uspr.,1
3TR5,2024-10-31,spóźn. uspr.,1
3TR5,2024-11-26,spóźn. uspr.,2
3TR5,2024-11-26,nieob. uspraw.,10
3TR5,2024-12-06,nieob. uspr. p.s.,11
3TR5,2024-12-11,spóźnienie,3
3TR5,2024-12-11,nieob. uspr. p.s.,1
3TR5,2025-01-07,spóźn. uspr.,2
3TR5,2025-01-09,spóźn. uspr.,3
3TR5,2025-01-21,spóźn. uspr.,1
3TR5,2025-01-27,spóźn. uspr.,1
3TR5,2025-02-19,spóźn. uspr.,2
3TR5,2025-02-20,spóźn. uspr.,1
3TR5,2025-02-25,nieob. uspr. p.s.,1
3TR5,2025-03-04,spóźn. uspr.,1
3TR5,2025-03-05,spóźn. uspr.,1
3TR5,2025-03-07,spóźn. uspr.,1
3TR5,2025-03-10,spóźn. uspr.,1
3TR5,2025-03-18,nieob. uspraw.,10
3TR5,2025-03-18,nieob. uspr. p.s.,1
3TR5,2025-03-24,nieob. uspraw.,1
3TR5,2025-03-24,spóźn. uspr.,1
3TR5,2025-04-07,spóźn. uspr.,1
3TR5,2025-04-14,spóźn. uspr.,1
3TR5,2025-05-29,spóźn. uspr.,1
3TR5,2025-05-30,spóźn. uspr.,1
3TR5,2025-06-17,obecność,6
3TR5,2024-09-03,spóźnienie,1
3TR5,2024-09-05,nieobecność,7
3TR5,2024-09-06,nieobecność,6
3TR5,2024-09-09,nieobecność,1
3TR5,2024-09-12,nieobecność,2
3TR5,2024-10-29,nieob. uspr. p.s.,1
3TR5,2024-12-17,nieobecność,3
3TR5,2025-01-09,nieob. uspr. p.s.,7
3TR5,2025-01-22,nieob. uspraw.,12
3TR5,2025-01-29,nieob. uspr. p.s.,2
3TR5,2025-01-31,nieob. uspr. p.s.,1
3TR5,2025-02-19,nieob. uspr. p.s.,1
3TR5,2025-03-03,nieob. uspraw.,8
3TR5,2025-03-13,nieob. uspr. p.s.,5
3TR5,2025-04-02,nieob. uspr. p.s.,1
3TR5,2024-11-25,spóźn. uspr.,1
3TR5,2025-04-11,spóźn. uspr.,1
3TR5,2025-03-05,nieob. uspraw.,16
3TR5,2025-03-07,spóźnienie,1
3TR5,2025-03-26,spóźnienie,1
3TR5,2025-04-02,spóźn. uspr.,1
3TR5,2025-04-09,spóźnienie,1
3TR5,2025-05-16,spóźn. uspr.,1
3TW5,2024-09-02,obecność,207
3TW5,2024-09-03,obecność,170
3TW5,2024-09-04,obecność,149
3TW5,2024-09-05,obecność,158
3TW5,2024-09-05,nieob. uspr. p.s.,2
3TW5,2024-09-06,obecność,130
3TW5,2024-09-09,obecność,164
3TW5,2024-09-10,obecność,95
3TW5,2024-09-10,spóźnienie,12
3TW5,2024-09-11,obecność,131
3TW5,2024-09-12,obecność,148
3TW5,2024-09-12,nieob. uspraw.,2
3TW5,2024-09-13,nieob. uspraw.,35
3TW5,2024-09-16,obecność,141
3TW5,2024-09-17,obecność,136
3TW5,2024-09-17,nieob. uspraw.,19
3TW5,2024-09-18,obecność,142
3TW5,2024-09-19,obecność,114
3TW5,2024-09-19,nieob. uspr. p.s.,18
3TW5,2024-09-20,obecność,52
3TW5,2024-09-23,obecność,156
3TW5,2024-09-23,nieob. uspraw.,24
3TW5,2024-09-24,obecność,148
3TW5,2024-09-25,obecność,101
3TW5,2024-09-25,nieob. uspraw.,11
3TW5,2024-09-26,obecność,146
3TW5,2024-09-27,obecność,79
3TW5,2024-09-27,nieob. uspraw.,17
3TW5,2024-09-30,obecność,162
3TW5,2024-10-01,obecność,159
3TW5,2024-10-02,obecność,141
3TW5,2024-10-03,obecność,148
3TW5,2024-10-04,obecność,112
3TW5,2024-10-07,obecność,132
3TW5,2024-10-07,zwolniony,2
3TW5,2024-10-08,obecność,151
3TW5,2024-10-08,nieob. uspr. p.s.,17
3TW5,2024-10-09,obecność,140
3TW5,2024-10-10,obecność,149
3TW5,2024-10-11,obecność,112
3TW5,2024-10-15,nieob. uspraw.,48
3TW5,2024-10-16,obecność,133
3TW5,2024-10-16,nieob. uspr. p.s.,14
3TW5,2024-10-17,spóźnienie,1
3TW5,2024-10-17,obecność,145
3TW5,2024-10-18,obecność,58
3TW5,2024-10-18,nieob. uspr. p.s.,37
3TW5,2024-10-21,obecność,162
3TW5,2024-10-21,nieob. uspraw.,7
3TW5,2024-10-22,obecność,168
3TW5,2024-10-23,obecność,155
3TW5,2024-10-24,obecność,129
3TW5,2024-10-24,nieob. uspr. p.s.,20
3TW5,2024-10-24,nieob. uspraw.,6
3TW5,2024-10-25,obecność,95
3TW5,2024-10-25,nieob. uspr. p.s.,25
3TW5,2024-10-28,obecność,167
3TW5,2024-10-29,obecność,138
3TW5,2024-10-30,obecność,124
3TW5,2024-10-30,nieob. uspraw.,15
3TW5,2024-10-31,obecność,67
3TW5,2024-11-04,obecność,155
3TW5,2024-11-05,obecność,132
3TW5,2024-11-05,nieob. uspraw.,18
3TW5,2024-11-06,obecność,115
3TW5,2024-11-06,spóźnienie,13
3TW5,2024-11-07,spóźnienie,2
3TW5,2024-11-07,obecność,127
3TW5,2024-11-07,nieob. uspraw.,15
3TW5,2024-11-08,obecność,60
3TW5,2024-11-08,nieob. uspraw.,65
3TW5,2024-11-12,obecność,27
3TW5,2024-11-13,obecność,121
3TW5,2024-11-14,obecność,99
3TW5,2024-11-14,nieob. uspr. p.s.,27
3TW5,2024-11-15,obecność,128
3TW5,2024-11-18,spóźnienie,1
3TW5,2024-11-18,obecność,140
3TW5,2024-11-18,nieob. uspraw.,26
3TW5,2024-11-19,obecność,145
3TW5,2024-11-20,nieobecność,13
3TW5,2024-11-20,obecność,135
3TW5,2024-11-21,obecność,94
3TW5,2024-11-22,obecność,90
3TW5,2024-11-25,obecność,163
3TW5,2024-11-26,obecność,137
3TW5,2024-11-27,obecność,135
3TW5,2024-11-28,spóźnienie,1
3TW5,2024-11-28,obecność,102
3TW5,2024-11-28,nieob. uspraw.,20
3TW5,2024-11-29,spóźnienie,9
3TW5,2024-11-29,obecność,82
3TW5,2024-12-02,nieob. uspraw.,23
3TW5,2024-12-02,obecność,135
3TW5,2024-12-02,nieobecność,10
3TW5,2024-12-03,nieob. uspraw.,17
3TW5,2024-12-04,obecność,145
3TW5,2024-12-04,nieobecność,10
3TW5,2024-12-04,spóźnienie,1
3TW5,2024-12-05,nieob. uspr. p.s.,133
3TW5,2024-12-06,nieob. uspraw.,41
3TW5,2024-12-09,obecność,136
3TW5,2024-12-10,obecność,138
3TW5,2024-12-11,obecność,127
3TW5,2024-12-12,obecność,127
3TW5,2024-12-12,nieobecność,8
3TW5,2024-12-12,nieob. uspraw.,33
3TW5,2024-12-13,obecność,101
3TW5,2024-12-16,obecność,143
3TW5,2024-12-17,obecność,145
3TW5,2024-12-17,nieob. uspr. p.s.,18
3TW5,2024-12-17,nieob. uspraw.,17
3TW5,2024-12-18,spóźnienie,1
3TW5,2024-12-18,obecność,149
3TW5,2024-12-19,obecność,94
3TW5,2024-12-19,nieob. uspr. p.s.,5
3TW5,2024-12-19,nieobecność,20
3TW5,2024-12-20,obecność,159
3TW5,2025-01-07,obecność,130
3TW5,2025-01-08,obecność,150
3TW5,2025-01-08,nieob. uspr. p.s.,17
3TW5,2025-01-09,obecność,65
3TW5,2025-01-09,nieob. uspr. p.s.,42
3TW5,2025-01-09,nieob. uspraw.,54
3TW5,2025-01-10,obecność,108
3TW5,2025-01-10,nieob. uspr. p.s.,16
3TW5,2025-01-13,nieob. uspraw.,13
3TW5,2025-01-13,obecność,123
3TW5,2025-01-14,obecność,143
3TW5,2025-01-14,nieobecność,9
3TW5,2025-01-15,nieob. uspr. p.s.,12
3TW5,2025-01-16,spóźnienie,1
3TW5,2025-01-16,obecność,105
3TW5,2025-01-17,obecność,93
3TW5,2025-01-17,nieobecność,32
3TW5,2025-01-20,nieobecność,13
3TW5,2025-01-20,obecność,137
3TW5,2025-01-20,nieob. uspraw.,17
3TW5,2025-01-21,obecność,130
3TW5,2025-01-21,nieobecność,3
3TW5,2025-01-22,nieob. uspr. p.s.,19
3TW5,2025-01-22,obecność,109
3TW5,2025-01-22,nieobecność,10
3TW5,2025-01-23,nieob. uspraw.,84
3TW5,2025-01-24,nieob. uspraw.,61
3TW5,2025-01-27,nieob. uspraw.,65
3TW5,2025-01-28,nieob. uspraw.,46
3TW5,2025-01-29,nieob. uspr. p.s.,18
3TW5,2025-01-30,obecność,90
3TW5,2025-01-30,nieob. uspr. p.s.,20
3TW5,2025-01-30,nieobecność,16
3TW5,2025-01-31,obecność,33
3TW5,2025-02-17,obecność,116
3TW5,2025-02-17,spóźnienie,3
3TW5,2025-02-17,nieob. uspraw.,41
3TW5,2025-02-18,obecność,93
3TW5,2025-02-18,nieobecność,9
3TW5,2025-02-19,obecność,121
3TW5,2025-02-20,obecność,112
3TW5,2025-02-21,obecność,76
3TW5,2025-02-21,nieobecność,2
3TW5,2025-02-24,obecność,156
3TW5,2025-02-24,nieob. uspr. p.s.,14
3TW5,2025-02-25,obecność,147
3TW5,2025-02-25,nieobecność,6
3TW5,2025-02-26,obecność,139
3TW5,2025-02-27,obecność,142
3TW5,2025-02-28,nieob. uspr. p.s.,15
3TW5,2025-03-03,obecność,150
3TW5,2025-03-04,nieob. uspraw.,40
3TW5,2025-03-04,obecność,118
3TW5,2025-03-04,spóźnienie,3
3TW5,2025-03-05,obecność,121
3TW5,2025-03-06,obecność,112
3TW5,2025-03-06,nieobecność,13
3TW5,2025-03-06,spóźnienie,6
3TW5,2025-03-07,obecność,107
3TW5,2025-03-07,nieob. uspraw.,40
3TW5,2025-03-10,nieob. uspraw.,33
3TW5,2025-03-11,nieob. uspraw.,29
3TW5,2025-03-12,nieob. uspraw.,19
3TW5,2025-03-13,nieob. uspraw.,13
3TW5,2025-03-14,nieob. uspraw.,29
3TW5,2025-03-17,nieobecność,3
3TW5,2025-03-17,obecność,139
3TW5,2025-03-18,obecność,114
3TW5,2025-03-18,nieob. uspr. p.s.,23
3TW5,2025-03-18,nieob. uspraw.,27
3TW5,2025-03-19,nieob. uspraw.,29
3TW5,2025-03-20,nieob. uspraw.,32
3TW5,2025-03-21,nieob. uspraw.,100
3TW5,2025-03-24,nieob. uspraw.,55
3TW5,2025-03-25,obecność,102
3TW5,2025-03-25,nieobecność,2
3TW5,2025-03-26,obecność,128
3TW5,2025-03-27,obecność,135
3TW5,2025-03-27,spóźnienie,12
3TW5,2025-03-28,obecność,97
3TW5,2025-03-28,nieobecność,9
3TW5,2025-03-31,nieob. uspraw.,21
3TW5,2025-03-31,obecność,136
3TW5,2025-04-01,nieob. uspraw.,30
3TW5,2025-04-01,obecność,107
3TW5,2025-04-01,nieobecność,15
3TW5,2025-04-02,obecność,95
3TW5,2025-04-03,obecność,111
3TW5,2025-04-04,obecność,130
3TW5,2025-04-07,nieob. uspraw.,48
3TW5,2025-04-08,obecność,136
3TW5,2025-04-08,nieobecność,3
3TW5,2025-04-09,nieob. uspr. p.s.,14
3TW5,2025-04-10,obecność,140
3TW5,2025-04-11,nieob. uspraw.,24
3TW5,2025-04-11,obecność,85
3TW5,2025-04-14,obecność,136
3TW5,2025-04-14,nieob. uspraw.,44
3TW5,2025-04-15,obecność,120
3TW5,2025-04-16,obecność,73
3TW5,2025-04-16,nieob. uspraw.,57
3TW5,2025-04-23,obecność,124
3TW5,2025-04-24,nieob. uspr. p.s.,18
3TW5,2025-04-25,obecność,48
3TW5,2025-04-28,nieobecność,6
3TW5,2025-04-28,obecność,84
3TW5,2025-04-29,nieob. uspr. p.s.,83
3TW5,2025-04-30,nieob. uspraw.,43
3TW5,2025-05-07,nieob. uspr. p.s.,59
3TW5,2025-05-08,nieob. uspr. p.s.,69
3TW5,2025-05-09,obecność,48
3TW5,2025-05-09,nieob. uspraw.,19
3TW5,2025-05-12,obecność,101
3TW5,2025-05-13,nieob. uspr. p.s.,24
3TW5,2025-05-14,nieob. uspraw.,29
3TW5,2025-05-14,obecność,100
3TW5,2025-05-15,spóźnienie,1
3TW5,2025-05-15,obecność,92
3TW5,2025-05-16,obecność,141
3TW5,2025-05-19,spóźnienie,2
3TW5,2025-05-19,obecność,141
3TW5,2025-05-19,nieob. uspraw.,23
3TW5,2025-05-20,nieob. uspr. p.s.,3
3TW5,2025-05-20,obecność,158
3TW5,2025-05-21,nieob. uspr. p.s.,14
3TW5,2025-05-22,obecność,113
3TW5,2025-05-22,nieob. uspraw.,29
3TW5,2025-05-23,nieob. uspr. p.s.,183
3TW5,2025-05-26,nieob. uspraw.,20
3TW5,2025-05-26,obecność,147
3TW5,2025-05-27,obecność,19
3TW5,2025-05-27,nieob. uspr. p.s.,162
3TW5,2025-05-28,nieob. uspraw.,30
3TW5,2025-05-29,nieob. uspraw.,24
3TW5,2025-05-30,nieob. uspraw.,28
3TW5,2025-06-02,obecność,145
3TW5,2025-06-03,spóźn. uspr.,2
3TW5,2025-06-03,obecność,158
3TW5,2025-06-04,spóźn. uspr.,5
3TW5,2025-06-04,obecność,154
3TW5,2025-06-05,obecność,130
3TW5,2025-06-05,spóźnienie,4
3TW5,2025-06-06,nieob. uspraw.,37
3TW5,2025-06-09,obecność,124
3TW5,2025-06-09,nieob. uspraw.,58
3TW5,2025-06-10,obecność,106
3TW5,2025-06-10,nieob. uspraw.,61
3TW5,2025-06-11,obecność,85
3TW5,2025-06-12,spóźnienie,3
3TW5,2025-06-12,nieob. uspraw.,94
3TW5,2025-06-13,nieob. uspraw.,43
3TW5,2025-06-16,nieob. uspraw.,143
3TW5,2025-06-17,nieob. uspraw.,142
3TW5,2025-06-18,nieob. uspraw.,176
3TW5,2025-06-23,nieob. uspraw.,176
3TW5,2025-06-24,nieob. uspraw.,168
3TW5,2025-06-25,nieob. uspraw.,176
3TW5,2025-06-26,nieob. uspraw.,170
3TW5,2025-06-27,obecność,161
3TW5,2024-09-03,nieobecność,4
3TW5,2024-09-04,nieob. uspraw.,6
3TW5,2024-09-05,nieob. uspraw.,16
3TW5,2024-09-06,nieob. uspraw.,23
3TW5,2024-09-09,nieob. uspraw.,16
3TW5,2024-09-10,nieob. uspraw.,22
3TW5,2024-09-11,nieobecność,11
3TW5,2024-09-12,nieobecność,14
3TW5,2024-09-13,obecność,112
3TW5,2024-09-13,nieobecność,5
3TW5,2024-09-16,nieobecność,2
3TW5,2024-09-17,nieob. uspr. p.s.,23
3TW5,2024-09-18,nieobecność,9
3TW5,2024-09-18,nieob. uspr. p.s.,13
3TW5,2024-09-19,nieobecność,6
3TW5,2024-09-20,nieobecność,15
3TW5,2024-09-23,nieobecność,4
3TW5,2024-09-24,spóźnienie,12
3TW5,2024-09-24,nieobecność,15
3TW5,2024-09-25,nieobecność,11
3TW5,2024-09-26,nieobecność,6
3TW5,2024-09-27,nieobecność,17
3TW5,2024-09-30,nieob. uspr. p.s.,13
3TW5,2024-10-01,nieobecność,11
3TW5,2024-10-02,nieobecność,4
3TW5,2024-10-03,nieobecność,8
3TW5,2024-10-04,nieobecność,21
3TW5,2024-10-07,nieob. uspr. p.s.,21
3TW5,2024-10-09,nieob. uspr. p.s.,13
3TW5,2024-10-10,nieob. uspr. p.s.,21
3TW5,2024-10-11,nieobecność,8
3TW5,2024-10-15,nieob. uspr. p.s.,6
3TW5,2024-10-15,obecność,95
3TW5,2024-10-16,nieobecność,3
3TW5,2024-10-17,nieobecność,1
3TW5,2024-10-18,nieobecność,10
3TW5,2024-10-21,nieobecność,1
3TW5,2024-10-22,nieob. uspr. p.s.,14
3TW5,2024-10-22,nieobecność,2
3TW5,2024-10-24,nieobecność,5
3TW5,2024-10-25,nieobecność,8
3TW5,2024-10-28,nieobecność,5
3TW5,2024-10-29,nieobecność,7
3TW5,2024-10-30,nieobecność,4
3TW5,2024-10-31,nieobecność,28
3TW5,2024-11-04,nieobecność,3
3TW5,2024-11-05,nieobecność,16
3TW5,2024-11-06,nieobecność,3
3TW5,2024-11-07,nieobecność,10
3TW5,2024-11-08,nieobecność,21
3TW5,2024-11-12,nieobecność,4
3TW5,2024-11-13,nieobecność,7
3TW5,2024-11-15,nieob. uspraw.,15
3TW5,2024-11-19,nieob. uspraw.,17
3TW5,2024-11-22,nieobecność,26
3TW5,2024-11-25,nieob. uspraw.,10
3TW5,2024-11-26,nieobecność,7
3TW5,2024-11-27,nieobecność,13
3TW5,2024-11-28,nieobecność,10
3TW5,2024-11-29,nieobecność,21
3TW5,2024-12-04,nieob. uspraw.,8
3TW5,2024-12-05,nieobecność,5
3TW5,2024-12-09,nieob. uspr. p.s.,18
3TW5,2024-12-10,nieobecność,6
3TW5,2024-12-11,nieob. uspr. p.s.,25
3TW5,2024-12-13,nieobecność,37
3TW5,2024-12-16,nieob. uspr. p.s.,15
3TW5,2024-12-16,nieobecność,2
3TW5,2024-12-18,nieob. uspr. p.s.,23
3TW5,2024-12-18,nieobecność,1
3TW5,2025-01-07,nieobecność,14
3TW5,2025-01-08,nieob. uspraw.,5
3TW5,2025-01-10,nieob. uspraw.,20
3TW5,2025-01-13,spóźnienie,1
3TW5,2025-01-15,nieob. uspraw.,49
3TW5,2025-01-17,nieob. uspr. p.s.,14
3TW5,2025-01-23,nieob. uspr. p.s.,20
3TW5,2025-01-23,nieobecność,1
3TW5,2025-01-24,nieobecność,1
3TW5,2025-01-24,obecność,73
3TW5,2025-01-27,obecność,97
3TW5,2025-01-27,nieobecność,5
3TW5,2025-01-28,nieob. uspr. p.s.,17
3TW5,2025-01-29,obecność,66
3TW5,2025-01-29,nieobecność,4
3TW5,2025-01-31,nieob. uspraw.,72
3TW5,2025-02-17,nieobecność,8
3TW5,2025-02-19,nieobecność,4
3TW5,2025-02-20,nieob. uspraw.,41
3TW5,2025-02-21,nieob. uspraw.,48
3TW5,2025-02-24,nieobecność,8
3TW5,2025-02-26,nieobecność,7
3TW5,2025-02-27,nieob. uspraw.,25
3TW5,2025-02-28,nieobecność,8
3TW5,2025-02-28,spóźnienie,5
3TW5,2025-02-28,obecność,120
3TW5,2025-03-03,nieobecność,4
3TW5,2025-03-04,nieobecność,6
3TW5,2025-03-05,nieobecność,3
3TW5,2025-03-07,nieobecność,4
3TW5,2025-03-10,spóźnienie,1
3TW5,2025-03-10,obecność,145
3TW5,2025-03-11,obecność,116
3TW5,2025-03-13,obecność,104
3TW5,2025-03-13,nieobecność,3
3TW5,2025-03-14,obecność,101
3TW5,2025-03-17,nieob. uspraw.,39
3TW5,2025-03-18,nieobecność,5
3TW5,2025-03-19,obecność,114
3TW5,2025-03-19,nieobecność,4
3TW5,2025-03-20,obecność,99
3TW5,2025-03-20,nieobecność,7
3TW5,2025-03-24,obecność,113
3TW5,2025-03-24,nieobecność,8
3TW5,2025-03-26,nieobecność,12
3TW5,2025-03-27,nieobecność,4
3TW5,2025-03-31,nieobecność,9
3TW5,2025-04-02,nieob. uspraw.,40
3TW5,2025-04-03,nieobecność,8
3TW5,2025-04-07,obecność,136
3TW5,2025-04-08,nieob. uspraw.,25
3TW5,2025-04-09,obecność,141
3TW5,2025-04-09,nieobecność,4
3TW5,2025-04-10,nieobecność,11
3TW5,2025-04-11,nieobecność,6
3TW5,2025-04-15,nieobecność,6
3TW5,2025-04-23,nieobecność,4
3TW5,2025-04-24,obecność,106
3TW5,2025-04-24,nieobecność,5
3TW5,2025-04-25,nieob. uspraw.,65
3TW5,2025-04-28,spóźnienie,2
3TW5,2025-04-29,obecność,67
3TW5,2025-04-29,nieobecność,1
3TW5,2025-04-30,spóźnienie,1
3TW5,2025-04-30,obecność,79
3TW5,2025-05-07,obecność,73
3TW5,2025-05-07,nieobecność,2
3TW5,2025-05-08,obecność,78
3TW5,2025-05-08,nieobecność,4
3TW5,2025-05-09,nieobecność,6
3TW5,2025-05-12,nieobecność,7
3TW5,2025-05-13,obecność,111
3TW5,2025-05-13,nieobecność,9
3TW5,2025-05-14,nieobecność,1
3TW5,2025-05-19,nieobecność,6
3TW5,2025-05-20,nieob. uspraw.,20
3TW5,2025-05-21,obecność,133
3TW5,2025-05-21,nieobecność,2
3TW5,2025-05-22,spóźnienie,1
3TW5,2025-05-28,spóźnienie,5
3TW5,2025-05-28,nieobecność,4
3TW5,2025-05-28,obecność,120
3TW5,2025-05-30,obecność,92
3TW5,2025-06-02,nieobecność,5
3TW5,2025-06-03,nieobecność,4
3TW5,2025-06-04,nieobecność,1
3TW5,2025-06-05,nieob. uspr. p.s.,1
3TW5,2025-06-06,obecność,101
3TW5,2025-06-11,spóźnienie,1
3TW5,2025-06-11,nieob. uspraw.,75
3TW5,2025-06-13,obecność,12
3TW5,2025-06-16,obecność,12
3TW5,2024-09-11,nieob. uspraw.,14
3TW5,2024-09-20,nieob. uspraw.,21
3TW5,2024-09-25,nieob. uspr. p.s.,38
3TW5,2024-10-08,nieob. uspraw.,11
3TW5,2024-11-04,nieob. uspraw.,9
3TW5,2024-11-12,nieob. uspraw.,84
3TW5,2024-11-20,nieob. uspraw.,25
3TW5,2024-11-21,nieobecność,19
3TW5,2024-11-22,nieob. uspraw.,18
3TW5,2024-11-28,nieob. uspr. p.s.,51
3TW5,2024-12-03,obecność,136
3TW5,2024-12-06,obecność,89
3TW5,2024-12-09,nieobecność,12
3TW5,2025-01-15,obecność,84
3TW5,2025-01-15,spóźnienie,2
3TW5,2025-01-16,nieob. uspraw.,17
3TW5,2025-01-23,obecność,79
3TW5,2025-01-28,obecność,75
3TW5,2025-01-30,nieob. uspraw.,58
3TW5,2025-02-21,nieob. uspr. p.s.,12
3TW5,2025-03-04,nieob. uspr. p.s.,3
3TW5,2025-03-05,nieob. uspr. p.s.,14
3TW5,2025-03-07,nieob. uspr. p.s.,10
3TW5,2025-03-12,obecność,116
3TW5,2025-03-20,nieob. uspr. p.s.,46
3TW5,2025-03-21,obecność,16
3TW5,2025-03-24,nieob. uspr. p.s.,8
3TW5,2025-04-03,nieob. uspr. p.s.,27
3TW5,2025-04-03,nieob. uspraw.,38
3TW5,2025-04-10,nieob. uspr. p.s.,15
3TW5,2025-04-28,nieob. uspr. p.s.,64
3TW5,2025-05-12,nieob. uspr. p.s.,24
3TW5,2025-05-26,nieob. uspr. p.s.,16
3TW5,2025-05-28,nieob. uspr. p.s.,24
3TW5,2025-05-29,obecność,130
3TW5,2025-06-12,obecność,61
3TW5,2024-09-05,nieobecność,8
3TW5,2024-09-10,nieobecność,8
3TW5,2024-09-12,spóźnienie,3
3TW5,2024-09-16,nieob. uspr. p.s.,10
3TW5,2024-09-16,nieob. uspraw.,31
3TW5,2024-09-17,nieobecność,6
3TW5,2024-09-24,nieob. uspr. p.s.,2
3TW5,2024-10-01,nieob. uspr. p.s.,13
3TW5,2024-10-03,spóźnienie,2
3TW5,2024-10-09,nieobecność,3
3TW5,2024-10-15,nieobecność,35
3TW5,2024-10-23,nieob. uspraw.,6
3TW5,2024-10-31,nieob. uspraw.,42
3TW5,2024-11-07,nieob. uspr. p.s.,30
3TW5,2024-11-13,nieob. uspr. p.s.,16
3TW5,2024-11-15,nieob. uspr. p.s.,15
3TW5,2024-11-19,nieob. uspr. p.s.,22
3TW5,2024-11-25,nieobecność,3
3TW5,2024-11-27,nieob. uspraw.,16
3TW5,2024-11-29,nieob. uspr. p.s.,14
3TW5,2025-01-14,nieob. uspraw.,25
3TW5,2025-01-17,nieob. uspraw.,8
3TW5,2025-01-21,nieob. uspraw.,35
3TW5,2025-01-29,nieob. uspraw.,50
3TW5,2025-02-18,nieob. uspraw.,41
3TW5,2025-03-05,nieob. uspraw.,26
3TW5,2025-03-14,nieobecność,7
3TW5,2025-03-19,nieob. uspr. p.s.,23
3TW5,2025-04-04,nieob. uspraw.,29
3TW5,2025-04-15,nieob. uspr. p.s.,17
3TW5,2025-04-15,nieob. uspraw.,27
3TW5,2025-04-24,nieob. uspraw.,55
3TW5,2025-04-28,nieob. uspraw.,28
3TW5,2025-04-29,nieob. uspraw.,33
3TW5,2025-05-07,nieob. uspraw.,36
3TW5,2025-05-08,nieob. uspraw.,10
3TW5,2025-05-15,nieob. uspraw.,22
3TW5,2025-05-22,nieob. uspr. p.s.,27
3TW5,2025-05-29,nieob. uspr. p.s.,16
3TW5,2025-06-04,nieob. uspraw.,22
3TW5,2025-06-05,nieob. uspraw.,33
3TW5,2024-09-18,nieob. uspraw.,18
3TW5,2024-09-20,nieob. uspr. p.s.,25
3TW5,2024-10-02,nieob. uspr. p.s.,8
3TW5,2024-10-16,spóźnienie,2
3TW5,2024-10-21,nieob. uspr. p.s.,9
3TW5,2024-10-28,nieob. uspraw.,4
3TW5,2024-11-06,nieob. uspraw.,14
3TW5,2024-11-21,nieob. uspraw.,25
3TW5,2024-12-03,nieob. uspr. p.s.,16
3TW5,2024-12-06,nieobecność,1
3TW5,2024-12-11,spóźnienie,2
3TW5,2024-12-11,nieob. uspraw.,16
3TW5,2025-01-07,nieob. uspr. p.s.,14
3TW5,2025-01-08,nieobecność,10
3TW5,2025-01-21,nieob. uspr. p.s.,16
3TW5,2025-01-22,nieob. uspraw.,32
3TW5,2025-02-18,nieob. uspr. p.s.,15
3TW5,2025-02-25,nieob. uspr. p.s.,6
3TW5,2025-03-05,spóźnienie,4
3TW5,2025-03-06,nieob. uspraw.,35
3TW5,2025-03-18,spóźnienie,1
3TW5,2025-03-26,nieob. uspraw.,16
3TW5,2025-03-27,nieob. uspraw.,6
3TW5,2025-04-02,spóźnienie,2
3TW5,2025-04-04,nieobecność,2
3TW5,2025-04-16,nieob. uspr. p.s.,17
3TW5,2025-04-23,nieob. uspraw.,25
3TW5,2025-04-30,nieob. uspr. p.s.,47
3TW5,2025-05-12,nieob. uspraw.,52
3TW5,2025-05-13,nieob. uspraw.,38
3TW5,2025-05-16,nieob. uspraw.,27
3TW5,2025-06-02,nieob. uspraw.,25
3TW5,2025-06-02,spóźn. uspr.,1
3TW5,2025-06-10,spóźnienie,1
3TW5,2024-09-11,nieob. uspr. p.s.,26
3TW5,2024-10-04,nieob. uspr. p.s.,14
3TW5,2024-10-09,nieob. uspraw.,5
3TW5,2024-10-10,nieob. uspraw.,12
3TW5,2024-10-11,nieob. uspraw.,6
3TW5,2024-11-04,nieob. uspr. p.s.,17
3TW5,2024-11-27,nieob. uspr. p.s.,16
3TW5,2024-12-10,nieob. uspr. p.s.,27
3TW5,2025-03-25,nieob. uspraw.,16
3TW5,2024-09-30,nieob. uspraw.,9
3TW5,2024-10-03,nieob. uspr. p.s.,10
3TW5,2024-10-03,nieob. uspraw.,14
3TW5,2024-10-07,nieob. uspraw.,29
3TW5,2024-10-28,nieob. uspr. p.s.,8
3TW5,2024-10-30,nieob. uspr. p.s.,14
3TW5,2024-11-06,spóźn. uspr.,2
3TW5,2024-12-06,nieob. uspr. p.s.,16
3TW5,2024-12-09,nieob. uspraw.,18
3TW5,2024-12-10,nieob. uspraw.,13
3TW5,2025-01-24,nieob. uspr. p.s.,12
3TW5,2025-01-31,nieob. uspr. p.s.,10
3TW5,2025-02-17,nieob. uspr. p.s.,16
3TW5,2025-02-19,nieob. uspr. p.s.,15
3TW5,2025-02-20,nieob. uspr. p.s.,6
3TW5,2025-02-26,nieob. uspraw.,14
3TW5,2025-02-28,nieob. uspraw.,13
3TW5,2025-05-09,nieob. uspr. p.s.,27
3TW5,2024-09-06,nieobecność,1
3TW5,2024-09-09,nieob. uspr. p.s.,4
3TW5,2024-09-10,nieob. uspr. p.s.,22
3TW5,2024-09-26,nieob. uspraw.,9
3TW5,2024-10-17,nieob. uspr. p.s.,16
3TW5,2024-11-05,nieob. uspr. p.s.,18
3TW5,2024-11-08,nieob. uspr. p.s.,13
3TW5,2024-11-13,nieob. uspraw.,15
3TW5,2024-11-15,nieobecność,1
3TW5,2024-11-20,nieob. uspr. p.s.,9
3TW5,2024-11-26,nieob. uspr. p.s.,16
3TW5,2024-12-02,nieob. uspr. p.s.,16
3TW5,2025-01-07,nieob. uspraw.,3
3TW5,2025-01-13,nieobecność,11
3TW5,2025-01-16,nieobecność,3
3TW5,2025-02-19,nieob. uspraw.,19
3TW5,2025-03-03,nieob. uspraw.,20
3TW5,2025-03-05,spóźn. uspr.,2
3TW5,2025-03-11,nieob. uspr. p.s.,15
3TW5,2025-03-28,nieob. uspraw.,9
3TW5,2025-04-01,nieob. uspr. p.s.,18
3TW5,2025-04-10,nieob. uspraw.,18
3TW5,2025-05-21,spóźnienie,3
3TW5,2025-06-03,nieob. uspraw.,20
3TW5,2024-10-25,nieob. uspraw.,8
3TW5,2024-11-29,nieob. uspraw.,12
3TW5,2025-02-24,nieob. uspraw.,6
3TW5,2025-02-25,nieob. uspraw.,9
3TW5,2024-09-03,nieob. uspr. p.s.,2
3TW5,2024-09-06,nieob. uspr. p.s.,5
3TW5,2024-09-13,nieob. uspr. p.s.,7
3TW5,2024-09-18,spóźnienie,1
3TW5,2024-09-19,nieob. uspraw.,21
3TW5,2024-10-02,spóźnienie,3
3TW5,2024-10-04,spóźnienie,1
3TW5,2024-10-16,nieob. uspraw.,8
3TW5,2024-10-17,nieob. uspraw.,21
3TW5,2024-10-18,nieob. uspraw.,10
3TW5,2024-10-23,nieob. uspr. p.s.,18
3TW5,2024-10-23,nieobecność,2
3TW5,2024-10-24,spóźnienie,1
3TW5,2024-11-26,nieob. uspraw.,1
3TW5,2024-12-03,nieobecność,11
3TW5,2024-12-16,nieob. uspraw.,23
3TW5,2024-12-17,nieobecność,4
3TW5,2025-03-12,nieob. uspr. p.s.,1
3TW5,2025-03-31,spóźn. uspr.,1
3TW5,2025-05-21,nieob. uspraw.,8
3TW5,2025-05-30,nieob. uspr. p.s.,4
3TW5,2025-06-10,spóźn. uspr.,1
3TW5,2025-06-16,nieob. uspr. p.s.,29
3TW5,2024-09-12,nieob. uspr. p.s.,15
3TW5,2024-09-24,nieob. uspraw.,5
3TW5,2024-09-24,spóźn. uspr.,2
3TW5,2024-10-11,nieob. uspr. p.s.,12
3TW5,2024-11-06,nieob. uspr. p.s.,14
3TW5,2024-11-18,nieob. uspr. p.s.,16
3TW5,2024-12-19,nieob. uspraw.,19
3TW5,2025-03-27,spóźn. uspr.,2
3TW5,2025-04-09,nieob. uspraw.,11
3TW5,2024-09-27,nieob. uspr. p.s.,2
3TW5,2024-10-08,spóźnienie,5
3TW5,2024-11-22,spóźnienie,2
3TW5,2024-12-04,nieob. uspr. p.s.,6
3TW5,2024-12-12,nieob. uspr. p.s.,16
3TW5,2024-12-13,nieob. uspr. p.s.,2
3TW5,2024-12-18,nieob. uspraw.,8
3TW5,2025-01-10,nieobecność,3
3TW5,2025-02-20,spóźnienie,2
3TW5,2025-02-25,spóźnienie,2
3TW5,2025-02-27,nieob. uspr. p.s.,16
3TW5,2025-03-03,nieob. uspr. p.s.,10
3TW5,2025-03-12,nieobecność,2
3TW5,2025-03-21,nieob. uspr. p.s.,22
3TW5,2025-04-14,nieobecność,2
3TW5,2025-04-23,nieob. uspr. p.s.,15
3TW5,2025-05-16,nieob. uspr. p.s.,16
3TW5,2025-05-19,nieob. uspr. p.s.,10
3TW5,2025-05-27,nieob. uspraw.,3
3TW5,2025-06-10,nieobecność,2
3TW5,2024-09-03,spóźnienie,1
3TW5,2024-10-04,nieob. uspraw.,10
3TW5,2024-10-30,spóźnienie,2
3TW5,2024-11-14,nieob. uspraw.,11
3TW5,2025-01-27,nieob. uspr. p.s.,17
3TW5,2025-03-14,nieob. uspr. p.s.,1
3TW5,2025-03-17,nieob. uspr. p.s.,3
3TW5,2025-04-25,nieob. uspr. p.s.,2
3TW5,2025-06-17,obecność,26
3TW5,2024-09-04,nieobecność,2
3TW5,2024-10-21,spóźnienie,5
3TW5,2024-10-29,spóźnienie,1
3TW5,2024-11-25,nieob. uspr. p.s.,8
3TW5,2025-03-06,spóźn. uspr.,2
3TW5,2025-03-13,nieob. uspr. p.s.,18
3TW5,2025-03-25,spóźn. uspr.,2
3TW5,2025-03-27,nieob. uspr. p.s.,2
3TW5,2025-04-02,nieob. uspr. p.s.,10
3TW5,2025-04-23,spóźn. uspr.,2
3TW5,2024-09-03,nieob. uspraw.,2
3TW5,2025-03-31,spóźnienie,1
3TW5,2025-05-09,spóźnienie,1
3TW5,2025-05-20,spóźnienie,1
3TW5,2025-06-04,nieob. uspr. p.s.,2
3TW5,2025-06-10,nieob. uspr. p.s.,13
3TW5,2025-06-12,nieob. uspr. p.s.,12
3TW5,2025-06-17,nieob. uspr. p.s.,16
3TW5,2024-12-03,spóźnienie,4
3TW5,2025-02-26,nieob. uspr. p.s.,10
3TW5,2025-03-06,nieob. uspr. p.s.,16
3TW5,2025-03-10,nieobecność,5
3TW5,2025-03-25,spóźnienie,2
3TW5,2025-03-26,nieob. uspr. p.s.,14
3TW5,2025-03-31,nieob. uspr. p.s.,16
3TW5,2025-04-08,nieob. uspr. p.s.,6
3TW5,2025-04-14,nieob. uspr. p.s.,2
3TW5,2025-05-19,spóźn. uspr.,2
3TW5,2024-10-10,nieobecność,2
3TW5,2024-10-29,nieob. uspr. p.s.,14
3TW5,2024-12-13,nieob. uspraw.,7
3TW5,2025-01-16,nieob. uspr. p.s.,12
3TW5,2025-01-20,nieob. uspr. p.s.,17
3TW5,2024-09-10,spóźn. uspr.,2
3TW5,2024-09-12,spóźn. uspr.,2
3TW5,2024-10-01,nieob. uspraw.,1
3TW5,2024-10-02,nieob. uspraw.,1
3TW5,2024-10-02,spóźn. uspr.,2
3TW5,2024-10-03,spóźn. uspr.,2
3TW5,2024-10-04,spóźn. uspr.,1
3TW5,2024-10-23,spóźnienie,1
3TW5,2024-10-31,spóźn. uspr.,1
3TW5,2024-11-18,spóźn. uspr.,1
3TW5,2025-05-14,nieob. uspr. p.s.,6
3TW5,2025-05-26,spóźnienie,1
3TW5,2025-06-24,nieob. uspr. p.s.,16
3TW5,2025-06-18,nieob. uspr. p.s.,8
3TW5,2025-06-23,nieob. uspr. p.s.,8
3TW5,2025-06-25,nieob. uspr. p.s.,8
3TW5,2024-10-16,spóźn. uspr.,1
3TW5,2024-10-29,spóźn. uspr.,1
3TW5,2024-12-16,spóźnienie,1
3TW5,2025-02-27,nieobecność,1
3TW5,2025-03-11,nieobecność,1
3TW5,2025-06-09,nieob. uspr. p.s.,2
3TW5,2024-09-18,spóźn. uspr.,1
3TW5,2024-11-14,nieobecność,1
3TW5,2025-01-14,nieob. uspr. p.s.,7
3TW5,2025-02-18,nauka zdalna,1
3TW5,2025-05-21,spóźn. uspr.,1
3TW5,2025-05-28,spóźn. uspr.,1
3TW5,2025-06-05,nieobecność,2
3TW5,2025-05-23,obecność,1
3TW5,2025-06-02,nieob. uspr. p.s.,8
3TŻ5,2024-09-02,obecność,120
3TŻ5,2024-09-03,obecność,144
3TŻ5,2024-09-04,obecność,146
3TŻ5,2024-09-05,obecność,139
3TŻ5,2024-09-06,obecność,143
3TŻ5,2024-09-06,nieob. uspr. p.s.,1
3TŻ5,2024-09-09,obecność,117
3TŻ5,2024-09-10,obecność,142
3TŻ5,2024-09-11,obecność,148
3TŻ5,2024-09-12,obecność,160
3TŻ5,2024-09-13,obecność,156
3TŻ5,2024-09-16,obecność,130
3TŻ5,2024-09-17,obecność,132
3TŻ5,2024-09-18,obecność,142
3TŻ5,2024-09-19,obecność,83
3TŻ5,2024-09-20,nieob. uspr. p.s.,57
3TŻ5,2024-09-23,obecność,115
3TŻ5,2024-09-24,obecność,97
3TŻ5,2024-09-25,obecność,99
3TŻ5,2024-09-26,obecność,106
3TŻ5,2024-09-27,obecność,104
3TŻ5,2024-09-30,obecność,131
3TŻ5,2024-10-01,obecność,136
3TŻ5,2024-10-02,obecność,137
3TŻ5,2024-10-02,nieobecność,10
3TŻ5,2024-10-03,obecność,149
3TŻ5,2024-10-04,obecność,141
3TŻ5,2024-10-07,obecność,108
3TŻ5,2024-10-08,obecność,130
3TŻ5,2024-10-09,obecność,123
3TŻ5,2024-10-10,obecność,136
3TŻ5,2024-10-11,obecność,90
3TŻ5,2024-10-15,obecność,84
3TŻ5,2024-10-16,obecność,98
3TŻ5,2024-10-17,obecność,133
3TŻ5,2024-10-18,obecność,70
3TŻ5,2024-10-21,obecność,104
3TŻ5,2024-10-22,obecność,114
3TŻ5,2024-10-23,obecność,132
3TŻ5,2024-10-24,obecność,141
3TŻ5,2024-10-25,obecność,119
3TŻ5,2024-10-28,obecność,93
3TŻ5,2024-10-28,zwolniony,20
3TŻ5,2024-10-29,obecność,132
3TŻ5,2024-10-30,obecność,117
3TŻ5,2024-10-31,obecność,60
3TŻ5,2024-11-04,obecność,122
3TŻ5,2024-11-05,obecność,137
3TŻ5,2024-11-06,obecność,127
3TŻ5,2024-11-07,obecność,145
3TŻ5,2024-11-08,obecność,115
3TŻ5,2024-11-08,nieob. uspraw.,23
3TŻ5,2024-11-12,obecność,149
3TŻ5,2024-11-13,obecność,142
3TŻ5,2024-11-14,obecność,145
3TŻ5,2024-11-15,obecność,127
3TŻ5,2024-11-18,obecność,118
3TŻ5,2024-11-19,obecność,133
3TŻ5,2024-11-20,obecność,150
3TŻ5,2024-11-21,obecność,141
3TŻ5,2024-11-22,spóźnienie,5
3TŻ5,2024-11-22,obecność,105
3TŻ5,2024-11-22,nieob. uspr. p.s.,9
3TŻ5,2024-11-25,obecność,125
3TŻ5,2024-11-26,obecność,99
3TŻ5,2024-11-27,obecność,139
3TŻ5,2024-11-28,obecność,126
3TŻ5,2024-11-29,obecność,103
3TŻ5,2024-12-02,obecność,112
3TŻ5,2024-12-03,obecność,102
3TŻ5,2024-12-04,obecność,130
3TŻ5,2024-12-05,obecność,83
3TŻ5,2024-12-06,obecność,77
3TŻ5,2024-12-09,obecność,100
3TŻ5,2024-12-10,obecność,104
3TŻ5,2024-12-11,obecność,111
3TŻ5,2024-12-12,nieob. uspr. p.s.,34
3TŻ5,2024-12-12,obecność,85
3TŻ5,2024-12-13,obecność,114
3TŻ5,2024-12-16,obecność,93
3TŻ5,2024-12-17,obecność,105
3TŻ5,2024-12-18,obecność,102
3TŻ5,2024-12-19,obecność,90
3TŻ5,2024-12-20,obecność,143
3TŻ5,2025-01-07,obecność,132
3TŻ5,2025-01-08,obecność,124
3TŻ5,2025-01-09,obecność,124
3TŻ5,2025-01-10,obecność,142
3TŻ5,2025-01-13,obecność,138
3TŻ5,2025-01-14,obecność,125
3TŻ5,2025-01-15,obecność,136
3TŻ5,2025-01-16,obecność,126
3TŻ5,2025-01-17,obecność,127
3TŻ5,2025-01-20,obecność,112
3TŻ5,2025-01-21,obecność,135
3TŻ5,2025-01-22,obecność,117
3TŻ5,2025-01-23,obecność,132
3TŻ5,2025-01-24,obecność,124
3TŻ5,2025-01-27,obecność,115
3TŻ5,2025-01-28,obecność,90
3TŻ5,2025-01-29,obecność,70
3TŻ5,2025-01-30,obecność,106
3TŻ5,2025-01-31,nieob. uspraw.,119
3TŻ5,2025-02-17,obecność,136
3TŻ5,2025-02-18,obecność,102
3TŻ5,2025-02-19,obecność,132
3TŻ5,2025-02-20,obecność,107
3TŻ5,2025-02-21,obecność,104
3TŻ5,2025-02-21,nieob. uspr. p.s.,2
3TŻ5,2025-02-24,obecność,111
3TŻ5,2025-02-25,obecność,131
3TŻ5,2025-02-26,obecność,146
3TŻ5,2025-02-27,obecność,145
3TŻ5,2025-02-28,obecność,128
3TŻ5,2025-03-03,obecność,131
3TŻ5,2025-03-04,obecność,130
3TŻ5,2025-03-05,obecność,94
3TŻ5,2025-03-06,obecność,70
3TŻ5,2025-03-06,nieob. uspraw.,25
3TŻ5,2025-03-07,obecność,115
3TŻ5,2025-03-07,nieob. uspraw.,23
3TŻ5,2025-03-10,obecność,115
3TŻ5,2025-03-11,obecność,144
3TŻ5,2025-03-12,obecność,77
3TŻ5,2025-03-13,obecność,77
3TŻ5,2025-03-14,obecność,130
3TŻ5,2025-03-17,nieob. uspr. p.s.,30
3TŻ5,2025-03-18,nieob. uspr. p.s.,19
3TŻ5,2025-03-18,obecność,113
3TŻ5,2025-03-19,obecność,114
3TŻ5,2025-03-20,obecność,116
3TŻ5,2025-03-20,nieob. uspraw.,14
3TŻ5,2025-03-21,obecność,77
3TŻ5,2025-03-21,nieob. uspraw.,68
3TŻ5,2025-03-24,obecność,134
3TŻ5,2025-03-25,obecność,122
3TŻ5,2025-03-26,obecność,124
3TŻ5,2025-03-27,obecność,124
3TŻ5,2025-03-28,obecność,138
3TŻ5,2025-03-31,obecność,103
3TŻ5,2025-04-01,obecność,103
3TŻ5,2025-04-02,obecność,127
3TŻ5,2025-04-02,nieob. uspraw.,11
3TŻ5,2025-04-03,obecność,117
3TŻ5,2025-04-03,nieob. uspr. p.s.,15
3TŻ5,2025-04-04,nieob. uspraw.,42
3TŻ5,2025-04-07,obecność,122
3TŻ5,2025-04-08,obecność,128
3TŻ5,2025-04-09,obecność,131
3TŻ5,2025-04-10,obecność,58
3TŻ5,2025-04-11,obecność,124
3TŻ5,2025-04-14,obecność,120
3TŻ5,2025-04-15,obecność,125
3TŻ5,2025-04-16,obecność,109
3TŻ5,2025-04-23,obecność,118
3TŻ5,2025-04-24,obecność,131
3TŻ5,2025-04-24,nieob. uspraw.,10
3TŻ5,2025-04-25,obecność,81
3TŻ5,2025-04-28,praktyka zawodowa,152
3TŻ5,2025-04-29,praktyka zawodowa,152
3TŻ5,2025-04-30,praktyka zawodowa,152
3TŻ5,2025-05-07,praktyka zawodowa,152
3TŻ5,2025-05-08,praktyka zawodowa,152
3TŻ5,2025-05-09,praktyka zawodowa,152
3TŻ5,2025-05-12,obecność,100
3TŻ5,2025-05-13,obecność,106
3TŻ5,2025-05-14,nieob. uspraw.,37
3TŻ5,2025-05-15,nieob. uspr. p.s.,54
3TŻ5,2025-05-16,obecność,144
3TŻ5,2025-05-19,obecność,103
3TŻ5,2025-05-19,nieob. uspraw.,14
3TŻ5,2025-05-20,obecność,100
3TŻ5,2025-05-21,obecność,93
3TŻ5,2025-05-22,obecność,56
3TŻ5,2025-05-22,nieob. uspraw.,22
3TŻ5,2025-05-23,obecność,120
3TŻ5,2025-05-26,obecność,98
3TŻ5,2025-05-27,obecność,138
3TŻ5,2025-05-28,obecność,120
3TŻ5,2025-05-29,obecność,126
3TŻ5,2025-05-30,obecność,85
3TŻ5,2025-06-02,obecność,82
3TŻ5,2025-06-02,nieob. uspr. p.s.,9
3TŻ5,2025-06-02,spóźn. uspr.,2
3TŻ5,2025-06-03,obecność,111
3TŻ5,2025-06-04,obecność,121
3TŻ5,2025-06-05,obecność,14
3TŻ5,2025-06-05,spóźn. uspr.,1
3TŻ5,2025-06-05,nieob. uspr. p.s.,135
3TŻ5,2025-06-06,obecność,123
3TŻ5,2025-06-09,obecność,96
3TŻ5,2025-06-09,nieob. uspraw.,25
3TŻ5,2025-06-10,nieob. uspr. p.s.,87
3TŻ5,2025-06-10,obecność,1
3TŻ5,2025-06-11,obecność,4
3TŻ5,2025-06-11,nieob. uspraw.,75
3TŻ5,2025-06-12,obecność,88
3TŻ5,2025-06-12,nieob. uspr. p.s.,10
3TŻ5,2025-06-13,nieob. uspraw.,134
3TŻ5,2025-06-16,nieob. uspraw.,122
3TŻ5,2025-06-17,obecność,18
3TŻ5,2025-06-18,nieob. uspraw.,142
3TŻ5,2025-06-18,obecność,1
3TŻ5,2025-06-23,nieob. uspraw.,142
3TŻ5,2025-06-24,nieob. uspraw.,152
3TŻ5,2025-06-25,nieob. uspraw.,143
3TŻ5,2025-06-26,nieob. uspraw.,152
3TŻ5,2025-06-27,obecność,152
3TŻ5,2024-09-02,nieobecność,16
3TŻ5,2024-09-09,nieob. uspraw.,10
3TŻ5,2024-09-10,nieob. uspraw.,7
3TŻ5,2024-09-13,nieob. uspr. p.s.,1
3TŻ5,2024-10-07,nieob. uspr. p.s.,5
3TŻ5,2024-10-21,nieob. uspraw.,14
3TŻ5,2024-10-22,nieob. uspraw.,19
3TŻ5,2024-10-25,nieob. uspraw.,28
3TŻ5,2024-11-05,nieob. uspr. p.s.,3
3TŻ5,2024-11-08,nieobecność,21
3TŻ5,2024-11-25,nieob. uspraw.,15
3TŻ5,2024-11-28,nieob. uspr. p.s.,20
3TŻ5,2024-11-29,nieob. uspr. p.s.,2
3TŻ5,2024-12-04,nieobecność,22
3TŻ5,2025-01-23,nieobecność,7
3TŻ5,2025-03-03,nieobecność,3
3TŻ5,2025-03-06,nieobecność,25
3TŻ5,2025-03-07,nieobecność,13
3TŻ5,2025-03-14,nieob. uspr. p.s.,1
3TŻ5,2025-03-17,obecność,99
3TŻ5,2025-03-17,nieobecność,5
3TŻ5,2025-03-20,nieobecność,11
3TŻ5,2025-04-15,nieobecność,7
3TŻ5,2025-04-24,nieobecność,5
3TŻ5,2025-05-14,obecność,100
3TŻ5,2025-05-19,nieobecność,4
3TŻ5,2025-05-22,nieobecność,4
3TŻ5,2025-06-02,nieob. uspraw.,31
3TŻ5,2025-06-04,nieobecność,17
3TŻ5,2025-06-05,spóźnienie,2
3TŻ5,2025-06-09,nieobecność,17
3TŻ5,2025-06-16,obecność,15
3TŻ5,2025-06-17,nieob. uspraw.,96
3TŻ5,2024-09-09,nieob. uspr. p.s.,15
3TŻ5,2024-09-11,nieob. uspraw.,7
3TŻ5,2024-09-18,nieob. uspraw.,16
3TŻ5,2024-09-20,obecność,60
3TŻ5,2024-09-20,nieob. uspraw.,11
3TŻ5,2024-09-24,nieob. uspraw.,32
3TŻ5,2024-09-26,nieob. uspr. p.s.,4
3TŻ5,2024-10-01,nieob. uspr. p.s.,5
3TŻ5,2024-10-02,nieob. uspraw.,13
3TŻ5,2024-10-03,nieob. uspraw.,8
3TŻ5,2024-10-04,nieob. uspraw.,15
3TŻ5,2024-10-07,nieob. uspraw.,16
3TŻ5,2024-10-08,nieob. uspraw.,14
3TŻ5,2024-10-09,nieob. uspr. p.s.,12
3TŻ5,2024-10-15,nieob. uspr. p.s.,19
3TŻ5,2024-10-16,nieob. uspr. p.s.,14
3TŻ5,2024-10-17,nieob. uspr. p.s.,16
3TŻ5,2024-10-18,nieob. uspraw.,50
3TŻ5,2024-10-21,nieob. uspr. p.s.,5
3TŻ5,2024-10-28,nieob. uspraw.,19
3TŻ5,2024-10-31,nieob. uspraw.,36
3TŻ5,2024-11-07,nieob. uspraw.,2
3TŻ5,2024-11-14,nieob. uspraw.,10
3TŻ5,2024-11-19,nieob. uspraw.,7
3TŻ5,2024-11-27,nieob. uspraw.,8
3TŻ5,2024-11-29,nieob. uspraw.,29
3TŻ5,2024-12-02,nieob. uspraw.,32
3TŻ5,2024-12-03,nieob. uspraw.,22
3TŻ5,2024-12-05,nieob. uspr. p.s.,6
3TŻ5,2024-12-06,nieob. uspraw.,35
3TŻ5,2024-12-11,nieob. uspr. p.s.,10
3TŻ5,2024-12-17,nieob. uspraw.,15
3TŻ5,2024-12-18,nieob. uspraw.,12
3TŻ5,2024-12-19,nieob. uspraw.,31
3TŻ5,2024-12-20,nieob. uspraw.,16
3TŻ5,2025-01-14,nieob. uspraw.,22
3TŻ5,2025-01-17,nieob. uspraw.,24
3TŻ5,2025-01-22,nieob. uspraw.,21
3TŻ5,2025-01-24,nieob. uspraw.,25
3TŻ5,2025-01-29,nieob. uspraw.,8
3TŻ5,2025-01-30,nieob. uspraw.,6
3TŻ5,2025-02-17,nieob. uspraw.,9
3TŻ5,2025-02-18,nieob. uspraw.,10
3TŻ5,2025-02-21,nieob. uspraw.,26
3TŻ5,2025-02-25,nieob. uspraw.,14
3TŻ5,2025-02-26,nieob. uspraw.,9
3TŻ5,2025-02-27,nieob. uspr. p.s.,8
3TŻ5,2025-02-28,nieob. uspr. p.s.,14
3TŻ5,2025-03-05,nieob. uspraw.,24
3TŻ5,2025-03-10,nieob. uspraw.,9
3TŻ5,2025-03-19,nieob. uspraw.,7
3TŻ5,2025-03-24,nieob. uspraw.,1
3TŻ5,2025-03-28,nieob. uspraw.,11
3TŻ5,2025-03-31,nieob. uspraw.,15
3TŻ5,2025-04-03,nieob. uspraw.,16
3TŻ5,2025-04-11,nieob. uspraw.,1
3TŻ5,2025-04-15,nieob. uspraw.,10
3TŻ5,2025-04-16,nieob. uspraw.,34
3TŻ5,2025-04-16,nieob. uspr. p.s.,4
3TŻ5,2025-04-23,nieob. uspraw.,20
3TŻ5,2025-04-25,nieob. uspraw.,56
3TŻ5,2025-05-12,nieob. uspraw.,33
3TŻ5,2025-05-13,nieob. uspraw.,6
3TŻ5,2025-05-15,nieob. uspraw.,6
3TŻ5,2025-05-21,nieob. uspraw.,20
3TŻ5,2025-05-22,nieob. uspr. p.s.,13
3TŻ5,2025-05-27,nieob. uspraw.,9
3TŻ5,2025-05-28,nieob. uspraw.,11
3TŻ5,2025-05-30,nieob. uspraw.,39
3TŻ5,2025-06-03,nieob. uspraw.,33
3TŻ5,2025-06-06,nieob. uspraw.,27
3TŻ5,2024-09-25,nieob. uspraw.,13
3TŻ5,2024-09-30,nieob. uspraw.,9
3TŻ5,2024-10-01,nieob. uspraw.,7
3TŻ5,2024-10-11,nieob. uspr. p.s.,8
3TŻ5,2024-10-15,nieob. uspraw.,33
3TŻ5,2024-10-22,nieob. uspr. p.s.,7
3TŻ5,2024-11-06,spóźnienie,2
3TŻ5,2024-11-13,nieob. uspraw.,8
3TŻ5,2024-11-21,nieob. uspraw.,1
3TŻ5,2024-11-22,nieob. uspraw.,27
3TŻ5,2024-11-25,spóźnienie,2
3TŻ5,2024-11-26,nieob. uspraw.,8
3TŻ5,2024-11-28,nieob. uspraw.,10
3TŻ5,2024-11-29,spóźnienie,3
3TŻ5,2024-11-29,nieobecność,3
3TŻ5,2024-12-03,spóźnienie,8
3TŻ5,2024-12-04,nieob. uspraw.,8
3TŻ5,2024-12-05,nieob. uspraw.,12
3TŻ5,2024-12-09,nieob. uspraw.,19
3TŻ5,2024-12-10,nieob. uspraw.,14
3TŻ5,2024-12-11,nieob. uspraw.,7
3TŻ5,2024-12-12,nieob. uspraw.,32
3TŻ5,2024-12-16,spóźnienie,1
3TŻ5,2025-01-08,nieob. uspr. p.s.,4
3TŻ5,2025-01-10,nieobecność,5
3TŻ5,2025-01-16,nieob. uspr. p.s.,9
3TŻ5,2025-01-21,nieob. uspraw.,11
3TŻ5,2025-01-23,nieob. uspraw.,21
3TŻ5,2025-01-29,nieob. uspr. p.s.,1
3TŻ5,2025-01-31,obecność,36
3TŻ5,2025-02-17,spóźnienie,1
3TŻ5,2025-02-19,nieob. uspr. p.s.,1
3TŻ5,2025-02-20,spóźnienie,3
3TŻ5,2025-02-26,nieob. uspr. p.s.,1
3TŻ5,2025-02-28,nieob. uspraw.,11
3TŻ5,2025-03-10,spóźnienie,2
3TŻ5,2025-03-13,nieob. uspraw.,21
3TŻ5,2025-03-14,spóźnienie,3
3TŻ5,2025-03-18,spóźnienie,2
3TŻ5,2025-03-19,nieob. uspr. p.s.,10
3TŻ5,2025-03-27,spóźnienie,2
3TŻ5,2025-03-28,nieob. uspr. p.s.,1
3TŻ5,2025-03-31,spóźnienie,13
3TŻ5,2025-04-02,nieobecność,6
3TŻ5,2025-04-04,obecność,60
3TŻ5,2025-04-04,spóźnienie,1
3TŻ5,2025-04-08,nieob. uspr. p.s.,1
3TŻ5,2025-04-08,spóźnienie,3
3TŻ5,2025-04-10,nieob. uspraw.,36
3TŻ5,2025-04-11,spóźnienie,1
3TŻ5,2025-04-11,nieob. uspr. p.s.,1
3TŻ5,2025-05-15,obecność,51
3TŻ5,2025-05-15,spóźnienie,3
3TŻ5,2025-05-21,spóźnienie,2
3TŻ5,2025-05-21,nieobecność,4
3TŻ5,2025-05-26,nieob. uspraw.,24
3TŻ5,2025-06-02,nieobecność,14
3TŻ5,2025-06-04,spóźnienie,3
3TŻ5,2025-06-04,nieob. uspr. p.s.,2
3TŻ5,2025-06-09,nieob. uspr. p.s.,4
3TŻ5,2025-06-12,nieobecność,16
3TŻ5,2025-06-13,obecność,8
3TŻ5,2024-09-02,nieob. uspraw.,24
3TŻ5,2024-09-03,nieob. uspraw.,16
3TŻ5,2024-09-11,spóźnienie,3
3TŻ5,2024-09-19,nieobecność,19
3TŻ5,2024-09-20,nieobecność,32
3TŻ5,2024-09-25,nieob. uspr. p.s.,8
3TŻ5,2024-09-30,spóźnienie,2
3TŻ5,2024-10-09,nieobecność,9
3TŻ5,2024-10-10,nieob. uspraw.,18
3TŻ5,2024-10-16,nieob. uspraw.,27
3TŻ5,2024-10-17,nieobecność,3
3TŻ5,2024-10-18,nieob. uspr. p.s.,16
3TŻ5,2024-10-22,nieobecność,10
3TŻ5,2024-10-23,spóźnienie,2
3TŻ5,2024-10-23,nieobecność,10
3TŻ5,2024-10-25,nieobecność,10
3TŻ5,2024-10-25,spóźnienie,1
3TŻ5,2024-10-28,nieobecność,11
3TŻ5,2024-10-30,nieobecność,8
3TŻ5,2024-11-04,nieob. uspraw.,10
3TŻ5,2024-11-05,nieob. uspraw.,1
3TŻ5,2024-11-06,nieobecność,11
3TŻ5,2024-11-07,nieobecność,13
3TŻ5,2024-11-12,nieobecność,1
3TŻ5,2024-11-13,nieobecność,10
3TŻ5,2024-11-14,spóźnienie,3
3TŻ5,2024-11-15,nieob. uspraw.,2
3TŻ5,2024-11-18,spóźnienie,4
3TŻ5,2024-11-19,nieobecność,10
3TŻ5,2024-11-20,nieobecność,2
3TŻ5,2024-11-21,nieobecność,13
3TŻ5,2024-11-22,nieobecność,14
3TŻ5,2024-11-25,nieobecność,8
3TŻ5,2024-11-27,spóźnienie,2
3TŻ5,2024-11-28,nieobecność,4
3TŻ5,2024-12-02,nieobecność,4
3TŻ5,2024-12-05,nieobecność,19
3TŻ5,2024-12-09,nieobecność,11
3TŻ5,2024-12-10,nieobecność,10
3TŻ5,2024-12-11,spóźnienie,2
3TŻ5,2024-12-11,nieobecność,10
3TŻ5,2024-12-13,spóźnienie,3
3TŻ5,2024-12-16,nieobecność,25
3TŻ5,2024-12-17,nieobecność,5
3TŻ5,2024-12-18,nieobecność,5
3TŻ5,2024-12-19,nieobecność,10
3TŻ5,2025-01-07,nieob. uspraw.,9
3TŻ5,2025-01-08,spóźnienie,4
3TŻ5,2025-01-08,nieobecność,1
3TŻ5,2025-01-09,nieobecność,2
3TŻ5,2025-01-10,nieob. uspr. p.s.,10
3TŻ5,2025-01-10,nieob. uspraw.,3
3TŻ5,2025-01-13,nieob. uspraw.,9
3TŻ5,2025-01-15,spóźn. uspr.,2
3TŻ5,2025-01-15,nieobecność,3
3TŻ5,2025-01-16,nieobecność,7
3TŻ5,2025-01-20,nieobecność,2
3TŻ5,2025-01-21,spóźnienie,2
3TŻ5,2025-01-21,nieobecność,2
3TŻ5,2025-01-27,nieob. uspraw.,30
3TŻ5,2025-01-27,nieob. uspr. p.s.,2
3TŻ5,2025-01-29,nieobecność,1
3TŻ5,2025-02-18,spóźnienie,2
3TŻ5,2025-02-18,nieobecność,5
3TŻ5,2025-02-19,nieobecność,7
3TŻ5,2025-02-20,nieobecność,3
3TŻ5,2025-02-21,spóźnienie,3
3TŻ5,2025-02-24,nieobecność,4
3TŻ5,2025-02-24,spóźnienie,3
3TŻ5,2025-02-25,nieobecność,2
3TŻ5,2025-02-27,nieobecność,6
3TŻ5,2025-02-28,nieobecność,7
3TŻ5,2025-03-04,spóźnienie,1
3TŻ5,2025-03-05,nieobecność,2
3TŻ5,2025-03-07,spóźnienie,1
3TŻ5,2025-03-10,nieobecność,4
3TŻ5,2025-03-11,spóźnienie,1
3TŻ5,2025-03-11,nieobecność,3
3TŻ5,2025-03-13,nieobecność,2
3TŻ5,2025-03-14,nieobecność,6
3TŻ5,2025-03-17,nieob. uspraw.,16
3TŻ5,2025-03-18,nieobecność,7
3TŻ5,2024-09-05,nieobecność,1
3TŻ5,2024-09-06,nieobecność,8
3TŻ5,2024-09-09,nieobecność,8
3TŻ5,2024-09-11,nieobecność,2
3TŻ5,2024-09-17,nieobecność,9
3TŻ5,2024-09-23,nieob. uspraw.,14
3TŻ5,2024-09-26,nieob. uspraw.,29
3TŻ5,2024-09-27,nieob. uspraw.,35
3TŻ5,2024-09-30,nieobecność,8
3TŻ5,2024-10-01,nieobecność,2
3TŻ5,2024-10-03,nieobecność,3
3TŻ5,2024-10-04,nieob. uspr. p.s.,1
3TŻ5,2024-10-08,spóźnienie,2
3TŻ5,2024-10-08,nieob. uspr. p.s.,2
3TŻ5,2024-10-10,nieobecność,5
3TŻ5,2024-10-10,nieob. uspr. p.s.,1
3TŻ5,2024-10-15,nieobecność,14
3TŻ5,2024-10-21,nieobecność,7
3TŻ5,2024-10-24,nieobecność,11
3TŻ5,2024-10-31,nieobecność,24
3TŻ5,2024-11-04,nieobecność,18
3TŻ5,2024-11-15,spóźnienie,1
3TŻ5,2024-11-18,nieobecność,8
3TŻ5,2024-12-03,nieobecność,13
3TŻ5,2024-12-06,nieobecność,24
3TŻ5,2024-12-10,nieob. uspr. p.s.,2
3TŻ5,2024-12-12,nieobecność,9
3TŻ5,2024-12-16,nieob. uspraw.,10
3TŻ5,2024-12-17,nieob. uspr. p.s.,24
3TŻ5,2024-12-18,nieob. uspr. p.s.,1
3TŻ5,2024-12-19,nieob. uspr. p.s.,8
3TŻ5,2024-12-20,spóźnienie,1
3TŻ5,2025-01-07,nieobecność,7
3TŻ5,2025-01-07,nieob. uspr. p.s.,1
3TŻ5,2025-01-09,nieob. uspr. p.s.,7
3TŻ5,2025-01-15,spóźnienie,3
3TŻ5,2025-01-16,spóźnienie,1
3TŻ5,2025-01-17,nieob. uspr. p.s.,2
3TŻ5,2025-01-20,nieob. uspraw.,36
3TŻ5,2025-01-30,nieobecność,6
3TŻ5,2025-02-26,nieobecność,4
3TŻ5,2025-03-03,nieob. uspraw.,16
3TŻ5,2025-03-04,nieobecność,3
3TŻ5,2025-03-20,nieob. uspr. p.s.,11
3TŻ5,2025-03-21,nieobecność,6
3TŻ5,2025-03-24,nieob. uspr. p.s.,2
3TŻ5,2025-03-24,nieobecność,5
3TŻ5,2025-03-25,nieob. uspr. p.s.,18
3TŻ5,2025-04-10,nieobecność,10
3TŻ5,2025-04-14,nieobecność,5
3TŻ5,2025-04-16,nieobecność,5
3TŻ5,2025-04-23,spóźnienie,1
3TŻ5,2025-04-25,nieob. uspr. p.s.,9
3TŻ5,2025-05-12,nieob. uspr. p.s.,1
3TŻ5,2025-05-14,nieobecność,6
3TŻ5,2025-05-19,spóźnienie,1
3TŻ5,2025-05-28,nieobecność,4
3TŻ5,2025-06-02,spóźnienie,4
3TŻ5,2025-06-03,nieob. uspr. p.s.,2
3TŻ5,2025-06-16,nieob. uspr. p.s.,3
3TŻ5,2025-06-16,nieobecność,1
3TŻ5,2024-09-27,nieob. uspr. p.s.,1
3TŻ5,2024-10-28,nieob. uspr. p.s.,7
3TŻ5,2024-11-21,nieob. uspr. p.s.,5
3TŻ5,2024-11-26,nieob. uspr. p.s.,1
3TŻ5,2024-11-27,nieob. uspr. p.s.,9
3TŻ5,2024-12-02,nieob. uspr. p.s.,2
3TŻ5,2024-12-03,nieob. uspr. p.s.,5
3TŻ5,2025-01-22,nieobecność,2
3TŻ5,2025-01-24,nieob. uspr. p.s.,10
3TŻ5,2025-01-27,nieobecność,3
3TŻ5,2025-01-30,nieob. uspr. p.s.,2
3TŻ5,2025-01-31,nieobecność,3
3TŻ5,2025-02-18,nieob. uspr. p.s.,31
3TŻ5,2025-03-27,nieob. uspr. p.s.,14
3TŻ5,2025-04-03,nieobecność,4
3TŻ5,2025-04-04,nieob. uspr. p.s.,29
3TŻ5,2025-04-09,nieob. uspr. p.s.,2
3TŻ5,2025-04-23,nieobecność,12
3TŻ5,2025-04-24,nieob. uspr. p.s.,6
3TŻ5,2025-04-25,nieobecność,6
3TŻ5,2025-05-12,nieobecność,8
3TŻ5,2025-05-21,nieob. uspr. p.s.,4
3TŻ5,2025-06-13,spóźnienie,2
3TŻ5,2024-09-04,zwolniony,1
3TŻ5,2024-09-19,nieob. uspraw.,18
3TŻ5,2024-09-23,spóźn. uspr.,1
3TŻ5,2024-10-04,spóźn. uspr.,1
3TŻ5,2024-10-08,spóźn. uspr.,2
3TŻ5,2024-10-09,nieob. uspraw.,16
3TŻ5,2024-10-11,nieob. uspraw.,42
3TŻ5,2024-10-25,nieob. uspr. p.s.,2
3TŻ5,2024-11-15,spóźn. uspr.,1
3TŻ5,2024-12-13,nieob. uspraw.,7
3TŻ5,2024-12-16,spóźn. uspr.,1
3TŻ5,2024-12-19,spóźn. uspr.,1
3TŻ5,2025-01-07,spóźn. uspr.,1
3TŻ5,2025-01-28,nieob. uspraw.,18
3TŻ5,2025-02-20,spóźn. uspr.,1
3TŻ5,2025-02-21,spóźn. uspr.,1
3TŻ5,2025-02-24,spóźn. uspr.,1
3TŻ5,2025-02-24,nieob. uspraw.,30
3TŻ5,2025-02-27,nieob. uspraw.,1
3TŻ5,2025-03-04,nieob. uspraw.,16
3TŻ5,2025-03-11,nieob. uspraw.,2
3TŻ5,2025-03-14,spóźn. uspr.,1
3TŻ5,2025-03-18,nieob. uspraw.,9
3TŻ5,2025-03-25,spóźn. uspr.,1
3TŻ5,2025-03-31,spóźn. uspr.,5
3TŻ5,2025-04-14,nieob. uspraw.,16
3TŻ5,2025-04-23,spóźn. uspr.,1
3TŻ5,2025-05-19,spóźn. uspr.,1
3TŻ5,2025-05-21,spóźn. uspr.,1
3TŻ5,2025-05-30,nieob. uspr. p.s.,8
3TŻ5,2024-09-23,spóźnienie,1
3TŻ5,2024-09-26,nieobecność,1
3TŻ5,2024-10-04,spóźnienie,1
3TŻ5,2024-10-04,nieobecność,1
3TŻ5,2024-10-29,nieobecność,2
3TŻ5,2024-11-15,nieob. uspr. p.s.,1
3TŻ5,2024-11-15,nieobecność,8
3TŻ5,2024-12-13,nieobecność,15
3TŻ5,2025-01-13,nieobecność,3
3TŻ5,2025-01-15,nieob. uspraw.,16
3TŻ5,2025-01-17,nieobecność,7
3TŻ5,2025-01-31,nieob. uspr. p.s.,2
3TŻ5,2025-02-17,nieobecność,4
3TŻ5,2025-02-21,nieobecność,4
3TŻ5,2025-03-12,nieob. uspraw.,20
3TŻ5,2025-03-25,spóźnienie,1
3TŻ5,2025-03-26,nieobecność,2
3TŻ5,2025-03-27,nieobecność,4
3TŻ5,2025-04-04,nieobecność,1
3TŻ5,2025-04-08,nieobecność,3
3TŻ5,2025-04-09,nieobecność,2
3TŻ5,2025-04-11,nieobecność,6
3TŻ5,2025-04-14,spóźnienie,1
3TŻ5,2025-05-23,nieob. uspraw.,32
3TŻ5,2025-05-27,nieobecność,3
3TŻ5,2025-05-30,nieobecność,1
3TŻ5,2025-06-03,nieobecność,6
3TŻ5,2025-06-06,nieob. uspr. p.s.,1
3TŻ5,2025-06-06,nieobecność,1
3TŻ5,2025-06-12,nieob. uspraw.,38
3TŻ5,2024-10-18,nieobecność,4
3TŻ5,2024-11-08,nieob. uspr. p.s.,1
3TŻ5,2024-11-27,nieobecność,2
3TŻ5,2024-12-17,spóźnienie,1
3TŻ5,2025-01-24,nieobecność,1
3TŻ5,2025-02-25,spóźnienie,3
3TŻ5,2025-03-21,nieob. uspr. p.s.,1
3TŻ5,2025-03-28,spóźnienie,1
3TŻ5,2025-04-15,spóźnienie,1
3TŻ5,2024-09-04,nieobecność,3
3TŻ5,2024-09-18,nieobecność,2
3TŻ5,2024-10-17,nieob. uspraw.,8
3TŻ5,2024-10-23,nieob. uspraw.,16
3TŻ5,2024-10-24,nieob. uspraw.,8
3TŻ5,2024-11-26,nieobecność,2
3TŻ5,2024-12-06,nieob. uspr. p.s.,24
3TŻ5,2025-01-09,nieob. uspraw.,7
3TŻ5,2025-03-14,nieob. uspraw.,19
3TŻ5,2025-03-27,nieob. uspraw.,8
3TŻ5,2025-04-09,nieob. uspraw.,17
3TŻ5,2024-09-04,nieob. uspraw.,10
3TŻ5,2024-10-29,nieob. uspraw.,16
3TŻ5,2024-10-30,nieob. uspraw.,8
3TŻ5,2024-11-14,nieobecność,2
3TŻ5,2024-09-06,nieob. uspraw.,8
3TŻ5,2024-11-05,nieobecność,9
3TŻ5,2025-01-14,nieobecność,3
3TŻ5,2025-01-16,nieob. uspraw.,16
3TŻ5,2025-03-26,nieob. uspraw.,7
3TŻ5,2025-04-01,nieob. uspraw.,14
3TŻ5,2025-05-20,nieob. uspraw.,12
3TŻ5,2025-06-10,nieob. uspraw.,64
3TŻ5,2025-06-11,nieob. uspr. p.s.,64
3TŻ5,2024-09-13,nieob. uspraw.,3
3TŻ5,2024-10-30,nieob. uspr. p.s.,7
3TŻ5,2025-02-24,nieob. uspr. p.s.,1
3TŻ5,2025-03-07,nieob. uspr. p.s.,8
3TŻ5,2025-03-31,nieob. uspr. p.s.,6
3TŻ5,2025-04-01,nieob. uspr. p.s.,7
3TŻ5,2025-04-02,nieob. uspr. p.s.,8
3TŻ5,2025-04-10,nieob. uspr. p.s.,10
3TŻ5,2025-05-13,nieob. uspr. p.s.,2
3TŻ5,2025-05-20,nieob. uspr. p.s.,2
3TŻ5,2025-05-27,nieob. uspr. p.s.,2
3TŻ5,2025-05-28,nieob. uspr. p.s.,8
3TŻ5,2025-05-29,nieob. uspr. p.s.,7
3TŻ5,2025-06-13,nieob. uspr. p.s.,8
3TŻ5,2024-09-10,nieobecność,1
3TŻ5,2024-10-07,spóźnienie,1
3TŻ5,2024-10-16,nieobecność,1
3TŻ5,2025-03-12,nieobecność,2
3TŻ5,2025-03-19,nieobecność,2
3TŻ5,2025-03-25,nieobecność,1
3TŻ5,2025-03-28,nieobecność,1
3TŻ5,2025-04-07,nieobecność,1
3TŻ5,2024-11-20,nieob. uspraw.,8
3TŻ5,2025-04-08,nieob. uspraw.,8
3TŻ5,2024-09-17,nieob. uspraw.,9
3TŻ5,2024-12-13,nieob. uspr. p.s.,1
3TŻ5,2025-01-08,nieob. uspraw.,7
3TŻ5,2025-01-28,nieobecność,2
3TŻ5,2025-02-20,nieob. uspraw.,6
3TŻ5,2025-05-26,nieobecność,1
3TŻ5,2025-06-16,spóźnienie,1
3TŻ5,2024-09-24,spóźn. uspr.,1
3TŻ5,2025-01-16,spóźn. uspr.,1
3TŻ5,2025-05-16,nieob. uspraw.,8
4RŻ5,2024-09-30,obecność,158
4RŻ5,2024-10-01,obecność,147
4RŻ5,2024-10-02,obecność,147
4RŻ5,2024-10-03,obecność,147
4RŻ5,2024-10-03,spóźnienie,4
4RŻ5,2024-10-04,obecność,129
4RŻ5,2024-10-07,obecność,176
4RŻ5,2024-10-08,obecność,153
4RŻ5,2024-10-08,nieob. uspr. p.s.,10
4RŻ5,2024-10-09,obecność,143
4RŻ5,2024-10-09,nieob. uspr. p.s.,9
4RŻ5,2024-10-10,obecność,150
4RŻ5,2024-10-10,nieob. uspr. p.s.,8
4RŻ5,2024-10-11,nieob. uspr. p.s.,10
4RŻ5,2024-10-15,obecność,119
4RŻ5,2024-10-15,nieob. uspraw.,35
4RŻ5,2024-10-16,nieob. uspr. p.s.,37
4RŻ5,2024-10-16,obecność,102
4RŻ5,2024-10-17,obecność,117
4RŻ5,2024-10-18,obecność,66
4RŻ5,2024-10-18,nieobecność,1
4RŻ5,2024-10-21,obecność,165
4RŻ5,2024-10-22,obecność,129
4RŻ5,2024-10-22,nieob. uspr. p.s.,23
4RŻ5,2024-10-23,nieob. uspr. p.s.,17
4RŻ5,2024-10-24,obecność,149
4RŻ5,2024-10-25,nieob. uspr. p.s.,19
4RŻ5,2024-10-28,obecność,135
4RŻ5,2024-10-29,obecność,129
4RŻ5,2024-10-30,nieobecność,1
4RŻ5,2024-10-30,obecność,147
4RŻ5,2024-10-31,nieob. uspraw.,76
4RŻ5,2024-11-04,obecność,128
4RŻ5,2024-11-05,nieob. uspr. p.s.,14
4RŻ5,2024-11-06,obecność,147
4RŻ5,2024-11-06,nieobecność,3
4RŻ5,2024-11-07,obecność,142
4RŻ5,2024-11-08,nieob. uspraw.,24
4RŻ5,2024-11-12,nieob. uspr. p.s.,17
4RŻ5,2024-11-12,nieob. uspraw.,23
4RŻ5,2024-11-13,spóźn. uspr.,1
4RŻ5,2024-11-13,obecność,142
4RŻ5,2024-11-14,obecność,143
4RŻ5,2024-11-15,obecność,69
4RŻ5,2024-11-18,nieob. uspraw.,34
4RŻ5,2024-11-19,obecność,154
4RŻ5,2024-11-19,spóźnienie,3
4RŻ5,2024-11-20,obecność,152
4RŻ5,2024-11-21,obecność,158
4RŻ5,2024-11-22,obecność,117
4RŻ5,2024-11-22,nieobecność,12
4RŻ5,2024-11-25,obecność,166
4RŻ5,2024-11-26,obecność,97
4RŻ5,2024-11-26,nieobecność,2
4RŻ5,2024-11-27,obecność,106
4RŻ5,2024-11-28,nieob. uspraw.,43
4RŻ5,2024-11-29,obecność,77
4RŻ5,2024-12-02,obecność,171
4RŻ5,2024-12-03,obecność,148
4RŻ5,2024-12-04,nieob. uspraw.,15
4RŻ5,2024-12-05,obecność,80
4RŻ5,2024-12-05,nieob. uspr. p.s.,77
4RŻ5,2024-12-06,nieob. uspraw.,31
4RŻ5,2024-12-09,obecność,172
4RŻ5,2024-12-10,nieob. uspraw.,23
4RŻ5,2024-12-11,obecność,126
4RŻ5,2024-12-12,obecność,119
4RŻ5,2024-12-12,nieob. uspraw.,21
4RŻ5,2024-12-12,nieobecność,23
4RŻ5,2024-12-13,nieob. uspraw.,37
4RŻ5,2024-12-16,obecność,162
4RŻ5,2024-12-17,obecność,122
4RŻ5,2024-12-17,nieobecność,11
4RŻ5,2024-12-18,nieob. uspraw.,24
4RŻ5,2024-12-19,nieob. uspraw.,58
4RŻ5,2024-12-20,nieob. uspraw.,111
4RŻ5,2024-12-20,obecność,40
4RŻ5,2025-01-07,obecność,123
4RŻ5,2025-01-07,nieobecność,13
4RŻ5,2025-01-08,obecność,112
4RŻ5,2025-01-09,nieob. uspraw.,25
4RŻ5,2025-01-10,obecność,65
4RŻ5,2025-01-10,nieobecność,19
4RŻ5,2025-01-13,obecność,132
4RŻ5,2025-01-14,obecność,134
4RŻ5,2025-01-15,obecność,136
4RŻ5,2025-01-16,obecność,146
4RŻ5,2025-01-16,nieobecność,19
4RŻ5,2025-01-17,obecność,76
4RŻ5,2025-01-17,nieob. uspraw.,33
4RŻ5,2025-01-20,nieob. uspraw.,59
4RŻ5,2025-01-21,obecność,129
4RŻ5,2025-01-22,nieob. uspraw.,26
4RŻ5,2025-01-23,nieob. uspraw.,19
4RŻ5,2025-01-24,obecność,104
4RŻ5,2025-01-24,nieobecność,16
4RŻ5,2025-01-27,obecność,143
4RŻ5,2025-01-28,obecność,132
4RŻ5,2025-01-29,obecność,109
4RŻ5,2025-01-29,nieobecność,4
4RŻ5,2025-01-30,obecność,91
4RŻ5,2025-01-31,nieob. uspraw.,114
4RŻ5,2025-02-17,nieob. uspraw.,79
4RŻ5,2025-02-18,obecność,132
4RŻ5,2025-02-19,obecność,82
4RŻ5,2025-02-20,obecność,104
4RŻ5,2025-02-20,nieobecność,6
4RŻ5,2025-02-21,obecność,107
4RŻ5,2025-02-24,nieob. uspraw.,48
4RŻ5,2025-02-25,obecność,96
4RŻ5,2025-02-25,nieobecność,9
4RŻ5,2025-02-26,obecność,122
4RŻ5,2025-02-26,nieobecność,17
4RŻ5,2025-02-27,obecność,114
4RŻ5,2025-02-28,obecność,102
4RŻ5,2025-02-28,nieobecność,32
4RŻ5,2025-03-03,nieob. uspraw.,77
4RŻ5,2025-03-04,obecność,110
4RŻ5,2025-03-04,nieobecność,7
4RŻ5,2025-03-05,obecność,121
4RŻ5,2025-03-05,spóźnienie,10
4RŻ5,2025-03-05,nieobecność,8
4RŻ5,2025-03-06,obecność,105
4RŻ5,2025-03-06,nieobecność,6
4RŻ5,2025-03-07,nieob. uspraw.,55
4RŻ5,2025-03-10,nieob. uspraw.,51
4RŻ5,2025-03-11,obecność,102
4RŻ5,2025-03-12,obecność,121
4RŻ5,2025-03-12,spóźnienie,3
4RŻ5,2025-03-13,obecność,99
4RŻ5,2025-03-13,nieob. uspraw.,26
4RŻ5,2025-03-14,obecność,87
4RŻ5,2025-03-17,obecność,149
4RŻ5,2025-03-18,obecność,147
4RŻ5,2025-03-19,obecność,124
4RŻ5,2025-03-19,nieobecność,11
4RŻ5,2025-03-20,obecność,124
4RŻ5,2025-03-20,nieobecność,14
4RŻ5,2025-03-21,nieob. uspraw.,130
4RŻ5,2025-03-24,nieob. uspraw.,40
4RŻ5,2025-03-25,obecność,153
4RŻ5,2025-03-26,nieobecność,2
4RŻ5,2025-03-26,obecność,156
4RŻ5,2025-03-27,obecność,99
4RŻ5,2025-03-27,nieobecność,25
4RŻ5,2025-03-28,obecność,115
4RŻ5,2025-03-28,nieobecność,19
4RŻ5,2025-03-31,obecność,157
4RŻ5,2025-04-01,nieob. uspraw.,40
4RŻ5,2025-04-01,obecność,121
4RŻ5,2025-04-02,nieob. uspraw.,49
4RŻ5,2025-04-03,obecność,114
4RŻ5,2025-04-03,nieobecność,13
4RŻ5,2025-04-04,nieob. uspraw.,28
4RŻ5,2025-04-07,obecność,166
4RŻ5,2025-04-08,nieob. uspraw.,41
4RŻ5,2025-04-09,nieob. uspraw.,28
4RŻ5,2025-04-10,obecność,122
4RŻ5,2025-04-10,nieob. uspraw.,20
4RŻ5,2025-04-11,obecność,120
4RŻ5,2025-04-11,nieobecność,20
4RŻ5,2025-04-14,obecność,151
4RŻ5,2025-04-15,obecność,145
4RŻ5,2025-04-15,nieobecność,17
4RŻ5,2025-04-16,obecność,133
4RŻ5,2025-04-23,obecność,125
4RŻ5,2025-04-23,nieobecność,5
4RŻ5,2025-04-24,obecność,138
4RŻ5,2025-04-25,obecność,111
4RŻ5,2025-04-28,obecność,118
4RŻ5,2025-04-29,obecność,124
4RŻ5,2025-04-30,obecność,74
4RŻ5,2025-04-30,nieob. uspraw.,71
4RŻ5,2025-05-07,obecność,80
4RŻ5,2025-05-07,nieob. uspraw.,63
4RŻ5,2025-05-08,obecność,109
4RŻ5,2025-05-09,nieobecność,25
4RŻ5,2025-05-09,obecność,65
4RŻ5,2025-05-12,obecność,161
4RŻ5,2025-05-13,nieob. uspraw.,25
4RŻ5,2025-05-14,obecność,153
4RŻ5,2025-05-15,obecność,156
4RŻ5,2025-05-16,nieobecność,13
4RŻ5,2025-05-16,obecność,76
4RŻ5,2025-05-19,obecność,160
4RŻ5,2025-05-20,obecność,121
4RŻ5,2025-05-20,nieob. uspraw.,32
4RŻ5,2025-05-21,obecność,90
4RŻ5,2025-05-21,nieobecność,19
4RŻ5,2025-05-22,obecność,142
4RŻ5,2025-05-22,nieob. uspraw.,12
4RŻ5,2025-05-23,obecność,168
4RŻ5,2025-05-26,obecność,160
4RŻ5,2025-05-27,obecność,144
4RŻ5,2025-05-28,obecność,136
4RŻ5,2025-05-29,spóźnienie,5
4RŻ5,2025-05-29,obecność,137
4RŻ5,2025-05-29,nieobecność,9
4RŻ5,2025-05-30,nieob. uspraw.,110
4RŻ5,2025-06-02,obecność,120
4RŻ5,2025-06-03,spóźnienie,6
4RŻ5,2025-06-03,obecność,135
4RŻ5,2025-06-04,nieob. uspraw.,19
4RŻ5,2025-06-04,obecność,141
4RŻ5,2025-06-05,obecność,135
4RŻ5,2025-06-06,obecność,97
4RŻ5,2025-06-06,nieob. uspraw.,50
4RŻ5,2025-06-09,obecność,163
4RŻ5,2025-06-10,obecność,66
4RŻ5,2025-06-10,nieobecność,9
4RŻ5,2025-06-11,nieob. uspraw.,121
4RŻ5,2025-06-12,nieob. uspraw.,110
4RŻ5,2025-06-13,nieob. uspraw.,145
4RŻ5,2025-06-16,nieob. uspraw.,160
4RŻ5,2025-06-17,nieob. uspraw.,116
4RŻ5,2025-06-18,nieob. uspraw.,58
4RŻ5,2025-06-23,nieob. uspraw.,120
4RŻ5,2025-06-24,nieob. uspraw.,175
4RŻ5,2025-06-25,nieob. uspraw.,175
4RŻ5,2025-06-26,nieobecność,174
4RŻ5,2025-06-27,,168
4RŻ5,2024-10-11,obecność,109
4RŻ5,2024-10-23,obecność,138
4RŻ5,2024-10-25,obecność,102
4RŻ5,2024-10-25,nieob. uspraw.,16
4RŻ5,2024-10-30,nieob. uspraw.,31
4RŻ5,2024-11-05,obecność,135
4RŻ5,2024-11-08,obecność,109
4RŻ5,2024-11-08,nieobecność,5
4RŻ5,2024-11-12,obecność,122
4RŻ5,2024-11-13,spóźnienie,2
4RŻ5,2024-11-28,obecność,121
4RŻ5,2024-11-28,nieobecność,7
4RŻ5,2024-12-04,obecność,64
4RŻ5,2024-12-04,nieob. uspr. p.s.,96
4RŻ5,2024-12-13,obecność,103
4RŻ5,2024-12-18,obecność,134
4RŻ5,2024-12-19,obecność,64
4RŻ5,2024-12-19,nieobecność,7
4RŻ5,2025-01-09,obecność,81
4RŻ5,2025-01-17,nieobecność,26
4RŻ5,2025-01-20,nieobecność,29
4RŻ5,2025-01-22,obecność,115
4RŻ5,2025-01-23,obecność,156
4RŻ5,2025-02-20,nieob. uspraw.,18
4RŻ5,2025-02-21,spóźnienie,3
4RŻ5,2025-02-24,obecność,112
4RŻ5,2025-02-25,nieob. uspraw.,58
4RŻ5,2025-02-28,nieob. uspraw.,41
4RŻ5,2025-03-06,nieob. uspraw.,43
4RŻ5,2025-03-10,obecność,133
4RŻ5,2025-03-20,nieob. uspraw.,23
4RŻ5,2025-03-27,nieob. uspraw.,37
4RŻ5,2025-03-28,nieob. uspraw.,14
4RŻ5,2025-04-02,obecność,117
4RŻ5,2025-04-03,nieob. uspraw.,22
4RŻ5,2025-04-04,obecność,117
4RŻ5,2025-04-08,obecność,114
4RŻ5,2025-04-09,obecność,115
4RŻ5,2025-04-30,nieobecność,20
4RŻ5,2025-05-13,obecność,100
4RŻ5,2025-06-06,nieobecność,13
4RŻ5,2025-06-18,nieobecność,117
4RŻ5,2024-10-01,spóźnienie,3
4RŻ5,2024-10-15,nieobecność,11
4RŻ5,2024-10-29,spóźnienie,1
4RŻ5,2024-10-31,obecność,79
4RŻ5,2024-10-31,nieobecność,3
4RŻ5,2024-11-05,nieobecność,3
4RŻ5,2024-11-12,spóźn. uspr.,1
4RŻ5,2024-11-13,nieob. uspraw.,22
4RŻ5,2024-11-14,nieob. uspraw.,7
4RŻ5,2024-11-15,nieob. uspraw.,23
4RŻ5,2024-11-18,obecność,140
4RŻ5,2024-11-21,nieobecność,7
4RŻ5,2024-11-26,nieob. uspraw.,66
4RŻ5,2024-11-27,nieob. uspraw.,39
4RŻ5,2024-12-06,obecność,83
4RŻ5,2024-12-06,nieobecność,16
4RŻ5,2024-12-10,obecność,145
4RŻ5,2024-12-10,spóźnienie,6
4RŻ5,2024-12-19,spóźnienie,6
4RŻ5,2025-01-07,nieob. uspraw.,9
4RŻ5,2025-01-08,nieob. uspraw.,27
4RŻ5,2025-01-10,nieob. uspraw.,22
4RŻ5,2025-01-21,nieobecność,27
4RŻ5,2025-01-28,nieobecność,9
4RŻ5,2025-01-30,nieobecność,9
4RŻ5,2025-02-17,obecność,107
4RŻ5,2025-02-19,nieob. uspraw.,23
4RŻ5,2025-02-27,nieobecność,1
4RŻ5,2025-03-06,spóźnienie,2
4RŻ5,2025-03-07,obecność,26
4RŻ5,2025-03-11,nieobecność,9
4RŻ5,2025-03-12,nieobecność,1
4RŻ5,2025-03-13,nieobecność,5
4RŻ5,2025-03-18,nieobecność,7
4RŻ5,2025-03-19,spóźnienie,4
4RŻ5,2025-03-21,nieob. uspr. p.s.,10
4RŻ5,2025-03-24,obecność,142
4RŻ5,2025-03-25,nieobecność,9
4RŻ5,2025-03-25,spóźnienie,2
4RŻ5,2025-04-01,nieobecność,12
4RŻ5,2025-04-02,nieobecność,13
4RŻ5,2025-04-04,nieobecność,14
4RŻ5,2025-04-08,nieobecność,18
4RŻ5,2025-04-11,nieob. uspraw.,8
4RŻ5,2025-04-23,nieob. uspraw.,47
4RŻ5,2025-04-24,nieob. uspraw.,19
4RŻ5,2025-04-25,nieob. uspraw.,54
4RŻ5,2025-05-07,nieobecność,20
4RŻ5,2025-05-16,nieob. uspraw.,19
4RŻ5,2025-05-22,nieob. uspr. p.s.,10
4RŻ5,2025-05-27,nieobecność,1
4RŻ5,2025-05-29,nieob. uspraw.,28
4RŻ5,2025-06-02,nieob. uspraw.,72
4RŻ5,2025-06-03,nieob. uspraw.,22
4RŻ5,2025-06-05,nieob. uspraw.,27
4RŻ5,2025-06-06,spóźn. uspr.,2
4RŻ5,2025-06-10,spóźnienie,3
4RŻ5,2025-06-11,obecność,42
4RŻ5,2025-06-11,nieobecność,7
4RŻ5,2025-06-11,spóźnienie,4
4RŻ5,2025-06-12,obecność,34
4RŻ5,2025-06-12,nieobecność,9
4RŻ5,2025-06-16,obecność,32
4RŻ5,2025-06-17,obecność,8
4RŻ5,2025-06-23,obecność,72
4RŻ5,2024-10-09,spóźnienie,5
4RŻ5,2024-10-10,spóźnienie,7
4RŻ5,2024-10-11,spóźnienie,1
4RŻ5,2024-10-23,spóźnienie,4
4RŻ5,2024-10-29,nieob. uspraw.,24
4RŻ5,2024-10-31,spóźnienie,2
4RŻ5,2024-11-05,spóźnienie,3
4RŻ5,2024-11-07,spóźnienie,6
4RŻ5,2024-11-12,nieobecność,8
4RŻ5,2024-11-12,spóźnienie,4
4RŻ5,2024-11-13,nieobecność,5
4RŻ5,2024-11-14,spóźnienie,1
4RŻ5,2024-11-14,nieobecność,1
4RŻ5,2024-11-20,nieobecność,4
4RŻ5,2024-12-06,nieob. uspr. p.s.,21
4RŻ5,2024-12-19,nieob. uspr. p.s.,27
4RŻ5,2025-01-08,nieob. uspr. p.s.,28
4RŻ5,2025-01-10,nieob. uspr. p.s.,21
4RŻ5,2025-01-17,nieob. uspr. p.s.,15
4RŻ5,2025-01-20,obecność,76
4RŻ5,2025-01-23,nieobecność,10
4RŻ5,2025-02-17,nieobecność,6
4RŻ5,2025-02-18,spóźnienie,1
4RŻ5,2025-02-19,nieob. uspr. p.s.,48
4RŻ5,2025-02-25,spóźnienie,1
4RŻ5,2025-02-27,spóźnienie,6
4RŻ5,2025-03-04,spóźnienie,2
4RŻ5,2025-03-05,nieob. uspr. p.s.,21
4RŻ5,2025-03-11,spóźnienie,3
4RŻ5,2025-03-12,nieob. uspr. p.s.,31
4RŻ5,2025-04-01,spóźnienie,3
4RŻ5,2025-04-10,spóźnienie,7
4RŻ5,2025-04-16,nieobecność,14
4RŻ5,2025-04-23,spóźnienie,2
4RŻ5,2025-04-24,spóźnienie,1
4RŻ5,2025-04-29,nieobecność,15
4RŻ5,2025-05-08,nieobecność,23
4RŻ5,2025-05-27,nieob. uspraw.,29
4RŻ5,2025-05-28,spóźnienie,2
4RŻ5,2025-05-28,nieobecność,4
4RŻ5,2025-06-03,spóźn. uspr.,1
4RŻ5,2025-06-04,spóźnienie,3
4RŻ5,2025-06-05,nieobecność,15
4RŻ5,2025-06-06,spóźnienie,6
4RŻ5,2024-10-01,nieob. uspr. p.s.,9
4RŻ5,2024-10-15,nieob. uspr. p.s.,15
4RŻ5,2024-10-18,nieob. uspr. p.s.,18
4RŻ5,2024-10-22,nieob. uspraw.,25
4RŻ5,2024-10-28,nieob. uspraw.,40
4RŻ5,2024-11-14,nieob. uspr. p.s.,15
4RŻ5,2024-11-18,nieobecność,18
4RŻ5,2024-11-19,nieobecność,1
4RŻ5,2024-11-28,nieob. uspr. p.s.,15
4RŻ5,2024-12-03,nieob. uspr. p.s.,17
4RŻ5,2024-12-09,nieob. uspr. p.s.,1
4RŻ5,2024-12-10,nieob. uspr. p.s.,6
4RŻ5,2024-12-11,nieob. uspraw.,14
4RŻ5,2024-12-12,nieob. uspr. p.s.,23
4RŻ5,2024-12-13,nieob. uspr. p.s.,4
4RŻ5,2024-12-16,nieob. uspr. p.s.,12
4RŻ5,2024-12-17,nieob. uspr. p.s.,11
4RŻ5,2024-12-18,nieob. uspr. p.s.,19
4RŻ5,2025-01-07,nieob. uspr. p.s.,18
4RŻ5,2025-01-08,nieobecność,13
4RŻ5,2025-01-09,nieob. uspr. p.s.,30
4RŻ5,2025-01-14,nieob. uspr. p.s.,16
4RŻ5,2025-01-21,nieob. uspr. p.s.,16
4RŻ5,2025-01-24,nieob. uspraw.,17
4RŻ5,2025-01-27,nieob. uspraw.,33
4RŻ5,2025-01-29,nieob. uspr. p.s.,22
4RŻ5,2025-01-30,nieob. uspraw.,20
4RŻ5,2025-02-18,nieob. uspr. p.s.,30
4RŻ5,2025-02-21,nieob. uspr. p.s.,10
4RŻ5,2025-02-25,nieob. uspr. p.s.,15
4RŻ5,2025-02-27,nieob. uspr. p.s.,16
4RŻ5,2025-03-03,obecność,98
4RŻ5,2025-03-04,nieob. uspr. p.s.,16
4RŻ5,2025-03-07,nieob. uspr. p.s.,2
4RŻ5,2025-03-11,nieob. uspraw.,18
4RŻ5,2025-03-12,nieob. uspraw.,23
4RŻ5,2025-03-14,nieob. uspraw.,14
4RŻ5,2025-03-17,nieob. uspraw.,27
4RŻ5,2025-03-18,nieob. uspraw.,21
4RŻ5,2025-03-19,nieob. uspraw.,39
4RŻ5,2025-03-26,nieob. uspraw.,8
4RŻ5,2025-03-31,nieob. uspraw.,35
4RŻ5,2025-04-10,nieob. uspr. p.s.,6
4RŻ5,2025-05-08,nieob. uspr. p.s.,23
4RŻ5,2025-05-09,nieob. uspr. p.s.,15
4RŻ5,2025-05-12,nieob. uspr. p.s.,2
4RŻ5,2025-05-20,zwolniony,2
4RŻ5,2025-06-05,nieob. uspr. p.s.,3
4RŻ5,2025-06-12,nieob. uspr. p.s.,3
4RŻ5,2025-06-13,obecność,8
4RŻ5,2025-06-13,zwolniony,1
4RŻ5,2025-06-17,nieob. uspr. p.s.,3
4RŻ5,2025-01-13,nieob. uspr. p.s.,14
4RŻ5,2025-01-24,nieob. uspr. p.s.,14
4RŻ5,2025-01-28,nieob. uspr. p.s.,18
4RŻ5,2025-01-31,obecność,18
4RŻ5,2025-02-24,nieob. uspr. p.s.,24
4RŻ5,2025-03-06,nieob. uspr. p.s.,4
4RŻ5,2025-04-07,nieob. uspraw.,8
4RŻ5,2025-04-15,nieob. uspraw.,17
4RŻ5,2024-10-04,nieob. uspr. p.s.,1
4RŻ5,2024-10-16,nieob. uspraw.,38
4RŻ5,2024-10-18,nieob. uspraw.,47
4RŻ5,2024-10-21,nieob. uspraw.,26
4RŻ5,2024-10-23,nieob. uspraw.,15
4RŻ5,2024-10-24,nieob. uspraw.,19
4RŻ5,2024-11-27,nieob. uspr. p.s.,9
4RŻ5,2024-11-29,nieob. uspr. p.s.,7
4RŻ5,2024-12-02,nieob. uspr. p.s.,10
4RŻ5,2024-12-03,nieob. uspraw.,15
4RŻ5,2024-12-11,nieob. uspr. p.s.,4
4RŻ5,2025-01-15,nieob. uspr. p.s.,12
4RŻ5,2025-01-17,spóźnienie,1
4RŻ5,2025-01-22,nieob. uspr. p.s.,14
4RŻ5,2025-01-23,spóźnienie,1
4RŻ5,2025-02-27,nieob. uspraw.,25
4RŻ5,2025-03-06,zwolniony,2
4RŻ5,2025-03-28,spóźnienie,1
4RŻ5,2025-04-16,nieob. uspraw.,32
4RŻ5,2025-04-29,nieob. uspraw.,33
4RŻ5,2025-06-09,nieob. uspraw.,26
4RŻ5,2025-06-10,nieob. uspraw.,97
4RŻ5,2024-10-09,nieob. uspraw.,23
4RŻ5,2024-10-17,nieob. uspraw.,36
4RŻ5,2024-10-28,nieob. uspr. p.s.,16
4RŻ5,2024-12-04,nieobecność,5
4RŻ5,2025-01-20,nieob. uspr. p.s.,16
4RŻ5,2025-02-20,nieob. uspr. p.s.,11
4RŻ5,2025-03-03,nieob. uspr. p.s.,16
4RŻ5,2025-03-13,nieob. uspr. p.s.,14
4RŻ5,2025-03-14,nieobecność,3
4RŻ5,2025-03-18,nieob. uspr. p.s.,4
4RŻ5,2025-03-19,nieob. uspr. p.s.,1
4RŻ5,2025-03-20,nieob. uspr. p.s.,2
4RŻ5,2025-04-09,nieobecność,24
4RŻ5,2025-04-14,nieob. uspraw.,34
4RŻ5,2025-04-28,nieob. uspr. p.s.,16
4RŻ5,2025-04-29,nieob. uspr. p.s.,14
4RŻ5,2025-04-30,nieob. uspr. p.s.,15
4RŻ5,2025-05-07,nieob. uspr. p.s.,16
4RŻ5,2025-05-19,spóźn. uspr.,1
4RŻ5,2025-05-21,nieob. uspraw.,11
4RŻ5,2024-10-01,nieob. uspraw.,20
4RŻ5,2024-10-03,nieob. uspraw.,35
4RŻ5,2024-10-04,nieob. uspraw.,19
4RŻ5,2024-10-07,nieob. uspraw.,16
4RŻ5,2024-10-08,nieob. uspraw.,11
4RŻ5,2024-10-23,spóźn. uspr.,1
4RŻ5,2024-11-04,nieob. uspraw.,45
4RŻ5,2024-11-05,nieob. uspraw.,25
4RŻ5,2024-11-06,nieob. uspraw.,4
4RŻ5,2024-11-07,nieob. uspraw.,24
4RŻ5,2024-11-20,nieob. uspraw.,17
4RŻ5,2024-11-25,nieob. uspraw.,26
4RŻ5,2024-12-05,nieob. uspraw.,1
4RŻ5,2024-12-05,spóźn. uspr.,1
4RŻ5,2024-12-09,nieob. uspraw.,16
4RŻ5,2024-12-16,nieob. uspraw.,6
4RŻ5,2024-12-17,nieob. uspraw.,24
4RŻ5,2025-01-14,nieob. uspraw.,26
4RŻ5,2025-01-15,nieob. uspraw.,20
4RŻ5,2025-01-16,nieob. uspraw.,4
4RŻ5,2025-01-16,spóźn. uspr.,1
4RŻ5,2025-01-21,nieob. uspraw.,8
4RŻ5,2025-01-29,nieob. uspraw.,32
4RŻ5,2025-02-18,nieob. uspraw.,16
4RŻ5,2025-02-21,nieob. uspraw.,22
4RŻ5,2025-02-25,spóźn. uspr.,1
4RŻ5,2025-02-27,spóźn. uspr.,1
4RŻ5,2025-03-04,nieob. uspraw.,45
4RŻ5,2025-03-05,spóźn. uspr.,1
4RŻ5,2025-03-06,spóźn. uspr.,1
4RŻ5,2025-03-12,spóźn. uspr.,1
4RŻ5,2025-03-25,nieob. uspraw.,16
4RŻ5,2025-03-27,spóźn. uspr.,1
4RŻ5,2025-04-01,spóźn. uspr.,3
4RŻ5,2025-04-10,spóźn. uspr.,2
4RŻ5,2025-04-14,spóźnienie,4
4RŻ5,2025-04-28,nieob. uspraw.,42
4RŻ5,2025-05-12,nieobecność,2
4RŻ5,2025-05-13,nieobecność,1
4RŻ5,2025-05-19,nieobecność,3
4RŻ5,2025-05-20,nieobecność,15
4RŻ5,2025-05-22,nieobecność,4
4RŻ5,2025-05-26,nieob. uspraw.,32
4RŻ5,2025-06-09,nieobecność,3
4RŻ5,2024-10-04,nieobecność,2
4RŻ5,2024-10-23,nieobecność,5
4RŻ5,2024-11-08,spóźnienie,2
4RŻ5,2024-11-29,nieobecność,1
4RŻ5,2024-12-02,nieobecność,3
4RŻ5,2024-12-09,spóźnienie,1
4RŻ5,2024-12-13,spóźnienie,4
4RŻ5,2025-01-13,nieob. uspraw.,40
4RŻ5,2025-01-16,nieob. uspr. p.s.,16
4RŻ5,2025-01-22,nieobecność,13
4RŻ5,2025-02-18,nieobecność,1
4RŻ5,2025-02-19,nieobecność,3
4RŻ5,2025-04-07,nieobecność,2
4RŻ5,2025-04-25,nieobecność,10
4RŻ5,2025-05-09,nieob. uspraw.,27
4RŻ5,2025-05-19,spóźnienie,4
4RŻ5,2024-10-02,nieobecność,2
4RŻ5,2024-10-08,spóźnienie,5
4RŻ5,2024-10-22,nieobecność,3
4RŻ5,2024-10-25,nieobecność,2
4RŻ5,2024-11-27,nieobecność,2
4RŻ5,2024-11-29,nieob. uspraw.,22
4RŻ5,2024-12-18,nieobecność,3
4RŻ5,2025-04-11,spóźn. uspr.,1
4RŻ5,2025-05-08,nieob. uspraw.,32
4RŻ5,2025-05-14,nieob. uspraw.,4
4RŻ5,2025-05-29,spóźn. uspr.,1
4RŻ5,2025-06-04,nieobecność,11
4RŻ5,2024-10-24,spóźnienie,2
4RŻ5,2024-12-09,nieobecność,2
4RŻ5,2025-01-27,nieob. uspr. p.s.,16
4RŻ5,2025-02-26,nieob. uspr. p.s.,14
4RŻ5,2025-03-24,spóźnienie,2
4RŻ5,2025-04-14,nieobecność,2
4RŻ5,2025-05-12,nieob. uspraw.,27
4RŻ5,2024-10-03,zwolniony,1
4RŻ5,2024-10-10,zwolniony,1
4RŻ5,2024-10-17,zwolniony,1
4RŻ5,2024-10-24,zwolniony,1
4RŻ5,2024-10-29,nieob. uspr. p.s.,1
4RŻ5,2024-10-31,zwolniony,1
4RŻ5,2024-11-07,zwolniony,1
4RŻ5,2024-11-14,zwolniony,1
4RŻ5,2024-11-21,zwolniony,1
4RŻ5,2024-11-26,nieob. uspr. p.s.,3
4RŻ5,2024-11-28,zwolniony,1
4RŻ5,2024-12-05,zwolniony,1
4RŻ5,2024-12-12,zwolniony,1
4RŻ5,2024-12-19,zwolniony,1
4RŻ5,2025-01-16,zwolniony,1
4RŻ5,2025-01-23,zwolniony,1
4RŻ5,2025-01-29,zwolniony,1
4RŻ5,2025-03-05,zwolniony,1
4RŻ5,2025-03-07,nieobecność,8
4RŻ5,2025-03-19,zwolniony,1
4RŻ5,2025-03-26,zwolniony,1
4RŻ5,2025-04-02,zwolniony,1
4RŻ5,2025-04-09,zwolniony,1
4RŻ5,2025-04-16,zwolniony,1
4RŻ5,2025-04-23,zwolniony,1
4RŻ5,2025-04-24,nieob. uspr. p.s.,3
4RŻ5,2025-04-29,zwolniony,1
4RŻ5,2025-05-14,zwolniony,1
4RŻ5,2025-05-28,zwolniony,1
4RŻ5,2025-06-04,zwolniony,1
4RŻ5,2024-09-30,nieob. uspraw.,34
4RŻ5,2024-10-02,nieob. uspraw.,31
4RŻ5,2024-10-16,spóźn. uspr.,1
4RŻ5,2024-10-29,nieobecność,1
4RŻ5,2024-11-19,nieob. uspraw.,22
4RŻ5,2024-11-21,nieob. uspraw.,21
4RŻ5,2024-11-22,nieob. uspraw.,21
4RŻ5,2025-02-21,nieobecność,9
4RŻ5,2025-02-24,nieobecność,8
4RŻ5,2025-03-05,nieob. uspraw.,18
4RŻ5,2025-04-10,nieobecność,6
4RŻ5,2025-04-24,nieobecność,2
4RŻ5,2025-05-14,nieobecność,5
4RŻ5,2025-06-03,nieobecność,11
4RŻ5,2024-10-01,nieobecność,1
4RŻ5,2024-10-30,spóźnienie,1
4RŻ5,2024-11-04,spóźnienie,1
4RŻ5,2024-11-29,spóźnienie,1
4RŻ5,2024-12-05,nieobecność,2
4RŻ5,2025-01-28,nieob. uspraw.,21
4RŻ5,2025-02-26,nieob. uspraw.,27
4RŻ5,2025-03-18,spóźnienie,1
4RŻ5,2025-03-21,nieobecność,11
4RŻ5,2025-03-24,nieobecność,8
4RŻ5,2025-03-26,spóźnienie,1
4RŻ5,2025-04-08,spóźnienie,1
4RŻ5,2025-04-11,spóźnienie,2
4RŻ5,2025-04-15,spóźnienie,1
4RŻ5,2025-04-28,nieobecność,16
4RŻ5,2025-05-27,spóźnienie,1
4RŻ5,2025-05-30,obecność,4
4RŻ5,2025-05-30,nieobecność,1
4RŻ5,2025-06-13,spóźnienie,14
4RŻ5,2024-10-10,nieob. uspraw.,1
4RŻ5,2024-10-11,nieob. uspraw.,12
4RŻ5,2024-10-28,nieobecność,1
4RŻ5,2025-01-13,nieobecność,6
4RŻ5,2025-03-17,nieob. uspr. p.s.,16
4RŻ5,2025-03-28,nieob. uspr. p.s.,14
4RŻ5,2025-04-03,nieob. uspr. p.s.,14
4RŻ5,2025-04-04,nieob. uspr. p.s.,16
4RŻ5,2025-04-07,nieob. uspr. p.s.,16
4RŻ5,2025-04-08,nieob. uspr. p.s.,6
4RŻ5,2025-04-14,spóźn. uspr.,1
4RŻ5,2025-05-19,nieob. uspraw.,24
4RŻ5,2025-06-11,spóźn. uspr.,1
4RŻ5,2025-06-26,nieob. uspraw.,6
4RŻ5,2024-10-10,spóźn. uspr.,1
4RŻ5,2024-12-13,nieobecność,3
4RŻ5,2025-05-28,nieob. uspraw.,13
4RŻ5,2024-11-04,nieobecność,2
4RŻ5,2024-11-06,nieob. uspr. p.s.,14
4RŻ5,2024-11-08,nieob. uspr. p.s.,11
4RŻ5,2024-11-15,nieobecność,3
4RŻ5,2025-03-14,nieob. uspr. p.s.,4
4RŻ5,2025-03-27,spóźnienie,1
4RŻ5,2025-05-07,spóźnienie,1
4RŻ5,2024-10-21,spóźn. uspr.,1
4RŻ5,2024-12-05,spóźnienie,1
4RŻ5,2025-01-09,nieobecność,8
4RŻ5,2025-01-14,nieobecność,4
4RŻ5,2025-03-03,nieobecność,1
4RŻ5,2025-04-01,nieob. uspr. p.s.,1
4RŻ5,2025-05-13,nieob. uspr. p.s.,1
4RŻ5,2024-10-16,nieobecność,1
4RŻ5,2024-11-04,nieob. uspr. p.s.,16
4RŻ5,2024-11-07,nieob. uspr. p.s.,14
4RŻ5,2024-11-13,nieob. uspr. p.s.,8
4RŻ5,2024-11-15,nieob. uspr. p.s.,8
4RŻ5,2024-11-20,nieob. uspr. p.s.,7
4RŻ5,2024-10-16,spóźnienie,1
4RŻ5,2024-10-17,nieob. uspr. p.s.,14
4RŻ5,2024-10-24,nieob. uspr. p.s.,16
4RŻ5,2024-10-08,spóźn. uspr.,1
4RŻ5,2024-11-22,nieob. uspr. p.s.,1
4RŻ5,2024-12-02,nieob. uspraw.,8
4RŻ5,2025-03-10,nieobecność,8
4RŻ5,2024-10-31,nieob. uspr. p.s.,2
4TM5,2024-09-30,obecność,131
4TM5,2024-10-01,obecność,152
4TM5,2024-10-02,obecność,163
4TM5,2024-10-03,obecność,141
4TM5,2024-10-03,spóźnienie,6
4TM5,2024-10-04,obecność,121
4TM5,2024-10-07,nieob. uspraw.,24
4TM5,2024-10-08,obecność,141
4TM5,2024-10-08,nieobecność,13
4TM5,2024-10-09,obecność,122
4TM5,2024-10-10,obecność,98
4TM5,2024-10-11,obecność,92
4TM5,2024-10-15,obecność,85
4TM5,2024-10-16,nieobecność,34
4TM5,2024-10-17,obecność,137
4TM5,2024-10-18,obecność,93
4TM5,2024-10-21,nieob. uspraw.,27
4TM5,2024-10-22,nieob. uspraw.,32
4TM5,2024-10-23,obecność,142
4TM5,2024-10-24,obecność,142
4TM5,2024-10-25,obecność,63
4TM5,2024-10-25,zwolniony,23
4TM5,2024-10-28,obecność,143
4TM5,2024-10-29,obecność,140
4TM5,2024-10-30,obecność,147
4TM5,2024-10-31,obecność,90
4TM5,2024-10-31,nieobecność,11
4TM5,2024-10-31,zwolniony,23
4TM5,2024-11-04,nieob. uspraw.,20
4TM5,2024-11-04,obecność,134
4TM5,2024-11-05,obecność,149
4TM5,2024-11-06,obecność,150
4TM5,2024-11-07,obecność,143
4TM5,2024-11-07,nieobecność,16
4TM5,2024-11-08,obecność,89
4TM5,2024-11-12,obecność,153
4TM5,2024-11-13,obecność,147
4TM5,2024-11-14,obecność,126
4TM5,2024-11-15,obecność,106
4TM5,2024-11-18,obecność,137
4TM5,2024-11-18,nieobecność,24
4TM5,2024-11-19,obecność,160
4TM5,2024-11-20,nieobecność,51
4TM5,2024-11-21,nieob. uspraw.,7
4TM5,2024-11-22,nieob. uspraw.,20
4TM5,2024-11-25,nieob. uspraw.,24
4TM5,2024-11-26,obecność,152
4TM5,2024-11-27,obecność,156
4TM5,2024-11-28,obecność,154
4TM5,2024-11-29,obecność,118
4TM5,2024-12-02,obecność,147
4TM5,2024-12-03,obecność,154
4TM5,2024-12-04,obecność,175
4TM5,2024-12-05,obecność,124
4TM5,2024-12-05,nieob. uspr. p.s.,8
4TM5,2024-12-06,obecność,97
4TM5,2024-12-06,spóźnienie,3
4TM5,2024-12-09,obecność,172
4TM5,2024-12-10,obecność,151
4TM5,2024-12-10,nieobecność,31
4TM5,2024-12-11,nieobecność,43
4TM5,2024-12-12,obecność,88
4TM5,2024-12-12,nieobecność,46
4TM5,2024-12-13,obecność,90
4TM5,2024-12-13,nieobecność,22
4TM5,2024-12-16,obecność,177
4TM5,2024-12-17,obecność,146
4TM5,2024-12-17,nieobecność,11
4TM5,2024-12-18,obecność,166
4TM5,2024-12-19,obecność,135
4TM5,2024-12-20,nieobecność,40
4TM5,2024-12-20,obecność,96
4TM5,2025-01-07,obecność,123
4TM5,2025-01-07,nieobecność,29
4TM5,2025-01-08,obecność,125
4TM5,2025-01-09,obecność,101
4TM5,2025-01-09,nieobecność,21
4TM5,2025-01-10,obecność,109
4TM5,2025-01-13,nieob. uspraw.,30
4TM5,2025-01-14,nieob. uspraw.,21
4TM5,2025-01-15,nieob. uspraw.,38
4TM5,2025-01-15,obecność,117
4TM5,2025-01-16,nieob. uspraw.,12
4TM5,2025-01-17,nieob. uspraw.,24
4TM5,2025-01-20,obecność,123
4TM5,2025-01-21,obecność,139
4TM5,2025-01-21,nieobecność,35
4TM5,2025-01-22,nieobecność,46
4TM5,2025-01-23,obecność,119
4TM5,2025-01-23,nieob. uspr. p.s.,5
4TM5,2025-01-23,nieobecność,25
4TM5,2025-01-24,obecność,102
4TM5,2025-01-27,obecność,130
4TM5,2025-01-28,obecność,138
4TM5,2025-01-29,obecność,132
4TM5,2025-01-29,nieobecność,43
4TM5,2025-01-30,obecność,111
4TM5,2025-01-31,obecność,43
4TM5,2025-01-31,spóźnienie,2
4TM5,2025-01-31,nieobecność,69
4TM5,2025-02-17,obecność,130
4TM5,2025-02-17,nieobecność,39
4TM5,2025-02-18,nieobecność,18
4TM5,2025-02-18,obecność,112
4TM5,2025-02-19,obecność,153
4TM5,2025-02-20,obecność,150
4TM5,2025-02-21,obecność,96
4TM5,2025-02-21,nieobecność,14
4TM5,2025-02-24,obecność,105
4TM5,2025-02-24,nieobecność,43
4TM5,2025-02-24,spóźnienie,9
4TM5,2025-02-25,nieobecność,28
4TM5,2025-02-25,obecność,84
4TM5,2025-02-26,obecność,122
4TM5,2025-02-26,nieobecność,29
4TM5,2025-02-27,obecność,100
4TM5,2025-02-27,nieob. uspr. p.s.,6
4TM5,2025-02-27,nieobecność,31
4TM5,2025-02-28,obecność,71
4TM5,2025-02-28,nieobecność,60
4TM5,2025-03-03,obecność,139
4TM5,2025-03-03,nieobecność,28
4TM5,2025-03-04,obecność,132
4TM5,2025-03-04,nieobecność,17
4TM5,2025-03-04,nieob. uspr. p.s.,7
4TM5,2025-03-05,obecność,134
4TM5,2025-03-06,obecność,126
4TM5,2025-03-06,nieobecność,47
4TM5,2025-03-07,obecność,135
4TM5,2025-03-07,nieobecność,18
4TM5,2025-03-10,nieob. uspraw.,16
4TM5,2025-03-11,nieob. uspraw.,7
4TM5,2025-03-12,nieob. uspraw.,40
4TM5,2025-03-13,nieob. uspraw.,29
4TM5,2025-03-14,nieobecność,24
4TM5,2025-03-17,obecność,133
4TM5,2025-03-17,nieob. uspr. p.s.,9
4TM5,2025-03-18,nieob. uspr. p.s.,7
4TM5,2025-03-18,obecność,122
4TM5,2025-03-18,nieobecność,27
4TM5,2025-03-19,nieobecność,37
4TM5,2025-03-20,nieobecność,29
4TM5,2025-03-20,nieob. uspr. p.s.,12
4TM5,2025-03-21,nieob. uspraw.,115
4TM5,2025-03-24,obecność,111
4TM5,2025-03-24,nieobecność,29
4TM5,2025-03-25,obecność,100
4TM5,2025-03-25,nieobecność,39
4TM5,2025-03-26,obecność,105
4TM5,2025-03-26,nieobecność,47
4TM5,2025-03-27,obecność,160
4TM5,2025-03-28,obecność,26
4TM5,2025-03-28,nieobecność,24
4TM5,2025-03-31,spóźnienie,5
4TM5,2025-03-31,obecność,147
4TM5,2025-03-31,nieobecność,24
4TM5,2025-04-01,obecność,112
4TM5,2025-04-01,spóźnienie,5
4TM5,2025-04-01,nieobecność,36
4TM5,2025-04-02,nieobecność,60
4TM5,2025-04-02,obecność,112
4TM5,2025-04-03,obecność,156
4TM5,2025-04-04,obecność,112
4TM5,2025-04-07,obecność,142
4TM5,2025-04-07,nieobecność,34
4TM5,2025-04-08,nieobecność,17
4TM5,2025-04-08,obecność,125
4TM5,2025-04-09,obecność,138
4TM5,2025-04-10,obecność,126
4TM5,2025-04-10,nieob. uspr. p.s.,7
4TM5,2025-04-11,obecność,108
4TM5,2025-04-14,obecność,130
4TM5,2025-04-14,spóźnienie,16
4TM5,2025-04-14,nieobecność,25
4TM5,2025-04-15,nieobecność,36
4TM5,2025-04-15,obecność,108
4TM5,2025-04-16,nieobecność,21
4TM5,2025-04-23,obecność,150
4TM5,2025-04-24,obecność,110
4TM5,2025-04-24,nieobecność,56
4TM5,2025-04-25,obecność,85
4TM5,2025-04-28,obecność,115
4TM5,2025-04-28,spóźnienie,11
4TM5,2025-04-28,nieobecność,41
4TM5,2025-04-29,obecność,133
4TM5,2025-04-29,spóźnienie,17
4TM5,2025-04-30,obecność,142
4TM5,2025-05-07,nieobecność,32
4TM5,2025-05-07,obecność,123
4TM5,2025-05-08,obecność,137
4TM5,2025-05-08,spóźnienie,12
4TM5,2025-05-08,nieobecność,19
4TM5,2025-05-09,obecność,53
4TM5,2025-05-12,obecność,86
4TM5,2025-05-12,nieobecność,49
4TM5,2025-05-13,obecność,126
4TM5,2025-05-13,nieobecność,44
4TM5,2025-05-14,obecność,134
4TM5,2025-05-15,spóźnienie,9
4TM5,2025-05-15,obecność,98
4TM5,2025-05-16,obecność,82
4TM5,2025-05-16,nieobecność,39
4TM5,2025-05-19,obecność,106
4TM5,2025-05-20,obecność,122
4TM5,2025-05-21,obecność,104
4TM5,2025-05-22,obecność,79
4TM5,2025-05-22,nieob. uspr. p.s.,26
4TM5,2025-05-22,nieobecność,55
4TM5,2025-05-23,obecność,132
4TM5,2025-05-26,obecność,74
4TM5,2025-05-26,nieobecność,62
4TM5,2025-05-27,obecność,111
4TM5,2025-05-27,nieobecność,56
4TM5,2025-05-28,obecność,138
4TM5,2025-05-29,obecność,125
4TM5,2025-05-29,nieobecność,52
4TM5,2025-05-30,obecność,78
4TM5,2025-05-30,nieobecność,52
4TM5,2025-06-02,obecność,72
4TM5,2025-06-02,nieobecność,42
4TM5,2025-06-03,obecność,115
4TM5,2025-06-03,nieobecność,17
4TM5,2025-06-04,obecność,108
4TM5,2025-06-05,obecność,74
4TM5,2025-06-05,nieobecność,73
4TM5,2025-06-06,obecność,65
4TM5,2025-06-06,nieobecność,79
4TM5,2025-06-09,obecność,61
4TM5,2025-06-09,nieobecność,79
4TM5,2025-06-10,nieobecność,83
4TM5,2025-06-10,obecność,62
4TM5,2025-06-11,obecność,39
4TM5,2025-06-12,obecność,22
4TM5,2025-06-12,nieobecność,114
4TM5,2025-06-13,nieobecność,101
4TM5,2025-06-16,nieobecność,103
4TM5,2025-06-17,nieobecność,122
4TM5,2025-06-18,nieobecność,103
4TM5,2025-06-18,obecność,73
4TM5,2025-06-23,nieobecność,112
4TM5,2025-06-23,,23
4TM5,2025-06-24,nieobecność,152
4TM5,2025-06-25,nieobecność,92
4TM5,2025-06-26,nieobecność,175
4TM5,2025-06-27,obecność,23
4TM5,2024-09-30,spóźnienie,10
4TM5,2024-10-01,spóźnienie,3
4TM5,2024-10-03,nieobecność,26
4TM5,2024-10-07,obecność,132
4TM5,2024-10-07,nieob. uspr. p.s.,2
4TM5,2024-10-07,nieobecność,26
4TM5,2024-10-08,spóźnienie,14
4TM5,2024-10-10,spóźnienie,5
4TM5,2024-10-10,nieobecność,33
4TM5,2024-10-11,nieobecność,17
4TM5,2024-10-15,nieob. uspraw.,57
4TM5,2024-10-16,obecność,118
4TM5,2024-10-17,spóźnienie,15
4TM5,2024-10-18,nieob. uspraw.,29
4TM5,2024-10-21,obecność,138
4TM5,2024-10-22,spóźnienie,11
4TM5,2024-10-22,obecność,134
4TM5,2024-10-24,spóźnienie,8
4TM5,2024-10-25,nieobecność,18
4TM5,2024-10-31,nieob. uspraw.,37
4TM5,2024-11-04,spóźnienie,13
4TM5,2024-11-04,nieobecność,17
4TM5,2024-11-12,nieobecność,21
4TM5,2024-11-13,nieob. uspraw.,21
4TM5,2024-11-14,nieobecność,18
4TM5,2024-11-14,nieob. uspraw.,17
4TM5,2024-11-19,nieobecność,15
4TM5,2024-11-20,obecność,125
4TM5,2024-11-21,obecność,143
4TM5,2024-11-22,spóźnienie,3
4TM5,2024-11-22,obecność,79
4TM5,2024-11-25,obecność,138
4TM5,2024-11-25,nieobecność,22
4TM5,2024-11-26,nieobecność,19
4TM5,2024-11-27,nieobecność,18
4TM5,2024-11-29,spóźnienie,1
4TM5,2024-12-02,spóźnienie,2
4TM5,2024-12-05,nieobecność,19
4TM5,2024-12-06,nieob. uspraw.,8
4TM5,2024-12-09,nieob. uspraw.,2
4TM5,2024-12-11,obecność,139
4TM5,2024-12-13,nieob. uspraw.,19
4TM5,2024-12-16,spóźnienie,4
4TM5,2025-01-13,nieobecność,13
4TM5,2025-01-13,obecność,94
4TM5,2025-01-13,spóźnienie,1
4TM5,2025-01-16,nieobecność,1
4TM5,2025-01-16,obecność,124
4TM5,2025-01-17,nieobecność,22
4TM5,2025-01-17,obecność,91
4TM5,2025-01-20,spóźnienie,10
4TM5,2025-01-20,nieobecność,34
4TM5,2025-01-22,spóźnienie,1
4TM5,2025-01-22,obecność,122
4TM5,2025-01-24,nieobecność,39
4TM5,2025-01-27,nieob. uspraw.,24
4TM5,2025-01-30,spóźnienie,1
4TM5,2025-02-18,nieob. uspraw.,27
4TM5,2025-02-20,nieobecność,4
4TM5,2025-02-25,spóźnienie,3
4TM5,2025-02-26,spóźnienie,1
4TM5,2025-02-28,nieob. uspraw.,30
4TM5,2025-03-03,spóźnienie,7
4TM5,2025-03-04,spóźnienie,5
4TM5,2025-03-05,nieob. uspraw.,16
4TM5,2025-03-10,obecność,117
4TM5,2025-03-10,spóźnienie,14
4TM5,2025-03-10,nieobecność,33
4TM5,2025-03-11,nieobecność,20
4TM5,2025-03-11,obecność,124
4TM5,2025-03-11,spóźnienie,8
4TM5,2025-03-12,obecność,110
4TM5,2025-03-14,obecność,77
4TM5,2025-03-14,nieob. uspraw.,9
4TM5,2025-03-17,nieob. uspraw.,7
4TM5,2025-03-19,obecność,127
4TM5,2025-03-20,obecność,134
4TM5,2025-03-25,nieob. uspraw.,13
4TM5,2025-03-28,nieob. uspraw.,19
4TM5,2025-04-03,nieob. uspraw.,16
4TM5,2025-04-04,nieobecność,35
4TM5,2025-04-04,spóźnienie,5
4TM5,2025-04-07,spóźnienie,7
4TM5,2025-04-08,nieob. uspraw.,8
4TM5,2025-04-14,nieob. uspraw.,13
4TM5,2025-04-15,spóźnienie,3
4TM5,2025-04-16,nieob. uspraw.,16
4TM5,2025-04-24,spóźnienie,6
4TM5,2025-04-25,nieobecność,47
4TM5,2025-04-29,nieobecność,26
4TM5,2025-04-30,nieob. uspraw.,16
4TM5,2025-05-09,nieob. uspraw.,20
4TM5,2025-05-16,nieob. uspraw.,17
4TM5,2025-05-19,nieobecność,49
4TM5,2025-05-20,nieobecność,45
4TM5,2025-05-21,spóźnienie,2
4TM5,2025-05-22,nieob. uspraw.,24
4TM5,2025-05-26,spóźnienie,16
4TM5,2025-05-27,spóźnienie,14
4TM5,2025-05-28,nieob. uspraw.,16
4TM5,2025-06-04,nieobecność,53
4TM5,2025-06-05,nieob. uspraw.,14
4TM5,2025-06-06,spóźnienie,8
4TM5,2025-06-09,nieob. uspraw.,18
4TM5,2025-06-11,nieobecność,97
4TM5,2024-09-30,nieobecność,35
4TM5,2024-10-16,nieob. uspraw.,32
4TM5,2024-10-17,nieob. uspraw.,16
4TM5,2024-10-23,nieob. uspraw.,33
4TM5,2024-10-30,nieob. uspraw.,21
4TM5,2024-11-20,nieob. uspraw.,8
4TM5,2024-12-03,nieobecność,11
4TM5,2024-12-12,nieob. uspraw.,21
4TM5,2025-01-07,nieob. uspraw.,21
4TM5,2025-01-08,nieob. uspraw.,24
4TM5,2025-01-14,obecność,125
4TM5,2025-03-13,obecność,76
4TM5,2025-03-13,nieobecność,26
4TM5,2025-03-26,nieob. uspraw.,32
4TM5,2025-04-16,obecność,146
4TM5,2025-05-08,nieob. uspraw.,16
4TM5,2025-06-02,spóźnienie,4
4TM5,2024-10-01,nieobecność,22
4TM5,2024-10-09,nieobecność,21
4TM5,2024-10-15,nieobecność,31
4TM5,2024-10-17,nieobecność,14
4TM5,2024-10-18,nieobecność,15
4TM5,2024-10-21,nieobecność,18
4TM5,2024-10-22,nieobecność,7
4TM5,2024-10-24,nieobecność,4
4TM5,2024-10-28,nieobecność,18
4TM5,2024-10-30,nieobecność,16
4TM5,2024-11-06,nieob. uspraw.,23
4TM5,2024-11-08,nieobecność,19
4TM5,2024-11-15,nieobecność,12
4TM5,2024-11-22,nieobecność,13
4TM5,2024-11-28,nieobecność,27
4TM5,2024-11-28,spóźnienie,1
4TM5,2024-11-29,nieobecność,9
4TM5,2024-12-02,nieobecność,27
4TM5,2024-12-03,spóźnienie,11
4TM5,2024-12-06,nieobecność,4
4TM5,2024-12-06,nieob. uspr. p.s.,3
4TM5,2024-12-09,spóźnienie,2
4TM5,2024-12-09,nieobecność,7
4TM5,2024-12-16,nieobecność,3
4TM5,2024-12-19,nieobecność,26
4TM5,2025-01-08,spóźnienie,11
4TM5,2025-01-15,nieobecność,27
4TM5,2025-01-27,spóźnienie,5
4TM5,2025-01-27,nieobecność,25
4TM5,2025-01-28,spóźnienie,9
4TM5,2025-01-28,nieobecność,11
4TM5,2025-02-24,nieob. uspraw.,27
4TM5,2025-03-05,nieobecność,32
4TM5,2025-03-12,nieobecność,26
4TM5,2025-03-13,spóźnienie,7
4TM5,2025-03-17,nieobecność,34
4TM5,2025-03-24,spóźnienie,8
4TM5,2025-03-27,nieobecność,6
4TM5,2025-04-03,nieobecność,11
4TM5,2025-04-08,spóźnienie,11
4TM5,2025-04-09,nieobecność,41
4TM5,2025-04-10,nieobecność,5
4TM5,2025-04-11,nieobecność,21
4TM5,2025-04-16,spóźnienie,1
4TM5,2025-04-30,nieobecność,23
4TM5,2025-05-09,nieobecność,19
4TM5,2025-05-14,nieobecność,33
4TM5,2025-05-15,nieobecność,19
4TM5,2025-05-21,nieobecność,61
4TM5,2025-05-28,nieobecność,30
4TM5,2025-06-16,obecność,7
4TM5,2025-06-17,obecność,6
4TM5,2024-11-29,nieob. uspraw.,9
4TM5,2025-02-18,spóźnienie,4
4TM5,2025-06-11,nieob. uspraw.,25
4TM5,2025-06-13,nieob. uspraw.,42
4TM5,2025-06-16,nieob. uspraw.,48
4TM5,2025-06-17,nieob. uspraw.,56
4TM5,2024-12-20,nieob. uspraw.,2
4TM5,2025-01-20,nieob. uspraw.,17
4TM5,2025-01-31,nieob. uspraw.,24
4TM5,2025-03-03,nieob. uspraw.,8
4TM5,2025-03-07,nieob. uspraw.,1
4TM5,2025-03-24,nieob. uspr. p.s.,5
4TM5,2025-03-25,nieob. uspr. p.s.,9
4TM5,2025-03-27,nieob. uspraw.,9
4TM5,2025-04-02,nieob. uspraw.,10
4TM5,2025-04-04,nieob. uspraw.,8
4TM5,2025-04-11,nieob. uspraw.,6
4TM5,2025-04-25,nieob. uspraw.,22
4TM5,2025-05-07,nieob. uspraw.,26
4TM5,2025-05-12,nieob. uspraw.,24
4TM5,2025-05-13,nieob. uspraw.,13
4TM5,2025-05-26,nieob. uspraw.,9
4TM5,2025-05-27,nieob. uspraw.,3
4TM5,2025-05-29,nieob. uspraw.,5
4TM5,2025-05-30,nieob. uspraw.,8
4TM5,2025-06-06,nieob. uspraw.,9
4TM5,2025-06-10,nieob. uspraw.,16
4TM5,2025-06-12,nieob. uspraw.,36
4TM5,2024-10-10,nieob. uspraw.,44
4TM5,2024-10-11,nieob. uspraw.,23
4TM5,2024-10-25,nieob. uspraw.,34
4TM5,2024-10-29,nieob. uspraw.,39
4TM5,2024-11-05,nieob. uspraw.,24
4TM5,2024-11-08,nieob. uspraw.,30
4TM5,2024-11-12,spóźnienie,4
4TM5,2024-11-18,spóźnienie,11
4TM5,2024-11-26,nieob. uspraw.,8
4TM5,2024-12-13,spóźnienie,7
4TM5,2025-01-08,nieobecność,16
4TM5,2025-01-09,spóźnienie,3
4TM5,2025-01-10,spóźnienie,4
4TM5,2025-01-14,nieobecność,12
4TM5,2025-01-24,spóźnienie,3
4TM5,2025-06-04,spóźnienie,13
4TM5,2025-06-12,spóźnienie,4
4TM5,2024-11-05,nieobecność,9
4TM5,2024-11-07,nieob. uspraw.,24
4TM5,2024-11-21,spóźnienie,2
4TM5,2025-01-07,spóźnienie,4
4TM5,2025-01-10,nieobecność,13
4TM5,2025-01-14,spóźnienie,3
4TM5,2025-01-21,spóźnienie,2
4TM5,2025-02-25,nieob. uspraw.,17
4TM5,2025-03-06,nieob. uspraw.,8
4TM5,2025-04-23,nieob. uspraw.,16
4TM5,2025-05-14,nieob. uspraw.,17
4TM5,2025-05-15,nieob. uspraw.,12
4TM5,2025-06-02,nieob. uspraw.,20
4TM5,2025-06-03,nieob. uspraw.,6
4TM5,2024-10-04,nieobecność,2
4TM5,2024-10-04,nieob. uspraw.,15
4TM5,2024-10-09,nieob. uspraw.,36
4TM5,2024-10-17,nieob. uspr. p.s.,2
4TM5,2024-10-28,nieob. uspraw.,23
4TM5,2024-11-05,spóźnienie,2
4TM5,2024-11-13,nieobecność,16
4TM5,2024-11-21,nieobecność,9
4TM5,2024-12-12,nieob. uspr. p.s.,6
4TM5,2025-01-22,nieob. uspraw.,15
4TM5,2025-01-23,nieob. uspraw.,12
4TM5,2025-01-24,nieob. uspraw.,17
4TM5,2025-01-28,nieob. uspr. p.s.,3
4TM5,2025-01-29,nieob. uspraw.,8
4TM5,2025-02-17,nieob. uspr. p.s.,3
4TM5,2025-03-11,nieob. uspr. p.s.,2
4TM5,2025-03-18,spóźnienie,4
4TM5,2025-04-23,nieobecność,14
4TM5,2025-05-20,nieob. uspr. p.s.,3
4TM5,2025-02-27,nieob. uspraw.,23
4TM5,2024-10-29,nieobecność,5
4TM5,2025-02-17,spóźnienie,4
4TM5,2025-02-19,nieob. uspraw.,18
4TM5,2025-02-20,nieob. uspraw.,7
4TM5,2025-02-21,nieob. uspraw.,5
4TM5,2025-03-05,spóźnienie,2
4TM5,2025-03-12,spóźnienie,2
4TM5,2025-03-14,spóźnienie,2
4TM5,2025-03-24,nieob. uspraw.,8
4TM5,2025-04-09,spóźnienie,3
4TM5,2025-04-30,spóźnienie,3
4TM5,2025-05-07,spóźnienie,1
4TM5,2025-05-20,spóźnienie,6
4TM5,2024-10-01,nieob. uspraw.,6
4TM5,2025-01-17,spóźnienie,1
4TM5,2025-05-12,spóźnienie,2
4TM5,2024-09-30,nieob. uspraw.,4
4TM5,2024-09-30,nieob. uspr. p.s.,4
4TM5,2024-10-02,nieob. uspraw.,8
4TM5,2024-10-03,nieob. uspr. p.s.,1
4TM5,2024-10-03,spóźn. uspr.,1
4TM5,2024-10-09,nieob. uspr. p.s.,4
4TM5,2024-10-10,nieob. uspr. p.s.,4
4TM5,2024-10-11,nieob. uspr. p.s.,6
4TM5,2024-10-15,nieob. uspr. p.s.,10
4TM5,2024-10-21,spóźnienie,1
4TM5,2024-10-24,nieob. uspraw.,7
4TM5,2024-11-06,nieobecność,11
4TM5,2024-11-07,spóźnienie,1
4TM5,2024-11-12,nieob. uspraw.,6
4TM5,2024-11-15,spóźnienie,2
4TM5,2024-11-19,spóźnienie,1
4TM5,2024-11-26,spóźnienie,5
4TM5,2024-11-27,nieob. uspraw.,8
4TM5,2024-11-28,nieob. uspr. p.s.,2
4TM5,2024-11-29,nieob. uspr. p.s.,1
4TM5,2024-12-04,nieobecność,9
4TM5,2024-12-05,nieob. uspraw.,10
4TM5,2024-12-10,nieob. uspr. p.s.,2
4TM5,2024-12-11,spóźnienie,2
4TM5,2024-12-17,spóźnienie,4
4TM5,2024-12-18,nieobecność,18
4TM5,2025-01-07,nieob. uspr. p.s.,7
4TM5,2025-01-08,nieob. uspr. p.s.,8
4TM5,2025-01-09,nieob. uspr. p.s.,12
4TM5,2025-01-10,nieob. uspr. p.s.,12
4TM5,2025-01-15,spóźnienie,2
4TM5,2025-01-16,spóźnienie,1
4TM5,2025-01-29,spóźnienie,1
4TM5,2025-01-30,nieobecność,3
4TM5,2025-02-19,nieobecność,9
4TM5,2025-02-19,spóźnienie,4
4TM5,2025-02-27,spóźnienie,1
4TM5,2025-03-07,spóźnienie,1
4TM5,2025-03-12,nieob. uspr. p.s.,6
4TM5,2025-03-17,spóźnienie,1
4TM5,2025-03-19,spóźnienie,4
4TM5,2025-03-20,spóźnienie,1
4TM5,2025-03-27,nieob. uspr. p.s.,9
4TM5,2025-04-01,nieob. uspr. p.s.,1
4TM5,2025-04-09,nieob. uspr. p.s.,1
4TM5,2025-04-11,spóźnienie,2
4TM5,2025-04-24,nieob. uspraw.,8
4TM5,2025-05-13,spóźnienie,1
4TM5,2025-05-19,nieob. uspraw.,3
4TM5,2025-05-19,spóźnienie,1
4TM5,2025-05-20,nieob. uspraw.,8
4TM5,2025-05-21,nieob. uspraw.,17
4TM5,2025-06-04,nieob. uspraw.,10
4TM5,2025-06-09,spóźnienie,3
4TM5,2025-06-13,obecność,4
4TM5,2025-06-16,nieob. uspr. p.s.,3
4TM5,2025-06-26,obecność,1
4TM5,2024-10-02,spóźnienie,8
4TM5,2024-10-23,nieobecność,9
4TM5,2024-11-27,spóźnienie,2
4TM5,2025-01-09,nieob. uspraw.,1
4TM5,2025-04-23,spóźnienie,4
4TM5,2025-04-28,nieob. uspraw.,17
4TM5,2025-04-29,nieob. uspraw.,8
4TM5,2025-06-13,nieob. uspr. p.s.,14
4TM5,2025-02-26,nieob. uspraw.,32
4TM5,2025-05-19,nieob. uspr. p.s.,2
4TM5,2024-10-02,nieobecność,5
4TM5,2024-10-08,nieob. uspraw.,16
4TM5,2024-11-18,nieob. uspraw.,12
4TM5,2025-05-29,spóźnienie,2
4TM5,2025-03-19,nieob. uspraw.,8
4TM5,2025-03-20,nieob. uspraw.,8
4TM5,2024-11-15,nieob. uspraw.,18
4TM5,2024-12-02,nieob. uspraw.,8
4TM5,2024-12-03,nieob. uspraw.,8
4TM5,2025-03-31,nieob. uspraw.,8
4TM5,2025-04-15,nieob. uspraw.,14
4TM5,2024-10-01,nieob. uspr. p.s.,1
4TM5,2024-10-03,nieob. uspraw.,9
4TM5,2024-10-09,spóźn. uspr.,1
4TM5,2024-10-18,nieob. uspr. p.s.,1
4TM5,2024-12-09,zwolniony,1
4TM5,2025-01-21,nieob. uspraw.,8
4TM5,2025-02-25,nieob. uspr. p.s.,6
4TM5,2025-03-03,nieob. uspr. p.s.,2
4TM5,2025-03-06,nieob. uspr. p.s.,3
4TM5,2025-03-07,nieob. uspr. p.s.,6
4TM5,2025-03-10,nieob. uspr. p.s.,4
4TM5,2025-03-18,nieob. uspraw.,1
4TM5,2025-04-02,zwolniony,2
4TM5,2025-04-04,zwolniony,1
4TM5,2025-04-07,nieob. uspraw.,1
4TM5,2025-04-09,nieob. uspraw.,1
4TM5,2025-04-24,nieob. uspr. p.s.,4
4TM5,2025-04-25,nieob. uspr. p.s.,7
4TM5,2025-05-07,zwolniony,2
4TM5,2025-06-18,nieob. uspraw.,8
4TM5,2025-06-23,nieob. uspraw.,3
4TM5,2025-06-24,nieob. uspraw.,6
4TM5,2025-06-25,nieob. uspraw.,8
4TM5,2025-06-26,nieob. uspraw.,8
4TM5,2025-02-17,nieob. uspraw.,8
4TM5,2025-03-14,nieob. uspr. p.s.,3
4TM5,2025-03-19,nieob. uspr. p.s.,8
4TM5,2025-04-11,nieob. uspr. p.s.,1
4TM5,2024-10-15,spóźnienie,1
4TM5,2024-11-19,nieob. uspraw.,8
4TM5,2025-04-03,spóźnienie,1
4TM5,2025-06-12,nieob. uspr. p.s.,8
4TM5,2025-04-01,nieob. uspraw.,7
4TM5,2025-05-23,nieob. uspraw.,6
4TM5,2025-06-24,obecność,3
4TW5,2024-09-30,obecność,125
4TW5,2024-10-01,obecność,161
4TW5,2024-10-02,obecność,110
4TW5,2024-10-03,obecność,146
4TW5,2024-10-04,obecność,133
4TW5,2024-10-07,obecność,134
4TW5,2024-10-07,nieob. uspr. p.s.,6
4TW5,2024-10-08,obecność,157
4TW5,2024-10-09,obecność,133
4TW5,2024-10-09,nieob. uspr. p.s.,16
4TW5,2024-10-10,nieob. uspr. p.s.,25
4TW5,2024-10-11,nieob. uspr. p.s.,16
4TW5,2024-10-11,obecność,117
4TW5,2024-10-14,obecność,154
4TW5,2024-10-15,obecność,148
4TW5,2024-10-16,obecność,169
4TW5,2024-10-17,obecność,140
4TW5,2024-10-18,obecność,118
4TW5,2024-10-18,nieob. uspraw.,36
4TW5,2024-10-21,nieob. uspraw.,28
4TW5,2024-10-22,nieob. uspraw.,36
4TW5,2024-10-23,obecność,139
4TW5,2024-10-23,nieob. uspraw.,34
4TW5,2024-10-24,obecność,140
4TW5,2024-10-25,obecność,103
4TW5,2024-10-28,obecność,123
4TW5,2024-10-29,obecność,147
4TW5,2024-10-30,obecność,130
4TW5,2024-10-31,nieob. uspraw.,93
4TW5,2024-11-04,obecność,132
4TW5,2024-11-05,obecność,146
4TW5,2024-11-06,obecność,152
4TW5,2024-11-07,obecność,129
4TW5,2024-11-08,obecność,122
4TW5,2024-11-12,obecność,115
4TW5,2024-11-13,obecność,135
4TW5,2024-11-14,obecność,99
4TW5,2024-11-15,obecność,121
4TW5,2024-11-15,,22
4TW5,2024-11-18,obecność,154
4TW5,2024-11-18,,22
4TW5,2024-11-19,obecność,150
4TW5,2024-11-20,obecność,155
4TW5,2024-11-21,obecność,135
4TW5,2024-11-22,obecność,146
4TW5,2024-11-22,nieob. uspraw.,20
4TW5,2024-11-25,nieob. uspraw.,46
4TW5,2024-11-26,obecność,117
4TW5,2024-11-27,nieob. uspr. p.s.,79
4TW5,2024-11-27,obecność,23
4TW5,2024-11-28,obecność,96
4TW5,2024-11-29,obecność,117
4TW5,2024-12-02,obecność,112
4TW5,2024-12-03,obecność,144
4TW5,2024-12-04,obecność,130
4TW5,2024-12-05,obecność,118
4TW5,2024-12-06,obecność,109
4TW5,2024-12-09,obecność,123
4TW5,2024-12-10,obecność,145
4TW5,2024-12-11,obecność,144
4TW5,2024-12-12,obecność,117
4TW5,2024-12-13,obecność,108
4TW5,2024-12-16,obecność,140
4TW5,2024-12-17,obecność,118
4TW5,2024-12-18,obecność,124
4TW5,2024-12-19,nieob. uspraw.,28
4TW5,2024-12-20,nieob. uspraw.,66
4TW5,2025-01-07,obecność,116
4TW5,2025-01-08,nieob. uspraw.,25
4TW5,2025-01-09,obecność,140
4TW5,2025-01-10,,22
4TW5,2025-01-10,obecność,102
4TW5,2025-01-13,obecność,125
4TW5,2025-01-14,nieob. uspraw.,27
4TW5,2025-01-15,obecność,154
4TW5,2025-01-16,obecność,180
4TW5,2025-01-17,nieobecność,12
4TW5,2025-01-20,obecność,129
4TW5,2025-01-21,obecność,127
4TW5,2025-01-22,obecność,125
4TW5,2025-01-23,nieob. uspraw.,57
4TW5,2025-01-24,obecność,115
4TW5,2025-01-24,nieobecność,5
4TW5,2025-01-27,nieob. uspraw.,35
4TW5,2025-01-28,obecność,131
4TW5,2025-01-29,obecność,132
4TW5,2025-01-30,nieob. uspraw.,32
4TW5,2025-01-31,nieob. uspraw.,30
4TW5,2025-02-17,nieob. uspraw.,55
4TW5,2025-02-18,obecność,106
4TW5,2025-02-19,obecność,143
4TW5,2025-02-20,obecność,161
4TW5,2025-02-21,obecność,120
4TW5,2025-02-24,obecność,122
4TW5,2025-02-25,obecność,126
4TW5,2025-02-26,obecność,143
4TW5,2025-02-27,obecność,157
4TW5,2025-02-28,nieob. uspraw.,35
4TW5,2025-03-03,nieob. uspraw.,41
4TW5,2025-03-04,obecność,131
4TW5,2025-03-05,obecność,141
4TW5,2025-03-06,spóźnienie,4
4TW5,2025-03-06,obecność,170
4TW5,2025-03-07,spóźnienie,1
4TW5,2025-03-07,obecność,111
4TW5,2025-03-07,nieob. uspraw.,33
4TW5,2025-03-10,nieob. uspraw.,27
4TW5,2025-03-11,obecność,117
4TW5,2025-03-12,obecność,132
4TW5,2025-03-13,obecność,146
4TW5,2025-03-14,obecność,72
4TW5,2025-03-17,nieob. uspr. p.s.,34
4TW5,2025-03-18,nieob. uspr. p.s.,27
4TW5,2025-03-19,obecność,141
4TW5,2025-03-20,nieob. uspr. p.s.,23
4TW5,2025-03-20,obecność,40
4TW5,2025-03-21,nieob. uspraw.,118
4TW5,2025-03-24,nieob. uspraw.,37
4TW5,2025-03-25,nieob. uspraw.,29
4TW5,2025-03-26,nieob. uspraw.,19
4TW5,2025-03-27,obecność,155
4TW5,2025-03-28,obecność,141
4TW5,2025-03-28,nieob. uspraw.,7
4TW5,2025-03-31,obecność,145
4TW5,2025-04-01,obecność,121
4TW5,2025-04-02,obecność,142
4TW5,2025-04-03,obecność,157
4TW5,2025-04-04,obecność,135
4TW5,2025-04-04,nieob. uspraw.,9
4TW5,2025-04-07,obecność,117
4TW5,2025-04-08,obecność,127
4TW5,2025-04-09,obecność,100
4TW5,2025-04-10,nieob. uspraw.,18
4TW5,2025-04-11,obecność,100
4TW5,2025-04-14,nieob. uspraw.,17
4TW5,2025-04-15,nieob. uspraw.,14
4TW5,2025-04-16,nieob. uspraw.,30
4TW5,2025-04-16,,22
4TW5,2025-04-23,obecność,110
4TW5,2025-04-23,nieob. uspr. p.s.,27
4TW5,2025-04-24,obecność,128
4TW5,2025-04-24,nieob. uspr. p.s.,24
4TW5,2025-04-25,nieob. uspr. p.s.,34
4TW5,2025-04-25,obecność,93
4TW5,2025-04-28,nieob. uspr. p.s.,16
4TW5,2025-04-29,nieob. uspr. p.s.,17
4TW5,2025-04-30,nieob. uspr. p.s.,14
4TW5,2025-05-07,nieob. uspr. p.s.,14
4TW5,2025-05-08,nieob. uspr. p.s.,24
4TW5,2025-05-09,nieob. uspr. p.s.,8
4TW5,2025-05-09,,22
4TW5,2025-05-12,obecność,120
4TW5,2025-05-13,obecność,125
4TW5,2025-05-14,obecność,137
4TW5,2025-05-15,obecność,100
4TW5,2025-05-16,obecność,113
4TW5,2025-05-19,nieob. uspraw.,40
4TW5,2025-05-20,nieob. uspraw.,12
4TW5,2025-05-21,nieob. uspraw.,27
4TW5,2025-05-22,obecność,141
4TW5,2025-05-23,nieob. uspr. p.s.,168
4TW5,2025-05-26,obecność,137
4TW5,2025-05-27,obecność,164
4TW5,2025-05-28,obecność,151
4TW5,2025-05-28,nieob. uspr. p.s.,4
4TW5,2025-05-29,spóźnienie,5
4TW5,2025-05-29,obecność,144
4TW5,2025-05-30,obecność,122
4TW5,2025-05-30,nieob. uspraw.,24
4TW5,2025-06-02,obecność,97
4TW5,2025-06-02,nieobecność,3
4TW5,2025-06-03,obecność,139
4TW5,2025-06-04,obecność,172
4TW5,2025-06-05,obecność,166
4TW5,2025-06-06,nieob. uspraw.,41
4TW5,2025-06-09,obecność,110
4TW5,2025-06-10,obecność,151
4TW5,2025-06-11,nieobecność,1
4TW5,2025-06-11,obecność,86
4TW5,2025-06-11,nieob. uspraw.,53
4TW5,2025-06-12,nieob. uspraw.,48
4TW5,2025-06-13,nieob. uspraw.,104
4TW5,2025-06-16,nieob. uspraw.,103
4TW5,2025-06-16,,22
4TW5,2025-06-17,nieob. uspraw.,135
4TW5,2025-06-17,,22
4TW5,2025-06-18,nieob. uspraw.,164
4TW5,2025-06-23,nieob. uspraw.,124
4TW5,2025-06-23,,22
4TW5,2025-06-24,nieob. uspraw.,147
4TW5,2025-06-25,nieob. uspraw.,173
4TW5,2025-06-26,nieob. uspraw.,175
4TW5,2025-06-26,,22
4TW5,2025-06-27,obecność,154
4TW5,2024-09-30,spóźnienie,8
4TW5,2024-10-03,spóźnienie,1
4TW5,2024-10-10,obecność,114
4TW5,2024-10-16,nieob. uspr. p.s.,2
4TW5,2024-10-18,nieob. uspr. p.s.,10
4TW5,2024-10-21,obecność,113
4TW5,2024-10-21,nieob. uspr. p.s.,6
4TW5,2024-10-22,obecność,131
4TW5,2024-10-25,nieob. uspraw.,48
4TW5,2024-10-28,nieob. uspr. p.s.,4
4TW5,2024-10-30,nieob. uspr. p.s.,6
4TW5,2024-10-31,obecność,60
4TW5,2024-11-04,spóźnienie,2
4TW5,2024-11-07,nieob. uspraw.,24
4TW5,2024-11-08,nieob. uspraw.,48
4TW5,2024-11-19,nieob. uspraw.,17
4TW5,2024-11-20,nieob. uspr. p.s.,3
4TW5,2024-11-20,spóźnienie,3
4TW5,2024-11-21,spóźnienie,1
4TW5,2024-11-25,obecność,97
4TW5,2024-11-26,nieob. uspraw.,26
4TW5,2024-11-29,nieobecność,3
4TW5,2024-12-03,nieob. uspr. p.s.,4
4TW5,2024-12-05,nieob. uspraw.,37
4TW5,2024-12-06,nieobecność,2
4TW5,2024-12-09,spóźnienie,1
4TW5,2024-12-09,nieob. uspr. p.s.,4
4TW5,2024-12-11,nieobecność,6
4TW5,2024-12-13,nieob. uspr. p.s.,6
4TW5,2024-12-16,nieob. uspraw.,24
4TW5,2024-12-17,nieob. uspraw.,14
4TW5,2024-12-18,nieob. uspraw.,21
4TW5,2024-12-19,obecność,123
4TW5,2024-12-20,obecność,62
4TW5,2025-01-08,obecność,143
4TW5,2025-01-08,nieob. uspr. p.s.,5
4TW5,2025-01-09,spóźnienie,1
4TW5,2025-01-10,spóźnienie,3
4TW5,2025-01-13,nieob. uspr. p.s.,4
4TW5,2025-01-14,obecność,112
4TW5,2025-01-14,spóźnienie,2
4TW5,2025-01-17,nieob. uspr. p.s.,6
4TW5,2025-01-17,obecność,109
4TW5,2025-01-21,nieob. uspraw.,16
4TW5,2025-01-22,nieob. uspraw.,40
4TW5,2025-01-23,obecność,102
4TW5,2025-01-24,nieob. uspraw.,29
4TW5,2025-01-28,nieob. uspr. p.s.,4
4TW5,2025-01-30,obecność,145
4TW5,2025-01-31,obecność,96
4TW5,2025-02-17,obecność,102
4TW5,2025-02-18,nieob. uspr. p.s.,7
4TW5,2025-02-19,spóźnienie,2
4TW5,2025-02-21,spóźnienie,2
4TW5,2025-02-24,nieob. uspr. p.s.,9
4TW5,2025-02-25,nieobecność,3
4TW5,2025-02-28,obecność,112
4TW5,2025-03-03,obecność,121
4TW5,2025-03-03,nieob. uspr. p.s.,2
4TW5,2025-03-05,spóźnienie,3
4TW5,2025-03-10,obecność,114
4TW5,2025-03-10,nieob. uspr. p.s.,3
4TW5,2025-03-11,nieob. uspr. p.s.,5
4TW5,2025-03-17,obecność,110
4TW5,2025-03-18,obecność,94
4TW5,2025-03-18,nieob. uspraw.,22
4TW5,2025-03-25,nieob. uspr. p.s.,20
4TW5,2025-03-25,obecność,94
4TW5,2025-03-26,obecność,146
4TW5,2025-03-26,spóźnienie,3
4TW5,2025-04-01,nieob. uspraw.,19
4TW5,2025-04-02,nieob. uspraw.,26
4TW5,2025-04-03,nieob. uspr. p.s.,4
4TW5,2025-04-04,nieob. uspr. p.s.,4
4TW5,2025-04-07,nieob. uspr. p.s.,6
4TW5,2025-04-08,nieob. uspr. p.s.,3
4TW5,2025-04-10,obecność,109
4TW5,2025-04-10,nieob. uspr. p.s.,6
4TW5,2025-04-11,nieob. uspraw.,25
4TW5,2025-04-11,spóźnienie,1
4TW5,2025-04-14,obecność,145
4TW5,2025-04-15,obecność,129
4TW5,2025-04-16,nieob. uspr. p.s.,40
4TW5,2025-04-28,obecność,102
4TW5,2025-04-29,nieob. uspraw.,43
4TW5,2025-04-29,obecność,116
4TW5,2025-04-30,obecność,67
4TW5,2025-05-07,obecność,107
4TW5,2025-05-07,nieob. uspraw.,30
4TW5,2025-05-08,obecność,124
4TW5,2025-05-09,obecność,54
4TW5,2025-05-12,nieob. uspraw.,27
4TW5,2025-05-12,nieob. uspr. p.s.,3
4TW5,2025-05-13,nieob. uspr. p.s.,3
4TW5,2025-05-14,spóźnienie,2
4TW5,2025-05-15,nieob. uspraw.,43
4TW5,2025-05-20,obecność,115
4TW5,2025-05-21,obecność,99
4TW5,2025-05-28,nieob. uspraw.,17
4TW5,2025-05-29,nieob. uspraw.,27
4TW5,2025-06-02,nieob. uspraw.,44
4TW5,2025-06-06,obecność,107
4TW5,2025-06-09,nieob. uspraw.,30
4TW5,2025-06-10,spóźnienie,4
4TW5,2025-06-12,obecność,126
4TW5,2025-06-13,obecność,16
4TW5,2025-06-13,nieob. uspr. p.s.,8
4TW5,2025-06-16,obecność,20
4TW5,2024-11-08,zwolniony,2
4TW5,2024-11-12,nieob. uspraw.,15
4TW5,2024-11-28,nieob. uspraw.,46
4TW5,2024-12-02,nieob. uspraw.,14
4TW5,2024-12-03,nieob. uspraw.,20
4TW5,2024-12-04,nieob. uspraw.,24
4TW5,2024-12-09,nieobecność,2
4TW5,2025-01-27,obecność,132
4TW5,2025-02-17,nieobecność,9
4TW5,2025-03-04,nieobecność,1
4TW5,2025-03-07,nieobecność,3
4TW5,2025-04-16,obecność,81
4TW5,2025-04-28,nieob. uspraw.,57
4TW5,2025-04-30,nieob. uspraw.,68
4TW5,2025-05-08,nieob. uspraw.,29
4TW5,2025-05-09,nieob. uspraw.,24
4TW5,2025-05-19,obecność,100
4TW5,2025-05-28,spóźnienie,1
4TW5,2024-10-08,nieob. uspr. p.s.,2
4TW5,2024-10-25,spóźnienie,2
4TW5,2024-11-05,nieob. uspr. p.s.,1
4TW5,2024-11-07,nieob. uspr. p.s.,1
4TW5,2024-11-08,spóźn. uspr.,1
4TW5,2024-11-12,nieob. uspr. p.s.,2
4TW5,2024-11-13,nieobecność,4
4TW5,2024-11-13,nieob. uspr. p.s.,1
4TW5,2024-11-14,nieob. uspraw.,44
4TW5,2024-11-21,nieob. uspraw.,18
4TW5,2024-12-04,nieob. uspr. p.s.,14
4TW5,2024-12-06,nieob. uspr. p.s.,6
4TW5,2024-12-09,nieob. uspraw.,14
4TW5,2024-12-12,nieob. uspr. p.s.,14
4TW5,2024-12-13,spóźnienie,2
4TW5,2024-12-17,nieob. uspr. p.s.,11
4TW5,2025-01-09,nieob. uspr. p.s.,16
4TW5,2025-01-20,nieob. uspraw.,44
4TW5,2025-01-22,nieob. uspr. p.s.,5
4TW5,2025-01-23,nieob. uspr. p.s.,14
4TW5,2025-01-27,nieob. uspr. p.s.,6
4TW5,2025-01-27,nieobecność,2
4TW5,2025-01-29,nieob. uspr. p.s.,14
4TW5,2025-01-29,nieobecność,2
4TW5,2025-03-04,nieob. uspraw.,10
4TW5,2025-03-12,nieob. uspr. p.s.,11
4TW5,2025-03-17,nieob. uspraw.,20
4TW5,2025-03-20,nieob. uspraw.,114
4TW5,2025-03-24,obecność,118
4TW5,2025-03-24,nieob. uspr. p.s.,12
4TW5,2025-03-26,nieob. uspr. p.s.,3
4TW5,2025-03-27,nieob. uspr. p.s.,16
4TW5,2025-03-31,nieob. uspr. p.s.,1
4TW5,2025-04-01,nieob. uspr. p.s.,3
4TW5,2025-04-02,nieob. uspr. p.s.,3
4TW5,2025-04-11,nieob. uspr. p.s.,1
4TW5,2025-04-14,nieobecność,1
4TW5,2025-05-19,nieob. uspr. p.s.,8
4TW5,2025-05-20,zwolniony,1
4TW5,2025-05-22,nieob. uspr. p.s.,4
4TW5,2025-06-11,nieob. uspr. p.s.,33
4TW5,2024-12-13,nieobecność,2
4TW5,2025-01-17,nieob. uspraw.,22
4TW5,2025-02-24,nieob. uspraw.,20
4TW5,2025-03-14,nieob. uspraw.,13
4TW5,2025-03-19,nieob. uspr. p.s.,2
4TW5,2025-03-19,nieob. uspraw.,27
4TW5,2025-03-21,obecność,9
4TW5,2025-03-31,nieob. uspraw.,20
4TW5,2025-05-30,nieob. uspr. p.s.,2
4TW5,2024-09-30,nieob. uspraw.,14
4TW5,2024-10-04,nieob. uspraw.,21
4TW5,2024-10-18,nieobecność,12
4TW5,2024-10-22,nieobecność,2
4TW5,2024-10-28,nieob. uspraw.,20
4TW5,2024-11-08,nieobecność,3
4TW5,2024-11-20,nieobecność,1
4TW5,2024-11-20,nieob. uspraw.,8
4TW5,2024-12-12,nieobecność,3
4TW5,2025-06-03,nieob. uspraw.,23
4TW5,2024-10-23,nieobecność,2
4TW5,2024-10-29,nieob. uspraw.,21
4TW5,2024-10-30,nieob. uspraw.,39
4TW5,2025-01-29,nieob. uspraw.,24
4TW5,2025-03-03,nieobecność,2
4TW5,2025-05-13,nieob. uspraw.,21
4TW5,2025-05-26,nieob. uspraw.,14
4TW5,2024-10-08,zwolniony,1
4TW5,2024-10-16,nieobecność,1
4TW5,2024-10-29,nieobecność,2
4TW5,2024-11-06,nieob. uspraw.,24
4TW5,2024-11-13,spóźnienie,1
4TW5,2024-11-26,nieobecność,2
4TW5,2024-12-04,nieobecność,1
4TW5,2024-12-18,nieobecność,2
4TW5,2025-01-09,nieob. uspraw.,20
4TW5,2025-01-13,nieobecność,2
4TW5,2025-02-18,nieob. uspraw.,8
4TW5,2025-02-19,nieob. uspraw.,24
4TW5,2025-02-20,nieob. uspraw.,16
4TW5,2025-02-21,nieob. uspraw.,24
4TW5,2025-02-27,nieob. uspraw.,20
4TW5,2025-03-06,nieob. uspraw.,4
4TW5,2025-03-12,nieob. uspraw.,7
4TW5,2025-03-17,zwolniony,2
4TW5,2025-03-19,nieobecność,2
4TW5,2025-04-03,nieob. uspraw.,16
4TW5,2025-05-19,nieobecność,2
4TW5,2025-05-22,nieob. uspraw.,30
4TW5,2025-06-03,nieobecność,1
4TW5,2025-06-09,nieobecność,5
4TW5,2025-06-10,nieob. uspraw.,9
4TW5,2025-06-12,spóźnienie,2
4TW5,2024-10-07,nieob. uspraw.,7
4TW5,2024-10-08,nieob. uspraw.,10
4TW5,2024-10-09,nieob. uspraw.,24
4TW5,2024-10-10,nieob. uspraw.,14
4TW5,2024-10-11,nieob. uspraw.,21
4TW5,2024-10-24,nieob. uspraw.,14
4TW5,2024-11-05,nieob. uspraw.,23
4TW5,2024-11-15,nieob. uspraw.,6
4TW5,2024-11-18,nieob. uspraw.,15
4TW5,2024-11-18,nieobecność,1
4TW5,2024-11-27,nieobecność,2
4TW5,2024-12-06,nieob. uspraw.,9
4TW5,2024-12-10,nieob. uspraw.,20
4TW5,2024-12-12,nieob. uspraw.,22
4TW5,2024-12-13,nieob. uspraw.,8
4TW5,2024-12-16,nieobecność,1
4TW5,2025-01-07,nieob. uspraw.,7
4TW5,2025-01-13,nieob. uspraw.,21
4TW5,2025-01-14,nieobecność,2
4TW5,2025-01-15,nieob. uspraw.,16
4TW5,2025-01-22,nieobecność,2
4TW5,2025-01-28,nieob. uspraw.,8
4TW5,2025-02-21,nieobecność,2
4TW5,2025-02-25,nieob. uspraw.,16
4TW5,2025-02-26,nieob. uspraw.,16
4TW5,2025-03-13,spóźnienie,1
4TW5,2025-03-13,nieob. uspraw.,32
4TW5,2025-04-07,nieob. uspraw.,22
4TW5,2025-04-08,nieob. uspraw.,13
4TW5,2025-04-09,zwolniony,1
4TW5,2025-04-16,spóźnienie,1
4TW5,2025-04-23,nieob. uspraw.,35
4TW5,2025-04-24,nieob. uspraw.,27
4TW5,2024-10-15,nieob. uspr. p.s.,7
4TW5,2025-02-26,nieobecność,1
4TW5,2025-03-05,nieob. uspraw.,7
4TW5,2024-10-01,nieob. uspraw.,8
4TW5,2024-10-03,nieob. uspraw.,7
4TW5,2024-10-09,nieobecność,3
4TW5,2024-10-16,nieob. uspraw.,4
4TW5,2024-11-25,spóźnienie,1
4TW5,2024-12-04,zwolniony,1
4TW5,2024-12-11,nieob. uspr. p.s.,1
4TW5,2024-12-19,nieobecność,2
4TW5,2025-02-19,zwolniony,2
4TW5,2025-05-16,nieob. uspraw.,14
4TW5,2024-11-27,nieob. uspraw.,4
4TW5,2024-12-10,nieob. uspr. p.s.,1
4TW5,2024-12-11,nieob. uspraw.,19
4TW5,2025-05-14,nieob. uspraw.,10
4TW5,2024-11-21,nieobecność,1
4TW5,2025-01-21,nieobecność,1
4TW5,2025-01-23,spóźnienie,2
4TW5,2025-04-09,nieob. uspraw.,6
4TW5,2025-04-25,nieob. uspraw.,21
4TW5,2024-11-28,nieob. uspr. p.s.,14
4TW5,2025-02-25,nieob. uspr. p.s.,2
4TW5,2025-02-26,nieob. uspr. p.s.,12
4TW5,2025-04-14,nieob. uspr. p.s.,3
4TW5,2025-05-15,nieob. uspr. p.s.,14
4TW5,2025-06-05,nieob. uspr. p.s.,8
4TW5,2025-06-17,obecność,7
4TW5,2025-06-18,nieob. uspr. p.s.,8
4TW5,2024-10-17,nieob. uspraw.,14
4TW5,2025-03-27,nieob. uspraw.,8
4TW5,2024-10-25,spóźn. uspr.,1
4TW5,2024-11-22,nieobecność,2
4TW5,2024-12-10,spóźnienie,1
4TW5,2024-12-11,spóźnienie,1
4TW5,2024-10-01,spóźn. uspr.,1
4TW5,2024-10-10,spóźn. uspr.,1
4TW5,2024-10-22,spóźnienie,1
4TW5,2024-11-04,nieob. uspraw.,13
4TW5,2024-11-12,nieobecność,1
4TW5,2025-01-30,nieobecność,3
4TW5,2025-02-27,nieobecność,3
4TW5,2025-03-10,nieobecność,1
4TW5,2024-10-23,spóźnienie,1
4TW5,2024-11-14,nieob. uspr. p.s.,2
4TW5,2025-01-10,nieobecność,1
4TW5,2025-02-27,nieob. uspr. p.s.,1
4TW5,2025-04-02,nieobecność,1
4TW5,2025-06-05,nieobecność,1
4TW5,2025-01-16,nieob. uspraw.,18
4TW5,2024-10-15,nieob. uspraw.,15
4TW5,2024-11-13,nieob. uspraw.,9
4TW5,2024-11-29,nieob. uspraw.,6
4TW5,2025-01-23,nieobecność,2
4TW5,2025-02-28,nieobecność,1
4TW5,2024-10-30,nieobecność,1
4TW5,2024-10-31,nieobecność,1
4TW5,2025-01-31,nieobecność,1
5TM5,2024-09-02,obecność,70
5TM5,2024-09-03,obecność,60
5TM5,2024-09-04,nieob. uspraw.,75
5TM5,2024-09-05,obecność,50
5TM5,2024-09-06,obecność,49
5TM5,2024-09-06,spóźnienie,6
5TM5,2024-09-06,nieobecność,2
5TM5,2024-09-09,nieob. uspraw.,43
5TM5,2024-09-10,nieob. uspraw.,32
5TM5,2024-09-11,nieob. uspraw.,67
5TM5,2024-09-12,obecność,51
5TM5,2024-09-13,obecność,49
5TM5,2024-09-13,nieobecność,8
5TM5,2024-09-16,obecność,104
5TM5,2024-09-17,nieobecność,6
5TM5,2024-09-18,nieobecność,7
5TM5,2024-09-19,nieobecność,6
5TM5,2024-09-20,obecność,62
5TM5,2024-09-20,nieobecność,1
5TM5,2024-09-23,spóźnienie,1
5TM5,2024-09-23,obecność,70
5TM5,2024-09-24,obecność,61
5TM5,2024-09-24,nieobecność,5
5TM5,2024-09-25,obecność,65
5TM5,2024-09-25,spóźnienie,7
5TM5,2024-09-25,nieobecność,11
5TM5,2024-09-26,spóźnienie,2
5TM5,2024-09-26,obecność,46
5TM5,2024-09-27,obecność,48
5TM5,2024-09-27,nieobecność,21
5TM5,2024-09-30,obecność,81
5TM5,2024-10-01,nieobecność,9
5TM5,2024-10-01,obecność,59
5TM5,2024-10-02,spóźnienie,4
5TM5,2024-10-02,obecność,68
5TM5,2024-10-03,obecność,92
5TM5,2024-10-03,spóźnienie,9
5TM5,2024-10-04,obecność,73
5TM5,2024-10-04,nieobecność,10
5TM5,2024-10-07,obecność,88
5TM5,2024-10-07,spóźnienie,6
5TM5,2024-10-08,nieobecność,6
5TM5,2024-10-08,obecność,65
5TM5,2024-10-09,nieobecność,5
5TM5,2024-10-10,obecność,89
5TM5,2024-10-11,obecność,55
5TM5,2024-10-11,nieobecność,8
5TM5,2024-10-15,spóźnienie,9
5TM5,2024-10-15,obecność,50
5TM5,2024-10-16,obecność,74
5TM5,2024-10-17,obecność,65
5TM5,2024-10-18,obecność,29
5TM5,2024-10-18,nieobecność,13
5TM5,2024-10-21,nieobecność,17
5TM5,2024-10-22,obecność,63
5TM5,2024-10-22,nieobecność,19
5TM5,2024-10-23,nieobecność,9
5TM5,2024-10-24,spóźnienie,14
5TM5,2024-10-24,obecność,80
5TM5,2024-10-24,nieobecność,4
5TM5,2024-10-25,obecność,75
5TM5,2024-10-28,nieobecność,17
5TM5,2024-10-29,nieobecność,6
5TM5,2024-10-29,obecność,81
5TM5,2024-10-30,nieobecność,5
5TM5,2024-10-31,nieobecność,10
5TM5,2024-11-04,obecność,114
5TM5,2024-11-05,nieobecność,8
5TM5,2024-11-06,nieobecność,10
5TM5,2024-11-07,obecność,86
5TM5,2024-11-08,obecność,80
5TM5,2024-11-08,nieobecność,8
5TM5,2024-11-12,nieobecność,19
5TM5,2024-11-13,nieobecność,13
5TM5,2024-11-14,obecność,90
5TM5,2024-11-15,obecność,76
5TM5,2024-11-15,nieobecność,10
5TM5,2024-11-18,obecność,122
5TM5,2024-11-19,obecność,93
5TM5,2024-11-19,nieobecność,3
5TM5,2024-11-20,nieobecność,5
5TM5,2024-11-21,nieobecność,10
5TM5,2024-11-22,nieobecność,10
5TM5,2024-11-25,obecność,97
5TM5,2024-11-25,nieobecność,3
5TM5,2024-11-25,spóźnienie,15
5TM5,2024-11-26,nieobecność,11
5TM5,2024-11-27,nieobecność,11
5TM5,2024-11-28,obecność,96
5TM5,2024-11-29,obecność,80
5TM5,2024-11-29,nieobecność,11
5TM5,2024-12-02,obecność,90
5TM5,2024-12-03,obecność,87
5TM5,2024-12-03,nieob. uspraw.,19
5TM5,2024-12-04,obecność,88
5TM5,2024-12-05,spóźnienie,7
5TM5,2024-12-05,obecność,47
5TM5,2024-12-05,nieob. uspraw.,53
5TM5,2024-12-06,obecność,21
5TM5,2024-12-06,nieob. uspraw.,87
5TM5,2024-12-09,spóźnienie,10
5TM5,2024-12-09,obecność,77
5TM5,2024-12-09,nieob. uspraw.,20
5TM5,2024-12-10,obecność,80
5TM5,2024-12-10,nieob. uspraw.,26
5TM5,2024-12-11,obecność,35
5TM5,2024-12-12,obecność,44
5TM5,2024-12-13,obecność,14
5TM5,2024-12-13,nieobecność,69
5TM5,2024-12-16,nieob. uspraw.,23
5TM5,2024-12-16,obecność,81
5TM5,2024-12-17,nieob. uspraw.,25
5TM5,2024-12-18,nieob. uspraw.,35
5TM5,2024-12-19,obecność,81
5TM5,2024-12-20,nieob. uspraw.,15
5TM5,2025-01-07,obecność,73
5TM5,2025-01-08,obecność,99
5TM5,2025-01-08,nieobecność,6
5TM5,2025-01-10,nieob. uspraw.,72
5TM5,2025-01-10,nieob. uspr. p.s.,18
5TM5,2025-01-13,obecność,95
5TM5,2025-01-14,obecność,88
5TM5,2025-01-15,obecność,108
5TM5,2025-01-16,nieob. uspr. p.s.,126
5TM5,2025-01-17,obecność,4
5TM5,2025-01-17,nieob. uspraw.,86
5TM5,2025-01-20,obecność,69
5TM5,2025-01-21,nieobecność,2
5TM5,2025-01-21,obecność,75
5TM5,2025-01-21,nieob. uspraw.,12
5TM5,2025-01-22,nieob. uspraw.,19
5TM5,2025-01-23,obecność,76
5TM5,2025-01-24,nieob. uspraw.,90
5TM5,2025-01-27,nieob. uspraw.,126
5TM5,2025-01-28,nieob. uspraw.,50
5TM5,2025-01-29,obecność,25
5TM5,2025-01-29,nieobecność,3
5TM5,2025-01-30,nieob. uspraw.,126
5TM5,2025-01-31,obecność,6
5TM5,2025-01-31,nieob. uspraw.,84
5TM5,2025-02-17,obecność,88
5TM5,2025-02-17,spóźnienie,7
5TM5,2025-02-18,obecność,67
5TM5,2025-02-18,nieobecność,3
5TM5,2025-02-19,obecność,71
5TM5,2025-02-19,nieobecność,1
5TM5,2025-02-20,obecność,84
5TM5,2025-02-21,obecność,64
5TM5,2025-02-24,nieob. uspraw.,36
5TM5,2025-02-25,nieob. uspraw.,35
5TM5,2025-02-26,nieob. uspraw.,24
5TM5,2025-02-27,obecność,77
5TM5,2025-02-28,spóźnienie,2
5TM5,2025-02-28,obecność,52
5TM5,2025-02-28,nieob. uspraw.,34
5TM5,2025-03-03,obecność,70
5TM5,2025-03-04,obecność,29
5TM5,2025-03-04,nieob. uspraw.,57
5TM5,2025-03-05,obecność,70
5TM5,2025-03-05,nieob. uspraw.,38
5TM5,2025-03-06,obecność,58
5TM5,2025-03-07,obecność,13
5TM5,2025-03-07,,4
5TM5,2025-03-10,obecność,64
5TM5,2025-03-10,nieob. uspraw.,26
5TM5,2025-03-11,nieob. uspraw.,47
5TM5,2025-03-12,nieob. uspraw.,58
5TM5,2025-03-13,nieob. uspraw.,60
5TM5,2025-03-14,nieob. uspraw.,33
5TM5,2025-03-17,nieob. uspraw.,68
5TM5,2025-03-18,nieob. uspraw.,43
5TM5,2025-03-19,nieob. uspraw.,21
5TM5,2025-03-20,obecność,73
5TM5,2025-03-20,nieob. uspraw.,53
5TM5,2025-03-21,nieob. uspraw.,90
5TM5,2025-03-24,nieob. uspraw.,66
5TM5,2025-03-24,obecność,59
5TM5,2025-03-25,obecność,23
5TM5,2025-03-26,nieob. uspraw.,28
5TM5,2025-03-27,obecność,63
5TM5,2025-03-28,obecność,26
5TM5,2025-03-28,nieobecność,1
5TM5,2025-03-31,obecność,75
5TM5,2025-04-01,nieob. uspr. p.s.,22
5TM5,2025-04-01,obecność,8
5TM5,2025-04-02,nieob. uspr. p.s.,6
5TM5,2025-04-02,obecność,43
5TM5,2025-04-03,nieob. uspraw.,50
5TM5,2025-04-04,nieob. uspraw.,55
5TM5,2025-04-07,obecność,59
5TM5,2025-04-08,obecność,27
5TM5,2025-04-09,obecność,90
5TM5,2025-04-10,obecność,29
5TM5,2025-04-11,obecność,10
5TM5,2025-04-14,nieob. uspraw.,118
5TM5,2025-04-15,nieob. uspraw.,84
5TM5,2025-04-16,nieob. uspraw.,90
5TM5,2025-04-23,nieobecność,96
5TM5,2025-04-24,nieobecność,119
5TM5,2025-04-25,obecność,144
5TM5,2024-09-02,nieob. uspraw.,54
5TM5,2024-09-03,nieob. uspraw.,30
5TM5,2024-09-05,nieob. uspraw.,40
5TM5,2024-09-06,nieob. uspraw.,69
5TM5,2024-09-12,nieob. uspraw.,34
5TM5,2024-09-13,nieob. uspraw.,69
5TM5,2024-09-17,obecność,79
5TM5,2024-09-18,obecność,82
5TM5,2024-09-18,spóźn. uspr.,1
5TM5,2024-09-18,nieob. uspraw.,32
5TM5,2024-09-19,obecność,68
5TM5,2024-09-19,nieob. uspraw.,12
5TM5,2024-09-20,nieob. uspraw.,42
5TM5,2024-09-23,nieob. uspraw.,26
5TM5,2024-09-24,nieob. uspraw.,24
5TM5,2024-09-25,spóźn. uspr.,2
5TM5,2024-09-25,nieob. uspraw.,21
5TM5,2024-09-26,nieob. uspraw.,15
5TM5,2024-09-27,nieob. uspraw.,36
5TM5,2024-09-30,spóźn. uspr.,1
5TM5,2024-09-30,nieob. uspraw.,30
5TM5,2024-10-01,nieob. uspraw.,34
5TM5,2024-10-03,nieob. uspraw.,6
5TM5,2024-10-04,nieob. uspraw.,22
5TM5,2024-10-08,spóźnienie,1
5TM5,2024-10-08,nieob. uspraw.,36
5TM5,2024-10-09,obecność,69
5TM5,2024-10-10,nieob. uspraw.,7
5TM5,2024-10-11,spóźn. uspr.,1
5TM5,2024-10-11,nieob. uspraw.,34
5TM5,2024-10-15,spóźn. uspr.,2
5TM5,2024-10-15,nieob. uspraw.,24
5TM5,2024-10-17,spóźn. uspr.,1
5TM5,2024-10-18,nieob. uspraw.,38
5TM5,2024-10-21,spóźn. uspr.,1
5TM5,2024-10-21,obecność,68
5TM5,2024-10-22,spóźn. uspr.,1
5TM5,2024-10-23,obecność,68
5TM5,2024-10-25,nieob. uspraw.,21
5TM5,2024-10-28,obecność,85
5TM5,2024-10-30,obecność,72
5TM5,2024-10-31,obecność,63
5TM5,2024-10-31,nieob. uspraw.,35
5TM5,2024-11-05,obecność,84
5TM5,2024-11-05,nieob. uspraw.,12
5TM5,2024-11-06,obecność,71
5TM5,2024-11-07,nieob. uspraw.,14
5TM5,2024-11-08,nieob. uspraw.,20
5TM5,2024-11-12,obecność,70
5TM5,2024-11-13,obecność,62
5TM5,2024-11-15,nieob. uspraw.,20
5TM5,2024-11-18,spóźn. uspr.,1
5TM5,2024-11-19,nieob. uspraw.,11
5TM5,2024-11-20,obecność,85
5TM5,2024-11-21,obecność,25
5TM5,2024-11-22,spóźn. uspr.,1
5TM5,2024-11-22,obecność,39
5TM5,2024-11-25,spóźn. uspr.,1
5TM5,2024-11-26,obecność,84
5TM5,2024-11-27,obecność,74
5TM5,2024-11-28,spóźn. uspr.,1
5TM5,2024-11-28,nieob. uspraw.,2
5TM5,2024-11-29,nieob. uspraw.,9
5TM5,2024-12-03,spóźn. uspr.,1
5TM5,2024-12-05,spóźn. uspr.,1
5TM5,2024-12-09,spóźn. uspr.,1
5TM5,2024-12-11,nieob. uspr. p.s.,39
5TM5,2024-12-12,nieob. uspraw.,12
5TM5,2024-12-13,nieob. uspraw.,25
5TM5,2024-12-17,obecność,58
5TM5,2024-12-18,obecność,90
5TM5,2024-12-20,obecność,75
5TM5,2025-01-13,nieob. uspr. p.s.,5
5TM5,2025-01-14,nieob. uspraw.,1
5TM5,2025-01-15,spóźn. uspr.,1
5TM5,2025-01-20,nieob. uspraw.,39
5TM5,2025-01-22,obecność,106
5TM5,2025-01-23,nieob. uspraw.,45
5TM5,2025-01-28,obecność,40
5TM5,2025-01-29,nieob. uspraw.,75
5TM5,2025-02-17,spóźn. uspr.,1
5TM5,2025-02-17,nieob. uspraw.,23
5TM5,2025-02-20,spóźn. uspr.,1
5TM5,2025-02-20,nieob. uspraw.,38
5TM5,2025-02-25,obecność,55
5TM5,2025-02-26,obecność,83
5TM5,2025-02-27,spóźn. uspr.,1
5TM5,2025-02-27,nieob. uspraw.,19
5TM5,2025-03-03,nieob. uspraw.,54
5TM5,2025-03-04,spóźn. uspr.,1
5TM5,2025-03-06,nieob. uspraw.,49
5TM5,2025-03-07,nieob. uspr. p.s.,22
5TM5,2025-03-13,obecność,46
5TM5,2025-03-14,obecność,3
5TM5,2025-03-17,obecność,51
5TM5,2025-03-18,spóźn. uspr.,2
5TM5,2025-03-18,obecność,42
5TM5,2025-03-19,obecność,75
5TM5,2025-03-25,nieob. uspraw.,61
5TM5,2025-03-26,nieob. uspr. p.s.,98
5TM5,2025-03-27,nieob. uspraw.,63
5TM5,2025-03-28,nieob. uspraw.,63
5TM5,2025-03-31,nieob. uspraw.,44
5TM5,2025-04-02,nieob. uspraw.,59
5TM5,2025-04-03,obecność,63
5TM5,2025-04-03,spóźn. uspr.,1
5TM5,2025-04-04,obecność,29
5TM5,2025-04-07,nieob. uspraw.,43
5TM5,2025-04-09,nieob. uspraw.,17
5TM5,2025-04-10,nieob. uspraw.,78
5TM5,2025-04-11,nieob. uspraw.,80
5TM5,2025-04-14,obecność,8
5TM5,2025-04-23,nieob. uspraw.,12
5TM5,2024-09-18,spóźnienie,4
5TM5,2024-09-20,spóźnienie,3
5TM5,2024-09-26,nieobecność,8
5TM5,2024-10-07,nieob. uspr. p.s.,3
5TM5,2024-10-11,spóźnienie,2
5TM5,2024-10-18,nieob. uspr. p.s.,24
5TM5,2024-10-21,nieob. uspraw.,32
5TM5,2024-10-22,nieob. uspraw.,19
5TM5,2024-10-23,nieob. uspraw.,10
5TM5,2024-10-24,nieob. uspraw.,10
5TM5,2024-10-25,spóźn. uspr.,1
5TM5,2024-11-07,nieobecność,5
5TM5,2024-11-28,spóźnienie,5
5TM5,2024-11-28,nieobecność,4
5TM5,2024-12-02,nieob. uspraw.,13
5TM5,2024-12-12,nieobecność,48
5TM5,2024-12-19,nieob. uspraw.,38
5TM5,2025-02-21,nieob. uspraw.,26
5TM5,2025-02-27,spóźnienie,5
5TM5,2025-04-01,nieob. uspraw.,60
5TM5,2025-04-03,spóźnienie,5
5TM5,2025-04-08,nieob. uspraw.,44
5TM5,2025-04-10,nieobecność,1
5TM5,2025-04-15,nieob. uspr. p.s.,6
5TM5,2024-09-09,obecność,64
5TM5,2024-09-10,obecność,58
5TM5,2024-09-12,spóźnienie,5
5TM5,2024-09-17,nieob. uspraw.,23
5TM5,2024-09-25,nieob. uspr. p.s.,20
5TM5,2024-09-30,nieob. uspr. p.s.,1
5TM5,2024-10-04,spóźnienie,3
5TM5,2024-10-17,nieobecność,14
5TM5,2024-10-28,nieob. uspraw.,22
5TM5,2024-11-05,nieob. uspr. p.s.,3
5TM5,2024-11-06,nieob. uspr. p.s.,2
5TM5,2024-11-07,nieob. uspr. p.s.,2
5TM5,2024-11-12,nieob. uspr. p.s.,2
5TM5,2024-11-13,nieob. uspr. p.s.,5
5TM5,2024-11-21,nieob. uspraw.,55
5TM5,2024-11-22,nieob. uspraw.,37
5TM5,2024-12-12,nieob. uspr. p.s.,4
5TM5,2025-01-07,nieob. uspraw.,17
5TM5,2025-01-13,nieob. uspraw.,8
5TM5,2025-01-22,nieob. uspr. p.s.,1
5TM5,2025-01-23,nieob. uspr. p.s.,5
5TM5,2025-01-29,nieob. uspr. p.s.,5
5TM5,2025-02-17,nieobecność,7
5TM5,2025-02-24,obecność,66
5TM5,2025-03-07,nieob. uspraw.,33
5TM5,2025-03-25,nieobecność,4
5TM5,2025-04-09,nieobecność,1
5TM5,2024-09-04,obecność,47
5TM5,2024-09-11,obecność,55
5TM5,2024-09-11,spóźnienie,4
5TM5,2024-09-19,spóźnienie,4
5TM5,2024-09-23,nieobecność,8
5TM5,2024-09-30,nieobecność,12
5TM5,2024-10-01,spóźnienie,6
5TM5,2024-10-02,nieobecność,1
5TM5,2024-10-07,nieobecność,2
5TM5,2024-10-09,nieob. uspraw.,15
5TM5,2024-10-17,nieob. uspraw.,27
5TM5,2024-10-21,spóźnienie,6
5TM5,2024-10-22,spóźnienie,6
5TM5,2024-10-25,spóźnienie,3
5TM5,2024-10-29,nieob. uspraw.,19
5TM5,2024-10-30,nieob. uspraw.,13
5TM5,2024-11-04,nieob. uspraw.,11
5TM5,2024-11-06,nieob. uspraw.,6
5TM5,2024-11-12,nieob. uspraw.,13
5TM5,2024-11-13,nieob. uspraw.,9
5TM5,2024-11-14,spóźnienie,1
5TM5,2024-11-14,nieob. uspraw.,10
5TM5,2024-11-15,spóźnienie,2
5TM5,2024-11-18,nieob. uspraw.,1
5TM5,2024-11-18,nieobecność,1
5TM5,2024-11-25,nieob. uspraw.,10
5TM5,2024-11-26,nieob. uspraw.,9
5TM5,2024-11-29,spóźnienie,7
5TM5,2024-12-02,spóźnienie,3
5TM5,2024-12-04,nieob. uspraw.,2
5TM5,2024-12-11,nieob. uspraw.,7
5TM5,2025-01-15,nieob. uspraw.,17
5TM5,2025-02-18,nieob. uspraw.,20
5TM5,2025-02-19,nieob. uspraw.,36
5TM5,2025-02-28,nieobecność,2
5TM5,2025-03-12,obecność,30
5TM5,2025-03-12,nieobecność,2
5TM5,2025-03-13,spóźnienie,2
5TM5,2025-03-31,spóźnienie,1
5TM5,2024-09-23,nieob. uspr. p.s.,2
5TM5,2024-11-04,spóźn. uspr.,1
5TM5,2024-11-06,spóźn. uspr.,1
5TM5,2024-11-29,spóźn. uspr.,1
5TM5,2025-03-11,obecność,7
5TM5,2025-03-17,nieob. uspr. p.s.,4
5TM5,2025-03-19,nieob. uspr. p.s.,12
5TM5,2025-04-24,nieob. uspraw.,7
5TM5,2024-09-27,spóźnienie,3
5TM5,2024-10-02,nieob. uspraw.,17
5TM5,2024-10-07,nieob. uspraw.,26
5TM5,2024-10-10,spóźnienie,6
5TM5,2024-10-18,spóźnienie,4
5TM5,2024-11-22,spóźnienie,3
5TM5,2024-12-11,nieobecność,9
5TM5,2025-03-17,nieobecność,3
5TM5,2024-09-30,spóźnienie,1
5TM5,2024-10-07,spóźn. uspr.,1
5TM5,2024-10-10,nieob. uspr. p.s.,5
5TM5,2024-10-11,nieob. uspr. p.s.,8
5TM5,2024-10-15,nieob. uspr. p.s.,8
5TM5,2024-10-15,nieobecność,15
5TM5,2024-10-25,nieobecność,8
5TM5,2024-10-28,nieob. uspr. p.s.,2
5TM5,2024-11-26,nieob. uspr. p.s.,4
5TM5,2024-12-02,nieob. uspr. p.s.,1
5TM5,2025-02-27,nieob. uspr. p.s.,6
5TM5,2025-03-03,nieobecność,2
5TM5,2025-04-07,nieobecność,1
5TM5,2024-09-04,spóźnienie,2
5TM5,2024-09-04,nieobecność,2
5TM5,2024-09-16,spóźnienie,2
5TM5,2024-09-23,spóźn. uspr.,1
5TM5,2024-09-26,spóźn. uspr.,1
5TM5,2024-11-12,spóźnienie,4
5TM5,2024-12-17,nieob. uspr. p.s.,7
5TM5,2024-12-19,nieobecność,7
5TM5,2025-02-20,spóźnienie,3
5TM5,2025-03-04,spóźnienie,2
5TM5,2024-10-21,nieob. uspr. p.s.,2
5TM5,2024-10-23,nieob. uspr. p.s.,3
5TM5,2024-12-10,spóźnienie,1
5TM5,2025-02-26,spóźnienie,1
5TM5,2025-03-18,spóźnienie,3
5TM5,2025-04-04,spóźnienie,1
5TM5,2025-04-08,spóźnienie,1
5TM5,2024-09-16,nieob. uspraw.,2
5TM5,2024-10-16,nieob. uspraw.,5
5TM5,2024-11-13,spóźn. uspr.,1
5TM5,2024-12-02,spóźn. uspr.,1
5TM5,2024-12-10,nieobecność,1
5TM5,2025-01-08,nieob. uspraw.,21
5TM5,2025-01-14,nieobecność,1
5TM5,2025-01-21,spóźnienie,1
5TM5,2025-03-04,nieobecność,1
5TM5,2024-11-05,spóźnienie,1
5TM5,2024-12-18,spóźnienie,1
5TM5,2024-09-09,spóźnienie,1
5TM5,2024-11-27,nieob. uspraw.,5
5TM5,2024-10-16,nieobecność,11
5TM5,2024-10-29,nieob. uspr. p.s.,2
5TM5,2024-12-03,nieob. uspr. p.s.,1
5TM5,2024-12-16,nieob. uspr. p.s.,4
5TM5,2025-02-24,nieob. uspr. p.s.,6
5TM5,2025-03-24,nieob. uspr. p.s.,1
5TM5,2025-03-25,nieob. uspr. p.s.,2
5TM5,2025-03-31,nieob. uspr. p.s.,5
5TM5,2025-04-03,nieob. uspr. p.s.,7
5TM5,2025-04-04,nieob. uspr. p.s.,5
5TM5,2025-04-07,nieob. uspr. p.s.,5
5TM5,2024-10-09,spóźnienie,1
5TM5,2024-10-10,nieobecność,1
5TM5,2024-09-02,nieobecność,2
5TM5,2024-11-14,nieobecność,7
5TM5,2024-11-19,spóźnienie,1
5TM5,2024-10-03,nieobecność,1
5TM5,2024-10-17,spóźnienie,1
5TM5,2024-11-07,spóźnienie,1
5TM5,2024-11-18,nieob. uspr. p.s.,1
5TM5,2025-03-06,nieobecność,1
5TM5,2025-03-31,nieobecność,1
5TW5,2024-09-02,obecność,66
5TW5,2024-09-03,obecność,54
5TW5,2024-09-04,obecność,87
5TW5,2024-09-05,obecność,74
5TW5,2024-09-06,obecność,43
5TW5,2024-09-06,nieob. uspraw.,9
5TW5,2024-09-09,obecność,64
5TW5,2024-09-10,obecność,44
5TW5,2024-09-11,nieob. uspraw.,34
5TW5,2024-09-12,obecność,48
5TW5,2024-09-12,nieobecność,7
5TW5,2024-09-13,obecność,39
5TW5,2024-09-16,obecność,49
5TW5,2024-09-17,obecność,54
5TW5,2024-09-18,obecność,83
5TW5,2024-09-19,obecność,59
5TW5,2024-09-20,nieob. uspr. p.s.,5
5TW5,2024-09-23,obecność,49
5TW5,2024-09-24,nieob. uspraw.,30
5TW5,2024-09-25,obecność,85
5TW5,2024-09-26,obecność,56
5TW5,2024-09-26,zwolniony,12
5TW5,2024-09-27,nieob. uspraw.,12
5TW5,2024-09-30,obecność,63
5TW5,2024-10-01,obecność,45
5TW5,2024-10-02,obecność,100
5TW5,2024-10-03,obecność,45
5TW5,2024-10-04,obecność,52
5TW5,2024-10-07,obecność,63
5TW5,2024-10-08,obecność,51
5TW5,2024-10-09,obecność,62
5TW5,2024-10-10,obecność,51
5TW5,2024-10-10,nieob. uspr. p.s.,2
5TW5,2024-10-11,obecność,21
5TW5,2024-10-15,nieob. uspr. p.s.,9
5TW5,2024-10-15,obecność,30
5TW5,2024-10-16,obecność,69
5TW5,2024-10-17,obecność,49
5TW5,2024-10-18,nieob. uspraw.,16
5TW5,2024-10-21,obecność,69
5TW5,2024-10-22,obecność,55
5TW5,2024-10-23,obecność,88
5TW5,2024-10-24,obecność,23
5TW5,2024-10-24,nieob. uspr. p.s.,24
5TW5,2024-10-25,obecność,54
5TW5,2024-10-28,obecność,71
5TW5,2024-10-29,obecność,52
5TW5,2024-10-30,obecność,67
5TW5,2024-10-31,obecność,47
5TW5,2024-11-04,obecność,78
5TW5,2024-11-05,obecność,38
5TW5,2024-11-06,obecność,66
5TW5,2024-11-07,obecność,49
5TW5,2024-11-08,nieob. uspraw.,39
5TW5,2024-11-12,nieob. uspraw.,19
5TW5,2024-11-13,nieob. uspraw.,16
5TW5,2024-11-14,obecność,30
5TW5,2024-11-15,nieob. uspraw.,11
5TW5,2024-11-18,obecność,60
5TW5,2024-11-19,obecność,61
5TW5,2024-11-20,obecność,93
5TW5,2024-11-21,obecność,62
5TW5,2024-11-22,obecność,52
5TW5,2024-11-25,obecność,75
5TW5,2024-11-26,obecność,59
5TW5,2024-11-27,obecność,91
5TW5,2024-11-28,obecność,55
5TW5,2024-11-29,nieobecność,15
5TW5,2024-12-02,obecność,82
5TW5,2024-12-03,obecność,49
5TW5,2024-12-04,obecność,26
5TW5,2024-12-04,nieob. uspr. p.s.,56
5TW5,2024-12-05,obecność,42
5TW5,2024-12-06,obecność,35
5TW5,2024-12-06,nieobecność,15
5TW5,2024-12-09,nieobecność,22
5TW5,2024-12-09,obecność,60
5TW5,2024-12-10,obecność,35
5TW5,2024-12-10,nieobecność,16
5TW5,2024-12-11,obecność,70
5TW5,2024-12-11,nieobecność,34
5TW5,2024-12-12,nieobecność,56
5TW5,2024-12-13,obecność,43
5TW5,2024-12-16,obecność,66
5TW5,2024-12-17,obecność,38
5TW5,2024-12-18,obecność,31
5TW5,2024-12-18,nieob. uspr. p.s.,14
5TW5,2024-12-19,nieobecność,12
5TW5,2024-12-19,nieob. uspr. p.s.,7
5TW5,2024-12-19,obecność,52
5TW5,2024-12-20,nieobecność,12
5TW5,2024-12-20,obecność,53
5TW5,2025-01-07,obecność,58
5TW5,2025-01-08,obecność,59
5TW5,2025-01-09,obecność,44
5TW5,2025-01-10,nieob. uspr. p.s.,12
5TW5,2025-01-10,obecność,54
5TW5,2025-01-13,obecność,76
5TW5,2025-01-14,obecność,47
5TW5,2025-01-15,zwolniony,39
5TW5,2025-01-16,nieob. uspraw.,53
5TW5,2025-01-16,obecność,2
5TW5,2025-01-17,obecność,23
5TW5,2025-01-17,nieob. uspr. p.s.,36
5TW5,2025-01-20,obecność,91
5TW5,2025-01-21,obecność,58
5TW5,2025-01-22,nieob. uspr. p.s.,12
5TW5,2025-01-22,obecność,46
5TW5,2025-01-23,obecność,59
5TW5,2025-01-24,nieob. uspraw.,46
5TW5,2025-01-27,obecność,84
5TW5,2025-01-28,obecność,48
5TW5,2025-01-29,obecność,51
5TW5,2025-01-30,obecność,35
5TW5,2025-01-30,nieob. uspraw.,13
5TW5,2025-01-31,nieob. uspraw.,30
5TW5,2025-02-17,obecność,46
5TW5,2025-02-18,obecność,30
5TW5,2025-02-19,obecność,60
5TW5,2025-02-20,obecność,36
5TW5,2025-02-21,nieob. uspraw.,12
5TW5,2025-02-24,obecność,76
5TW5,2025-02-25,obecność,58
5TW5,2025-02-26,obecność,65
5TW5,2025-02-27,obecność,53
5TW5,2025-02-28,obecność,48
5TW5,2025-03-03,obecność,62
5TW5,2025-03-04,obecność,56
5TW5,2025-03-06,nieob. uspraw.,45
5TW5,2025-03-07,obecność,37
5TW5,2025-03-10,obecność,75
5TW5,2025-03-11,obecność,16
5TW5,2025-03-11,nieob. uspraw.,14
5TW5,2025-03-12,obecność,36
5TW5,2025-03-13,obecność,31
5TW5,2025-03-14,nieob. uspraw.,27
5TW5,2025-03-17,obecność,71
5TW5,2025-03-18,obecność,54
5TW5,2025-03-19,obecność,62
5TW5,2025-03-20,nieob. uspraw.,15
5TW5,2025-03-21,nieobecność,34
5TW5,2025-03-24,obecność,75
5TW5,2025-03-25,obecność,52
5TW5,2025-03-26,nieob. uspraw.,23
5TW5,2025-03-26,obecność,61
5TW5,2025-03-27,obecność,50
5TW5,2025-03-28,obecność,34
5TW5,2025-03-31,obecność,75
5TW5,2025-04-01,nieob. uspraw.,15
5TW5,2025-04-01,obecność,47
5TW5,2025-04-02,nieob. uspraw.,31
5TW5,2025-04-03,obecność,38
5TW5,2025-04-03,nieob. uspraw.,22
5TW5,2025-04-04,obecność,5
5TW5,2025-04-07,obecność,56
5TW5,2025-04-07,nieob. uspraw.,13
5TW5,2025-04-08,obecność,33
5TW5,2025-04-09,obecność,42
5TW5,2025-04-10,nieob. uspraw.,24
5TW5,2025-04-11,nieobecność,9
5TW5,2025-04-14,obecność,40
5TW5,2025-04-14,nieobecność,17
5TW5,2025-04-15,nieobecność,23
5TW5,2025-04-15,obecność,41
5TW5,2025-04-15,nieob. uspraw.,10
5TW5,2025-04-16,nieob. uspr. p.s.,24
5TW5,2025-04-23,nieobecność,18
5TW5,2025-04-23,obecność,73
5TW5,2025-04-24,nieobecność,54
5TW5,2025-04-24,obecność,7
5TW5,2025-04-24,spóźnienie,4
5TW5,2025-04-25,obecność,48
5TW5,2024-09-11,obecność,70
5TW5,2024-09-25,nieob. uspraw.,16
5TW5,2024-09-26,nieob. uspraw.,9
5TW5,2024-09-30,nieob. uspraw.,28
5TW5,2024-10-01,nieob. uspraw.,17
5TW5,2024-10-03,nieob. uspraw.,10
5TW5,2024-10-04,nieob. uspraw.,5
5TW5,2024-10-09,nieob. uspr. p.s.,8
5TW5,2024-10-18,obecność,32
5TW5,2024-10-28,nieob. uspraw.,8
5TW5,2024-11-08,obecność,15
5TW5,2024-11-12,obecność,40
5TW5,2024-11-13,obecność,65
5TW5,2024-11-15,obecność,32
5TW5,2024-11-28,nieobecność,9
5TW5,2024-12-13,nieob. uspr. p.s.,3
5TW5,2024-12-16,nieob. uspr. p.s.,4
5TW5,2025-01-24,obecność,25
5TW5,2025-01-31,nieobecność,9
5TW5,2025-02-18,nieob. uspraw.,16
5TW5,2025-02-21,obecność,35
5TW5,2025-03-11,nieobecność,9
5TW5,2025-03-14,obecność,9
5TW5,2025-03-18,nieob. uspraw.,10
5TW5,2025-03-20,obecność,40
5TW5,2025-04-01,nieobecność,14
5TW5,2025-04-02,obecność,41
5TW5,2025-04-04,nieob. uspr. p.s.,35
5TW5,2025-04-11,nieob. uspraw.,24
5TW5,2024-09-05,nieob. uspraw.,15
5TW5,2024-09-16,nieob. uspraw.,16
5TW5,2024-09-20,nieobecność,12
5TW5,2024-09-27,nieobecność,10
5TW5,2024-10-02,nieob. uspraw.,3
5TW5,2024-10-07,spóźnienie,2
5TW5,2024-10-09,nieob. uspraw.,26
5TW5,2024-10-10,spóźnienie,2
5TW5,2024-10-11,nieob. uspraw.,15
5TW5,2024-10-15,spóźnienie,1
5TW5,2024-10-17,nieob. uspraw.,16
5TW5,2024-10-21,spóźnienie,1
5TW5,2024-10-24,nieob. uspraw.,10
5TW5,2024-10-30,nieob. uspraw.,23
5TW5,2024-10-31,nieob. uspraw.,12
5TW5,2024-11-05,spóźnienie,2
5TW5,2024-11-06,nieob. uspraw.,19
5TW5,2024-11-07,nieob. uspraw.,5
5TW5,2024-11-13,nieob. uspr. p.s.,8
5TW5,2024-11-20,nieob. uspraw.,3
5TW5,2024-11-25,nieob. uspraw.,7
5TW5,2024-12-02,nieobecność,9
5TW5,2024-12-04,nieobecność,16
5TW5,2024-12-16,nieobecność,9
5TW5,2024-12-18,nieob. uspraw.,15
5TW5,2025-01-09,nieob. uspraw.,27
5TW5,2025-01-13,nieob. uspraw.,19
5TW5,2025-01-14,nieob. uspraw.,12
5TW5,2025-01-23,nieob. uspraw.,13
5TW5,2025-01-28,nieob. uspr. p.s.,1
5TW5,2025-01-29,nieob. uspr. p.s.,5
5TW5,2025-02-17,nieob. uspraw.,26
5TW5,2025-02-20,nieob. uspraw.,12
5TW5,2025-02-27,spóźnienie,2
5TW5,2025-03-04,nieob. uspraw.,15
5TW5,2025-04-07,nieobecność,9
5TW5,2025-04-08,nieob. uspraw.,26
5TW5,2025-04-14,nieob. uspraw.,34
5TW5,2025-04-16,nieob. uspraw.,48
5TW5,2024-09-12,nieob. uspraw.,36
5TW5,2024-09-13,nieob. uspraw.,12
5TW5,2024-09-19,nieob. uspraw.,30
5TW5,2024-09-20,nieob. uspraw.,18
5TW5,2024-09-23,nieob. uspraw.,15
5TW5,2024-09-24,obecność,9
5TW5,2024-10-09,nieobecność,8
5TW5,2024-10-10,nieobecność,5
5TW5,2024-10-11,nieobecność,3
5TW5,2024-10-16,nieob. uspraw.,34
5TW5,2024-11-19,nieob. uspraw.,3
5TW5,2024-11-29,obecność,12
5TW5,2024-12-03,nieob. uspraw.,5
5TW5,2024-12-20,nieob. uspraw.,12
5TW5,2025-01-29,nieob. uspraw.,16
5TW5,2025-02-19,nieob. uspraw.,12
5TW5,2025-03-07,nieob. uspraw.,10
5TW5,2025-03-12,nieob. uspraw.,12
5TW5,2025-03-21,nieob. uspraw.,30
5TW5,2025-03-27,nieob. uspraw.,8
5TW5,2025-03-28,nieob. uspraw.,13
5TW5,2025-04-02,nieobecność,12
5TW5,2025-04-04,nieob. uspraw.,19
5TW5,2024-09-17,spóźnienie,5
5TW5,2024-09-27,nieob. uspr. p.s.,4
5TW5,2024-10-08,nieob. uspraw.,11
5TW5,2024-10-18,nieob. uspr. p.s.,4
5TW5,2024-10-23,nieob. uspraw.,8
5TW5,2024-10-24,spóźnienie,3
5TW5,2024-10-28,spóźnienie,2
5TW5,2024-10-30,nieob. uspr. p.s.,2
5TW5,2024-11-07,spóźnienie,1
5TW5,2024-11-14,nieob. uspr. p.s.,4
5TW5,2024-11-18,nieob. uspr. p.s.,1
5TW5,2024-11-21,nieob. uspraw.,2
5TW5,2024-11-21,nieobecność,1
5TW5,2024-11-22,spóźnienie,1
5TW5,2024-12-03,spóźnienie,3
5TW5,2024-12-05,nieobecność,8
5TW5,2024-12-12,obecność,9
5TW5,2024-12-16,nieob. uspraw.,25
5TW5,2024-12-17,nieob. uspr. p.s.,6
5TW5,2024-12-19,spóźnienie,1
5TW5,2025-01-13,spóźnienie,1
5TW5,2025-02-18,spóźnienie,1
5TW5,2025-03-03,nieobecność,8
5TW5,2025-03-06,obecność,15
5TW5,2025-03-13,nieob. uspr. p.s.,5
5TW5,2025-03-17,nieob. uspr. p.s.,6
5TW5,2025-03-18,nieob. uspr. p.s.,6
5TW5,2025-03-19,nieob. uspr. p.s.,6
5TW5,2025-03-20,nieob. uspr. p.s.,5
5TW5,2025-03-25,nieob. uspraw.,19
5TW5,2025-03-27,nieob. uspr. p.s.,2
5TW5,2025-03-31,nieob. uspraw.,9
5TW5,2025-04-10,nieob. uspr. p.s.,1
5TW5,2025-04-10,obecność,11
5TW5,2025-04-11,obecność,5
5TW5,2024-09-04,nieob. uspraw.,17
5TW5,2024-09-05,spóźnienie,2
5TW5,2024-09-18,nieob. uspraw.,19
5TW5,2024-10-01,spóźnienie,2
5TW5,2024-10-03,nieobecność,10
5TW5,2024-10-04,nieobecność,7
5TW5,2024-10-08,nieob. uspr. p.s.,2
5TW5,2024-10-15,nieob. uspraw.,12
5TW5,2024-11-04,spóźnienie,1
5TW5,2024-11-13,spóźnienie,2
5TW5,2024-11-14,nieobecność,10
5TW5,2024-11-18,nieob. uspraw.,12
5TW5,2024-11-22,nieobecność,6
5TW5,2024-11-25,spóźnienie,2
5TW5,2024-11-27,nieob. uspraw.,2
5TW5,2024-12-09,nieob. uspraw.,9
5TW5,2024-12-13,nieob. uspraw.,10
5TW5,2025-01-17,nieob. uspraw.,12
5TW5,2025-01-22,nieob. uspraw.,2
5TW5,2025-01-28,spóźnienie,1
5TW5,2025-02-24,nieob. uspraw.,8
5TW5,2025-02-26,nieob. uspraw.,20
5TW5,2025-02-28,nieob. uspraw.,10
5TW5,2025-03-03,nieob. uspraw.,21
5TW5,2025-03-13,nieob. uspraw.,12
5TW5,2025-03-18,spóźnienie,1
5TW5,2025-03-24,spóźnienie,2
5TW5,2025-04-01,spóźnienie,1
5TW5,2025-04-15,spóźnienie,3
5TW5,2024-09-09,nieob. uspraw.,12
5TW5,2024-09-10,nieob. uspraw.,8
5TW5,2024-10-02,nieobecność,1
5TW5,2024-11-14,nieob. uspraw.,8
5TW5,2024-11-29,nieob. uspraw.,12
5TW5,2024-12-17,nieob. uspraw.,15
5TW5,2024-09-20,obecność,3
5TW5,2024-11-05,nieob. uspraw.,8
5TW5,2024-11-06,nieob. uspr. p.s.,8
5TW5,2024-11-07,nieob. uspr. p.s.,5
5TW5,2024-11-22,nieob. uspraw.,5
5TW5,2025-01-09,spóźnienie,1
5TW5,2025-02-25,nieob. uspraw.,13
5TW5,2025-02-28,nieob. uspr. p.s.,1
5TW5,2025-03-10,nieob. uspr. p.s.,2
5TW5,2025-04-02,nieob. uspr. p.s.,7
5TW5,2024-09-02,nieob. uspraw.,12
5TW5,2024-09-03,nieob. uspraw.,11
5TW5,2024-09-09,spóźnienie,2
5TW5,2024-09-18,nieobecność,2
5TW5,2024-09-19,nieobecność,1
5TW5,2024-09-19,spóźnienie,1
5TW5,2024-09-23,nieobecność,1
5TW5,2024-09-25,nieobecność,3
5TW5,2024-09-26,nieobecność,1
5TW5,2024-10-07,nieobecność,1
5TW5,2024-10-08,nieobecność,1
5TW5,2024-10-16,spóźnienie,1
5TW5,2024-10-21,nieob. uspraw.,14
5TW5,2024-10-22,nieob. uspraw.,5
5TW5,2024-10-25,nieobecność,10
5TW5,2024-10-28,nieobecność,10
5TW5,2024-10-29,nieobecność,6
5TW5,2024-10-30,nieobecność,11
5TW5,2024-10-30,spóźnienie,1
5TW5,2024-10-31,spóźnienie,1
5TW5,2024-11-04,nieob. uspraw.,7
5TW5,2024-11-06,nieobecność,11
5TW5,2024-11-07,nieobecność,5
5TW5,2024-11-08,nieobecność,10
5TW5,2024-11-13,nieobecność,13
5TW5,2024-11-15,nieobecność,8
5TW5,2024-11-27,nieobecność,11
5TW5,2024-11-28,spóźnienie,1
5TW5,2024-12-03,nieobecność,7
5TW5,2024-12-04,spóźnienie,1
5TW5,2024-12-05,spóźnienie,1
5TW5,2024-12-13,nieobecność,8
5TW5,2025-01-07,spóźnienie,1
5TW5,2025-01-08,spóźnienie,1
5TW5,2025-01-16,nieob. uspr. p.s.,18
5TW5,2025-01-20,nieob. uspraw.,2
5TW5,2025-01-20,spóźnienie,1
5TW5,2025-01-20,nieobecność,10
5TW5,2025-01-21,nieob. uspraw.,1
5TW5,2025-01-28,nieob. uspraw.,10
5TW5,2025-02-27,nieob. uspraw.,5
5TW5,2025-03-10,nieob. uspraw.,7
5TW5,2025-03-17,nieob. uspraw.,7
5TW5,2025-03-19,nieob. uspraw.,4
5TW5,2025-03-24,nieob. uspraw.,7
5TW5,2025-04-09,nieob. uspraw.,6
5TW5,2024-09-17,nieob. uspraw.,5
5TW5,2024-10-07,nieob. uspraw.,12
5TW5,2024-10-10,nieob. uspraw.,5
5TW5,2024-10-21,nieobecność,7
5TW5,2024-10-22,nieobecność,4
5TW5,2024-10-23,nieobecność,8
5TW5,2024-10-24,nieobecność,5
5TW5,2024-10-31,nieobecność,5
5TW5,2024-11-04,nieobecność,5
5TW5,2024-11-05,nieobecność,4
5TW5,2024-11-12,nieobecność,5
5TW5,2024-11-18,nieobecność,5
5TW5,2024-11-20,nieobecność,8
5TW5,2024-11-25,nieobecność,7
5TW5,2024-11-26,nieobecność,5
5TW5,2024-12-17,nieobecność,5
5TW5,2024-12-18,nieobecność,5
5TW5,2025-01-07,nieobecność,5
5TW5,2025-01-08,nieobecność,5
5TW5,2025-01-09,nieobecność,6
5TW5,2025-01-10,nieobecność,6
5TW5,2025-01-13,nieobecność,8
5TW5,2025-01-14,nieobecność,5
5TW5,2025-01-16,nieobecność,5
5TW5,2025-01-17,nieobecność,6
5TW5,2025-01-21,nieobecność,5
5TW5,2025-01-22,nieobecność,5
5TW5,2025-01-23,nieobecność,6
5TW5,2025-01-24,nieobecność,6
5TW5,2025-01-27,nieobecność,7
5TW5,2025-01-28,nieobecność,5
5TW5,2025-01-29,nieobecność,6
5TW5,2025-01-30,nieobecność,4
5TW5,2025-02-17,nieobecność,6
5TW5,2025-02-18,nieobecność,4
5TW5,2025-02-19,nieobecność,6
5TW5,2025-02-20,nieobecność,4
5TW5,2025-02-21,nieobecność,4
5TW5,2025-02-24,nieobecność,7
5TW5,2025-02-25,nieobecność,6
5TW5,2025-02-26,nieobecność,6
5TW5,2025-02-27,nieobecność,5
5TW5,2025-02-28,nieobecność,5
5TW5,2025-03-04,nieobecność,6
5TW5,2025-03-06,nieobecność,5
5TW5,2025-03-07,nieobecność,4
5TW5,2025-03-10,nieobecność,7
5TW5,2025-03-12,nieobecność,4
5TW5,2025-03-13,nieobecność,4
5TW5,2025-03-14,nieobecność,3
5TW5,2025-03-17,nieobecność,7
5TW5,2025-03-18,nieobecność,6
5TW5,2025-03-19,nieobecność,6
5TW5,2025-03-20,nieobecność,5
5TW5,2025-03-24,nieobecność,7
5TW5,2025-03-25,nieobecność,6
5TW5,2025-03-26,nieobecność,7
5TW5,2025-03-27,nieobecność,5
5TW5,2025-03-28,nieobecność,4
5TW5,2025-03-31,nieobecność,7
5TW5,2025-04-03,nieobecność,5
5TW5,2025-04-04,nieobecność,5
5TW5,2025-04-08,nieobecność,5
5TW5,2025-04-09,nieobecność,4
5TW5,2025-04-10,nieobecność,3
5TW5,2025-04-16,nieobecność,5
5TW5,2025-04-16,obecność,1
5TW5,2025-04-25,nieobecność,3
5TW5,2024-10-29,nieob. uspraw.,6
5TW5,2024-12-04,nieob. uspraw.,5
5TW5,2024-12-05,nieob. uspraw.,1
5TW5,2024-12-06,nieob. uspraw.,1
5TW5,2024-12-19,nieob. uspraw.,6
5TW5,2025-01-10,nieob. uspraw.,5
5TŻ5,2024-09-02,obecność,84
5TŻ5,2024-09-03,obecność,77
5TŻ5,2024-09-04,obecność,54
5TŻ5,2024-09-05,obecność,72
5TŻ5,2024-09-06,obecność,47
5TŻ5,2024-09-09,nieob. uspraw.,19
5TŻ5,2024-09-10,obecność,83
5TŻ5,2024-09-11,obecność,72
5TŻ5,2024-09-12,obecność,43
5TŻ5,2024-09-13,nieob. uspraw.,18
5TŻ5,2024-09-16,nieob. uspraw.,18
5TŻ5,2024-09-17,obecność,73
5TŻ5,2024-09-18,obecność,59
5TŻ5,2024-09-19,nieob. uspraw.,35
5TŻ5,2024-09-20,nieob. uspr. p.s.,48
5TŻ5,2024-09-23,obecność,59
5TŻ5,2024-09-24,nieob. uspraw.,32
5TŻ5,2024-09-25,obecność,48
5TŻ5,2024-09-26,obecność,42
5TŻ5,2024-09-27,nieob. uspraw.,18
5TŻ5,2024-09-30,obecność,67
5TŻ5,2024-10-01,nieob. uspraw.,27
5TŻ5,2024-10-02,obecność,60
5TŻ5,2024-10-03,obecność,45
5TŻ5,2024-10-04,obecność,30
5TŻ5,2024-10-07,obecność,68
5TŻ5,2024-10-08,nieob. uspraw.,14
5TŻ5,2024-10-09,obecność,61
5TŻ5,2024-10-09,spóźn. uspr.,5
5TŻ5,2024-10-10,obecność,51
5TŻ5,2024-10-11,nieob. uspraw.,21
5TŻ5,2024-10-15,obecność,41
5TŻ5,2024-10-15,nieob. uspraw.,40
5TŻ5,2024-10-16,nieob. uspraw.,21
5TŻ5,2024-10-17,nieob. uspraw.,16
5TŻ5,2024-10-18,obecność,24
5TŻ5,2024-10-21,obecność,58
5TŻ5,2024-10-22,obecność,64
5TŻ5,2024-10-22,nieob. uspraw.,14
5TŻ5,2024-10-23,obecność,54
5TŻ5,2024-10-24,obecność,32
5TŻ5,2024-10-24,nieob. uspraw.,13
5TŻ5,2024-10-25,nieob. uspraw.,26
5TŻ5,2024-10-28,obecność,72
5TŻ5,2024-10-29,obecność,69
5TŻ5,2024-10-30,nieob. uspraw.,17
5TŻ5,2024-10-31,nieob. uspraw.,36
5TŻ5,2024-11-04,obecność,70
5TŻ5,2024-11-04,nieob. uspr. p.s.,3
5TŻ5,2024-11-05,obecność,73
5TŻ5,2024-11-06,nieob. uspr. p.s.,6
5TŻ5,2024-11-06,obecność,60
5TŻ5,2024-11-07,nieob. uspr. p.s.,15
5TŻ5,2024-11-08,nieob. uspr. p.s.,9
5TŻ5,2024-11-08,obecność,39
5TŻ5,2024-11-08,nieobecność,1
5TŻ5,2024-11-12,nieobecność,6
5TŻ5,2024-11-13,obecność,69
5TŻ5,2024-11-13,nieobecność,1
5TŻ5,2024-11-14,nieobecność,5
5TŻ5,2024-11-15,nieobecność,5
5TŻ5,2024-11-18,obecność,68
5TŻ5,2024-11-19,obecność,73
5TŻ5,2024-11-20,obecność,71
5TŻ5,2024-11-21,nieobecność,5
5TŻ5,2024-11-22,obecność,49
5TŻ5,2024-11-25,obecność,71
5TŻ5,2024-11-26,obecność,68
5TŻ5,2024-11-27,obecność,70
5TŻ5,2024-11-28,obecność,54
5TŻ5,2024-11-29,nieob. uspraw.,13
5TŻ5,2024-12-02,obecność,58
5TŻ5,2024-12-03,obecność,62
5TŻ5,2024-12-04,obecność,71
5TŻ5,2024-12-05,obecność,45
5TŻ5,2024-12-06,obecność,60
5TŻ5,2024-12-09,obecność,80
5TŻ5,2024-12-10,nieob. uspraw.,25
5TŻ5,2024-12-11,nieob. uspraw.,12
5TŻ5,2024-12-12,nieob. uspr. p.s.,38
5TŻ5,2024-12-13,nieob. uspraw.,60
5TŻ5,2024-12-16,obecność,56
5TŻ5,2024-12-17,obecność,49
5TŻ5,2024-12-18,nieob. uspraw.,13
5TŻ5,2024-12-19,obecność,47
5TŻ5,2024-12-19,nieob. uspraw.,22
5TŻ5,2024-12-20,obecność,66
5TŻ5,2025-01-07,obecność,56
5TŻ5,2025-01-08,nieob. uspraw.,19
5TŻ5,2025-01-09,,72
5TŻ5,2025-01-10,nieob. uspraw.,47
5TŻ5,2025-01-10,obecność,25
5TŻ5,2025-01-13,nieob. uspraw.,23
5TŻ5,2025-01-13,obecność,61
5TŻ5,2025-01-14,obecność,55
5TŻ5,2025-01-15,obecność,37
5TŻ5,2025-01-16,obecność,61
5TŻ5,2025-01-17,nieob. uspraw.,25
5TŻ5,2025-01-20,nieob. uspraw.,9
5TŻ5,2025-01-20,obecność,72
5TŻ5,2025-01-21,obecność,56
5TŻ5,2025-01-22,nieob. uspraw.,25
5TŻ5,2025-01-22,obecność,47
5TŻ5,2025-01-23,obecność,37
5TŻ5,2025-01-23,nieob. uspraw.,34
5TŻ5,2025-01-24,nieob. uspraw.,66
5TŻ5,2025-01-27,obecność,59
5TŻ5,2025-01-27,nieob. uspraw.,22
5TŻ5,2025-01-28,nieob. uspraw.,21
5TŻ5,2025-01-29,nieob. uspraw.,40
5TŻ5,2025-01-30,obecność,23
5TŻ5,2025-01-30,nieob. uspraw.,61
5TŻ5,2025-01-31,nieob. uspraw.,60
5TŻ5,2025-02-17,obecność,63
5TŻ5,2025-02-18,nieob. uspraw.,26
5TŻ5,2025-02-19,obecność,59
5TŻ5,2025-02-20,obecność,69
5TŻ5,2025-02-21,nieob. uspraw.,14
5TŻ5,2025-02-24,obecność,75
5TŻ5,2025-02-25,obecność,45
5TŻ5,2025-02-26,nieob. uspraw.,16
5TŻ5,2025-02-27,obecność,59
5TŻ5,2025-02-28,obecność,39
5TŻ5,2025-03-03,obecność,65
5TŻ5,2025-03-04,nieob. uspraw.,15
5TŻ5,2025-03-05,nieob. uspraw.,7
5TŻ5,2025-03-06,obecność,70
5TŻ5,2025-03-07,obecność,47
5TŻ5,2025-03-10,obecność,68
5TŻ5,2025-03-11,nieob. uspraw.,28
5TŻ5,2025-03-12,nieob. uspraw.,24
5TŻ5,2025-03-13,nieob. uspraw.,13
5TŻ5,2025-03-14,obecność,13
5TŻ5,2025-03-14,nieob. uspr. p.s.,23
5TŻ5,2025-03-17,obecność,67
5TŻ5,2025-03-18,obecność,38
5TŻ5,2025-03-20,nieob. uspraw.,70
5TŻ5,2025-03-21,nieob. uspraw.,36
5TŻ5,2025-03-24,obecność,46
5TŻ5,2025-03-25,obecność,49
5TŻ5,2025-03-26,nieob. uspr. p.s.,48
5TŻ5,2025-03-27,nieob. uspraw.,17
5TŻ5,2025-03-28,nieob. uspraw.,4
5TŻ5,2025-03-28,obecność,32
5TŻ5,2025-03-31,nieob. uspraw.,16
5TŻ5,2025-04-01,obecność,43
5TŻ5,2025-04-02,obecność,66
5TŻ5,2025-04-03,nieob. uspraw.,25
5TŻ5,2025-04-07,obecność,75
5TŻ5,2025-04-08,obecność,43
5TŻ5,2025-04-09,obecność,45
5TŻ5,2025-04-10,nieobecność,19
5TŻ5,2025-04-11,obecność,37
5TŻ5,2025-04-14,nieob. uspraw.,48
5TŻ5,2025-04-14,obecność,35
5TŻ5,2025-04-15,nieob. uspraw.,58
5TŻ5,2025-04-16,nieob. uspraw.,48
5TŻ5,2025-04-23,nieobecność,66
5TŻ5,2025-04-24,nieobecność,77
5TŻ5,2025-04-25,nieobecność,24
5TŻ5,2025-04-25,obecność,36
5TŻ5,2024-09-09,obecność,53
5TŻ5,2024-09-13,obecność,39
5TŻ5,2024-09-16,obecność,66
5TŻ5,2024-09-19,spóźn. uspr.,1
5TŻ5,2024-09-19,obecność,7
5TŻ5,2024-09-24,obecność,49
5TŻ5,2024-09-27,obecność,22
5TŻ5,2024-10-01,obecność,52
5TŻ5,2024-10-04,nieob. uspraw.,30
5TŻ5,2024-10-08,obecność,65
5TŻ5,2024-10-11,obecność,38
5TŻ5,2024-10-16,obecność,48
5TŻ5,2024-10-16,nieob. uspr. p.s.,3
5TŻ5,2024-10-17,obecność,43
5TŻ5,2024-10-25,obecność,29
5TŻ5,2024-10-30,obecność,55
5TŻ5,2024-10-31,obecność,23
5TŻ5,2024-11-07,obecność,41
5TŻ5,2024-11-12,obecność,53
5TŻ5,2024-11-14,obecność,45
5TŻ5,2024-11-15,obecność,45
5TŻ5,2024-11-21,obecność,50
5TŻ5,2024-11-29,obecność,47
5TŻ5,2024-12-05,nieob. uspraw.,12
5TŻ5,2024-12-10,obecność,53
5TŻ5,2024-12-11,obecność,60
5TŻ5,2024-12-12,obecność,10
5TŻ5,2024-12-18,obecność,44
5TŻ5,2025-01-08,obecność,50
5TŻ5,2025-01-17,obecność,34
5TŻ5,2025-01-28,obecność,33
5TŻ5,2025-01-29,obecność,17
5TŻ5,2025-02-18,obecność,31
5TŻ5,2025-02-21,obecność,43
5TŻ5,2025-02-26,obecność,43
5TŻ5,2025-02-27,nieob. uspraw.,25
5TŻ5,2025-03-04,obecność,44
5TŻ5,2025-03-05,obecność,65
5TŻ5,2025-03-12,obecność,23
5TŻ5,2025-03-13,obecność,23
5TŻ5,2025-03-18,nieob. uspraw.,19
5TŻ5,2025-03-27,obecność,43
5TŻ5,2025-03-31,obecność,64
5TŻ5,2025-04-01,nieob. uspraw.,12
5TŻ5,2025-04-03,obecność,52
5TŻ5,2025-04-10,obecność,37
5TŻ5,2025-04-10,nieob. uspraw.,14
5TŻ5,2025-04-23,nieob. uspraw.,6
5TŻ5,2025-04-24,nieob. uspraw.,7
5TŻ5,2024-09-12,nieob. uspraw.,17
5TŻ5,2024-09-17,nieobecność,1
5TŻ5,2024-09-19,nieob. uspr. p.s.,3
5TŻ5,2024-09-23,nieobecność,1
5TŻ5,2024-09-27,nieob. uspr. p.s.,20
5TŻ5,2024-10-03,nieob. uspraw.,12
5TŻ5,2024-10-07,nieob. uspr. p.s.,2
5TŻ5,2024-10-08,nieobecność,1
5TŻ5,2024-10-18,nieob. uspraw.,9
5TŻ5,2024-10-22,nieobecność,1
5TŻ5,2024-10-28,nieob. uspr. p.s.,7
5TŻ5,2024-10-29,nieobecność,1
5TŻ5,2024-10-31,nieobecność,1
5TŻ5,2024-11-21,spóźnienie,1
5TŻ5,2024-12-02,nieobecność,7
5TŻ5,2024-12-03,nieobecność,10
5TŻ5,2024-12-10,nieobecność,1
5TŻ5,2024-12-18,nieob. uspr. p.s.,3
5TŻ5,2025-02-18,nieobecność,2
5TŻ5,2025-02-21,nieobecność,2
5TŻ5,2025-02-28,nieob. uspraw.,20
5TŻ5,2025-03-04,nieobecność,2
5TŻ5,2025-03-06,nieobecność,2
5TŻ5,2025-03-11,obecność,14
5TŻ5,2025-03-20,nieob. uspr. p.s.,14
5TŻ5,2025-03-21,nieob. uspr. p.s.,8
5TŻ5,2025-03-24,nieob. uspraw.,10
5TŻ5,2025-03-25,nieob. uspraw.,9
5TŻ5,2025-04-09,nieobecność,14
5TŻ5,2025-04-11,nieobecność,8
5TŻ5,2024-09-04,nieob. uspraw.,18
5TŻ5,2024-09-06,nieob. uspraw.,13
5TŻ5,2024-09-23,nieob. uspraw.,21
5TŻ5,2024-09-30,nieob. uspraw.,12
5TŻ5,2024-10-02,nieob. uspraw.,12
5TŻ5,2024-10-07,nieob. uspraw.,11
5TŻ5,2024-10-10,nieob. uspraw.,6
5TŻ5,2024-10-21,nieob. uspraw.,11
5TŻ5,2024-10-23,nieob. uspraw.,6
5TŻ5,2024-10-29,nieob. uspraw.,11
5TŻ5,2024-11-08,nieob. uspraw.,11
5TŻ5,2024-11-12,nieob. uspraw.,13
5TŻ5,2024-11-14,nieob. uspraw.,10
5TŻ5,2024-11-15,nieob. uspraw.,10
5TŻ5,2024-11-18,nieob. uspraw.,13
5TŻ5,2024-11-19,nieob. uspraw.,6
5TŻ5,2024-11-26,nieob. uspraw.,11
5TŻ5,2024-11-27,nieob. uspraw.,2
5TŻ5,2024-12-02,nieob. uspraw.,16
5TŻ5,2024-12-03,nieob. uspraw.,8
5TŻ5,2024-12-12,nieob. uspraw.,12
5TŻ5,2024-12-16,nieob. uspraw.,28
5TŻ5,2024-12-17,nieob. uspraw.,10
5TŻ5,2024-12-20,nieob. uspraw.,6
5TŻ5,2025-01-07,nieob. uspraw.,5
5TŻ5,2025-01-14,nieob. uspraw.,6
5TŻ5,2025-01-15,nieob. uspraw.,23
5TŻ5,2025-01-16,nieob. uspraw.,10
5TŻ5,2025-01-21,nieob. uspraw.,2
5TŻ5,2025-02-17,nieob. uspraw.,20
5TŻ5,2025-02-19,nieob. uspraw.,12
5TŻ5,2025-02-20,nieob. uspraw.,15
5TŻ5,2025-02-24,nieob. uspraw.,8
5TŻ5,2025-02-25,nieob. uspraw.,4
5TŻ5,2025-03-03,nieob. uspraw.,18
5TŻ5,2025-03-07,nieob. uspraw.,13
5TŻ5,2025-03-10,nieob. uspraw.,12
5TŻ5,2025-03-14,nieob. uspraw.,12
5TŻ5,2025-03-17,nieob. uspraw.,13
5TŻ5,2025-03-26,obecność,12
5TŻ5,2025-04-02,nieob. uspraw.,6
5TŻ5,2025-04-11,nieob. uspraw.,14
5TŻ5,2024-09-03,nieob. uspraw.,7
5TŻ5,2024-09-18,nieob. uspraw.,1
5TŻ5,2024-10-22,spóźn. uspr.,2
5TŻ5,2024-11-04,nieob. uspraw.,8
5TŻ5,2024-11-07,nieob. uspraw.,3
5TŻ5,2024-11-13,nieob. uspraw.,2
5TŻ5,2024-11-21,nieob. uspraw.,2
5TŻ5,2024-11-22,nieob. uspraw.,10
5TŻ5,2025-01-27,nieobecność,2
5TŻ5,2025-03-06,nieob. uspraw.,12
5TŻ5,2025-04-03,nieobecność,7
5TŻ5,2024-09-17,nieob. uspraw.,7
5TŻ5,2024-09-25,nieob. uspraw.,12
5TŻ5,2024-09-30,nieob. uspr. p.s.,2
5TŻ5,2024-10-03,nieob. uspr. p.s.,3
5TŻ5,2024-10-08,nieob. uspr. p.s.,1
5TŻ5,2024-10-10,nieob. uspr. p.s.,3
5TŻ5,2024-10-11,nieob. uspr. p.s.,1
5TŻ5,2024-10-18,nieob. uspr. p.s.,15
5TŻ5,2024-12-17,nieob. uspr. p.s.,2
5TŻ5,2025-04-07,nieob. uspraw.,3
5TŻ5,2024-09-19,nieobecność,2
5TŻ5,2024-10-24,nieobecność,3
5TŻ5,2024-10-25,nieobecność,5
5TŻ5,2024-12-05,nieobecność,2
5TŻ5,2025-01-08,nieobecność,1
5TŻ5,2025-01-24,nieobecność,6
5TŻ5,2025-01-28,spóźn. uspr.,5
5TŻ5,2025-01-29,spóźn. uspr.,3
5TŻ5,2025-03-11,nieobecność,4
5TŻ5,2025-03-12,nieobecność,1
5TŻ5,2025-03-18,nieobecność,1
5TŻ5,2025-03-21,nieobecność,4
5TŻ5,2025-03-26,nieob. uspraw.,12
5TŻ5,2025-04-01,nieobecność,3
5TŻ5,2024-09-26,nieob. uspraw.,6
5TŻ5,2024-10-09,nieob. uspraw.,6
5TŻ5,2024-10-28,nieob. uspraw.,2
5TŻ5,2024-11-06,nieob. uspraw.,6
5TŻ5,2024-11-07,spóźn. uspr.,1
5TŻ5,2024-11-21,spóźn. uspr.,2
5TŻ5,2025-01-28,nieob. uspr. p.s.,2
5TŻ5,2025-04-08,nieob. uspraw.,1
5TŻ5,2024-09-13,nieob. uspr. p.s.,3
5TŻ5,2024-10-01,nieob. uspr. p.s.,2
5TŻ5,2024-11-05,nieob. uspraw.,8
5TŻ5,2024-11-19,spóźn. uspr.,2
5TŻ5,2024-11-22,nieob. uspr. p.s.,1
5TŻ5,2024-11-26,spóźn. uspr.,2
5TŻ5,2024-11-28,spóźn. uspr.,1
5TŻ5,2024-12-10,nieob. uspr. p.s.,2
5TŻ5,2024-12-19,nieob. uspr. p.s.,2
5TŻ5,2025-04-09,nieob. uspraw.,12
5TŻ5,2024-09-10,nieob. uspraw.,1
5TŻ5,2024-11-20,nieob. uspraw.,1
5TŻ5,2024-11-25,nieob. uspraw.,6
5TŻ5,2024-11-28,nieob. uspraw.,5
5TŻ5,2025-01-08,nieob. uspr. p.s.,2
5TŻ5,2024-12-04,nieob. uspraw.,1
5TŻ5,2024-10-17,spóźn. uspr.,1
5TŻ5,2024-11-25,spóźn. uspr.,1
5TŻ5,2024-11-25,nieob. uspr. p.s.,3
5TŻ5,2024-12-03,spóźn. uspr.,1
5TŻ5,2025-01-17,spóźn. uspr.,1
5TŻ5,2025-02-26,spóźn. uspr.,1
5TŻ5,2025-02-28,spóźn. uspr.,1
5TŻ5,2025-04-07,nieobecność,2
1M,2024-09-03,obecność,72
1M,2024-09-04,obecność,80
1M,2024-09-05,obecność,63
1M,2024-09-06,obecność,59
1M,2024-09-09,obecność,98
1M,2024-09-10,obecność,85
1M,2024-09-10,nieob. uspr. p.s.,5
1M,2024-09-11,obecność,71
1M,2024-09-12,obecność,58
1M,2024-09-13,obecność,59
1M,2024-09-16,obecność,82
1M,2024-09-17,obecność,53
1M,2024-09-18,obecność,74
1M,2024-09-19,nieob. uspraw.,22
1M,2024-09-19,obecność,34
1M,2024-09-20,nieob. uspraw.,24
1M,2024-09-23,obecność,71
1M,2024-09-24,obecność,42
1M,2024-09-25,spóźnienie,4
1M,2024-09-25,obecność,73
1M,2024-09-26,obecność,53
1M,2024-09-27,obecność,56
1M,2024-09-27,spóźnienie,10
1M,2024-09-30,obecność,75
1M,2024-10-01,obecność,46
1M,2024-10-02,obecność,67
1M,2024-10-03,obecność,33
1M,2024-10-03,nieob. uspraw.,24
1M,2024-10-04,obecność,55
1M,2024-10-07,obecność,81
1M,2024-10-08,nieob. uspraw.,16
1M,2024-10-09,obecność,84
1M,2024-10-10,obecność,70
1M,2024-10-11,obecność,46
1M,2024-10-14,nieob. uspr. p.s.,13
1M,2024-10-15,nieob. uspraw.,15
1M,2024-10-16,obecność,71
1M,2024-10-17,obecność,44
1M,2024-10-18,obecność,48
1M,2024-10-21,obecność,62
1M,2024-10-22,obecność,47
1M,2024-10-23,obecność,72
1M,2024-10-24,obecność,59
1M,2024-10-25,obecność,44
1M,2024-10-28,obecność,63
1M,2024-10-29,obecność,38
1M,2024-10-30,obecność,77
1M,2024-10-31,nieob. uspraw.,32
1M,2024-11-04,obecność,81
1M,2024-11-05,obecność,58
1M,2024-11-06,obecność,87
1M,2024-11-07,obecność,66
1M,2024-11-08,obecność,65
1M,2024-11-12,obecność,64
1M,2024-11-13,obecność,83
1M,2024-11-14,nieobecność,7
1M,2024-11-15,obecność,70
1M,2024-11-18,obecność,79
1M,2024-11-19,obecność,44
1M,2024-11-20,obecność,89
1M,2024-11-21,obecność,71
1M,2024-11-22,obecność,59
1M,2024-11-25,obecność,85
1M,2024-11-26,obecność,55
1M,2024-11-27,nieobecność,8
1M,2024-11-27,obecność,80
1M,2024-11-28,obecność,50
1M,2024-11-29,obecność,59
1M,2024-12-02,nieob. uspraw.,28
1M,2024-12-03,obecność,50
1M,2024-12-03,spóźn. uspr.,1
1M,2024-12-04,obecność,82
1M,2024-12-05,obecność,54
1M,2024-12-06,obecność,53
1M,2024-12-06,spóźnienie,1
1M,2024-12-09,obecność,70
1M,2024-12-10,obecność,48
1M,2024-12-11,obecność,85
1M,2024-12-12,obecność,49
1M,2024-12-13,nieob. uspraw.,30
1M,2024-12-16,nieob. uspraw.,8
1M,2024-12-17,nieob. uspraw.,6
1M,2024-12-18,nieob. uspraw.,24
1M,2024-12-19,obecność,63
1M,2024-12-20,obecność,62
1M,2025-01-07,obecność,56
1M,2025-01-08,spóźnienie,4
1M,2025-01-08,obecność,82
1M,2025-01-09,obecność,58
1M,2025-01-10,nieobecność,15
1M,2025-01-10,obecność,50
1M,2025-01-13,spóźn. uspr.,1
1M,2025-01-13,obecność,62
1M,2025-01-14,nieob. uspraw.,8
1M,2025-01-15,nieob. uspraw.,25
1M,2025-01-16,obecność,71
1M,2025-01-17,obecność,60
1M,2025-01-20,obecność,65
1M,2025-01-21,obecność,65
1M,2025-01-22,obecność,70
1M,2025-01-23,obecność,60
1M,2025-01-23,nieob. uspraw.,14
1M,2025-01-24,nieob. uspraw.,22
1M,2025-01-27,obecność,50
1M,2025-01-28,obecność,49
1M,2025-01-29,obecność,80
1M,2025-01-30,nieobecność,12
1M,2025-01-30,obecność,43
1M,2025-01-31,obecność,48
1M,2025-01-31,nieobecność,23
1M,2025-02-17,obecność,70
1M,2025-02-18,obecność,61
1M,2025-02-19,obecność,77
1M,2025-02-20,obecność,46
1M,2025-02-21,obecność,72
1M,2025-02-24,nieob. uspraw.,6
1M,2025-02-25,obecność,58
1M,2025-02-26,obecność,99
1M,2025-02-27,obecność,69
1M,2025-02-28,obecność,83
1M,2025-03-03,obecność,68
1M,2025-03-04,obecność,68
1M,2025-03-05,obecność,87
1M,2025-03-05,nieob. uspraw.,9
1M,2025-03-06,obecność,69
1M,2025-03-06,spóźn. uspr.,1
1M,2025-03-07,obecność,85
1M,2025-03-07,nieobecność,19
1M,2025-03-10,obecność,57
1M,2025-03-10,nieob. uspraw.,6
1M,2025-03-11,obecność,52
1M,2025-03-11,nieobecność,18
1M,2025-03-12,obecność,88
1M,2025-03-13,obecność,78
1M,2025-03-14,obecność,77
1M,2025-03-17,nieobecność,19
1M,2025-03-17,obecność,61
1M,2025-03-18,obecność,62
1M,2025-03-19,obecność,88
1M,2025-03-20,obecność,49
1M,2025-03-20,nieob. uspraw.,20
1M,2025-03-21,nieob. uspraw.,71
1M,2025-03-24,obecność,70
1M,2025-03-25,obecność,54
1M,2025-03-25,nieob. uspraw.,12
1M,2025-03-26,nieob. uspraw.,22
1M,2025-03-27,nieob. uspraw.,18
1M,2025-03-28,obecność,52
1M,2025-03-28,nieobecność,12
1M,2025-03-31,nieobecność,23
1M,2025-04-01,nieobecność,11
1M,2025-04-01,obecność,47
1M,2025-04-02,obecność,97
1M,2025-04-03,obecność,76
1M,2025-04-04,obecność,88
1M,2025-04-04,nieobecność,9
1M,2025-04-07,obecność,77
1M,2025-04-08,obecność,64
1M,2025-04-09,obecność,84
1M,2025-04-10,nieob. uspr. p.s.,42
1M,2025-04-11,obecność,70
1M,2025-04-11,spóźnienie,3
1M,2025-04-14,nieob. uspraw.,10
1M,2025-04-15,obecność,57
1M,2025-04-16,obecność,78
1M,2025-04-23,nieob. uspraw.,13
1M,2025-04-24,obecność,52
1M,2025-04-25,obecność,62
1M,2025-04-25,nieobecność,24
1M,2025-04-28,obecność,72
1M,2025-04-29,nieobecność,7
1M,2025-04-29,obecność,69
1M,2025-04-30,obecność,89
1M,2025-05-07,obecność,92
1M,2025-05-08,obecność,63
1M,2025-05-09,obecność,58
1M,2025-05-12,obecność,78
1M,2025-05-13,obecność,73
1M,2025-05-14,obecność,63
1M,2025-05-15,nieob. uspraw.,39
1M,2025-05-16,obecność,45
1M,2025-05-19,obecność,64
1M,2025-05-20,obecność,71
1M,2025-05-21,obecność,90
1M,2025-05-22,obecność,52
1M,2025-05-23,nieob. uspraw.,12
1M,2025-05-26,obecność,77
1M,2025-05-26,nieob. uspraw.,11
1M,2025-05-27,obecność,57
1M,2025-05-27,nieobecność,18
1M,2025-05-28,obecność,88
1M,2025-05-29,obecność,65
1M,2025-05-30,obecność,47
1M,2025-05-30,nieob. uspraw.,3
1M,2025-06-02,nieob. uspraw.,14
1M,2025-06-03,nieobecność,21
1M,2025-06-03,obecność,59
1M,2025-06-04,nieob. uspraw.,38
1M,2025-06-05,obecność,36
1M,2025-06-06,spóźnienie,4
1M,2025-06-06,obecność,37
1M,2025-06-09,obecność,51
1M,2025-06-10,nieobecność,21
1M,2025-06-10,obecność,63
1M,2025-06-11,obecność,66
1M,2025-06-12,nieob. uspraw.,20
1M,2025-06-12,obecność,55
1M,2025-06-13,nieob. uspraw.,15
1M,2025-06-16,obecność,33
1M,2025-06-16,nieobecność,48
1M,2025-06-17,nieobecność,106
1M,2025-06-18,nieobecność,120
1M,2025-06-23,nieob. uspraw.,18
1M,2025-06-24,nieob. uspraw.,21
1M,2025-06-25,nieobecność,104
1M,2025-06-26,nieobecność,90
1M,2024-09-20,nieob. uspr. p.s.,54
1M,2024-10-02,nieob. uspraw.,19
1M,2024-10-08,obecność,36
1M,2024-10-15,obecność,43
1M,2024-10-23,nieob. uspraw.,14
1M,2024-11-06,nieobecność,14
1M,2024-11-13,nieob. uspraw.,2
1M,2024-11-14,obecność,31
1M,2024-11-28,spóźnienie,3
1M,2024-11-29,nieob. uspraw.,14
1M,2024-12-02,obecność,58
1M,2024-12-10,nieob. uspraw.,10
1M,2024-12-11,zwolniony,3
1M,2024-12-13,obecność,38
1M,2024-12-16,obecność,65
1M,2024-12-17,obecność,49
1M,2024-12-18,obecność,70
1M,2024-12-20,nieob. uspraw.,24
1M,2025-01-14,obecność,36
1M,2025-01-24,obecność,59
1M,2025-02-24,obecność,57
1M,2025-02-26,nieob. uspraw.,8
1M,2025-03-20,spóźnienie,3
1M,2025-03-26,obecność,71
1M,2025-03-27,obecność,59
1M,2025-03-28,nieob. uspraw.,19
1M,2025-03-31,obecność,37
1M,2025-04-14,obecność,55
1M,2025-04-23,obecność,90
1M,2025-05-08,zwolniony,1
1M,2025-05-23,obecność,51
1M,2025-06-02,obecność,49
1M,2025-06-04,obecność,50
1M,2025-06-06,nieob. uspraw.,20
1M,2025-06-09,nieobecność,13
1M,2025-06-09,spóźnienie,2
1M,2025-06-10,nieob. uspraw.,13
1M,2025-06-11,nieobecność,18
1M,2025-06-13,obecność,51
1M,2025-06-16,nieob. uspraw.,21
1M,2025-06-23,nieobecność,84
1M,2025-06-24,nieobecność,96
1M,2025-06-24,obecność,2
1M,2024-09-06,nieob. uspraw.,12
1M,2024-09-11,nieob. uspraw.,10
1M,2024-09-17,nieob. uspraw.,1
1M,2024-10-17,nieob. uspraw.,16
1M,2025-01-15,obecność,66
1M,2025-03-05,nieobecność,24
1M,2025-03-14,nieob. uspraw.,9
1M,2025-03-19,nieob. uspraw.,12
1M,2025-04-25,nieob. uspraw.,10
1M,2025-04-30,nieobecność,18
1M,2025-05-09,nieob. uspraw.,12
1M,2025-06-05,nieob. uspraw.,20
1M,2025-06-11,zwolniony,5
1M,2025-06-17,nieob. uspraw.,7
1M,2025-06-18,nieob. uspraw.,8
1M,2025-06-25,nieob. uspraw.,16
1M,2024-10-01,nieob. uspraw.,10
1M,2024-10-09,nieob. uspraw.,17
1M,2024-10-28,nieob. uspraw.,22
1M,2024-10-29,nieob. uspraw.,8
1M,2024-10-30,nieob. uspraw.,17
1M,2024-11-06,nieob. uspraw.,3
1M,2024-11-26,nieob. uspraw.,5
1M,2024-11-27,nieob. uspraw.,14
1M,2024-11-28,nieob. uspraw.,18
1M,2024-12-04,nieob. uspraw.,10
1M,2025-01-28,nieob. uspraw.,14
1M,2025-01-29,nieob. uspraw.,18
1M,2025-01-30,nieob. uspraw.,15
1M,2025-03-21,obecność,1
1M,2025-04-09,nieob. uspraw.,26
1M,2025-04-10,obecność,29
1M,2025-04-30,nieob. uspraw.,5
1M,2025-05-14,nieob. uspraw.,35
1M,2025-05-15,obecność,5
1M,2025-05-15,zwolniony,4
1M,2025-05-19,spóźnienie,9
1M,2025-06-03,nieob. uspraw.,18
1M,2025-06-06,spóźn. uspr.,1
1M,2025-06-10,spóźn. uspr.,1
1M,2025-06-11,nieob. uspraw.,22
1M,2024-09-04,nieobecność,16
1M,2024-09-05,nieobecność,5
1M,2024-09-06,nieobecność,12
1M,2024-09-09,nieobecność,7
1M,2024-09-11,nieobecność,39
1M,2024-09-12,nieobecność,11
1M,2024-09-13,nieobecność,24
1M,2024-09-16,nieobecność,16
1M,2024-09-17,nieobecność,13
1M,2024-09-18,nieobecność,25
1M,2024-09-19,nieobecność,28
1M,2024-09-20,nieobecność,6
1M,2024-09-23,nieobecność,27
1M,2024-09-24,nieobecność,21
1M,2024-09-25,nieobecność,35
1M,2024-09-26,nieobecność,12
1M,2024-09-27,nieobecność,6
1M,2024-09-30,nieobecność,11
1M,2024-09-30,spóźnienie,4
1M,2024-10-01,spóźnienie,4
1M,2024-10-03,nieobecność,8
1M,2024-10-04,spóźnienie,3
1M,2024-10-04,nieobecność,7
1M,2024-10-07,nieob. uspraw.,7
1M,2024-10-10,nieob. uspraw.,6
1M,2024-10-11,nieob. uspraw.,8
1M,2024-10-15,nieob. uspr. p.s.,7
1M,2024-10-16,nieob. uspraw.,20
1M,2024-10-16,nieobecność,10
1M,2024-10-18,nieob. uspraw.,5
1M,2024-10-21,nieobecność,14
1M,2024-10-22,nieob. uspraw.,16
1M,2024-10-23,nieobecność,14
1M,2024-10-25,nieob. uspraw.,24
1M,2024-10-31,obecność,17
1M,2024-11-07,nieobecność,2
1M,2024-11-13,nieobecność,18
1M,2024-11-18,nieob. uspr. p.s.,1
1M,2024-11-20,nieobecność,3
1M,2024-11-20,spóźnienie,4
1M,2024-11-22,nieobecność,8
1M,2024-11-22,nieob. uspraw.,11
1M,2024-11-29,nieobecność,3
1M,2024-12-02,nieobecność,3
1M,2024-12-02,nieob. uspr. p.s.,2
1M,2024-12-03,spóźnienie,1
1M,2024-12-04,nieobecność,12
1M,2024-12-06,nieobecność,24
1M,2024-12-09,nieob. uspraw.,16
1M,2024-12-13,nieobecność,10
1M,2024-12-17,nieobecność,10
1M,2024-12-18,nieobecność,10
1M,2025-01-07,nieob. uspraw.,8
1M,2025-01-08,nieob. uspraw.,11
1M,2025-01-09,nieob. uspraw.,12
1M,2025-01-10,nieob. uspraw.,12
1M,2025-01-13,nieob. uspr. p.s.,1
1M,2025-01-15,nieobecność,11
1M,2025-01-16,nieobecność,3
1M,2025-01-20,nieob. uspraw.,6
1M,2025-01-22,nieob. uspraw.,24
1M,2025-01-27,nieobecność,16
1M,2025-01-29,nieobecność,12
1M,2025-01-31,nieob. uspraw.,13
1M,2025-02-17,nieob. uspraw.,12
1M,2025-02-18,nieobecność,4
1M,2025-02-19,nieob. uspraw.,24
1M,2025-02-20,nieob. uspraw.,17
1M,2025-02-21,nieobecność,11
1M,2025-02-24,nieobecność,21
1M,2025-02-26,nieobecność,13
1M,2025-02-27,nieob. uspraw.,12
1M,2025-02-28,nieobecność,15
1M,2025-03-06,spóźnienie,2
1M,2025-03-06,nieobecność,11
1M,2025-03-10,nieobecność,11
1M,2025-03-12,nieobecność,24
1M,2025-03-13,nieobecność,10
1M,2025-03-14,nieobecność,19
1M,2025-03-19,nieobecność,20
1M,2025-03-20,nieobecność,18
1M,2025-03-21,nieobecność,12
1M,2025-03-24,nieobecność,8
1M,2025-03-25,nieobecność,4
1M,2025-03-26,nieobecność,17
1M,2025-03-27,nieobecność,7
1M,2025-04-02,nieobecność,13
1M,2025-04-03,nieobecność,8
1M,2025-04-07,nieobecność,6
1M,2025-04-10,nieobecność,7
1M,2025-04-11,nieobecność,18
1M,2025-04-14,nieobecność,5
1M,2025-04-15,nieobecność,7
1M,2025-04-16,nieobecność,18
1M,2025-04-23,nieobecność,9
1M,2025-04-24,nieobecność,20
1M,2025-05-07,nieobecność,9
1M,2025-05-09,nieobecność,12
1M,2025-05-12,nieobecność,11
1M,2025-05-13,nieobecność,3
1M,2025-05-14,nieobecność,11
1M,2025-05-15,nieobecność,8
1M,2025-05-16,nieobecność,10
1M,2025-05-19,nieobecność,14
1M,2025-05-20,nieobecność,7
1M,2025-05-21,nieobecność,11
1M,2025-05-22,nieobecność,12
1M,2025-05-23,nieobecność,21
1M,2025-05-26,nieobecność,9
1M,2025-05-28,nieobecność,24
1M,2025-05-29,nieobecność,15
1M,2025-05-30,nieobecność,20
1M,2025-06-02,nieobecność,20
1M,2025-06-04,nieobecność,24
1M,2025-06-05,nieobecność,14
1M,2025-06-06,nieobecność,8
1M,2025-06-12,nieobecność,33
1M,2025-06-13,nieobecność,22
1M,2024-09-05,spóźnienie,1
1M,2024-09-18,spóźnienie,4
1M,2024-10-01,nieobecność,5
1M,2024-10-11,spóźnienie,3
1M,2024-10-22,nieobecność,2
1M,2024-10-29,nieobecność,6
1M,2024-10-30,spóźnienie,2
1M,2024-10-30,nieobecność,7
1M,2024-11-04,spóźnienie,2
1M,2024-11-07,spóźnienie,2
1M,2024-11-14,nieob. uspraw.,14
1M,2024-11-19,nieobecność,11
1M,2024-11-21,nieobecność,7
1M,2024-11-28,nieobecność,7
1M,2024-11-29,spóźnienie,2
1M,2024-12-03,nieobecność,8
1M,2024-12-09,nieobecność,3
1M,2024-12-10,nieobecność,7
1M,2024-12-11,nieobecność,8
1M,2024-12-19,nieobecność,9
1M,2024-12-20,nieobecność,4
1M,2025-01-07,nieobecność,1
1M,2025-01-08,nieobecność,6
1M,2025-01-09,spóźnienie,4
1M,2025-01-15,spóźnienie,1
1M,2025-01-17,spóźnienie,1
1M,2025-01-20,nieobecność,7
1M,2025-01-22,nieobecność,10
1M,2025-01-23,nieobecność,4
1M,2025-01-24,nieobecność,7
1M,2025-01-28,nieobecność,2
1M,2025-02-20,nieobecność,7
1M,2025-02-27,nieobecność,9
1M,2025-03-18,nieobecność,12
1M,2025-04-04,spóźnienie,1
1M,2025-04-09,nieobecność,2
1M,2025-04-29,spóźnienie,2
1M,2025-05-08,nieobecność,1
1M,2025-05-09,spóźnienie,2
1M,2025-05-26,spóźnienie,1
1M,2024-09-04,nieob. uspraw.,15
1M,2024-09-27,nieob. uspraw.,12
1M,2024-09-30,nieob. uspraw.,7
1M,2024-10-02,nieobecność,18
1M,2024-10-04,nieob. uspraw.,13
1M,2024-10-07,nieobecność,3
1M,2024-10-10,nieobecność,2
1M,2024-10-21,nieob. uspraw.,15
1M,2024-10-23,spóźn. uspr.,2
1M,2024-10-24,nieob. uspraw.,9
1M,2024-11-05,nieob. uspraw.,6
1M,2024-11-08,nieobecność,7
1M,2024-12-12,nieob. uspraw.,10
1M,2024-12-19,nieob. uspraw.,6
1M,2025-01-10,nieob. uspr. p.s.,1
1M,2025-01-14,nieobecność,8
1M,2025-01-17,nieobecność,16
1M,2025-01-24,spóźnienie,2
1M,2025-02-17,nieobecność,2
1M,2025-03-06,nieob. uspraw.,7
1M,2025-03-24,nieob. uspraw.,6
1M,2025-03-31,nieob. uspraw.,24
1M,2025-04-01,nieob. uspraw.,12
1M,2025-04-07,nieob. uspraw.,1
1M,2025-04-08,nieob. uspraw.,5
1M,2025-04-10,nieob. uspraw.,6
1M,2025-04-15,nieob. uspraw.,5
1M,2025-04-24,nieob. uspraw.,12
1M,2025-04-28,nieob. uspraw.,6
1M,2025-04-29,nieob. uspraw.,6
1M,2025-05-07,nieob. uspraw.,11
1M,2025-05-08,nieob. uspraw.,5
1M,2025-05-19,nieob. uspraw.,11
1M,2025-05-21,nieob. uspraw.,10
1M,2025-05-22,nieob. uspraw.,6
1M,2025-06-09,nieob. uspraw.,18
1M,2025-06-17,obecność,6
1M,2024-09-06,spóźnienie,1
1M,2024-11-15,nieobecność,7
1M,2025-01-17,nieob. uspraw.,14
1M,2025-01-27,nieob. uspraw.,12
1M,2025-05-12,nieob. uspraw.,9
1M,2025-05-13,nieob. uspraw.,8
1M,2025-05-14,spóźn. uspr.,1
1M,2025-06-26,nieob. uspraw.,6
1M,2025-02-18,nieob. uspraw.,5
1M,2025-02-21,nieob. uspraw.,15
1M,2025-03-03,nieob. uspraw.,5
1M,2025-03-17,nieob. uspraw.,10
1M,2024-09-12,nieob. uspraw.,1
1M,2024-09-13,spóźnienie,1
1M,2024-09-17,spóźnienie,3
1M,2024-09-18,nieob. uspraw.,9
1M,2024-09-26,nieob. uspraw.,5
1M,2024-10-09,nieobecność,2
1M,2024-10-30,spóźn. uspr.,1
1M,2024-11-04,spóźn. uspr.,1
1M,2024-11-07,spóźn. uspr.,2
1M,2024-11-18,spóźn. uspr.,1
1M,2024-11-20,nieob. uspraw.,8
1M,2025-01-08,spóźn. uspr.,1
1M,2025-01-09,spóźn. uspr.,2
1M,2025-01-15,spóźn. uspr.,1
1M,2025-01-16,nieob. uspraw.,3
1M,2025-02-28,nieob. uspraw.,7
1M,2025-03-04,nieob. uspraw.,1
1M,2025-03-12,nieob. uspraw.,8
1M,2025-03-13,nieob. uspraw.,2
1M,2025-03-18,nieob. uspraw.,1
1M,2025-04-02,nieob. uspraw.,2
1M,2025-04-11,nieob. uspraw.,7
1M,2025-04-16,nieob. uspraw.,16
1M,2025-04-25,spóźn. uspr.,1
1M,2025-05-16,nieob. uspraw.,15
1M,2025-05-27,nieob. uspraw.,8
1M,2025-05-29,nieob. uspraw.,4
1M,2024-09-03,nieobecność,12
1M,2024-09-24,spóźnienie,2
1M,2024-10-11,nieobecność,7
1M,2024-10-16,spóźnienie,3
1M,2024-10-17,nieobecność,5
1M,2024-10-18,nieobecność,11
1M,2024-10-23,spóźnienie,2
1M,2024-10-24,nieobecność,10
1M,2024-10-25,nieobecność,10
1M,2024-10-28,nieobecność,6
1M,2024-11-13,spóźnienie,1
1M,2024-11-18,nieob. uspraw.,8
1M,2024-11-19,nieob. uspraw.,10
1M,2024-11-25,nieob. uspraw.,3
1M,2024-11-27,zwolniony,2
1M,2024-12-03,nieob. uspraw.,5
1M,2024-12-05,nieobecność,11
1M,2024-12-12,nieobecność,6
1M,2025-02-19,nieobecność,11
1M,2025-02-25,nieobecność,12
1M,2025-03-03,nieobecność,2
1M,2025-03-04,nieobecność,6
1M,2025-03-26,spóźnienie,2
1M,2025-04-25,spóźnienie,1
1M,2025-05-14,spóźnienie,2
1M,2025-05-21,spóźnienie,1
1M,2025-05-27,spóźnienie,1
1M,2025-06-02,spóźnienie,1
1M,2025-06-11,spóźnienie,1
1M,2024-09-04,spóźnienie,1
1M,2024-09-30,nieob. uspr. p.s.,1
1M,2024-10-09,spóźnienie,1
1M,2024-10-11,spóźn. uspr.,1
1M,2024-10-31,nieobecność,3
1M,2024-11-04,nieobecność,5
1M,2024-11-05,nieob. uspr. p.s.,1
1M,2024-11-15,nieob. uspraw.,1
1M,2024-12-09,nieob. uspr. p.s.,2
1M,2024-12-11,nieob. uspraw.,8
1M,2024-12-16,nieobecność,4
1M,2024-12-16,nieob. uspr. p.s.,1
1M,2024-12-20,spóźnienie,1
1M,2025-01-09,nieobecność,2
1M,2025-01-13,nieobecność,1
1M,2025-01-16,spóźn. uspr.,1
1M,2025-01-24,zwolniony,1
1M,2025-01-29,spóźnienie,1
1M,2025-03-10,spóźn. uspr.,1
1M,2025-04-15,spóźnienie,1
1M,2024-09-05,nieob. uspraw.,1
1M,2024-10-18,spóźnienie,1
1M,2024-11-04,nieob. uspraw.,2
1M,2024-11-07,nieob. uspraw.,6
1M,2024-11-08,nieob. uspraw.,6
1M,2024-11-12,nieobecność,1
1M,2024-11-18,nieobecność,2
1M,2024-11-25,nieobecność,3
1M,2024-11-26,nieobecność,5
1M,2025-03-07,spóźnienie,1
1M,2025-04-08,nieobecność,1
1M,2025-04-28,nieobecność,6
1M,2025-06-25,obecność,8
1M,2024-09-24,nieob. uspraw.,5
1M,2025-03-11,nieob. uspraw.,5
1M,2025-03-28,spóźnienie,1
1M,2025-05-20,nieob. uspraw.,6
1M,2025-06-18,obecność,8
2M,2024-09-02,obecność,154
2M,2024-09-03,obecność,160
2M,2024-09-04,obecność,118
2M,2024-09-04,nieobecność,16
2M,2024-09-05,nieob. uspraw.,26
2M,2024-09-06,nieobecność,30
2M,2024-09-09,obecność,119
2M,2024-09-09,nieobecność,18
2M,2024-09-10,obecność,112
2M,2024-09-11,obecność,107
2M,2024-09-12,obecność,100
2M,2024-09-13,nieobecność,30
2M,2024-09-16,nieobecność,15
2M,2024-09-17,nieobecność,38
2M,2024-09-18,nieobecność,33
2M,2024-09-19,nieobecność,20
2M,2024-09-20,nieobecność,23
2M,2024-09-23,obecność,84
2M,2024-09-24,obecność,107
2M,2024-09-25,obecność,124
2M,2024-09-26,obecność,81
2M,2024-09-27,obecność,114
2M,2024-09-30,nieob. uspraw.,24
2M,2024-10-01,obecność,114
2M,2024-10-02,obecność,100
2M,2024-10-03,obecność,109
2M,2024-10-04,nieobecność,17
2M,2024-10-07,obecność,75
2M,2024-10-08,obecność,136
2M,2024-10-09,obecność,119
2M,2024-10-10,obecność,127
2M,2024-10-11,obecność,88
2M,2024-10-11,nieobecność,21
2M,2024-10-15,nieobecność,44
2M,2024-10-16,nieobecność,34
2M,2024-10-17,nieobecność,31
2M,2024-10-18,nieobecność,27
2M,2024-10-21,obecność,84
2M,2024-10-22,obecność,127
2M,2024-10-23,obecność,110
2M,2024-10-24,obecność,127
2M,2024-10-25,obecność,141
2M,2024-10-28,obecność,72
2M,2024-10-29,obecność,142
2M,2024-10-30,obecność,107
2M,2024-10-31,obecność,77
2M,2024-11-04,obecność,80
2M,2024-11-05,obecność,136
2M,2024-11-06,obecność,129
2M,2024-11-06,nieobecność,9
2M,2024-11-07,nieobecność,3
2M,2024-11-07,obecność,138
2M,2024-11-08,obecność,108
2M,2024-11-12,obecność,109
2M,2024-11-13,obecność,87
2M,2024-11-13,nieob. uspraw.,29
2M,2024-11-14,nieob. uspraw.,23
2M,2024-11-15,obecność,71
2M,2024-11-15,nieob. uspraw.,15
2M,2024-11-18,nieob. uspraw.,5
2M,2024-11-19,nieob. uspraw.,13
2M,2024-11-20,nieob. uspraw.,14
2M,2024-11-21,nieob. uspraw.,16
2M,2024-11-22,nieob. uspraw.,19
2M,2024-11-25,obecność,91
2M,2024-11-26,obecność,137
2M,2024-11-27,obecność,106
2M,2024-11-28,obecność,101
2M,2024-11-29,obecność,103
2M,2024-12-02,nieob. uspraw.,21
2M,2024-12-03,nieob. uspraw.,26
2M,2024-12-04,nieob. uspraw.,5
2M,2024-12-04,obecność,93
2M,2024-12-05,nieob. uspraw.,22
2M,2024-12-06,nieob. uspraw.,20
2M,2024-12-09,nieobecność,18
2M,2024-12-09,obecność,75
2M,2024-12-10,nieobecność,21
2M,2024-12-10,spóźnienie,1
2M,2024-12-10,obecność,122
2M,2024-12-11,obecność,108
2M,2024-12-12,obecność,101
2M,2024-12-13,obecność,67
2M,2024-12-13,nieobecność,27
2M,2024-12-16,nieob. uspraw.,21
2M,2024-12-17,nieob. uspraw.,39
2M,2024-12-18,nieob. uspraw.,9
2M,2024-12-19,nieob. uspraw.,22
2M,2024-12-20,nieob. uspraw.,14
2M,2024-12-20,obecność,118
2M,2024-12-20,nieobecność,20
2M,2025-01-07,obecność,109
2M,2025-01-07,nieob. uspraw.,24
2M,2025-01-08,obecność,105
2M,2025-01-09,obecność,141
2M,2025-01-09,nieob. uspraw.,50
2M,2025-01-10,obecność,92
2M,2025-01-10,nieob. uspraw.,39
2M,2025-01-13,obecność,79
2M,2025-01-14,obecność,130
2M,2025-01-14,nieob. uspraw.,15
2M,2025-01-15,nieob. uspraw.,35
2M,2025-01-16,obecność,120
2M,2025-01-16,nieob. uspraw.,11
2M,2025-01-17,nieobecność,49
2M,2025-01-20,obecność,74
2M,2025-01-21,obecność,140
2M,2025-01-22,nieobecność,60
2M,2025-01-23,nieobecność,42
2M,2025-01-24,nieobecność,25
2M,2025-01-27,obecność,75
2M,2025-01-28,obecność,117
2M,2025-01-29,nieob. uspraw.,36
2M,2025-01-30,nieob. uspraw.,34
2M,2025-01-31,obecność,27
2M,2025-02-17,nieobecność,24
2M,2025-02-18,obecność,125
2M,2025-02-19,obecność,135
2M,2025-02-20,obecność,144
2M,2025-02-21,obecność,83
2M,2025-02-24,obecność,74
2M,2025-02-24,nieobecność,23
2M,2025-02-25,obecność,95
2M,2025-02-25,nieob. uspraw.,25
2M,2025-02-26,obecność,103
2M,2025-02-27,nieobecność,44
2M,2025-02-28,nieobecność,34
2M,2025-02-28,obecność,77
2M,2025-03-03,obecność,100
2M,2025-03-04,obecność,102
2M,2025-03-04,nieob. uspraw.,22
2M,2025-03-05,obecność,115
2M,2025-03-05,nieobecność,47
2M,2025-03-06,obecność,108
2M,2025-03-07,obecność,89
2M,2025-03-10,obecność,94
2M,2025-03-10,nieobecność,27
2M,2025-03-11,obecność,113
2M,2025-03-12,nieobecność,48
2M,2025-03-12,obecność,98
2M,2025-03-13,obecność,113
2M,2025-03-14,obecność,90
2M,2025-03-17,obecność,104
2M,2025-03-18,obecność,137
2M,2025-03-18,nieob. uspraw.,1
2M,2025-03-19,obecność,118
2M,2025-03-19,nieob. uspraw.,9
2M,2025-03-20,obecność,105
2M,2025-03-21,nieob. uspraw.,29
2M,2025-03-21,obecność,36
2M,2025-03-24,obecność,87
2M,2025-03-25,obecność,131
2M,2025-03-25,nieob. uspraw.,8
2M,2025-03-26,obecność,120
2M,2025-03-26,nieob. uspraw.,9
2M,2025-03-27,nieob. uspraw.,23
2M,2025-03-28,obecność,84
2M,2025-03-28,nieob. uspraw.,48
2M,2025-03-31,nieob. uspraw.,20
2M,2025-04-01,nieob. uspraw.,34
2M,2025-04-02,obecność,95
2M,2025-04-02,nieob. uspraw.,30
2M,2025-04-03,nieob. uspraw.,35
2M,2025-04-04,nieob. uspraw.,15
2M,2025-04-04,obecność,119
2M,2025-04-07,obecność,89
2M,2025-04-07,nieobecność,15
2M,2025-04-08,obecność,122
2M,2025-04-09,obecność,94
2M,2025-04-10,nieob. uspr. p.s.,30
2M,2025-04-10,nieobecność,27
2M,2025-04-11,obecność,78
2M,2025-04-14,obecność,99
2M,2025-04-15,obecność,85
2M,2025-04-15,nieob. uspraw.,28
2M,2025-04-16,nieob. uspraw.,32
2M,2025-04-23,obecność,122
2M,2025-04-24,obecność,137
2M,2025-04-25,nieob. uspraw.,28
2M,2025-04-25,obecność,92
2M,2025-04-28,obecność,107
2M,2025-04-29,obecność,110
2M,2025-04-30,obecność,78
2M,2025-05-07,obecność,77
2M,2025-05-08,obecność,117
2M,2025-05-09,obecność,119
2M,2025-05-12,obecność,72
2M,2025-05-13,obecność,123
2M,2025-05-14,obecność,92
2M,2025-05-15,nieob. uspraw.,15
2M,2025-05-16,nieobecność,41
2M,2025-05-19,obecność,47
2M,2025-05-20,obecność,127
2M,2025-05-21,obecność,115
2M,2025-05-22,nieobecność,32
2M,2025-05-22,obecność,115
2M,2025-05-23,nieobecność,33
2M,2025-05-23,obecność,74
2M,2025-05-26,obecność,105
2M,2025-05-27,obecność,137
2M,2025-05-28,obecność,103
2M,2025-05-29,nieobecność,57
2M,2025-05-29,obecność,83
2M,2025-05-30,nieobecność,29
2M,2025-06-02,obecność,58
2M,2025-06-03,obecność,120
2M,2025-06-04,obecność,114
2M,2025-06-05,obecność,127
2M,2025-06-06,obecność,71
2M,2025-06-06,nieob. uspraw.,13
2M,2025-06-09,obecność,61
2M,2025-06-10,obecność,78
2M,2025-06-11,obecność,89
2M,2025-06-11,nieobecność,51
2M,2025-06-12,nieobecność,54
2M,2025-06-13,nieobecność,74
2M,2025-06-16,nieobecność,101
2M,2025-06-17,nieobecność,123
2M,2025-06-18,nieobecność,137
2M,2025-06-23,nieobecność,109
2M,2025-06-24,nieobecność,135
2M,2025-06-25,obecność,1
2M,2025-06-25,nieobecność,139
2M,2025-06-26,obecność,31
2M,2025-06-26,nieobecność,116
2M,2025-06-27,obecność,154
2M,2024-09-05,obecność,80
2M,2024-09-06,obecność,92
2M,2024-09-13,obecność,63
2M,2024-09-16,obecność,100
2M,2024-09-17,obecność,100
2M,2024-09-18,obecność,108
2M,2024-09-19,obecność,92
2M,2024-09-20,nieob. uspraw.,54
2M,2024-09-30,obecność,82
2M,2024-10-04,obecność,55
2M,2024-10-15,obecność,108
2M,2024-10-16,obecność,87
2M,2024-10-17,obecność,74
2M,2024-10-18,nieob. uspraw.,21
2M,2024-10-23,nieob. uspraw.,24
2M,2024-10-30,zwolniony,2
2M,2024-10-31,nieob. uspraw.,35
2M,2024-11-05,nieob. uspr. p.s.,1
2M,2024-11-06,nieob. uspraw.,11
2M,2024-11-13,nieobecność,17
2M,2024-11-13,zwolniony,2
2M,2024-11-14,obecność,100
2M,2024-11-18,nieobecność,23
2M,2024-11-19,nieobecność,19
2M,2024-11-20,nieobecność,22
2M,2024-11-21,obecność,124
2M,2024-11-22,obecność,103
2M,2024-11-26,nieobecność,27
2M,2024-11-28,nieobecność,19
2M,2024-12-02,obecność,76
2M,2024-12-03,nieobecność,10
2M,2024-12-03,obecność,137
2M,2024-12-04,nieobecność,31
2M,2024-12-05,obecność,83
2M,2024-12-06,obecność,57
2M,2024-12-16,obecność,76
2M,2024-12-17,obecność,99
2M,2024-12-18,obecność,94
2M,2024-12-19,obecność,87
2M,2025-01-15,obecność,76
2M,2025-01-17,obecność,86
2M,2025-01-23,obecność,96
2M,2025-01-24,obecność,95
2M,2025-01-27,nieobecność,11
2M,2025-01-29,obecność,85
2M,2025-01-30,obecność,82
2M,2025-01-31,nieobecność,56
2M,2025-02-17,obecność,86
2M,2025-02-27,obecność,70
2M,2025-03-13,nieobecność,30
2M,2025-03-14,nieobecność,22
2M,2025-03-17,nieobecność,23
2M,2025-03-21,nieobecność,94
2M,2025-03-27,obecność,106
2M,2025-03-31,obecność,91
2M,2025-04-01,obecność,94
2M,2025-04-03,obecność,109
2M,2025-04-08,nieob. uspraw.,14
2M,2025-04-08,spóźnienie,1
2M,2025-04-09,nieobecność,24
2M,2025-04-10,nieob. uspraw.,42
2M,2025-04-10,obecność,62
2M,2025-04-11,nieob. uspraw.,54
2M,2025-04-23,nieob. uspraw.,19
2M,2025-04-23,nieob. uspr. p.s.,1
2M,2025-04-30,nieobecność,46
2M,2025-05-12,nieob. uspraw.,16
2M,2025-05-13,nieob. uspraw.,16
2M,2025-05-15,obecność,63
2M,2025-05-16,obecność,62
2M,2025-05-21,nieobecność,47
2M,2025-06-12,obecność,78
2M,2024-09-03,nieobecność,7
2M,2024-09-05,nieobecność,26
2M,2024-09-10,nieob. uspraw.,23
2M,2024-09-11,nieob. uspraw.,14
2M,2024-09-13,nieob. uspraw.,59
2M,2024-09-16,nieob. uspraw.,14
2M,2024-09-17,nieob. uspraw.,15
2M,2024-09-23,nieob. uspraw.,10
2M,2024-09-24,nieob. uspraw.,17
2M,2024-09-25,nieobecność,30
2M,2024-09-26,nieobecność,32
2M,2024-09-27,spóźnienie,2
2M,2024-09-30,nieobecność,5
2M,2024-10-01,nieobecność,5
2M,2024-10-02,nieobecność,21
2M,2024-10-03,nieobecność,11
2M,2024-10-04,nieob. uspraw.,36
2M,2024-10-07,nieob. uspraw.,22
2M,2024-10-08,nieobecność,6
2M,2024-10-09,nieob. uspraw.,21
2M,2024-10-09,nieobecność,16
2M,2024-10-11,nieob. uspraw.,23
2M,2024-10-18,obecność,84
2M,2024-10-21,nieobecność,14
2M,2024-10-22,nieobecność,17
2M,2024-10-23,nieobecność,22
2M,2024-10-25,nieobecność,9
2M,2024-10-28,nieobecność,15
2M,2024-10-29,nieobecność,24
2M,2024-10-30,nieobecność,28
2M,2024-10-31,nieobecność,42
2M,2024-11-04,nieobecność,9
2M,2024-11-05,nieobecność,26
2M,2024-11-06,spóźnienie,6
2M,2024-11-08,nieobecność,20
2M,2024-11-12,nieobecność,27
2M,2024-11-14,nieobecność,31
2M,2024-11-15,nieobecność,20
2M,2024-11-19,obecność,141
2M,2024-11-20,obecność,119
2M,2024-11-21,spóźnienie,2
2M,2024-11-22,nieobecność,29
2M,2024-11-25,nieobecność,16
2M,2024-11-27,nieobecność,44
2M,2024-11-29,nieobecność,48
2M,2024-12-02,nieobecność,11
2M,2024-12-05,nieobecność,48
2M,2024-12-11,nieobecność,15
2M,2024-12-12,nieobecność,30
2M,2024-12-16,nieobecność,13
2M,2024-12-17,nieobecność,36
2M,2024-12-18,nieobecność,25
2M,2024-12-19,nieobecność,42
2M,2025-01-07,nieobecność,35
2M,2025-01-07,spóźnienie,7
2M,2025-01-08,nieobecność,20
2M,2025-01-09,nieobecność,16
2M,2025-01-10,nieobecność,17
2M,2025-01-13,nieobecność,27
2M,2025-01-14,nieobecność,28
2M,2025-01-14,spóźnienie,2
2M,2025-01-15,nieobecność,16
2M,2025-01-16,nieobecność,21
2M,2025-01-20,nieobecność,29
2M,2025-01-21,nieobecność,30
2M,2025-01-28,spóźnienie,1
2M,2025-01-28,nieobecność,15
2M,2025-01-30,nieobecność,45
2M,2025-02-18,nieobecność,21
2M,2025-02-19,nieobecność,22
2M,2025-02-21,nieobecność,32
2M,2025-02-25,nieobecność,33
2M,2025-02-26,nieobecność,19
2M,2025-03-03,nieobecność,21
2M,2025-03-04,nieobecność,38
2M,2025-03-06,nieobecność,35
2M,2025-03-07,nieobecność,37
2M,2025-03-11,nieobecność,36
2M,2025-03-18,nieobecność,24
2M,2025-03-19,nieobecność,36
2M,2025-03-20,nieobecność,22
2M,2025-03-24,nieobecność,24
2M,2025-03-25,nieobecność,23
2M,2025-03-26,spóźnienie,5
2M,2025-03-26,nieobecność,29
2M,2025-03-27,nieobecność,32
2M,2025-03-28,nieobecność,23
2M,2025-03-31,nieobecność,24
2M,2025-04-01,nieobecność,34
2M,2025-04-02,nieobecność,14
2M,2025-04-03,nieobecność,17
2M,2025-04-04,nieobecność,20
2M,2025-04-08,nieobecność,13
2M,2025-04-11,nieobecność,25
2M,2025-04-14,nieobecność,10
2M,2025-04-15,nieobecność,37
2M,2025-04-16,obecność,62
2M,2025-04-16,nieobecność,46
2M,2025-04-23,nieobecność,21
2M,2025-04-24,spóźnienie,1
2M,2025-04-25,nieobecność,39
2M,2025-04-28,nieobecność,27
2M,2025-05-07,nieobecność,37
2M,2025-05-08,nieobecność,42
2M,2025-05-09,nieobecność,56
2M,2025-05-12,nieobecność,47
2M,2025-05-13,nieobecność,44
2M,2025-05-14,nieobecność,17
2M,2025-05-15,nieobecność,60
2M,2025-05-19,nieobecność,25
2M,2025-05-20,nieobecność,29
2M,2025-05-26,nieobecność,20
2M,2025-05-27,nieobecność,33
2M,2025-05-28,nieobecność,45
2M,2025-06-02,nieobecność,53
2M,2025-06-03,nieobecność,36
2M,2025-06-04,nieobecność,32
2M,2025-06-06,nieobecność,46
2M,2025-06-09,nieobecność,39
2M,2025-06-10,nieobecność,61
2M,2024-09-10,nieobecność,18
2M,2024-09-11,nieobecność,31
2M,2024-09-16,spóźnienie,2
2M,2024-09-23,nieobecność,15
2M,2024-09-25,spóźnienie,8
2M,2024-09-27,nieobecność,22
2M,2024-10-02,spóźnienie,4
2M,2024-10-07,nieobecność,14
2M,2024-10-10,nieobecność,8
2M,2024-10-24,nieob. uspraw.,18
2M,2024-11-18,obecność,59
2M,2024-12-06,nieobecność,30
2M,2025-01-22,obecność,75
2M,2025-02-25,spóźnienie,10
2M,2025-03-28,spóźnienie,4
2M,2025-04-24,nieobecność,9
2M,2025-04-28,spóźnienie,1
2M,2025-05-09,spóźnienie,1
2M,2025-05-30,obecność,54
2M,2024-09-04,nieob. uspraw.,16
2M,2024-09-20,obecność,28
2M,2024-11-25,nieob. uspraw.,3
2M,2024-11-27,nieob. uspraw.,4
2M,2024-12-09,nieob. uspraw.,13
2M,2024-12-10,nieob. uspraw.,9
2M,2024-12-13,spóźnienie,4
2M,2025-01-27,nieob. uspraw.,21
2M,2025-02-17,nieob. uspraw.,23
2M,2025-02-24,nieob. uspraw.,16
2M,2025-02-26,nieob. uspraw.,41
2M,2025-02-27,nieob. uspraw.,47
2M,2025-02-28,nieob. uspraw.,23
2M,2025-03-03,nieob. uspraw.,13
2M,2025-03-07,nieob. uspraw.,8
2M,2025-03-10,nieob. uspraw.,14
2M,2025-03-13,nieob. uspraw.,18
2M,2025-03-14,nieob. uspraw.,24
2M,2025-03-17,nieob. uspraw.,8
2M,2025-03-20,nieob. uspraw.,34
2M,2025-06-13,obecność,24
2M,2025-01-29,nieobecność,18
2M,2025-03-06,nieob. uspraw.,18
2M,2025-03-24,nieob. uspraw.,24
2M,2025-06-18,zwolniony,1
2M,2025-06-18,obecność,2
2M,2025-06-24,obecność,5
2M,2024-09-18,spóźnienie,3
2M,2024-09-20,spóźnienie,1
2M,2024-10-02,nieob. uspraw.,31
2M,2024-10-03,nieob. uspraw.,34
2M,2024-10-10,nieob. uspraw.,19
2M,2024-11-12,nieob. uspraw.,16
2M,2024-11-15,spóźnienie,1
2M,2024-11-18,spóźnienie,1
2M,2024-12-02,spóźnienie,2
2M,2024-12-11,nieob. uspraw.,5
2M,2024-12-11,spóźnienie,4
2M,2024-12-12,nieob. uspraw.,23
2M,2024-12-18,nieob. uspr. p.s.,1
2M,2025-01-08,spóźnienie,2
2M,2025-01-17,nieob. uspr. p.s.,1
2M,2025-01-20,spóźnienie,2
2M,2025-01-28,nieob. uspraw.,22
2M,2025-02-20,nieobecność,15
2M,2025-03-07,spóźnienie,2
2M,2025-03-12,spóźnienie,2
2M,2025-04-04,nieob. uspr. p.s.,3
2M,2025-04-04,spóźnienie,2
2M,2025-04-07,nieob. uspraw.,17
2M,2025-04-11,spóźnienie,2
2M,2025-05-30,spóźnienie,3
2M,2024-10-22,nieob. uspraw.,29
2M,2024-11-04,nieob. uspraw.,20
2M,2024-11-07,nieob. uspraw.,11
2M,2024-11-08,nieob. uspraw.,22
2M,2025-01-31,nieob. uspraw.,29
2M,2025-04-14,nieob. uspraw.,13
2M,2025-04-29,nieobecność,45
2M,2024-09-09,nieob. uspraw.,14
2M,2024-09-12,nieob. uspraw.,24
2M,2024-09-25,nieob. uspraw.,13
2M,2024-09-26,nieob. uspraw.,19
2M,2024-10-21,nieob. uspraw.,9
2M,2024-10-30,nieob. uspr. p.s.,2
2M,2024-11-18,spóźn. uspr.,1
2M,2024-11-22,spóźn. uspr.,1
2M,2024-11-25,nieob. uspr. p.s.,1
2M,2024-12-02,nieob. uspr. p.s.,1
2M,2024-12-09,spóźnienie,1
2M,2025-01-17,nieob. uspraw.,16
2M,2025-02-18,nieob. uspraw.,16
2M,2025-05-16,nieob. uspraw.,12
2M,2025-06-11,spóźnienie,2
2M,2024-09-03,nieob. uspraw.,8
2M,2024-12-13,nieob. uspraw.,12
2M,2025-01-10,nieob. uspr. p.s.,2
2M,2024-09-12,nieobecność,6
2M,2024-10-08,nieob. uspraw.,31
2M,2025-01-13,nieob. uspraw.,5
2M,2025-01-20,nieob. uspraw.,6
2M,2025-01-22,nieob. uspraw.,16
2M,2025-01-24,nieob. uspraw.,9
2M,2025-01-31,spóźnienie,1
2M,2025-02-19,nieob. uspraw.,5
2M,2025-04-29,nieob. uspraw.,7
2M,2025-05-07,nieob. uspraw.,22
2M,2025-05-14,nieob. uspraw.,6
2M,2025-06-16,obecność,10
2M,2025-06-17,obecność,26
2M,2024-09-18,nieob. uspraw.,32
2M,2024-09-19,nieob. uspraw.,20
2M,2024-11-26,nieob. uspraw.,9
2M,2024-12-04,spóźnienie,3
2M,2024-12-16,spóźnienie,1
2M,2024-12-18,spóźnienie,1
2M,2025-01-22,spóźnienie,1
2M,2025-02-28,spóźnienie,2
2M,2025-05-28,spóźnienie,1
2M,2024-09-25,spóźn. uspr.,1
2M,2024-09-27,nieob. uspraw.,12
2M,2024-10-01,nieob. uspraw.,54
2M,2024-10-17,nieob. uspraw.,5
2M,2024-10-28,nieob. uspraw.,4
2M,2024-10-29,nieob. uspraw.,7
2M,2024-10-30,nieob. uspraw.,19
2M,2024-11-05,nieob. uspraw.,10
2M,2024-12-05,spóźnienie,1
2M,2025-01-08,nieob. uspraw.,24
2M,2025-01-23,nieob. uspraw.,14
2M,2025-03-11,nieob. uspraw.,13
2M,2025-04-09,nieob. uspraw.,20
2M,2025-04-30,nieob. uspraw.,12
2M,2025-05-19,nieob. uspraw.,3
2M,2025-05-20,nieob. uspraw.,7
2M,2025-05-28,nieob. uspraw.,5
2M,2025-05-29,nieob. uspraw.,14
2M,2025-06-02,nieob. uspraw.,10
2M,2025-06-04,nieob. uspraw.,8
2M,2025-06-09,nieob. uspraw.,8
2M,2025-06-10,nieob. uspraw.,14
2M,2025-06-11,nieob. uspraw.,12
2M,2025-06-13,nieob. uspraw.,10
2M,2025-06-16,nieob. uspraw.,10
2M,2025-06-17,nieob. uspraw.,14
2M,2025-06-18,nieob. uspraw.,14
2M,2025-06-23,nieob. uspraw.,10
2M,2025-06-24,nieob. uspraw.,14
2M,2025-06-25,nieob. uspraw.,14
2M,2024-09-24,nieobecność,7
2M,2025-03-12,nieob. uspraw.,13
2M,2024-11-21,nieobecność,12
2M,2024-10-16,nieob. uspraw.,11
2M,2024-10-24,nieobecność,9
2M,2024-11-07,spóźnienie,2
2M,2024-11-08,spóźnienie,2
2M,2025-01-15,spóźnienie,3
2M,2024-09-04,spóźnienie,2
2M,2024-11-06,spóźn. uspr.,1
2M,2024-11-15,nieob. uspr. p.s.,1
2M,2024-11-20,nieob. uspr. p.s.,1
2M,2024-11-27,nieob. uspr. p.s.,1
2M,2024-11-29,spóźnienie,1
2M,2024-12-06,spóźnienie,1
2M,2025-01-08,nieob. uspr. p.s.,1
2M,2025-01-10,spóźnienie,2
2M,2025-01-24,spóźnienie,1
2M,2025-01-29,spóźnienie,1
2M,2025-02-19,nieob. uspr. p.s.,1
2M,2025-03-03,spóźn. uspr.,1
2M,2025-03-05,nieob. uspr. p.s.,1
2M,2025-04-02,zwolniony,1
2M,2025-06-10,spóźnienie,1
2M,2025-06-23,obecność,2
2M,2024-11-28,nieob. uspraw.,12
2M,2024-12-19,spóźnienie,1
2M,2025-01-21,nieob. uspraw.,4
2M,2025-01-21,spóźnienie,1
2M,2025-04-24,nieob. uspraw.,14
2M,2024-11-13,spóźnienie,1
2M,2024-10-15,nieob. uspraw.,1
2M,2025-05-09,nieob. uspraw.,8
2M,2025-05-21,nieob. uspraw.,12
2M,2025-05-22,nieob. uspraw.,9
2M,2025-05-26,nieob. uspraw.,8
2M,2025-06-03,nieob. uspraw.,7
2M,2024-09-06,nieob. uspraw.,6
2M,2024-10-25,nieob. uspraw.,2
2M,2024-11-27,spóźnienie,1
2M,2024-12-17,spóźnienie,1
2M,2025-02-20,nieob. uspraw.,2
2M,2025-04-14,spóźnienie,1
2M,2025-05-23,nieob. uspraw.,5
2M,2025-05-27,nieob. uspraw.,5
2M,2025-06-05,nieobecność,5
2M,2025-06-26,nieob. uspraw.,7
3MK,2024-09-02,obecność,223
3MK,2024-09-03,obecność,206
3MK,2024-09-04,nieobecność,10
3MK,2024-09-04,obecność,164
3MK,2024-09-04,zwolniony,8
3MK,2024-09-05,obecność,133
3MK,2024-09-05,,30
3MK,2024-09-06,obecność,119
3MK,2024-09-06,nieobecność,1
3MK,2024-09-09,obecność,155
3MK,2024-09-10,obecność,222
3MK,2024-09-11,obecność,119
3MK,2024-09-11,nieobecność,8
3MK,2024-09-12,nieobecność,14
3MK,2024-09-12,obecność,182
3MK,2024-09-13,obecność,117
3MK,2024-09-13,nieobecność,15
3MK,2024-09-16,nieobecność,29
3MK,2024-09-16,obecność,161
3MK,2024-09-17,obecność,123
3MK,2024-09-18,obecność,107
3MK,2024-09-18,nieobecność,18
3MK,2024-09-19,obecność,124
3MK,2024-09-20,obecność,84
3MK,2024-09-20,nieobecność,35
3MK,2024-09-23,obecność,152
3MK,2024-09-23,nieobecność,5
3MK,2024-09-24,obecność,165
3MK,2024-09-25,nieob. uspraw.,55
3MK,2024-09-26,nieobecność,54
3MK,2024-09-26,obecność,125
3MK,2024-09-27,nieob. uspraw.,10
3MK,2024-09-30,nieobecność,20
3MK,2024-09-30,obecność,135
3MK,2024-09-30,spóźnienie,4
3MK,2024-10-01,obecność,184
3MK,2024-10-02,obecność,130
3MK,2024-10-02,nieobecność,8
3MK,2024-10-03,nieobecność,22
3MK,2024-10-03,obecność,161
3MK,2024-10-04,nieob. uspr. p.s.,10
3MK,2024-10-07,nieobecność,9
3MK,2024-10-07,obecność,170
3MK,2024-10-08,obecność,184
3MK,2024-10-09,nieobecność,9
3MK,2024-10-09,obecność,123
3MK,2024-10-10,obecność,165
3MK,2024-10-11,obecność,66
3MK,2024-10-15,obecność,203
3MK,2024-10-16,obecność,115
3MK,2024-10-17,nieob. uspr. p.s.,3
3MK,2024-10-17,obecność,147
3MK,2024-10-18,nieobecność,30
3MK,2024-10-18,obecność,48
3MK,2024-10-21,nieob. uspraw.,22
3MK,2024-10-22,obecność,179
3MK,2024-10-23,nieobecność,37
3MK,2024-10-23,obecność,129
3MK,2024-10-24,obecność,178
3MK,2024-10-24,nieobecność,34
3MK,2024-10-25,obecność,72
3MK,2024-10-25,nieobecność,33
3MK,2024-10-28,nieobecność,37
3MK,2024-10-28,obecność,144
3MK,2024-10-29,obecność,173
3MK,2024-10-30,obecność,133
3MK,2024-10-30,nieobecność,26
3MK,2024-10-31,obecność,80
3MK,2024-10-31,nieobecność,80
3MK,2024-11-04,obecność,170
3MK,2024-11-04,nieobecność,18
3MK,2024-11-05,obecność,140
3MK,2024-11-06,nieobecność,21
3MK,2024-11-07,obecność,146
3MK,2024-11-08,obecność,49
3MK,2024-11-12,obecność,160
3MK,2024-11-13,obecność,154
3MK,2024-11-14,nieob. uspraw.,32
3MK,2024-11-15,nieob. uspraw.,30
3MK,2024-11-18,nieobecność,16
3MK,2024-11-18,obecność,154
3MK,2024-11-19,obecność,154
3MK,2024-11-20,obecność,125
3MK,2024-11-20,nieobecność,25
3MK,2024-11-21,obecność,122
3MK,2024-11-21,nieobecność,13
3MK,2024-11-22,obecność,88
3MK,2024-11-25,nieobecność,57
3MK,2024-11-25,obecność,162
3MK,2024-11-26,obecność,141
3MK,2024-11-27,obecność,120
3MK,2024-11-27,nieobecność,59
3MK,2024-11-28,nieobecność,84
3MK,2024-11-28,obecność,128
3MK,2024-11-29,nieobecność,41
3MK,2024-12-02,nieobecność,119
3MK,2024-12-03,obecność,186
3MK,2024-12-04,obecność,130
3MK,2024-12-04,nieobecność,49
3MK,2024-12-05,obecność,121
3MK,2024-12-06,obecność,103
3MK,2024-12-09,nieobecność,18
3MK,2024-12-09,obecność,158
3MK,2024-12-10,obecność,182
3MK,2024-12-11,obecność,70
3MK,2024-12-11,nieobecność,11
3MK,2024-12-12,obecność,128
3MK,2024-12-13,nieobecność,17
3MK,2024-12-16,nieobecność,16
3MK,2024-12-16,obecność,143
3MK,2024-12-17,obecność,184
3MK,2024-12-18,nieobecność,17
3MK,2024-12-18,obecność,118
3MK,2024-12-18,spóźnienie,8
3MK,2024-12-19,obecność,132
3MK,2024-12-19,nieobecność,46
3MK,2024-12-20,nieob. uspraw.,69
3MK,2025-01-07,obecność,206
3MK,2025-01-08,nieobecność,28
3MK,2025-01-08,obecność,122
3MK,2025-01-09,obecność,132
3MK,2025-01-09,nieobecność,62
3MK,2025-01-10,obecność,103
3MK,2025-01-10,nieobecność,31
3MK,2025-01-13,obecność,159
3MK,2025-01-13,nieobecność,50
3MK,2025-01-14,obecność,194
3MK,2025-01-15,nieobecność,56
3MK,2025-01-15,obecność,96
3MK,2025-01-16,obecność,121
3MK,2025-01-16,nieobecność,97
3MK,2025-01-17,obecność,107
3MK,2025-01-17,nieobecność,50
3MK,2025-01-20,nieobecność,39
3MK,2025-01-21,nieobecność,114
3MK,2025-01-22,nieob. uspraw.,60
3MK,2025-01-23,nieobecność,45
3MK,2025-01-23,obecność,102
3MK,2025-01-24,nieobecność,66
3MK,2025-01-27,obecność,129
3MK,2025-01-28,obecność,201
3MK,2025-01-29,obecność,91
3MK,2025-01-29,nieobecność,65
3MK,2025-01-30,obecność,119
3MK,2025-01-31,nieobecność,58
3MK,2025-02-17,nieobecność,34
3MK,2025-02-17,obecność,132
3MK,2025-02-18,nieobecność,64
3MK,2025-02-19,nieobecność,55
3MK,2025-02-20,nieobecność,53
3MK,2025-02-21,nieobecność,37
3MK,2025-02-24,nieobecność,22
3MK,2025-02-24,obecność,132
3MK,2025-02-24,spóźnienie,51
3MK,2025-02-25,nieobecność,20
3MK,2025-02-26,obecność,140
3MK,2025-02-26,nieobecność,49
3MK,2025-02-27,nieobecność,51
3MK,2025-02-27,obecność,159
3MK,2025-02-28,obecność,115
3MK,2025-02-28,nieobecność,58
3MK,2025-03-03,nieobecność,26
3MK,2025-03-03,obecność,118
3MK,2025-03-04,nieobecność,81
3MK,2025-03-04,obecność,110
3MK,2025-03-05,obecność,143
3MK,2025-03-05,nieobecność,32
3MK,2025-03-06,obecność,132
3MK,2025-03-06,nieobecność,40
3MK,2025-03-07,obecność,100
3MK,2025-03-07,nieobecność,56
3MK,2025-03-10,spóźnienie,3
3MK,2025-03-10,obecność,128
3MK,2025-03-10,nieobecność,27
3MK,2025-03-11,obecność,164
3MK,2025-03-12,nieobecność,56
3MK,2025-03-12,obecność,113
3MK,2025-03-13,obecność,123
3MK,2025-03-13,nieobecność,71
3MK,2025-03-14,nieobecność,61
3MK,2025-03-17,nieobecność,40
3MK,2025-03-17,obecność,114
3MK,2025-03-17,spóźnienie,3
3MK,2025-03-18,obecność,109
3MK,2025-03-19,nieobecność,35
3MK,2025-03-19,obecność,75
3MK,2025-03-20,obecność,103
3MK,2025-03-21,nieobecność,102
3MK,2025-03-24,nieobecność,37
3MK,2025-03-25,obecność,160
3MK,2025-03-26,obecność,129
3MK,2025-03-26,nieobecność,54
3MK,2025-03-27,obecność,190
3MK,2025-03-28,obecność,125
3MK,2025-03-28,nieobecność,55
3MK,2025-03-31,nieob. uspraw.,49
3MK,2025-04-01,obecność,157
3MK,2025-04-02,nieobecność,53
3MK,2025-04-02,obecność,88
3MK,2025-04-03,obecność,168
3MK,2025-04-03,spóźnienie,3
3MK,2025-04-03,nieobecność,49
3MK,2025-04-04,nieobecność,51
3MK,2025-04-04,obecność,111
3MK,2025-04-07,nieobecność,45
3MK,2025-04-07,obecność,110
3MK,2025-04-08,obecność,190
3MK,2025-04-09,nieob. uspraw.,49
3MK,2025-04-10,obecność,67
3MK,2025-04-11,obecność,80
3MK,2025-04-14,nieobecność,75
3MK,2025-04-15,obecność,206
3MK,2025-04-16,nieobecność,70
3MK,2025-04-16,obecność,77
3MK,2025-04-23,obecność,137
3MK,2025-04-24,obecność,134
3MK,2025-04-25,nieobecność,49
3MK,2025-04-28,nieobecność,61
3MK,2025-04-29,obecność,178
3MK,2025-04-30,obecność,110
3MK,2025-04-30,nieobecność,87
3MK,2025-05-07,nieob. uspraw.,43
3MK,2025-05-08,obecność,142
3MK,2025-05-09,obecność,115
3MK,2025-05-09,nieobecność,56
3MK,2025-05-12,obecność,115
3MK,2025-05-12,nieobecność,48
3MK,2025-05-13,obecność,222
3MK,2025-05-14,obecność,112
3MK,2025-05-14,nieobecność,49
3MK,2025-05-15,obecność,174
3MK,2025-05-15,nieobecność,46
3MK,2025-05-16,nieobecność,39
3MK,2025-05-19,obecność,133
3MK,2025-05-20,obecność,216
3MK,2025-05-21,obecność,120
3MK,2025-05-21,nieobecność,86
3MK,2025-05-22,nieobecność,96
3MK,2025-05-22,obecność,121
3MK,2025-05-23,obecność,21
3MK,2025-05-23,nieob. uspr. p.s.,144
3MK,2025-05-26,obecność,136
3MK,2025-05-26,nieobecność,91
3MK,2025-05-27,obecność,185
3MK,2025-05-28,nieob. uspr. p.s.,195
3MK,2025-05-28,obecność,30
3MK,2025-05-29,obecność,155
3MK,2025-05-30,nieobecność,105
3MK,2025-05-30,obecność,60
3MK,2025-06-02,obecność,109
3MK,2025-06-02,nieobecność,81
3MK,2025-06-03,obecność,160
3MK,2025-06-04,obecność,120
3MK,2025-06-04,nieobecność,39
3MK,2025-06-05,nieobecność,49
3MK,2025-06-06,nieobecność,58
3MK,2025-06-09,nieob. uspraw.,122
3MK,2025-06-10,obecność,139
3MK,2025-06-11,nieob. uspraw.,130
3MK,2025-06-12,nieob. uspraw.,72
3MK,2025-06-13,nieob. uspraw.,111
3MK,2025-06-16,nieob. uspraw.,151
3MK,2025-06-17,obecność,83
3MK,2025-06-18,nieobecność,50
3MK,2025-06-18,nieob. uspraw.,150
3MK,2025-06-23,nieobecność,217
3MK,2025-06-25,nieobecność,220
3MK,2025-06-26,nieobecność,216
3MK,2025-06-27,obecność,189
3MK,2024-09-12,nieob. uspraw.,23
3MK,2024-09-16,nieob. uspraw.,30
3MK,2024-09-17,nieob. uspraw.,99
3MK,2024-09-18,nieob. uspraw.,54
3MK,2024-09-19,nieob. uspraw.,60
3MK,2024-09-20,nieob. uspraw.,68
3MK,2024-09-25,obecność,73
3MK,2024-09-27,obecność,90
3MK,2024-09-27,nieobecność,45
3MK,2024-10-04,obecność,115
3MK,2024-10-16,nieobecność,9
3MK,2024-10-17,nieobecność,21
3MK,2024-10-21,obecność,166
3MK,2024-10-25,nieob. uspraw.,22
3MK,2024-10-28,nieob. uspraw.,48
3MK,2024-10-31,nieob. uspraw.,59
3MK,2024-11-05,nieob. uspraw.,64
3MK,2024-11-06,obecność,131
3MK,2024-11-08,nieob. uspraw.,69
3MK,2024-11-14,obecność,165
3MK,2024-11-18,nieob. uspraw.,61
3MK,2024-11-19,nieob. uspraw.,24
3MK,2024-11-20,nieob. uspraw.,30
3MK,2024-11-21,nieob. uspraw.,64
3MK,2024-11-22,nieob. uspraw.,65
3MK,2024-11-26,nieob. uspraw.,62
3MK,2024-12-11,nieob. uspraw.,39
3MK,2024-12-13,obecność,76
3MK,2024-12-20,obecność,80
3MK,2025-01-20,obecność,118
3MK,2025-01-21,obecność,60
3MK,2025-01-22,obecność,95
3MK,2025-01-24,obecność,93
3MK,2025-01-27,nieob. uspraw.,21
3MK,2025-01-29,nieob. uspraw.,24
3MK,2025-02-18,obecność,132
3MK,2025-02-19,obecność,130
3MK,2025-02-21,obecność,100
3MK,2025-02-25,obecność,161
3MK,2025-02-26,nieob. uspraw.,13
3MK,2025-03-03,nieob. uspraw.,59
3MK,2025-03-04,nieob. uspraw.,30
3MK,2025-03-13,nieob. uspr. p.s.,13
3MK,2025-03-20,nieobecność,43
3MK,2025-03-24,obecność,138
3MK,2025-03-26,nieob. uspr. p.s.,10
3MK,2025-04-10,nieob. uspraw.,70
3MK,2025-04-14,nieob. uspraw.,39
3MK,2025-04-16,nieob. uspraw.,39
3MK,2025-04-23,nieob. uspraw.,40
3MK,2025-04-25,nieob. uspraw.,72
3MK,2025-05-08,nieobecność,53
3MK,2025-05-12,nieob. uspraw.,41
3MK,2025-05-16,nieob. uspraw.,39
3MK,2025-05-29,nieobecność,72
3MK,2025-06-04,nieob. uspraw.,39
3MK,2025-06-05,obecność,106
3MK,2025-06-06,nieob. uspraw.,17
3MK,2025-06-09,obecność,66
3MK,2025-06-10,nieobecność,57
3MK,2025-06-12,obecność,54
3MK,2024-09-04,nieob. uspraw.,28
3MK,2024-09-05,nieobecność,19
3MK,2024-09-06,nieob. uspraw.,35
3MK,2024-09-09,zwolniony,10
3MK,2024-09-11,spóźnienie,2
3MK,2024-09-24,nieobecność,25
3MK,2024-10-04,nieobecność,6
3MK,2024-10-07,nieob. uspraw.,36
3MK,2024-10-08,nieob. uspraw.,32
3MK,2024-10-10,nieobecność,5
3MK,2024-10-11,nieobecność,34
3MK,2024-10-21,nieobecność,34
3MK,2024-11-06,nieob. uspr. p.s.,8
3MK,2024-11-07,nieobecność,23
3MK,2024-11-07,nieob. uspr. p.s.,22
3MK,2024-11-13,nieobecność,13
3MK,2024-11-14,nieobecność,22
3MK,2024-11-15,obecność,108
3MK,2024-11-19,nieob. uspr. p.s.,9
3MK,2024-11-26,nieobecność,19
3MK,2024-11-29,obecność,58
3MK,2024-12-05,spóźnienie,2
3MK,2024-12-05,nieobecność,75
3MK,2025-01-20,spóźnienie,2
3MK,2025-01-22,nieobecność,25
3MK,2025-01-27,nieobecność,57
3MK,2025-01-31,obecność,32
3MK,2025-02-19,spóźnienie,2
3MK,2025-02-20,obecność,141
3MK,2025-02-21,spóźnienie,2
3MK,2025-03-03,spóźnienie,6
3MK,2025-03-13,spóźnienie,1
3MK,2025-03-18,nieobecność,62
3MK,2025-03-31,obecność,128
3MK,2025-04-09,obecność,126
3MK,2025-04-09,nieobecność,40
3MK,2025-04-09,spóźnienie,2
3MK,2025-04-11,nieobecność,19
3MK,2025-04-11,nieob. uspr. p.s.,5
3MK,2025-04-23,nieobecność,40
3MK,2025-04-25,obecność,57
3MK,2025-04-28,obecność,119
3MK,2025-05-07,nieobecność,48
3MK,2025-05-07,spóźnienie,2
3MK,2025-05-07,obecność,83
3MK,2025-05-09,spóźnienie,3
3MK,2025-05-19,nieobecność,80
3MK,2025-06-03,nieobecność,50
3MK,2025-06-06,obecność,83
3MK,2025-06-09,nieobecność,26
3MK,2025-06-11,obecność,66
3MK,2025-06-11,nieobecność,21
3MK,2024-09-13,spóźnienie,5
3MK,2024-09-23,nieob. uspraw.,58
3MK,2024-09-25,nieobecność,43
3MK,2024-11-05,nieobecność,8
3MK,2024-11-08,nieobecność,33
3MK,2024-11-15,spóźnienie,2
3MK,2024-12-06,nieobecność,56
3MK,2024-12-20,nieobecność,10
3MK,2025-01-08,spóźnienie,1
3MK,2025-01-10,nieob. uspraw.,25
3MK,2025-01-30,nieobecność,48
3MK,2025-02-17,nieob. uspraw.,44
3MK,2025-02-18,nieob. uspraw.,25
3MK,2025-02-19,nieob. uspraw.,23
3MK,2025-02-20,nieob. uspraw.,25
3MK,2025-02-25,nieob. uspraw.,8
3MK,2025-02-27,nieob. uspraw.,9
3MK,2025-02-28,nieob. uspraw.,3
3MK,2025-03-07,nieob. uspraw.,24
3MK,2025-03-12,nieob. uspraw.,47
3MK,2025-03-14,obecność,46
3MK,2025-03-18,nieob. uspr. p.s.,21
3MK,2025-03-19,nieob. uspr. p.s.,40
3MK,2025-03-20,nieob. uspr. p.s.,42
3MK,2025-03-21,nieob. uspr. p.s.,6
3MK,2025-03-25,nieob. uspr. p.s.,8
3MK,2025-03-28,nieob. uspr. p.s.,6
3MK,2025-03-31,nieobecność,39
3MK,2025-04-10,nieobecność,74
3MK,2025-04-14,obecność,103
3MK,2025-04-24,nieob. uspraw.,25
3MK,2025-04-29,nieobecność,26
3MK,2025-05-16,obecność,55
3MK,2025-06-04,spóźnienie,2
3MK,2025-06-13,obecność,33
3MK,2025-06-13,nieobecność,14
3MK,2025-06-16,spóźnienie,2
3MK,2025-06-16,obecność,53
3MK,2024-09-02,nieob. uspraw.,26
3MK,2024-09-03,nieob. uspraw.,12
3MK,2024-09-16,zwolniony,2
3MK,2024-09-19,nieobecność,14
3MK,2024-10-01,nieob. uspr. p.s.,18
3MK,2024-10-15,nieobecność,1
3MK,2024-10-22,nieobecność,42
3MK,2024-11-19,nieobecność,35
3MK,2024-11-22,nieobecność,6
3MK,2024-12-02,obecność,110
3MK,2024-12-10,nieobecność,1
3MK,2024-12-12,nieobecność,14
3MK,2024-12-17,nieobecność,4
3MK,2025-01-17,spóźnienie,2
3MK,2025-01-28,nieobecność,6
3MK,2025-02-25,nieob. uspr. p.s.,6
3MK,2025-03-05,nieob. uspraw.,35
3MK,2025-03-06,nieob. uspraw.,37
3MK,2025-03-27,nieobecność,19
3MK,2025-04-01,nieobecność,36
3MK,2025-04-08,nieobecność,24
3MK,2025-04-15,nieobecność,22
3MK,2025-04-24,nieobecność,63
3MK,2025-06-05,nieob. uspr. p.s.,65
3MK,2025-06-12,nieobecność,22
3MK,2025-06-17,nieob. uspraw.,48
3MK,2025-06-24,nieobecność,132
3MK,2025-06-27,nieobecność,21
3MK,2024-09-13,nieob. uspr. p.s.,7
3MK,2024-09-25,nieob. uspr. p.s.,6
3MK,2024-09-27,nieob. uspr. p.s.,5
3MK,2024-09-30,nieob. uspr. p.s.,26
3MK,2024-10-11,nieob. uspraw.,29
3MK,2024-10-18,zwolniony,3
3MK,2024-10-22,nieob. uspr. p.s.,1
3MK,2024-10-24,nieob. uspraw.,7
3MK,2024-10-30,nieob. uspr. p.s.,7
3MK,2024-11-04,nieob. uspraw.,37
3MK,2025-01-20,nieob. uspraw.,65
3MK,2025-01-21,nieob. uspraw.,27
3MK,2025-03-21,nieob. uspraw.,42
3MK,2025-04-07,nieob. uspraw.,60
3MK,2025-04-11,nieob. uspraw.,20
3MK,2025-04-29,nieob. uspraw.,31
3MK,2025-05-14,nieob. uspraw.,15
3MK,2025-06-18,spóźnienie,7
3MK,2024-09-06,zwolniony,4
3MK,2024-09-20,nieob. uspr. p.s.,2
3MK,2024-10-15,nieob. uspraw.,18
3MK,2024-10-16,zwolniony,8
3MK,2024-12-12,nieob. uspraw.,54
3MK,2024-12-16,nieob. uspraw.,50
3MK,2024-12-17,nieob. uspraw.,16
3MK,2024-12-18,nieob. uspraw.,37
3MK,2024-12-19,nieob. uspraw.,39
3MK,2025-01-23,nieob. uspraw.,36
3MK,2025-01-28,nieob. uspraw.,12
3MK,2025-01-30,nieob. uspraw.,21
3MK,2025-03-18,nieob. uspraw.,30
3MK,2025-03-19,nieob. uspraw.,38
3MK,2025-03-20,nieob. uspraw.,39
3MK,2025-05-09,nieob. uspraw.,12
3MK,2025-05-20,nieobecność,6
3MK,2025-05-27,nieobecność,27
3MK,2025-05-28,nieobecność,3
3MK,2025-06-02,nieob. uspraw.,37
3MK,2025-06-03,nieob. uspraw.,9
3MK,2025-06-10,nieob. uspraw.,24
3MK,2024-10-02,nieob. uspr. p.s.,11
3MK,2024-10-08,nieob. uspr. p.s.,6
3MK,2024-10-16,nieob. uspraw.,39
3MK,2024-10-25,nieob. uspr. p.s.,2
3MK,2024-10-30,nieob. uspraw.,12
3MK,2024-11-15,nieob. uspr. p.s.,2
3MK,2024-11-21,nieob. uspr. p.s.,20
3MK,2025-01-08,nieob. uspraw.,29
3MK,2025-03-10,nieob. uspraw.,31
3MK,2025-03-21,obecność,36
3MK,2025-04-02,nieob. uspraw.,42
3MK,2025-04-04,nieob. uspraw.,18
3MK,2025-04-28,nieob. uspraw.,55
3MK,2025-06-17,nieobecność,88
3MK,2024-09-03,spóźnienie,4
3MK,2024-09-25,spóźnienie,2
3MK,2024-09-26,spóźnienie,3
3MK,2024-10-07,spóźnienie,4
3MK,2024-10-16,spóźnienie,3
3MK,2024-10-21,spóźnienie,5
3MK,2024-10-30,spóźnienie,2
3MK,2024-11-28,spóźnienie,1
3MK,2024-12-10,spóźnienie,3
3MK,2025-01-07,nieobecność,1
3MK,2025-01-07,spóźnienie,2
3MK,2025-01-09,spóźnienie,2
3MK,2025-01-27,spóźnienie,3
3MK,2025-01-28,nieob. uspr. p.s.,3
3MK,2025-01-30,nieob. uspr. p.s.,10
3MK,2025-02-24,nieob. uspr. p.s.,4
3MK,2025-02-25,spóźnienie,27
3MK,2025-02-26,spóźnienie,8
3MK,2025-02-28,nieob. uspr. p.s.,2
3MK,2025-03-06,spóźnienie,2
3MK,2025-03-19,spóźnienie,1
3MK,2025-03-25,spóźnienie,2
3MK,2025-04-02,spóźnienie,3
3MK,2025-04-04,spóźnienie,6
3MK,2025-04-25,spóźnienie,2
3MK,2025-04-28,spóźnienie,3
3MK,2025-04-29,spóźnienie,3
3MK,2025-05-08,spóźnienie,3
3MK,2025-05-12,spóźnienie,2
3MK,2025-05-20,spóźnienie,6
3MK,2025-06-09,spóźnienie,6
3MK,2024-09-09,nieob. uspraw.,63
3MK,2024-09-11,nieob. uspraw.,24
3MK,2024-09-13,nieob. uspraw.,36
3MK,2024-09-30,nieob. uspraw.,46
3MK,2024-10-02,nieob. uspraw.,31
3MK,2024-10-03,nieob. uspraw.,22
3MK,2024-10-09,nieob. uspraw.,44
3MK,2024-10-10,nieob. uspraw.,44
3MK,2024-10-17,nieob. uspraw.,44
3MK,2024-11-15,nieobecność,17
3MK,2024-11-25,nieob. uspraw.,12
3MK,2024-12-09,nieob. uspraw.,24
3MK,2024-12-13,nieob. uspraw.,36
3MK,2025-02-24,nieob. uspraw.,1
3MK,2025-03-25,nieobecność,35
3MK,2025-04-07,nieob. uspr. p.s.,2
3MK,2025-05-13,nieobecność,6
3MK,2025-05-16,spóźnienie,1
3MK,2025-06-03,spóźnienie,1
3MK,2024-09-23,spóźnienie,1
3MK,2024-10-01,nieob. uspraw.,20
3MK,2024-10-18,nieob. uspraw.,33
3MK,2024-10-28,spóźnienie,2
3MK,2024-11-04,nieob. uspr. p.s.,6
3MK,2024-11-05,nieob. uspr. p.s.,10
3MK,2024-11-12,nieob. uspraw.,6
3MK,2024-12-10,nieob. uspraw.,36
3MK,2024-12-19,spóźnienie,2
3MK,2025-01-20,nieob. uspr. p.s.,7
3MK,2025-02-21,nieob. uspraw.,10
3MK,2025-03-14,nieob. uspr. p.s.,9
3MK,2025-03-17,nieob. uspraw.,41
3MK,2025-03-27,zwolniony,1
3MK,2025-04-01,spóźnienie,3
3MK,2025-05-19,nieob. uspr. p.s.,2
3MK,2025-06-12,nieob. uspr. p.s.,42
3MK,2024-10-07,nieob. uspr. p.s.,12
3MK,2024-10-09,zwolniony,1
3MK,2024-11-08,nieob. uspr. p.s.,8
3MK,2024-12-16,nieob. uspr. p.s.,1
3MK,2025-03-12,nieob. uspr. p.s.,2
3MK,2025-03-17,nieob. uspr. p.s.,12
3MK,2025-06-13,nieob. uspr. p.s.,2
3MK,2025-06-17,spóźnienie,1
3MK,2025-06-18,obecność,11
3MK,2024-10-04,nieob. uspraw.,28
3MK,2025-03-27,nieob. uspraw.,7
3MK,2024-09-25,zwolniony,1
3MK,2024-09-26,zwolniony,1
3MK,2025-03-24,nieob. uspr. p.s.,11
3MK,2025-04-30,nieob. uspr. p.s.,5
3MK,2025-05-12,nieob. uspr. p.s.,11
3MK,2025-06-11,nieob. uspr. p.s.,2
3MK,2025-06-23,obecność,3
3MK,2024-11-13,nieob. uspraw.,12
3MK,2025-01-07,nieob. uspraw.,13
3MK,2025-01-09,nieob. uspraw.,14
3MK,2024-09-05,nieob. uspraw.,27
3MK,2024-10-03,nieob. uspr. p.s.,14
3MK,2024-11-06,nieob. uspraw.,18
3MK,2024-11-07,nieob. uspraw.,28
3MK,2025-04-03,nieob. uspraw.,7
3MK,2024-10-17,zwolniony,4
3MK,2024-10-23,nieob. uspr. p.s.,14
3MK,2024-11-06,zwolniony,2
3MK,2025-03-11,nieobecność,24
3MK,2025-03-24,nieob. uspraw.,30
3MK,2025-03-26,nieob. uspraw.,14
3MK,2025-06-16,nieobecność,14
3MK,2025-06-18,nauka zdalna,2
3MK,2024-09-24,nieob. uspraw.,16
3MK,2024-10-09,spóźnienie,1
3MK,2024-10-29,nieob. uspraw.,25
3MK,2024-11-12,nieobecność,56
3MK,2025-01-14,nieobecność,28
3MK,2025-03-11,nieob. uspraw.,24
3MK,2025-03-13,nieob. uspraw.,11
3MK,2025-03-25,nieob. uspraw.,23
3MK,2025-04-01,nieob. uspraw.,32
3MK,2025-04-08,nieob. uspraw.,14
3MK,2024-09-24,nieob. uspr. p.s.,16
3MK,2024-10-10,nieob. uspr. p.s.,5
3MK,2024-10-18,nieob. uspr. p.s.,15
3MK,2024-12-02,nieob. uspr. p.s.,2
3MK,2024-12-12,nieob. uspr. p.s.,2
3MK,2025-05-08,nieob. uspraw.,8
3MK,2025-06-06,nieob. uspr. p.s.,2
3MK,2024-11-27,nieob. uspraw.,1
3MK,2025-01-15,spóźnienie,1
3MK,2025-01-16,spóźnienie,1
3MK,2025-01-23,nieob. uspr. p.s.,15
3MK,2025-02-18,spóźnienie,1
3MK,2025-02-21,zwolniony,1
3MK,2025-02-28,zwolniony,2
3MK,2025-03-03,nieob. uspr. p.s.,1
3MK,2025-03-04,nieob. uspr. p.s.,1
3MK,2025-03-06,nieob. uspr. p.s.,8
3MK,2025-03-11,spóźnienie,1
3MK,2025-03-11,zwolniony,3
3MK,2025-04-10,nieob. uspr. p.s.,6
3MK,2024-10-29,nieobecność,24
3MK,2024-12-09,spóźnienie,1
3MK,2024-09-23,nieob. uspr. p.s.,6
3MK,2024-09-26,nieob. uspraw.,8
3MK,2024-11-13,spóźnienie,1
3MK,2024-11-28,nieob. uspr. p.s.,6
3MK,2024-12-03,nieobecność,36
3MK,2025-01-15,nieob. uspr. p.s.,6
3MK,2025-03-11,nieob. uspr. p.s.,6
3MK,2025-06-26,obecność,4
3MK,2024-12-04,spóźnienie,1
3MK,2025-01-13,spóźnienie,1
3MK,2025-03-12,spóźnienie,1
3MK,2024-09-26,nieob. uspr. p.s.,7
3MK,2024-10-09,nieob. uspr. p.s.,2
3MK,2025-03-31,spóźnienie,1
3MK,2025-04-30,nieob. uspraw.,5
3MK,2025-05-19,nieob. uspraw.,2
3MK,2024-09-09,nieobecność,3
3MK,2025-05-21,spóźnienie,1
3MK,2025-06-11,zwolniony,1
3MK,2024-10-16,nieob. uspr. p.s.,6
3MK,2025-03-14,nieob. uspraw.,4
3MK,2025-04-24,nieob. uspr. p.s.,5
3MK,2024-09-18,nieob. uspr. p.s.,1
3MK,2025-04-25,nieob. uspr. p.s.,6
3MK,2025-05-15,nieob. uspraw.,7
3MK,2025-05-27,nieob. uspraw.,16
3MK,2024-10-21,nieob. uspr. p.s.,4
3MK,2025-03-24,spóźnienie,1
