uczen_id,Dziennik,semestr,wszystkich,nieobecnych,rok_szkolny,frekwencja_pct,rocznik,sufiks,dolna_granica,odstajacy
8690EEB1EC,2TMR,I,559,50,2020/2021,91.1,2019,TMR,52.9,False
8690EEB1EC,2TMR,II,641,46,2020/2021,92.8,2019,TMR,48.95,False
14B6C5205E,2TMR,I,575,53,2020/2021,90.8,2019,TMR,52.9,False
14B6C5205E,2TMR,II,641,101,2020/2021,84.2,2019,TMR,48.95,False
75BCF6123B,2TMR,I,575,115,2020/2021,80.0,2019,TMR,52.9,False
75BCF6123B,2TMR,II,641,163,2020/2021,74.6,2019,TMR,48.95,False
D0B043A863,2TMR,I,575,318,2020/2021,44.7,2019,TMR,52.9,True
D0B043A863,2TMR,II,641,278,2020/2021,56.6,2019,TMR,48.95,False
7F4CB815A8,2TMR,I,575,127,2020/2021,77.9,2019,TMR,52.9,False
7F4CB815A8,2TMR,II,641,192,2020/2021,70.0,2019,TMR,48.95,False
49413735A2,2TMR,I,575,131,2020/2021,77.2,2019,TMR,52.9,False
49413735A2,2TMR,II,641,174,2020/2021,72.9,2019,TMR,48.95,False
21B8C59A44,2TMR,I,575,107,2020/2021,81.4,2019,TMR,52.9,False
21B8C59A44,2TMR,II,641,115,2020/2021,82.1,2019,TMR,48.95,False
AB36F4F854,2TMR,I,575,84,2020/2021,85.4,2019,TMR,52.9,False
AB36F4F854,2TMR,II,641,96,2020/2021,85.0,2019,TMR,48.95,False
B1DAE414EE,2TMR,I,560,178,2020/2021,68.2,2019,TMR,52.9,False
B1DAE414EE,2TMR,II,641,217,2020/2021,66.1,2019,TMR,48.95,False
93D256FC07,2TMR,I,575,207,2020/2021,64.0,2019,TMR,52.9,False
93D256FC07,2TMR,II,641,173,2020/2021,73.0,2019,TMR,48.95,False
394F7D11A9,2TMR,I,575,78,2020/2021,86.4,2019,TMR,52.9,False
394F7D11A9,2TMR,II,631,117,2020/2021,81.5,2019,TMR,48.95,False
80E394C666,2TMR,I,575,55,2020/2021,90.4,2019,TMR,52.9,False
80E394C666,2TMR,II,631,73,2020/2021,88.4,2019,TMR,48.95,False
5EF68C3E6E,2TMR,I,575,113,2020/2021,80.3,2019,TMR,52.9,False
5EF68C3E6E,2TMR,II,631,88,2020/2021,86.1,2019,TMR,48.95,False
1ED6F96AB3,2TMR,I,575,151,2020/2021,73.7,2019,TMR,52.9,False
1ED6F96AB3,2TMR,II,631,210,2020/2021,66.7,2019,TMR,48.95,False
65E5992ACF,2TMR,I,575,279,2020/2021,51.5,2019,TMR,52.9,True
65E5992ACF,2TMR,II,631,227,2020/2021,64.0,2019,TMR,48.95,False
1D5288FE1D,2TMR,I,575,22,2020/2021,96.2,2019,TMR,52.9,False
1D5288FE1D,2TMR,II,631,5,2020/2021,99.2,2019,TMR,48.95,False
096F753B79,2TMR,I,575,78,2020/2021,86.4,2019,TMR,52.9,False
096F753B79,2TMR,II,631,139,2020/2021,78.0,2019,TMR,48.95,False
E410EA4AA0,2TMR,I,575,175,2020/2021,69.6,2019,TMR,52.9,False
E410EA4AA0,2TMR,II,631,123,2020/2021,80.5,2019,TMR,48.95,False
B0E4E530DF,2TMR,I,575,103,2020/2021,82.1,2019,TMR,52.9,False
B0E4E530DF,2TMR,II,631,236,2020/2021,62.6,2019,TMR,48.95,False
402213C4F3,2TMR,I,575,32,2020/2021,94.4,2019,TMR,52.9,False
402213C4F3,2TMR,II,631,32,2020/2021,94.9,2019,TMR,48.95,False
4CBA89960B,2TMR,I,575,107,2020/2021,81.4,2019,TMR,52.9,False
4CBA89960B,2TMR,II,631,177,2020/2021,71.9,2019,TMR,48.95,False
E95392B68D,2TMR,I,575,58,2020/2021,89.9,2019,TMR,52.9,False
E95392B68D,2TMR,II,631,99,2020/2021,84.3,2019,TMR,48.95,False
78E13599CC,2TR,I,513,45,2020/2021,91.2,2019,TR,35.5,False
78E13599CC,2TR,II,584,128,2020/2021,78.1,2019,TR,41.37,False
D0A43425CF,2TR,I,527,262,2020/2021,50.3,2019,TR,35.5,False
D0A43425CF,2TR,II,584,449,2020/2021,23.1,2019,TR,41.37,True
0ADA3C8421,2TR,I,527,109,2020/2021,79.3,2019,TR,35.5,False
0ADA3C8421,2TR,II,584,139,2020/2021,76.2,2019,TR,41.37,False
B7263F326B,2TR,I,527,158,2020/2021,70.0,2019,TR,35.5,False
B7263F326B,2TR,II,584,166,2020/2021,71.6,2019,TR,41.37,False
4E295DB4FC,2TR,I,527,252,2020/2021,52.2,2019,TR,35.5,False
4E295DB4FC,2TR,II,584,335,2020/2021,42.6,2019,TR,41.37,False
94BEC0E385,2TR,I,527,35,2020/2021,93.4,2019,TR,35.5,False
94BEC0E385,2TR,II,584,58,2020/2021,90.1,2019,TR,41.37,False
9D36A4CFD3,2TR,I,513,31,2020/2021,94.0,2019,TR,35.5,False
9D36A4CFD3,2TR,II,584,14,2020/2021,97.6,2019,TR,41.37,False
00C580FC9A,2TR,I,527,74,2020/2021,86.0,2019,TR,35.5,False
00C580FC9A,2TR,II,584,110,2020/2021,81.2,2019,TR,41.37,False
29F1C292A9,2TR,I,527,102,2020/2021,80.6,2019,TR,35.5,False
29F1C292A9,2TR,II,584,138,2020/2021,76.4,2019,TR,41.37,False
09A529FDC0,2TR,I,527,22,2020/2021,95.8,2019,TR,35.5,False
09A529FDC0,2TR,II,584,3,2020/2021,99.5,2019,TR,41.37,False
60D75D8E9E,2TR,I,527,93,2020/2021,82.4,2019,TR,35.5,False
60D75D8E9E,2TR,II,584,189,2020/2021,67.6,2019,TR,41.37,False
D794F30524,2TR,I,527,82,2020/2021,84.4,2019,TR,35.5,False
D794F30524,2TR,II,584,43,2020/2021,92.6,2019,TR,41.37,False
1B2ECF62C7,2TR,I,527,208,2020/2021,60.5,2019,TR,35.5,False
1B2ECF62C7,2TR,II,584,151,2020/2021,74.1,2019,TR,41.37,False
290D76477F,2TR,I,527,87,2020/2021,83.5,2019,TR,35.5,False
290D76477F,2TR,II,584,165,2020/2021,71.7,2019,TR,41.37,False
CFC3AF337C,2TR,I,527,66,2020/2021,87.5,2019,TR,35.5,False
CFC3AF337C,2TR,II,584,75,2020/2021,87.2,2019,TR,41.37,False
B197725529,2TR,I,527,183,2020/2021,65.3,2019,TR,35.5,False
B197725529,2TR,II,584,228,2020/2021,61.0,2019,TR,41.37,False
909EBF6B5C,2TR,I,527,241,2020/2021,54.3,2019,TR,35.5,False
909EBF6B5C,2TR,II,584,281,2020/2021,51.9,2019,TR,41.37,False
9DD27E96D5,2TR,I,527,99,2020/2021,81.2,2019,TR,35.5,False
9DD27E96D5,2TR,II,584,85,2020/2021,85.4,2019,TR,41.37,False
BBA95893A2,2TŻ,I,563,178,2020/2021,68.4,2019,TŻ,70.83,True
BBA95893A2,2TŻ,II,641,218,2020/2021,66.0,2019,TŻ,31.38,False
CDE1F65A8C,2TŻ,I,563,458,2020/2021,18.7,2019,TŻ,70.83,True
CDE1F65A8C,2TŻ,II,37,35,2020/2021,5.4,2019,TŻ,31.38,True
397130F9AE,2TŻ,I,563,75,2020/2021,86.7,2019,TŻ,70.83,False
397130F9AE,2TŻ,II,641,248,2020/2021,61.3,2019,TŻ,31.38,False
8F81E96C5D,2TŻ,I,563,177,2020/2021,68.6,2019,TŻ,70.83,True
8F81E96C5D,2TŻ,II,641,205,2020/2021,68.0,2019,TŻ,31.38,False
725BA0FCB7,2TŻ,I,563,134,2020/2021,76.2,2019,TŻ,70.83,False
725BA0FCB7,2TŻ,II,641,258,2020/2021,59.8,2019,TŻ,31.38,False
7E158F2113,2TŻ,I,563,41,2020/2021,92.7,2019,TŻ,70.83,False
7E158F2113,2TŻ,II,641,74,2020/2021,88.5,2019,TŻ,31.38,False
B0EC980C63,2TŻ,I,563,67,2020/2021,88.1,2019,TŻ,70.83,False
B0EC980C63,2TŻ,II,641,60,2020/2021,90.6,2019,TŻ,31.38,False
1048C1C498,2TŻ,I,563,72,2020/2021,87.2,2019,TŻ,70.83,False
1048C1C498,2TŻ,II,641,139,2020/2021,78.3,2019,TŻ,31.38,False
5A3CF0FEF9,2TŻ,I,563,44,2020/2021,92.2,2019,TŻ,70.83,False
5A3CF0FEF9,2TŻ,II,641,254,2020/2021,60.4,2019,TŻ,31.38,False
26F80B74C7,2TŻ,I,546,16,2020/2021,97.1,2019,TŻ,70.83,False
26F80B74C7,2TŻ,II,641,56,2020/2021,91.3,2019,TŻ,31.38,False
AEBF7833E6,2TŻ,I,563,80,2020/2021,85.8,2019,TŻ,70.83,False
AEBF7833E6,2TŻ,II,641,91,2020/2021,85.8,2019,TŻ,31.38,False
BE7B9BDC1A,2TŻ,I,563,21,2020/2021,96.3,2019,TŻ,70.83,False
BE7B9BDC1A,2TŻ,II,641,59,2020/2021,90.8,2019,TŻ,31.38,False
13ADCA38B2,2TŻ,I,563,61,2020/2021,89.2,2019,TŻ,70.83,False
13ADCA38B2,2TŻ,II,625,97,2020/2021,84.5,2019,TŻ,31.38,False
9F7BEA7335,2TŻ,I,563,62,2020/2021,89.0,2019,TŻ,70.83,False
9F7BEA7335,2TŻ,II,625,37,2020/2021,94.1,2019,TŻ,31.38,False
B50C514E41,2TŻ,I,563,13,2020/2021,97.7,2019,TŻ,70.83,False
B50C514E41,2TŻ,II,625,44,2020/2021,93.0,2019,TŻ,31.38,False
C0022E02DA,2TŻ,I,563,6,2020/2021,98.9,2019,TŻ,70.83,False
C0022E02DA,2TŻ,II,625,28,2020/2021,95.5,2019,TŻ,31.38,False
70D01B4E57,2TŻ,I,563,53,2020/2021,90.6,2019,TŻ,70.83,False
70D01B4E57,2TŻ,II,625,36,2020/2021,94.2,2019,TŻ,31.38,False
F4A043FB46,2TŻ,I,548,84,2020/2021,84.7,2019,TŻ,70.83,False
F4A043FB46,2TŻ,II,625,83,2020/2021,86.7,2019,TŻ,31.38,False
2156D0BBCA,2TŻ,I,563,96,2020/2021,82.9,2019,TŻ,70.83,False
2156D0BBCA,2TŻ,II,625,234,2020/2021,62.6,2019,TŻ,31.38,False
6C519C7383,2TŻ,I,563,57,2020/2021,89.9,2019,TŻ,70.83,False
6C519C7383,2TŻ,II,625,73,2020/2021,88.3,2019,TŻ,31.38,False
FEE9305EE8,2TŻ,I,563,117,2020/2021,79.2,2019,TŻ,70.83,False
FEE9305EE8,2TŻ,II,625,124,2020/2021,80.2,2019,TŻ,31.38,False
994C98B017,2TŻ,I,563,72,2020/2021,87.2,2019,TŻ,70.83,False
994C98B017,2TŻ,II,625,58,2020/2021,90.7,2019,TŻ,31.38,False
0D4CB53859,2TŻ,I,563,29,2020/2021,94.8,2019,TŻ,70.83,False
0D4CB53859,2TŻ,II,625,63,2020/2021,89.9,2019,TŻ,31.38,False
7089F7F9F9,3TRM,I,552,158,2020/2021,71.4,2018,TRM,59.34,False
7089F7F9F9,3TRM,II,745,251,2020/2021,66.3,2018,TRM,48.6,False
A01C564803,3TRM,I,552,131,2020/2021,76.3,2018,TRM,59.34,False
A01C564803,3TRM,II,745,188,2020/2021,74.8,2018,TRM,48.6,False
A063112131,3TRM,I,552,86,2020/2021,84.4,2018,TRM,59.34,False
A063112131,3TRM,II,745,236,2020/2021,68.3,2018,TRM,48.6,False
CF3C47B9DD,3TRM,I,506,118,2020/2021,76.7,2018,TRM,59.34,False
CF3C47B9DD,3TRM,II,624,180,2020/2021,71.2,2018,TRM,48.6,False
CA42DF31B5,3TRM,I,552,86,2020/2021,84.4,2018,TRM,59.34,False
CA42DF31B5,3TRM,II,745,215,2020/2021,71.1,2018,TRM,48.6,False
74F2BFDEC5,3TRM,I,552,139,2020/2021,74.8,2018,TRM,59.34,False
74F2BFDEC5,3TRM,II,745,169,2020/2021,77.3,2018,TRM,48.6,False
1A496B7570,3TRM,I,552,245,2020/2021,55.6,2018,TRM,59.34,True
1A496B7570,3TRM,II,745,353,2020/2021,52.6,2018,TRM,48.6,False
10FEB95376,3TRM,I,506,105,2020/2021,79.2,2018,TRM,59.34,False
10FEB95376,3TRM,II,624,237,2020/2021,62.0,2018,TRM,48.6,False
1FD8036CC2,3TRM,I,493,38,2020/2021,92.3,2018,TRM,59.34,False
1FD8036CC2,3TRM,II,570,140,2020/2021,75.4,2018,TRM,48.6,False
94255F7902,3TRM,I,506,141,2020/2021,72.1,2018,TRM,59.34,False
94255F7902,3TRM,II,624,213,2020/2021,65.9,2018,TRM,48.6,False
257D09CDC9,3TRM,I,552,106,2020/2021,80.8,2018,TRM,59.34,False
257D09CDC9,3TRM,II,745,151,2020/2021,79.7,2018,TRM,48.6,False
8056F5B3A4,3TRM,I,494,61,2020/2021,87.7,2018,TRM,59.34,False
8056F5B3A4,3TRM,II,624,145,2020/2021,76.8,2018,TRM,48.6,False
AF3BC7449A,3TRM,I,552,108,2020/2021,80.4,2018,TRM,59.34,False
AF3BC7449A,3TRM,II,739,192,2020/2021,74.0,2018,TRM,48.6,False
58F496ACD6,3TRM,I,552,41,2020/2021,92.6,2018,TRM,59.34,False
58F496ACD6,3TRM,II,745,101,2020/2021,86.4,2018,TRM,48.6,False
D1F55192B4,3TRM,I,545,48,2020/2021,91.2,2018,TRM,59.34,False
D1F55192B4,3TRM,II,745,192,2020/2021,74.2,2018,TRM,48.6,False
015241F2DD,3TRM,I,558,115,2020/2021,79.4,2018,TRM,59.34,False
015241F2DD,3TRM,II,745,310,2020/2021,58.4,2018,TRM,48.6,False
56241B269D,3TRM,I,494,21,2020/2021,95.7,2018,TRM,59.34,False
56241B269D,3TRM,II,570,86,2020/2021,84.9,2018,TRM,48.6,False
2E1A037143,3TRM,I,506,78,2020/2021,84.6,2018,TRM,59.34,False
2E1A037143,3TRM,II,624,176,2020/2021,71.8,2018,TRM,48.6,False
9FE4F61582,3TRM,I,494,75,2020/2021,84.8,2018,TRM,59.34,False
9FE4F61582,3TRM,II,570,106,2020/2021,81.4,2018,TRM,48.6,False
2B1A550806,3TRM,I,558,72,2020/2021,87.1,2018,TRM,59.34,False
2B1A550806,3TRM,II,745,235,2020/2021,68.5,2018,TRM,48.6,False
A050011BBD,3TRM,I,558,68,2020/2021,87.8,2018,TRM,59.34,False
A050011BBD,3TRM,II,745,143,2020/2021,80.8,2018,TRM,48.6,False
A9D3790D80,3TRM,I,506,140,2020/2021,72.3,2018,TRM,59.34,False
A9D3790D80,3TRM,II,624,244,2020/2021,60.9,2018,TRM,48.6,False
3FB3605883,3TRM,I,545,62,2020/2021,88.6,2018,TRM,59.34,False
3FB3605883,3TRM,II,745,166,2020/2021,77.7,2018,TRM,48.6,False
2CE8F40068,3TRM,I,558,147,2020/2021,73.7,2018,TRM,59.34,False
2CE8F40068,3TRM,II,745,276,2020/2021,63.0,2018,TRM,48.6,False
AC22054AD6,3TRM,I,539,100,2020/2021,81.4,2018,TRM,59.34,False
AC22054AD6,3TRM,II,745,255,2020/2021,65.8,2018,TRM,48.6,False
D434B53014,3TRM,I,558,21,2020/2021,96.2,2018,TRM,59.34,False
D434B53014,3TRM,II,745,128,2020/2021,82.8,2018,TRM,48.6,False
E9019AADC3,3TŻ,I,461,147,2020/2021,68.1,2018,TŻ,51.98,False
E9019AADC3,3TŻ,II,735,140,2020/2021,81.0,2018,TŻ,56.99,False
788E54FCBB,3TŻ,I,461,35,2020/2021,92.4,2018,TŻ,51.98,False
788E54FCBB,3TŻ,II,735,29,2020/2021,96.1,2018,TŻ,56.99,False
3391182E41,3TŻ,I,474,6,2020/2021,98.7,2018,TŻ,51.98,False
3391182E41,3TŻ,II,678,52,2020/2021,92.3,2018,TŻ,56.99,False
98F74E64FC,3TŻ,I,474,40,2020/2021,91.6,2018,TŻ,51.98,False
98F74E64FC,3TŻ,II,735,92,2020/2021,87.5,2018,TŻ,56.99,False
0B18314160,3TŻ,I,474,107,2020/2021,77.4,2018,TŻ,51.98,False
0B18314160,3TŻ,II,735,193,2020/2021,73.7,2018,TŻ,56.99,False
75806C1BE8,3TŻ,I,474,211,2020/2021,55.5,2018,TŻ,51.98,False
75806C1BE8,3TŻ,II,735,160,2020/2021,78.2,2018,TŻ,56.99,False
520D60BB38,3TŻ,I,457,134,2020/2021,70.7,2018,TŻ,51.98,False
520D60BB38,3TŻ,II,735,117,2020/2021,84.1,2018,TŻ,56.99,False
8737C252C9,3TŻ,I,461,23,2020/2021,95.0,2018,TŻ,51.98,False
8737C252C9,3TŻ,II,678,55,2020/2021,91.9,2018,TŻ,56.99,False
CC60CF4F40,3TŻ,I,461,30,2020/2021,93.5,2018,TŻ,51.98,False
CC60CF4F40,3TŻ,II,678,70,2020/2021,89.7,2018,TŻ,56.99,False
BF0CAC2A2B,3TŻ,I,474,107,2020/2021,77.4,2018,TŻ,51.98,False
BF0CAC2A2B,3TŻ,II,735,163,2020/2021,77.8,2018,TŻ,56.99,False
E7B255333C,3TŻ,I,461,26,2020/2021,94.4,2018,TŻ,51.98,False
E7B255333C,3TŻ,II,678,16,2020/2021,97.6,2018,TŻ,56.99,False
291C4FDA99,3TŻ,I,461,28,2020/2021,93.9,2018,TŻ,51.98,False
291C4FDA99,3TŻ,II,678,16,2020/2021,97.6,2018,TŻ,56.99,False
41C0AB41BD,3TŻ,I,474,113,2020/2021,76.2,2018,TŻ,51.98,False
41C0AB41BD,3TŻ,II,735,163,2020/2021,77.8,2018,TŻ,56.99,False
A5E4246882,3TŻ,I,457,119,2020/2021,74.0,2018,TŻ,51.98,False
A5E4246882,3TŻ,II,735,206,2020/2021,72.0,2018,TŻ,56.99,False
30DF6A76FA,3TŻ,I,457,6,2020/2021,98.7,2018,TŻ,51.98,False
30DF6A76FA,3TŻ,II,678,76,2020/2021,88.8,2018,TŻ,56.99,False
369DB789E2,3TŻ,I,474,62,2020/2021,86.9,2018,TŻ,51.98,False
369DB789E2,3TŻ,II,735,263,2020/2021,64.2,2018,TŻ,56.99,False
348980F580,3TŻ,I,461,76,2020/2021,83.5,2018,TŻ,51.98,False
348980F580,3TŻ,II,735,154,2020/2021,79.0,2018,TŻ,56.99,False
5D319672F5,3TŻ,I,474,108,2020/2021,77.2,2018,TŻ,51.98,False
5D319672F5,3TŻ,II,735,185,2020/2021,74.8,2018,TŻ,56.99,False
1DF08397A3,3TŻ,I,474,43,2020/2021,90.9,2018,TŻ,51.98,False
1DF08397A3,3TŻ,II,735,103,2020/2021,86.0,2018,TŻ,56.99,False
E07E97C06C,3TŻ,I,474,67,2020/2021,85.9,2018,TŻ,51.98,False
E07E97C06C,3TŻ,II,735,62,2020/2021,91.6,2018,TŻ,56.99,False
DA99693811,4TRM,I,451,162,2020/2021,64.1,2017,TRM,43.2,False
DA99693811,4TRM,II,472,206,2020/2021,56.4,2017,TRM,39.05,False
02459A03BA,4TRM,I,451,182,2020/2021,59.6,2017,TRM,43.2,False
02459A03BA,4TRM,II,472,146,2020/2021,69.1,2017,TRM,39.05,False
3ADFC77172,4TRM,I,509,191,2020/2021,62.5,2017,TRM,43.2,False
3ADFC77172,4TRM,II,471,158,2020/2021,66.5,2017,TRM,39.05,False
E96AC2BAE5,4TRM,I,498,39,2020/2021,92.2,2017,TRM,43.2,False
E96AC2BAE5,4TRM,II,471,128,2020/2021,72.8,2017,TRM,39.05,False
624B4E765C,4TRM,I,451,101,2020/2021,77.6,2017,TRM,43.2,False
624B4E765C,4TRM,II,472,50,2020/2021,89.4,2017,TRM,39.05,False
DCCE998AEC,4TRM,I,451,235,2020/2021,47.9,2017,TRM,43.2,False
DCCE998AEC,4TRM,II,472,188,2020/2021,60.2,2017,TRM,39.05,False
DF0134FB0D,4TRM,I,509,133,2020/2021,73.9,2017,TRM,43.2,False
DF0134FB0D,4TRM,II,471,104,2020/2021,77.9,2017,TRM,39.05,False
286673718A,4TRM,I,437,104,2020/2021,76.2,2017,TRM,43.2,False
286673718A,4TRM,II,472,46,2020/2021,90.3,2017,TRM,39.05,False
232AD4E8C9,4TRM,I,949,251,2020/2021,73.6,2017,TRM,43.2,False
232AD4E8C9,4TRM,II,943,170,2020/2021,82.0,2017,TRM,39.05,False
1D9E98524E,4TRM,I,437,186,2020/2021,57.4,2017,TRM,43.2,False
1D9E98524E,4TRM,II,472,188,2020/2021,60.2,2017,TRM,39.05,False
FBAD9EE13D,4TRM,I,509,182,2020/2021,64.2,2017,TRM,43.2,False
FBAD9EE13D,4TRM,II,471,175,2020/2021,62.8,2017,TRM,39.05,False
8E42C053AF,4TRM,I,437,156,2020/2021,64.3,2017,TRM,43.2,False
8E42C053AF,4TRM,II,472,101,2020/2021,78.6,2017,TRM,39.05,False
94A48F07F3,4TRM,I,509,92,2020/2021,81.9,2017,TRM,43.2,False
94A48F07F3,4TRM,II,471,19,2020/2021,96.0,2017,TRM,39.05,False
9FC8DBDC1F,4TRM,I,509,77,2020/2021,84.9,2017,TRM,43.2,False
9FC8DBDC1F,4TRM,II,471,84,2020/2021,82.2,2017,TRM,39.05,False
0767EE8E89,4TRM,I,509,127,2020/2021,75.0,2017,TRM,43.2,False
0767EE8E89,4TRM,II,471,166,2020/2021,64.8,2017,TRM,39.05,False
E2BB2D889E,4TRM,I,451,155,2020/2021,65.6,2017,TRM,43.2,False
E2BB2D889E,4TRM,II,472,123,2020/2021,73.9,2017,TRM,39.05,False
ECBBA9F231,4TRM,I,451,101,2020/2021,77.6,2017,TRM,43.2,False
ECBBA9F231,4TRM,II,472,70,2020/2021,85.2,2017,TRM,39.05,False
0357F27F80,4TRM,I,451,320,2020/2021,29.0,2017,TRM,43.2,True
0357F27F80,4TRM,II,472,211,2020/2021,55.3,2017,TRM,39.05,False
B3AFBBA67D,4TRM,I,509,172,2020/2021,66.2,2017,TRM,43.2,False
B3AFBBA67D,4TRM,II,471,148,2020/2021,68.6,2017,TRM,39.05,False
C630160C1B,4TRM,I,451,216,2020/2021,52.1,2017,TRM,43.2,False
C630160C1B,4TRM,II,472,204,2020/2021,56.8,2017,TRM,39.05,False
A5C7DFE9C7,4TRM,I,488,138,2020/2021,71.7,2017,TRM,43.2,False
A5C7DFE9C7,4TRM,II,471,115,2020/2021,75.6,2017,TRM,39.05,False
AD74740040,4TRM,I,509,116,2020/2021,77.2,2017,TRM,43.2,False
AD74740040,4TRM,II,471,166,2020/2021,64.8,2017,TRM,39.05,False
2C93123F98,4TRM,I,437,108,2020/2021,75.3,2017,TRM,43.2,False
2C93123F98,4TRM,II,472,164,2020/2021,65.3,2017,TRM,39.05,False
E18F8FA243,4TŻ,I,497,87,2020/2021,82.5,2017,TŻ,32.85,False
E18F8FA243,4TŻ,II,470,57,2020/2021,87.9,2017,TŻ,43.3,False
911B688077,4TŻ,I,508,166,2020/2021,67.3,2017,TŻ,32.85,False
911B688077,4TŻ,II,470,50,2020/2021,89.4,2017,TŻ,43.3,False
1ABD146260,4TŻ,I,508,263,2020/2021,48.2,2017,TŻ,32.85,False
1ABD146260,4TŻ,II,470,241,2020/2021,48.7,2017,TŻ,43.3,False
6C93547599,4TŻ,I,508,176,2020/2021,65.4,2017,TŻ,32.85,False
6C93547599,4TŻ,II,470,234,2020/2021,50.2,2017,TŻ,43.3,False
2A7A109FC1,4TŻ,I,508,156,2020/2021,69.3,2017,TŻ,32.85,False
2A7A109FC1,4TŻ,II,470,55,2020/2021,88.3,2017,TŻ,43.3,False
521B31C044,4TŻ,I,508,22,2020/2021,95.7,2017,TŻ,32.85,False
521B31C044,4TŻ,II,470,1,2020/2021,99.8,2017,TŻ,43.3,False
A24E9EE202,4TŻ,I,508,39,2020/2021,92.3,2017,TŻ,32.85,False
A24E9EE202,4TŻ,II,470,13,2020/2021,97.2,2017,TŻ,43.3,False
F723DB664A,4TŻ,I,508,30,2020/2021,94.1,2017,TŻ,32.85,False
F723DB664A,4TŻ,II,470,31,2020/2021,93.4,2017,TŻ,43.3,False
2E729F1909,4TŻ,I,508,128,2020/2021,74.8,2017,TŻ,32.85,False
2E729F1909,4TŻ,II,470,75,2020/2021,84.0,2017,TŻ,43.3,False
D36E445159,4TŻ,I,508,40,2020/2021,92.1,2017,TŻ,32.85,False
D36E445159,4TŻ,II,470,60,2020/2021,87.2,2017,TŻ,43.3,False
9E02E259EF,4TŻ,I,508,164,2020/2021,67.7,2017,TŻ,32.85,False
9E02E259EF,4TŻ,II,470,82,2020/2021,82.6,2017,TŻ,43.3,False
A5EFD1F339,4TŻ,I,508,34,2020/2021,93.3,2017,TŻ,32.85,False
A5EFD1F339,4TŻ,II,470,33,2020/2021,93.0,2017,TŻ,43.3,False
CD18D65DC2,4TŻ,I,498,153,2020/2021,69.3,2017,TŻ,32.85,False
CD18D65DC2,4TŻ,II,471,107,2020/2021,77.3,2017,TŻ,43.3,False
BD1BA4D96B,4TŻ,I,510,116,2020/2021,77.3,2017,TŻ,32.85,False
BD1BA4D96B,4TŻ,II,471,120,2020/2021,74.5,2017,TŻ,43.3,False
66BAC8B0FB,4TŻ,I,510,150,2020/2021,70.6,2017,TŻ,32.85,False
66BAC8B0FB,4TŻ,II,471,114,2020/2021,75.8,2017,TŻ,43.3,False
D1998C1E01,4TŻ,I,510,212,2020/2021,58.4,2017,TŻ,32.85,False
D1998C1E01,4TŻ,II,471,140,2020/2021,70.3,2017,TŻ,43.3,False
C51CF9550C,4TŻ,I,498,159,2020/2021,68.1,2017,TŻ,32.85,False
C51CF9550C,4TŻ,II,471,34,2020/2021,92.8,2017,TŻ,43.3,False
979C822035,4TŻ,I,498,64,2020/2021,87.1,2017,TŻ,32.85,False
979C822035,4TŻ,II,471,104,2020/2021,77.9,2017,TŻ,43.3,False
837320BB2D,4TŻ,I,510,304,2020/2021,40.4,2017,TŻ,32.85,False
837320BB2D,4TŻ,II,471,254,2020/2021,46.1,2017,TŻ,43.3,False
4D26E37014,4TŻ,I,510,190,2020/2021,62.7,2017,TŻ,32.85,False
4D26E37014,4TŻ,II,471,185,2020/2021,60.7,2017,TŻ,43.3,False
23AA15079B,4TŻ,I,510,37,2020/2021,92.7,2017,TŻ,32.85,False
23AA15079B,4TŻ,II,471,63,2020/2021,86.6,2017,TŻ,43.3,False
2B087B0B93,4TŻ,I,498,115,2020/2021,76.9,2017,TŻ,32.85,False
2B087B0B93,4TŻ,II,471,78,2020/2021,83.4,2017,TŻ,43.3,False
A51C824D21,4TŻ,I,510,348,2020/2021,31.8,2017,TŻ,32.85,True
A51C824D21,4TŻ,II,471,267,2020/2021,43.3,2017,TŻ,43.3,False
70442E66EE,4TŻ,I,510,222,2020/2021,56.5,2017,TŻ,32.85,False
70442E66EE,4TŻ,II,471,317,2020/2021,32.7,2017,TŻ,43.3,True
1355F464F3,4TŻ,I,510,153,2020/2021,70.0,2017,TŻ,32.85,False
1355F464F3,4TŻ,II,471,140,2020/2021,70.3,2017,TŻ,43.3,False
69B1AB95F7,1TM5,I,414,8,2020/2021,98.1,2020,TM5,56.6,False
69B1AB95F7,1TM5,II,539,44,2020/2021,91.8,2020,TM5,60.3,False
A2B9CCBA47,1TM5,I,542,162,2020/2021,70.1,2020,TM5,56.6,False
A2B9CCBA47,1TM5,II,706,254,2020/2021,64.0,2020,TM5,60.3,False
FECF8CE156,1TM5,I,434,49,2020/2021,88.7,2020,TM5,56.6,False
FECF8CE156,1TM5,II,564,74,2020/2021,86.9,2020,TM5,60.3,False
F65658C34D,1TM5,I,434,41,2020/2021,90.6,2020,TM5,56.6,False
F65658C34D,1TM5,II,564,86,2020/2021,84.8,2020,TM5,60.3,False
BBD752E677,1TM5,I,434,18,2020/2021,95.9,2020,TM5,56.6,False
BBD752E677,1TM5,II,564,143,2020/2021,74.6,2020,TM5,60.3,False
99D7E8DBE9,1TM5,I,434,8,2020/2021,98.2,2020,TM5,56.6,False
99D7E8DBE9,1TM5,II,564,26,2020/2021,95.4,2020,TM5,60.3,False
094EE79A92,1TM5,I,434,7,2020/2021,98.4,2020,TM5,56.6,False
094EE79A92,1TM5,II,564,39,2020/2021,93.1,2020,TM5,60.3,False
EA68223CB9,1TM5,I,434,156,2020/2021,64.1,2020,TM5,56.6,False
EA68223CB9,1TM5,II,564,76,2020/2021,86.5,2020,TM5,60.3,False
E9702359F6,1TM5,I,434,11,2020/2021,97.5,2020,TM5,56.6,False
E9702359F6,1TM5,II,564,76,2020/2021,86.5,2020,TM5,60.3,False
7D9306E51F,1TM5,I,434,117,2020/2021,73.0,2020,TM5,56.6,False
7D9306E51F,1TM5,II,564,119,2020/2021,78.9,2020,TM5,60.3,False
A4FF3FD673,1TM5,I,434,30,2020/2021,93.1,2020,TM5,56.6,False
A4FF3FD673,1TM5,II,564,50,2020/2021,91.1,2020,TM5,60.3,False
FE417FF3C3,1TM5,I,434,58,2020/2021,86.6,2020,TM5,56.6,False
FE417FF3C3,1TM5,II,564,135,2020/2021,76.1,2020,TM5,60.3,False
97EC186A2A,1TM5,I,434,55,2020/2021,87.3,2020,TM5,56.6,False
97EC186A2A,1TM5,II,564,99,2020/2021,82.4,2020,TM5,60.3,False
5AFBF18368,1TM5,I,434,62,2020/2021,85.7,2020,TM5,56.6,False
5AFBF18368,1TM5,II,564,77,2020/2021,86.3,2020,TM5,60.3,False
C05978F027,1TM5,I,434,31,2020/2021,92.9,2020,TM5,56.6,False
C05978F027,1TM5,II,564,49,2020/2021,91.3,2020,TM5,60.3,False
6F984271FD,1TM5,I,434,19,2020/2021,95.6,2020,TM5,56.6,False
6F984271FD,1TM5,II,564,31,2020/2021,94.5,2020,TM5,60.3,False
4C3CEB11E6,1TM5,I,415,133,2020/2021,68.0,2020,TM5,56.6,False
4C3CEB11E6,1TM5,II,539,141,2020/2021,73.8,2020,TM5,60.3,False
76B27B3D5C,1TM5,I,434,83,2020/2021,80.9,2020,TM5,56.6,False
76B27B3D5C,1TM5,II,564,70,2020/2021,87.6,2020,TM5,60.3,False
63B7A4F8BE,1TM5,I,415,98,2020/2021,76.4,2020,TM5,56.6,False
63B7A4F8BE,1TM5,II,539,147,2020/2021,72.7,2020,TM5,60.3,False
5B124AA943,1TM5,I,434,87,2020/2021,80.0,2020,TM5,56.6,False
5B124AA943,1TM5,II,564,109,2020/2021,80.7,2020,TM5,60.3,False
922C6FF356,1TM5,I,434,42,2020/2021,90.3,2020,TM5,56.6,False
922C6FF356,1TM5,II,564,48,2020/2021,91.5,2020,TM5,60.3,False
055EE1BDCB,1TW5,I,546,35,2020/2021,93.6,2020,TW5,84.6,False
055EE1BDCB,1TW5,II,712,8,2020/2021,98.9,2020,TW5,63.53,False
AAB60024F5,1TW5,I,553,11,2020/2021,98.0,2020,TW5,84.6,False
AAB60024F5,1TW5,II,712,52,2020/2021,92.7,2020,TW5,63.53,False
210E90C9E4,1TW5,I,553,20,2020/2021,96.4,2020,TW5,84.6,False
210E90C9E4,1TW5,II,712,116,2020/2021,83.7,2020,TW5,63.53,False
B6F4709A1D,1TW5,I,553,20,2020/2021,96.4,2020,TW5,84.6,False
B6F4709A1D,1TW5,II,712,131,2020/2021,81.6,2020,TW5,63.53,False
477DE3B96F,1TW5,I,553,89,2020/2021,83.9,2020,TW5,84.6,True
477DE3B96F,1TW5,II,712,60,2020/2021,91.6,2020,TW5,63.53,False
DA07B49568,1TW5,I,553,22,2020/2021,96.0,2020,TW5,84.6,False
DA07B49568,1TW5,II,712,61,2020/2021,91.4,2020,TW5,63.53,False
617DE9606E,1TW5,I,553,14,2020/2021,97.5,2020,TW5,84.6,False
617DE9606E,1TW5,II,712,30,2020/2021,95.8,2020,TW5,63.53,False
C7A3D50E34,1TW5,I,553,46,2020/2021,91.7,2020,TW5,84.6,False
C7A3D50E34,1TW5,II,712,9,2020/2021,98.7,2020,TW5,63.53,False
5D8D20A0D2,1TW5,I,553,0,2020/2021,100.0,2020,TW5,84.6,False
5D8D20A0D2,1TW5,II,712,10,2020/2021,98.6,2020,TW5,63.53,False
0C450DAFF1,1TW5,I,553,127,2020/2021,77.0,2020,TW5,84.6,True
0C450DAFF1,1TW5,II,712,142,2020/2021,80.1,2020,TW5,63.53,False
EE75A467A8,1TW5,I,553,25,2020/2021,95.5,2020,TW5,84.6,False
EE75A467A8,1TW5,II,712,79,2020/2021,88.9,2020,TW5,63.53,False
0DD7ADDAF3,1TW5,I,553,14,2020/2021,97.5,2020,TW5,84.6,False
0DD7ADDAF3,1TW5,II,712,28,2020/2021,96.1,2020,TW5,63.53,False
03C943D3F8,1TW5,I,546,23,2020/2021,95.8,2020,TW5,84.6,False
03C943D3F8,1TW5,II,64,11,2020/2021,82.8,2020,TW5,63.53,False
E45666FE1F,1TW5,I,553,110,2020/2021,80.1,2020,TW5,84.6,True
E45666FE1F,1TW5,II,712,249,2020/2021,65.0,2020,TW5,63.53,False
3F0C7DC0DA,1TŻ5,I,567,63,2020/2021,88.9,2020,TŻ5,49.65,False
3F0C7DC0DA,1TŻ5,II,736,108,2020/2021,85.3,2020,TŻ5,63.6,False
CD95F36AEF,1TŻ5,I,545,0,2020/2021,100.0,2020,TŻ5,49.65,False
CD95F36AEF,1TŻ5,II,736,25,2020/2021,96.6,2020,TŻ5,63.6,False
F4DC8F8F90,1TŻ5,I,554,161,2020/2021,70.9,2020,TŻ5,49.65,False
F4DC8F8F90,1TŻ5,II,381,333,2020/2021,12.6,2020,TŻ5,63.6,True
94858C34A4,1TŻ5,I,567,59,2020/2021,89.6,2020,TŻ5,49.65,False
94858C34A4,1TŻ5,II,736,93,2020/2021,87.4,2020,TŻ5,63.6,False
7BEA62D88E,1TŻ5,I,567,116,2020/2021,79.5,2020,TŻ5,49.65,False
7BEA62D88E,1TŻ5,II,736,136,2020/2021,81.5,2020,TŻ5,63.6,False
6A5DE94F49,1TŻ5,I,567,89,2020/2021,84.3,2020,TŻ5,49.65,False
6A5DE94F49,1TŻ5,II,736,69,2020/2021,90.6,2020,TŻ5,63.6,False
316DDD1940,1TŻ5,I,567,84,2020/2021,85.2,2020,TŻ5,49.65,False
316DDD1940,1TŻ5,II,736,143,2020/2021,80.6,2020,TŻ5,63.6,False
CAA32635AA,1TŻ5,I,567,16,2020/2021,97.2,2020,TŻ5,49.65,False
CAA32635AA,1TŻ5,II,736,62,2020/2021,91.6,2020,TŻ5,63.6,False
F669A1508D,1TŻ5,I,567,8,2020/2021,98.6,2020,TŻ5,49.65,False
F669A1508D,1TŻ5,II,736,44,2020/2021,94.0,2020,TŻ5,63.6,False
1CD1A2B0B8,1TŻ5,I,567,157,2020/2021,72.3,2020,TŻ5,49.65,False
1CD1A2B0B8,1TŻ5,II,736,224,2020/2021,69.6,2020,TŻ5,63.6,False
53E89434AB,1TŻ5,I,567,65,2020/2021,88.5,2020,TŻ5,49.65,False
53E89434AB,1TŻ5,II,736,90,2020/2021,87.8,2020,TŻ5,63.6,False
65F25A395E,1TŻ5,I,567,162,2020/2021,71.4,2020,TŻ5,49.65,False
65F25A395E,1TŻ5,II,736,218,2020/2021,70.4,2020,TŻ5,63.6,False
B33F428A33,1TŻ5,I,567,0,2020/2021,100.0,2020,TŻ5,49.65,False
B33F428A33,1TŻ5,II,736,28,2020/2021,96.2,2020,TŻ5,63.6,False
D1F6555E9E,1TŻ5,I,567,95,2020/2021,83.2,2020,TŻ5,49.65,False
D1F6555E9E,1TŻ5,II,736,150,2020/2021,79.6,2020,TŻ5,63.6,False
B76800681B,1TŻ5,I,567,162,2020/2021,71.4,2020,TŻ5,49.65,False
B76800681B,1TŻ5,II,736,135,2020/2021,81.7,2020,TŻ5,63.6,False
FF65D504E1,2RŻ5,I,559,210,2020/2021,62.4,2019,RŻ5,47.66,False
FF65D504E1,2RŻ5,II,674,405,2020/2021,39.9,2019,RŻ5,30.81,False
79B382A97F,2RŻ5,I,473,14,2020/2021,97.0,2019,RŻ5,47.66,False
79B382A97F,2RŻ5,II,543,31,2020/2021,94.3,2019,RŻ5,30.81,False
14319EA7C2,2RŻ5,I,473,40,2020/2021,91.5,2019,RŻ5,47.66,False
14319EA7C2,2RŻ5,II,543,32,2020/2021,94.1,2019,RŻ5,30.81,False
71DE1067D6,2RŻ5,I,506,118,2020/2021,76.7,2019,RŻ5,47.66,False
71DE1067D6,2RŻ5,II,612,133,2020/2021,78.3,2019,RŻ5,30.81,False
C125F70583,2RŻ5,I,506,88,2020/2021,82.6,2019,RŻ5,47.66,False
C125F70583,2RŻ5,II,612,120,2020/2021,80.4,2019,RŻ5,30.81,False
7284E44E67,2RŻ5,I,482,169,2020/2021,64.9,2019,RŻ5,47.66,False
7284E44E67,2RŻ5,II,589,279,2020/2021,52.6,2019,RŻ5,30.81,False
432F9B143B,2RŻ5,I,482,18,2020/2021,96.3,2019,RŻ5,47.66,False
432F9B143B,2RŻ5,II,589,87,2020/2021,85.2,2019,RŻ5,30.81,False
1E12E6E73A,2RŻ5,I,506,69,2020/2021,86.4,2019,RŻ5,47.66,False
1E12E6E73A,2RŻ5,II,612,125,2020/2021,79.6,2019,RŻ5,30.81,False
EEF95A0E99,2RŻ5,I,466,151,2020/2021,67.6,2019,RŻ5,47.66,False
EEF95A0E99,2RŻ5,II,589,222,2020/2021,62.3,2019,RŻ5,30.81,False
C10892CDD0,2RŻ5,I,482,157,2020/2021,67.4,2019,RŻ5,47.66,False
C10892CDD0,2RŻ5,II,589,174,2020/2021,70.5,2019,RŻ5,30.81,False
AF2BA1503D,2RŻ5,I,482,16,2020/2021,96.7,2019,RŻ5,47.66,False
AF2BA1503D,2RŻ5,II,589,65,2020/2021,89.0,2019,RŻ5,30.81,False
C1596BA96D,2RŻ5,I,482,100,2020/2021,79.3,2019,RŻ5,47.66,False
C1596BA96D,2RŻ5,II,589,197,2020/2021,66.6,2019,RŻ5,30.81,False
AFDB2301D6,2RŻ5,I,506,141,2020/2021,72.1,2019,RŻ5,47.66,False
AFDB2301D6,2RŻ5,II,612,205,2020/2021,66.5,2019,RŻ5,30.81,False
42C6F17206,2RŻ5,I,506,71,2020/2021,86.0,2019,RŻ5,47.66,False
42C6F17206,2RŻ5,II,612,238,2020/2021,61.1,2019,RŻ5,30.81,False
D2339544C8,2RŻ5,I,506,131,2020/2021,74.1,2019,RŻ5,47.66,False
D2339544C8,2RŻ5,II,612,300,2020/2021,51.0,2019,RŻ5,30.81,False
1F159E3E9E,2RŻ5,I,482,41,2020/2021,91.5,2019,RŻ5,47.66,False
1F159E3E9E,2RŻ5,II,589,127,2020/2021,78.4,2019,RŻ5,30.81,False
069E18C595,2RŻ5,I,466,183,2020/2021,60.7,2019,RŻ5,47.66,False
069E18C595,2RŻ5,II,589,255,2020/2021,56.7,2019,RŻ5,30.81,False
699C40D03D,2RŻ5,I,482,141,2020/2021,70.7,2019,RŻ5,47.66,False
699C40D03D,2RŻ5,II,589,270,2020/2021,54.2,2019,RŻ5,30.81,False
5429C2BA59,2RŻ5,I,482,58,2020/2021,88.0,2019,RŻ5,47.66,False
5429C2BA59,2RŻ5,II,589,77,2020/2021,86.9,2019,RŻ5,30.81,False
5C24230BE6,2RŻ5,I,482,9,2020/2021,98.1,2019,RŻ5,47.66,False
5C24230BE6,2RŻ5,II,589,103,2020/2021,82.5,2019,RŻ5,30.81,False
30BBB22CB7,2RŻ5,I,506,101,2020/2021,80.0,2019,RŻ5,47.66,False
30BBB22CB7,2RŻ5,II,612,259,2020/2021,57.7,2019,RŻ5,30.81,False
54C1680A6B,2RŻ5,I,506,27,2020/2021,94.7,2019,RŻ5,47.66,False
54C1680A6B,2RŻ5,II,612,140,2020/2021,77.1,2019,RŻ5,30.81,False
6419522A82,2RŻ5,I,482,121,2020/2021,74.9,2019,RŻ5,47.66,False
6419522A82,2RŻ5,II,589,153,2020/2021,74.0,2019,RŻ5,30.81,False
933047F475,2RŻ5,I,466,40,2020/2021,91.4,2019,RŻ5,47.66,False
933047F475,2RŻ5,II,589,155,2020/2021,73.7,2019,RŻ5,30.81,False
8DBEC938B6,2RŻ5,I,506,29,2020/2021,94.3,2019,RŻ5,47.66,False
8DBEC938B6,2RŻ5,II,567,98,2020/2021,82.7,2019,RŻ5,30.81,False
03697CB742,2RŻ5,I,506,98,2020/2021,80.6,2019,RŻ5,47.66,False
03697CB742,2RŻ5,II,612,116,2020/2021,81.0,2019,RŻ5,30.81,False
702D690EDF,2RŻ5,I,482,126,2020/2021,73.9,2019,RŻ5,47.66,False
702D690EDF,2RŻ5,II,589,221,2020/2021,62.5,2019,RŻ5,30.81,False
7276FFBF4E,2RŻ5,I,466,43,2020/2021,90.8,2019,RŻ5,47.66,False
7276FFBF4E,2RŻ5,II,543,47,2020/2021,91.3,2019,RŻ5,30.81,False
0023EFDB2E,2RŻ5,I,506,102,2020/2021,79.8,2019,RŻ5,47.66,False
0023EFDB2E,2RŻ5,II,567,93,2020/2021,83.6,2019,RŻ5,30.81,False
CDFF9623C2,2RŻ5,I,466,56,2020/2021,88.0,2019,RŻ5,47.66,False
CDFF9623C2,2RŻ5,II,589,96,2020/2021,83.7,2019,RŻ5,30.81,False
2935D10308,2TM5,I,467,52,2020/2021,88.9,2019,TM5,71.98,False
2935D10308,2TM5,II,550,65,2020/2021,88.2,2019,TM5,60.27,False
D1042AD297,2TM5,I,467,73,2020/2021,84.4,2019,TM5,71.98,False
D1042AD297,2TM5,II,591,154,2020/2021,73.9,2019,TM5,60.27,False
981DF823A3,2TM5,I,478,42,2020/2021,91.2,2019,TM5,71.98,False
981DF823A3,2TM5,II,550,48,2020/2021,91.3,2019,TM5,60.27,False
ACB36E88F0,2TM5,I,478,0,2020/2021,100.0,2019,TM5,71.98,False
ACB36E88F0,2TM5,II,550,7,2020/2021,98.7,2019,TM5,60.27,False
E17A875CD9,2TM5,I,478,98,2020/2021,79.5,2019,TM5,71.98,False
E17A875CD9,2TM5,II,550,68,2020/2021,87.6,2019,TM5,60.27,False
7E6CEEF3DC,2TM5,I,478,22,2020/2021,95.4,2019,TM5,71.98,False
7E6CEEF3DC,2TM5,II,591,94,2020/2021,84.1,2019,TM5,60.27,False
478A24481E,2TM5,I,478,34,2020/2021,92.9,2019,TM5,71.98,False
478A24481E,2TM5,II,591,119,2020/2021,79.9,2019,TM5,60.27,False
95F89069D2,2TM5,I,478,23,2020/2021,95.2,2019,TM5,71.98,False
95F89069D2,2TM5,II,550,51,2020/2021,90.7,2019,TM5,60.27,False
4308B57EDC,2TM5,I,478,51,2020/2021,89.3,2019,TM5,71.98,False
4308B57EDC,2TM5,II,591,146,2020/2021,75.3,2019,TM5,60.27,False
ED3D18923C,2TM5,I,478,94,2020/2021,80.3,2019,TM5,71.98,False
ED3D18923C,2TM5,II,591,192,2020/2021,67.5,2019,TM5,60.27,False
2F536A29DF,2TM5,I,478,42,2020/2021,91.2,2019,TM5,71.98,False
2F536A29DF,2TM5,II,591,144,2020/2021,75.6,2019,TM5,60.27,False
ED1D9CC0A8,2TM5,I,478,51,2020/2021,89.3,2019,TM5,71.98,False
ED1D9CC0A8,2TM5,II,550,82,2020/2021,85.1,2019,TM5,60.27,False
2CC79D8095,2TM5,I,478,11,2020/2021,97.7,2019,TM5,71.98,False
2CC79D8095,2TM5,II,550,73,2020/2021,86.7,2019,TM5,60.27,False
02DD9750C3,2TM5,I,478,52,2020/2021,89.1,2019,TM5,71.98,False
02DD9750C3,2TM5,II,550,86,2020/2021,84.4,2019,TM5,60.27,False
2A67A029B7,2TM5,I,478,55,2020/2021,88.5,2019,TM5,71.98,False
2A67A029B7,2TM5,II,591,125,2020/2021,78.8,2019,TM5,60.27,False
0D08F75B41,2TM5,I,478,106,2020/2021,77.8,2019,TM5,71.98,False
0D08F75B41,2TM5,II,591,183,2020/2021,69.0,2019,TM5,60.27,False
2D31E81106,2TM5,I,478,31,2020/2021,93.5,2019,TM5,71.98,False
2D31E81106,2TM5,II,550,95,2020/2021,82.7,2019,TM5,60.27,False
89918C41A8,2TM5,I,478,28,2020/2021,94.1,2019,TM5,71.98,False
89918C41A8,2TM5,II,550,70,2020/2021,87.3,2019,TM5,60.27,False
77A84704B2,2TM5,I,478,67,2020/2021,86.0,2019,TM5,71.98,False
77A84704B2,2TM5,II,591,112,2020/2021,81.0,2019,TM5,60.27,False
E340CA8D80,2TM5,I,478,103,2020/2021,78.5,2019,TM5,71.98,False
E340CA8D80,2TM5,II,591,116,2020/2021,80.4,2019,TM5,60.27,False
3EEA072A53,2TM5,I,478,95,2020/2021,80.1,2019,TM5,71.98,False
3EEA072A53,2TM5,II,591,213,2020/2021,64.0,2019,TM5,60.27,False
A055A48265,2TM5,I,478,35,2020/2021,92.7,2019,TM5,71.98,False
A055A48265,2TM5,II,550,78,2020/2021,85.8,2019,TM5,60.27,False
E74081EF47,3M,I,475,173,2020/2021,63.6,2018,M,10.16,False
E74081EF47,3M,II,625,172,2020/2021,72.5,2018,M,-11.56,False
02CB7144BF,3M,I,475,31,2020/2021,93.5,2018,M,10.16,False
02CB7144BF,3M,II,625,218,2020/2021,65.1,2018,M,-11.56,False
0ABC0771A3,3M,I,475,183,2020/2021,61.5,2018,M,10.16,False
0ABC0771A3,3M,II,625,413,2020/2021,33.9,2018,M,-11.56,False
4A18C2FE0D,3M,I,475,142,2020/2021,70.1,2018,M,10.16,False
4A18C2FE0D,3M,II,625,200,2020/2021,68.0,2018,M,-11.56,False
BE72B363BD,3M,I,475,96,2020/2021,79.8,2018,M,10.16,False
BE72B363BD,3M,II,625,227,2020/2021,63.7,2018,M,-11.56,False
FB26D026EC,3M,I,475,244,2020/2021,48.6,2018,M,10.16,False
FB26D026EC,3M,II,625,457,2020/2021,26.9,2018,M,-11.56,False
642DC072EF,3M,I,475,266,2020/2021,44.0,2018,M,10.16,False
642DC072EF,3M,II,625,280,2020/2021,55.2,2018,M,-11.56,False
1854C204D1,3M,I,475,195,2020/2021,58.9,2018,M,10.16,False
1854C204D1,3M,II,625,324,2020/2021,48.2,2018,M,-11.56,False
BCA3E78DDC,3M,I,475,312,2020/2021,34.3,2018,M,10.16,False
BCA3E78DDC,3M,II,625,405,2020/2021,35.2,2018,M,-11.56,False
4B5DB17CBB,3M,I,475,47,2020/2021,90.1,2018,M,10.16,False
4B5DB17CBB,3M,II,625,53,2020/2021,91.5,2018,M,-11.56,False
C7FB626320,3M,I,475,232,2020/2021,51.2,2018,M,10.16,False
C7FB626320,3M,II,625,381,2020/2021,39.0,2018,M,-11.56,False
D8B41478DC,3M,I,475,243,2020/2021,48.8,2018,M,10.16,False
D8B41478DC,3M,II,625,324,2020/2021,48.2,2018,M,-11.56,False
7439102892,3M,I,475,402,2020/2021,15.4,2018,M,10.16,False
7439102892,3M,II,625,515,2020/2021,17.6,2018,M,-11.56,False
EEE5375052,3M,I,475,311,2020/2021,34.5,2018,M,10.16,False
EEE5375052,3M,II,625,496,2020/2021,20.6,2018,M,-11.56,False
2072B8A93F,1M,I,505,188,2020/2021,62.8,2020,M,22.27,False
2072B8A93F,1M,II,647,369,2020/2021,43.0,2020,M,29.72,False
7AC8AB8A05,1M,I,505,3,2020/2021,99.4,2020,M,22.27,False
7AC8AB8A05,1M,II,647,65,2020/2021,90.0,2020,M,29.72,False
27505A1520,1M,I,505,72,2020/2021,85.7,2020,M,22.27,False
27505A1520,1M,II,647,243,2020/2021,62.4,2020,M,29.72,False
2749F8FF3A,1M,I,505,95,2020/2021,81.2,2020,M,22.27,False
2749F8FF3A,1M,II,647,122,2020/2021,81.1,2020,M,29.72,False
F4A86127E1,1M,I,505,42,2020/2021,91.7,2020,M,22.27,False
F4A86127E1,1M,II,647,73,2020/2021,88.7,2020,M,29.72,False
FED285A429,1M,I,505,125,2020/2021,75.2,2020,M,22.27,False
FED285A429,1M,II,647,244,2020/2021,62.3,2020,M,29.72,False
08B5634E90,1M,I,505,32,2020/2021,93.7,2020,M,22.27,False
08B5634E90,1M,II,647,87,2020/2021,86.6,2020,M,29.72,False
5FF9AC7EA8,1M,I,505,115,2020/2021,77.2,2020,M,22.27,False
5FF9AC7EA8,1M,II,647,58,2020/2021,91.0,2020,M,29.72,False
B2A1CAF44C,1M,I,505,38,2020/2021,92.5,2020,M,22.27,False
B2A1CAF44C,1M,II,647,123,2020/2021,81.0,2020,M,29.72,False
C86788ACA3,1M,I,505,175,2020/2021,65.3,2020,M,22.27,False
C86788ACA3,1M,II,647,181,2020/2021,72.0,2020,M,29.72,False
1353AF652A,1M,I,505,225,2020/2021,55.4,2020,M,22.27,False
1353AF652A,1M,II,647,306,2020/2021,52.7,2020,M,29.72,False
C1F755A6E5,1M,I,505,204,2020/2021,59.6,2020,M,22.27,False
C1F755A6E5,1M,II,647,234,2020/2021,63.8,2020,M,29.72,False
EB0C6FBCBF,1M,I,505,336,2020/2021,33.5,2020,M,22.27,False
EB0C6FBCBF,1M,II,647,312,2020/2021,51.8,2020,M,29.72,False
755B2B8872,1M,I,505,99,2020/2021,80.4,2020,M,22.27,False
755B2B8872,1M,II,647,171,2020/2021,73.6,2020,M,29.72,False
91AD19B797,1M,I,505,40,2020/2021,92.1,2020,M,22.27,False
91AD19B797,1M,II,647,119,2020/2021,81.6,2020,M,29.72,False
9BEA0E0751,2MK,I,224,2,2020/2021,99.1,2019,MK,22.57,False
9BEA0E0751,2MK,II,310,16,2020/2021,94.8,2019,MK,24.46,False
3B160D52C1,2MK,I,522,69,2020/2021,86.8,2019,MK,22.57,False
3B160D52C1,2MK,II,699,165,2020/2021,76.4,2019,MK,24.46,False
421106620E,2MK,I,513,67,2020/2021,86.9,2019,MK,22.57,False
421106620E,2MK,II,699,106,2020/2021,84.8,2019,MK,24.46,False
088F68FF6F,2MK,I,522,146,2020/2021,72.0,2019,MK,22.57,False
088F68FF6F,2MK,II,699,253,2020/2021,63.8,2019,MK,24.46,False
0F5FAE8061,2MK,I,522,381,2020/2021,27.0,2019,MK,22.57,False
0F5FAE8061,2MK,II,699,687,2020/2021,1.7,2019,MK,24.46,True
7724A35D33,2MK,I,522,185,2020/2021,64.6,2019,MK,22.57,False
7724A35D33,2MK,II,699,354,2020/2021,49.4,2019,MK,24.46,False
AE83FBCE6C,2MK,I,522,136,2020/2021,73.9,2019,MK,22.57,False
AE83FBCE6C,2MK,II,699,192,2020/2021,72.5,2019,MK,24.46,False
BAEBBD0670,2MK,I,224,39,2020/2021,82.6,2019,MK,22.57,False
BAEBBD0670,2MK,II,310,31,2020/2021,90.0,2019,MK,24.46,False
4774F13C22,2MK,I,218,18,2020/2021,91.7,2019,MK,22.57,False
4774F13C22,2MK,II,310,34,2020/2021,89.0,2019,MK,24.46,False
0A24F61788,2MK,I,224,123,2020/2021,45.1,2019,MK,22.57,False
0A24F61788,2MK,II,310,125,2020/2021,59.7,2019,MK,24.46,False
A9A6A50612,2MK,I,522,243,2020/2021,53.4,2019,MK,22.57,False
A9A6A50612,2MK,II,699,291,2020/2021,58.4,2019,MK,24.46,False
9267F1FBF2,2MK,I,224,56,2020/2021,75.0,2019,MK,22.57,False
9267F1FBF2,2MK,II,310,131,2020/2021,57.7,2019,MK,24.46,False
5775A823FA,2MK,I,224,29,2020/2021,87.1,2019,MK,22.57,False
5775A823FA,2MK,II,310,84,2020/2021,72.9,2019,MK,24.46,False
2C50C889E2,2MK,I,224,3,2020/2021,98.7,2019,MK,22.57,False
2C50C889E2,2MK,II,310,35,2020/2021,88.7,2019,MK,24.46,False
16C4EB5A2F,2MK,I,522,103,2020/2021,80.3,2019,MK,22.57,False
16C4EB5A2F,2MK,II,699,226,2020/2021,67.7,2019,MK,24.46,False
89EB038FD3,2MK,I,224,81,2020/2021,63.8,2019,MK,22.57,False
89EB038FD3,2MK,II,310,69,2020/2021,77.7,2019,MK,24.46,False
F80D3A9DDE,2MK,I,522,42,2020/2021,92.0,2019,MK,22.57,False
F80D3A9DDE,2MK,II,699,132,2020/2021,81.1,2019,MK,24.46,False
DC95F13DF8,2MK,I,516,255,2020/2021,50.6,2019,MK,22.57,False
DC95F13DF8,2MK,II,699,341,2020/2021,51.2,2019,MK,24.46,False
D865EBCDD5,2MK,I,522,299,2020/2021,42.7,2019,MK,22.57,False
D865EBCDD5,2MK,II,699,285,2020/2021,59.2,2019,MK,24.46,False
486C5794AF,2MK,I,522,129,2020/2021,75.3,2019,MK,22.57,False
486C5794AF,2MK,II,699,224,2020/2021,68.0,2019,MK,24.46,False
6C19BA77DD,2MK,I,218,13,2020/2021,94.0,2019,MK,22.57,False
6C19BA77DD,2MK,II,310,37,2020/2021,88.1,2019,MK,24.46,False
B2165FD968,2MK,I,522,82,2020/2021,84.3,2019,MK,22.57,False
B2165FD968,2MK,II,699,194,2020/2021,72.2,2019,MK,24.46,False
BAEF2201A9,2MK,I,218,46,2020/2021,78.9,2019,MK,22.57,False
BAEF2201A9,2MK,II,310,73,2020/2021,76.5,2019,MK,24.46,False
05A142B6F6,2MK,I,522,269,2020/2021,48.5,2019,MK,22.57,False
05A142B6F6,2MK,II,699,308,2020/2021,55.9,2019,MK,24.46,False
8690EEB1EC,3TMR,I,645,197,2021/2022,69.5,2019,TMR,38.95,False
8690EEB1EC,3TMR,II,474,134,2021/2022,71.7,2019,TMR,44.35,False
14B6C5205E,3TMR,I,645,135,2021/2022,79.1,2019,TMR,38.95,False
14B6C5205E,3TMR,II,474,106,2021/2022,77.6,2019,TMR,44.35,False
1A496B7570,3TMR,I,574,281,2021/2022,51.0,2019,TMR,38.95,False
1A496B7570,3TMR,II,474,248,2021/2022,47.7,2019,TMR,44.35,False
75BCF6123B,3TMR,I,645,234,2021/2022,63.7,2019,TMR,38.95,False
75BCF6123B,3TMR,II,474,160,2021/2022,66.2,2019,TMR,44.35,False
D0B043A863,3TMR,I,645,372,2021/2022,42.3,2019,TMR,38.95,False
D0B043A863,3TMR,II,474,214,2021/2022,54.9,2019,TMR,44.35,False
7F4CB815A8,3TMR,I,645,251,2021/2022,61.1,2019,TMR,38.95,False
7F4CB815A8,3TMR,II,474,216,2021/2022,54.4,2019,TMR,44.35,False
49413735A2,3TMR,I,645,250,2021/2022,61.2,2019,TMR,38.95,False
49413735A2,3TMR,II,474,163,2021/2022,65.6,2019,TMR,44.35,False
21B8C59A44,3TMR,I,645,250,2021/2022,61.2,2019,TMR,38.95,False
21B8C59A44,3TMR,II,474,156,2021/2022,67.1,2019,TMR,44.35,False
AB36F4F854,3TMR,I,645,250,2021/2022,61.2,2019,TMR,38.95,False
AB36F4F854,3TMR,II,474,191,2021/2022,59.7,2019,TMR,44.35,False
B1DAE414EE,3TMR,I,645,155,2021/2022,76.0,2019,TMR,38.95,False
B1DAE414EE,3TMR,II,474,164,2021/2022,65.4,2019,TMR,44.35,False
93D256FC07,3TMR,I,645,180,2021/2022,72.1,2019,TMR,38.95,False
93D256FC07,3TMR,II,474,207,2021/2022,56.3,2019,TMR,44.35,False
394F7D11A9,3TMR,I,645,181,2021/2022,71.9,2019,TMR,38.95,False
394F7D11A9,3TMR,II,474,144,2021/2022,69.6,2019,TMR,44.35,False
80E394C666,3TMR,I,645,227,2021/2022,64.8,2019,TMR,38.95,False
80E394C666,3TMR,II,474,111,2021/2022,76.6,2019,TMR,44.35,False
5EF68C3E6E,3TMR,I,644,248,2021/2022,61.5,2019,TMR,38.95,False
5EF68C3E6E,3TMR,II,474,152,2021/2022,67.9,2019,TMR,44.35,False
1ED6F96AB3,3TMR,I,645,171,2021/2022,73.5,2019,TMR,38.95,False
1ED6F96AB3,3TMR,II,474,197,2021/2022,58.4,2019,TMR,44.35,False
65E5992ACF,3TMR,I,645,344,2021/2022,46.7,2019,TMR,38.95,False
65E5992ACF,3TMR,II,474,259,2021/2022,45.4,2019,TMR,44.35,False
1D5288FE1D,3TMR,I,645,81,2021/2022,87.4,2019,TMR,38.95,False
1D5288FE1D,3TMR,II,474,111,2021/2022,76.6,2019,TMR,44.35,False
096F753B79,3TMR,I,644,155,2021/2022,75.9,2019,TMR,38.95,False
096F753B79,3TMR,II,474,168,2021/2022,64.6,2019,TMR,44.35,False
E410EA4AA0,3TMR,I,645,271,2021/2022,58.0,2019,TMR,38.95,False
E410EA4AA0,3TMR,II,474,169,2021/2022,64.3,2019,TMR,44.35,False
B0E4E530DF,3TMR,I,645,272,2021/2022,57.8,2019,TMR,38.95,False
B0E4E530DF,3TMR,II,474,179,2021/2022,62.2,2019,TMR,44.35,False
402213C4F3,3TMR,I,645,56,2021/2022,91.3,2019,TMR,38.95,False
402213C4F3,3TMR,II,474,118,2021/2022,75.1,2019,TMR,44.35,False
4CBA89960B,3TMR,I,645,126,2021/2022,80.5,2019,TMR,38.95,False
4CBA89960B,3TMR,II,474,154,2021/2022,67.5,2019,TMR,44.35,False
E95392B68D,3TMR,I,645,140,2021/2022,78.3,2019,TMR,38.95,False
E95392B68D,3TMR,II,474,151,2021/2022,68.1,2019,TMR,44.35,False
78E13599CC,3TR,I,645,64,2021/2022,90.1,2019,TR,29.9,False
78E13599CC,3TR,II,485,86,2021/2022,82.3,2019,TR,45.2,False
0ADA3C8421,3TR,I,645,270,2021/2022,58.1,2019,TR,29.9,False
0ADA3C8421,3TR,II,485,174,2021/2022,64.1,2019,TR,45.2,False
B7263F326B,3TR,I,645,222,2021/2022,65.6,2019,TR,29.9,False
B7263F326B,3TR,II,485,175,2021/2022,63.9,2019,TR,45.2,False
4E295DB4FC,3TR,I,645,275,2021/2022,57.4,2019,TR,29.9,False
4E295DB4FC,3TR,II,485,218,2021/2022,55.1,2019,TR,45.2,False
94BEC0E385,3TR,I,645,55,2021/2022,91.5,2019,TR,29.9,False
94BEC0E385,3TR,II,485,116,2021/2022,76.1,2019,TR,45.2,False
9D36A4CFD3,3TR,I,645,73,2021/2022,88.7,2019,TR,29.9,False
9D36A4CFD3,3TR,II,485,81,2021/2022,83.3,2019,TR,45.2,False
00C580FC9A,3TR,I,645,250,2021/2022,61.2,2019,TR,29.9,False
00C580FC9A,3TR,II,485,213,2021/2022,56.1,2019,TR,45.2,False
29F1C292A9,3TR,I,645,88,2021/2022,86.4,2019,TR,29.9,False
29F1C292A9,3TR,II,485,146,2021/2022,69.9,2019,TR,45.2,False
09A529FDC0,3TR,I,643,77,2021/2022,88.0,2019,TR,29.9,False
09A529FDC0,3TR,II,485,135,2021/2022,72.2,2019,TR,45.2,False
60D75D8E9E,3TR,I,643,167,2021/2022,74.0,2019,TR,29.9,False
60D75D8E9E,3TR,II,485,145,2021/2022,70.1,2019,TR,45.2,False
D794F30524,3TR,I,643,95,2021/2022,85.2,2019,TR,29.9,False
D794F30524,3TR,II,485,93,2021/2022,80.8,2019,TR,45.2,False
1B2ECF62C7,3TR,I,643,176,2021/2022,72.6,2019,TR,29.9,False
1B2ECF62C7,3TR,II,485,177,2021/2022,63.5,2019,TR,45.2,False
290D76477F,3TR,I,643,91,2021/2022,85.8,2019,TR,29.9,False
290D76477F,3TR,II,485,157,2021/2022,67.6,2019,TR,45.2,False
CFC3AF337C,3TR,I,643,131,2021/2022,79.6,2019,TR,29.9,False
CFC3AF337C,3TR,II,485,218,2021/2022,55.1,2019,TR,45.2,False
B197725529,3TR,I,643,205,2021/2022,68.1,2019,TR,29.9,False
B197725529,3TR,II,485,168,2021/2022,65.4,2019,TR,45.2,False
909EBF6B5C,3TR,I,643,326,2021/2022,49.3,2019,TR,29.9,False
909EBF6B5C,3TR,II,485,227,2021/2022,53.2,2019,TR,45.2,False
9DD27E96D5,3TR,I,643,233,2021/2022,63.8,2019,TR,29.9,False
9DD27E96D5,3TR,II,485,118,2021/2022,75.7,2019,TR,45.2,False
BBA95893A2,3TŻ,I,622,214,2021/2022,65.6,2019,TŻ,38.9,False
BBA95893A2,3TŻ,II,490,183,2021/2022,62.7,2019,TŻ,27.1,False
397130F9AE,3TŻ,I,622,246,2021/2022,60.5,2019,TŻ,38.9,False
397130F9AE,3TŻ,II,490,240,2021/2022,51.0,2019,TŻ,27.1,False
8F81E96C5D,3TŻ,I,622,397,2021/2022,36.2,2019,TŻ,38.9,True
8F81E96C5D,3TŻ,II,287,259,2021/2022,9.8,2019,TŻ,27.1,True
725BA0FCB7,3TŻ,I,622,226,2021/2022,63.7,2019,TŻ,38.9,False
725BA0FCB7,3TŻ,II,490,220,2021/2022,55.1,2019,TŻ,27.1,False
7E158F2113,3TŻ,I,622,135,2021/2022,78.3,2019,TŻ,38.9,False
7E158F2113,3TŻ,II,490,138,2021/2022,71.8,2019,TŻ,27.1,False
B0EC980C63,3TŻ,I,622,103,2021/2022,83.4,2019,TŻ,38.9,False
B0EC980C63,3TŻ,II,490,168,2021/2022,65.7,2019,TŻ,27.1,False
1048C1C498,3TŻ,I,622,173,2021/2022,72.2,2019,TŻ,38.9,False
1048C1C498,3TŻ,II,490,148,2021/2022,69.8,2019,TŻ,27.1,False
5A3CF0FEF9,3TŻ,I,622,111,2021/2022,82.2,2019,TŻ,38.9,False
5A3CF0FEF9,3TŻ,II,490,90,2021/2022,81.6,2019,TŻ,27.1,False
26F80B74C7,3TŻ,I,622,70,2021/2022,88.7,2019,TŻ,38.9,False
26F80B74C7,3TŻ,II,490,133,2021/2022,72.9,2019,TŻ,27.1,False
AEBF7833E6,3TŻ,I,622,223,2021/2022,64.1,2019,TŻ,38.9,False
AEBF7833E6,3TŻ,II,490,141,2021/2022,71.2,2019,TŻ,27.1,False
BE7B9BDC1A,3TŻ,I,622,176,2021/2022,71.7,2019,TŻ,38.9,False
BE7B9BDC1A,3TŻ,II,490,169,2021/2022,65.5,2019,TŻ,27.1,False
9F7BEA7335,3TŻ,I,622,59,2021/2022,90.5,2019,TŻ,38.9,False
9F7BEA7335,3TŻ,II,490,70,2021/2022,85.7,2019,TŻ,27.1,False
B50C514E41,3TŻ,I,622,175,2021/2022,71.9,2019,TŻ,38.9,False
B50C514E41,3TŻ,II,490,127,2021/2022,74.1,2019,TŻ,27.1,False
C0022E02DA,3TŻ,I,622,17,2021/2022,97.3,2019,TŻ,38.9,False
C0022E02DA,3TŻ,II,490,98,2021/2022,80.0,2019,TŻ,27.1,False
70D01B4E57,3TŻ,I,622,110,2021/2022,82.3,2019,TŻ,38.9,False
70D01B4E57,3TŻ,II,490,220,2021/2022,55.1,2019,TŻ,27.1,False
F4A043FB46,3TŻ,I,622,195,2021/2022,68.6,2019,TŻ,38.9,False
F4A043FB46,3TŻ,II,490,177,2021/2022,63.9,2019,TŻ,27.1,False
2156D0BBCA,3TŻ,I,622,164,2021/2022,73.6,2019,TŻ,38.9,False
2156D0BBCA,3TŻ,II,490,198,2021/2022,59.6,2019,TŻ,27.1,False
6C519C7383,3TŻ,I,622,185,2021/2022,70.3,2019,TŻ,38.9,False
6C519C7383,3TŻ,II,490,219,2021/2022,55.3,2019,TŻ,27.1,False
FEE9305EE8,3TŻ,I,622,319,2021/2022,48.7,2019,TŻ,38.9,False
FEE9305EE8,3TŻ,II,490,233,2021/2022,52.4,2019,TŻ,27.1,False
994C98B017,3TŻ,I,622,99,2021/2022,84.1,2019,TŻ,38.9,False
994C98B017,3TŻ,II,490,112,2021/2022,77.1,2019,TŻ,27.1,False
0D4CB53859,3TŻ,I,622,93,2021/2022,85.0,2019,TŻ,38.9,False
0D4CB53859,3TŻ,II,490,79,2021/2022,83.9,2019,TŻ,27.1,False
7089F7F9F9,4TRM,I,604,291,2021/2022,51.8,2018,TRM,38.2,False
7089F7F9F9,4TRM,II,334,198,2021/2022,40.7,2018,TRM,28.5,False
A01C564803,4TRM,I,604,258,2021/2022,57.3,2018,TRM,38.2,False
A01C564803,4TRM,II,334,117,2021/2022,65.0,2018,TRM,28.5,False
A063112131,4TRM,I,604,170,2021/2022,71.9,2018,TRM,38.2,False
A063112131,4TRM,II,334,125,2021/2022,62.6,2018,TRM,28.5,False
CF3C47B9DD,4TRM,I,545,219,2021/2022,59.8,2018,TRM,38.2,False
CF3C47B9DD,4TRM,II,335,214,2021/2022,36.1,2018,TRM,28.5,False
CA42DF31B5,4TRM,I,604,167,2021/2022,72.4,2018,TRM,38.2,False
CA42DF31B5,4TRM,II,334,128,2021/2022,61.7,2018,TRM,28.5,False
74F2BFDEC5,4TRM,I,604,203,2021/2022,66.4,2018,TRM,38.2,False
74F2BFDEC5,4TRM,II,334,112,2021/2022,66.5,2018,TRM,28.5,False
10FEB95376,4TRM,I,545,216,2021/2022,60.4,2018,TRM,38.2,False
10FEB95376,4TRM,II,335,169,2021/2022,49.6,2018,TRM,28.5,False
1FD8036CC2,4TRM,I,545,140,2021/2022,74.3,2018,TRM,38.2,False
1FD8036CC2,4TRM,II,335,150,2021/2022,55.2,2018,TRM,28.5,False
94255F7902,4TRM,I,545,261,2021/2022,52.1,2018,TRM,38.2,False
94255F7902,4TRM,II,335,200,2021/2022,40.3,2018,TRM,28.5,False
257D09CDC9,4TRM,I,604,150,2021/2022,75.2,2018,TRM,38.2,False
257D09CDC9,4TRM,II,334,113,2021/2022,66.2,2018,TRM,28.5,False
8056F5B3A4,4TRM,I,545,104,2021/2022,80.9,2018,TRM,38.2,False
8056F5B3A4,4TRM,II,335,145,2021/2022,56.7,2018,TRM,28.5,False
AF3BC7449A,4TRM,I,604,153,2021/2022,74.7,2018,TRM,38.2,False
AF3BC7449A,4TRM,II,334,121,2021/2022,63.8,2018,TRM,28.5,False
58F496ACD6,4TRM,I,604,157,2021/2022,74.0,2018,TRM,38.2,False
58F496ACD6,4TRM,II,334,117,2021/2022,65.0,2018,TRM,28.5,False
D1F55192B4,4TRM,I,604,180,2021/2022,70.2,2018,TRM,38.2,False
D1F55192B4,4TRM,II,334,130,2021/2022,61.1,2018,TRM,28.5,False
015241F2DD,4TRM,I,604,130,2021/2022,78.5,2018,TRM,38.2,False
015241F2DD,4TRM,II,334,110,2021/2022,67.1,2018,TRM,28.5,False
56241B269D,4TRM,I,545,65,2021/2022,88.1,2018,TRM,38.2,False
56241B269D,4TRM,II,335,95,2021/2022,71.6,2018,TRM,28.5,False
2E1A037143,4TRM,I,545,98,2021/2022,82.0,2018,TRM,38.2,False
2E1A037143,4TRM,II,335,127,2021/2022,62.1,2018,TRM,28.5,False
9FE4F61582,4TRM,I,545,157,2021/2022,71.2,2018,TRM,38.2,False
9FE4F61582,4TRM,II,335,171,2021/2022,49.0,2018,TRM,28.5,False
2B1A550806,4TRM,I,604,217,2021/2022,64.1,2018,TRM,38.2,False
2B1A550806,4TRM,II,334,128,2021/2022,61.7,2018,TRM,28.5,False
A050011BBD,4TRM,I,604,123,2021/2022,79.6,2018,TRM,38.2,False
A050011BBD,4TRM,II,334,129,2021/2022,61.4,2018,TRM,28.5,False
A9D3790D80,4TRM,I,545,201,2021/2022,63.1,2018,TRM,38.2,False
A9D3790D80,4TRM,II,335,166,2021/2022,50.4,2018,TRM,28.5,False
3FB3605883,4TRM,I,604,197,2021/2022,67.4,2018,TRM,38.2,False
3FB3605883,4TRM,II,334,114,2021/2022,65.9,2018,TRM,28.5,False
2CE8F40068,4TRM,I,604,250,2021/2022,58.6,2018,TRM,38.2,False
2CE8F40068,4TRM,II,334,190,2021/2022,43.1,2018,TRM,28.5,False
AC22054AD6,4TRM,I,604,242,2021/2022,59.9,2018,TRM,38.2,False
AC22054AD6,4TRM,II,334,138,2021/2022,58.7,2018,TRM,28.5,False
D434B53014,4TRM,I,604,95,2021/2022,84.3,2018,TRM,38.2,False
D434B53014,4TRM,II,334,109,2021/2022,67.4,2018,TRM,28.5,False
E9019AADC3,4TŻ,I,585,228,2021/2022,61.0,2018,TŻ,31.47,False
E9019AADC3,4TŻ,II,356,139,2021/2022,61.0,2018,TŻ,33.48,False
788E54FCBB,4TŻ,I,592,51,2021/2022,91.4,2018,TŻ,31.47,False
788E54FCBB,4TŻ,II,356,76,2021/2022,78.7,2018,TŻ,33.48,False
3391182E41,4TŻ,I,559,68,2021/2022,87.8,2018,TŻ,31.47,False
3391182E41,4TŻ,II,341,106,2021/2022,68.9,2018,TŻ,33.48,False
98F74E64FC,4TŻ,I,592,70,2021/2022,88.2,2018,TŻ,31.47,False
98F74E64FC,4TŻ,II,356,64,2021/2022,82.0,2018,TŻ,33.48,False
0B18314160,4TŻ,I,592,234,2021/2022,60.5,2018,TŻ,31.47,False
0B18314160,4TŻ,II,356,120,2021/2022,66.3,2018,TŻ,33.48,False
75806C1BE8,4TŻ,I,585,283,2021/2022,51.6,2018,TŻ,31.47,False
75806C1BE8,4TŻ,II,356,222,2021/2022,37.6,2018,TŻ,33.48,False
520D60BB38,4TŻ,I,592,136,2021/2022,77.0,2018,TŻ,31.47,False
520D60BB38,4TŻ,II,356,142,2021/2022,60.1,2018,TŻ,33.48,False
8737C252C9,4TŻ,I,592,106,2021/2022,82.1,2018,TŻ,31.47,False
8737C252C9,4TŻ,II,356,83,2021/2022,76.7,2018,TŻ,33.48,False
CC60CF4F40,4TŻ,I,592,85,2021/2022,85.6,2018,TŻ,31.47,False
CC60CF4F40,4TŻ,II,356,91,2021/2022,74.4,2018,TŻ,33.48,False
BF0CAC2A2B,4TŻ,I,592,110,2021/2022,81.4,2018,TŻ,31.47,False
BF0CAC2A2B,4TŻ,II,356,76,2021/2022,78.7,2018,TŻ,33.48,False
E7B255333C,4TŻ,I,592,31,2021/2022,94.8,2018,TŻ,31.47,False
E7B255333C,4TŻ,II,356,72,2021/2022,79.8,2018,TŻ,33.48,False
291C4FDA99,4TŻ,I,592,31,2021/2022,94.8,2018,TŻ,31.47,False
291C4FDA99,4TŻ,II,356,63,2021/2022,82.3,2018,TŻ,33.48,False
41C0AB41BD,4TŻ,I,585,194,2021/2022,66.8,2018,TŻ,31.47,False
41C0AB41BD,4TŻ,II,356,143,2021/2022,59.8,2018,TŻ,33.48,False
A5E4246882,4TŻ,I,592,56,2021/2022,90.5,2018,TŻ,31.47,False
A5E4246882,4TŻ,II,356,93,2021/2022,73.9,2018,TŻ,33.48,False
30DF6A76FA,4TŻ,I,592,21,2021/2022,96.5,2018,TŻ,31.47,False
30DF6A76FA,4TŻ,II,356,67,2021/2022,81.2,2018,TŻ,33.48,False
369DB789E2,4TŻ,I,592,408,2021/2022,31.1,2018,TŻ,31.47,True
369DB789E2,4TŻ,II,173,173,2021/2022,0.0,2018,TŻ,33.48,True
348980F580,4TŻ,I,592,195,2021/2022,67.1,2018,TŻ,31.47,False
348980F580,4TŻ,II,356,79,2021/2022,77.8,2018,TŻ,33.48,False
5D319672F5,4TŻ,I,592,182,2021/2022,69.3,2018,TŻ,31.47,False
5D319672F5,4TŻ,II,356,183,2021/2022,48.6,2018,TŻ,33.48,False
1DF08397A3,4TŻ,I,592,133,2021/2022,77.5,2018,TŻ,31.47,False
1DF08397A3,4TŻ,II,356,104,2021/2022,70.8,2018,TŻ,33.48,False
E07E97C06C,4TŻ,I,592,39,2021/2022,93.4,2018,TŻ,31.47,False
E07E97C06C,4TŻ,II,356,66,2021/2022,81.5,2018,TŻ,33.48,False
DA41FA6CC6,1RŻ5,I,653,155,2021/2022,76.3,2021,RŻ5,54.98,False
DA41FA6CC6,1RŻ5,II,611,132,2021/2022,78.4,2021,RŻ5,64.85,False
F54B1333DB,1RŻ5,I,653,89,2021/2022,86.4,2021,RŻ5,54.98,False
F54B1333DB,1RŻ5,II,611,129,2021/2022,78.9,2021,RŻ5,64.85,False
0490095064,1RŻ5,I,630,64,2021/2022,89.8,2021,RŻ5,54.98,False
0490095064,1RŻ5,II,579,74,2021/2022,87.2,2021,RŻ5,64.85,False
E50314B097,1RŻ5,I,653,24,2021/2022,96.3,2021,RŻ5,54.98,False
E50314B097,1RŻ5,II,611,61,2021/2022,90.0,2021,RŻ5,64.85,False
7BE43D717C,1RŻ5,I,649,172,2021/2022,73.5,2021,RŻ5,54.98,False
7BE43D717C,1RŻ5,II,611,113,2021/2022,81.5,2021,RŻ5,64.85,False
B09CA92364,1RŻ5,I,649,6,2021/2022,99.1,2021,RŻ5,54.98,False
B09CA92364,1RŻ5,II,611,33,2021/2022,94.6,2021,RŻ5,64.85,False
DE218F00E2,1RŻ5,I,649,10,2021/2022,98.5,2021,RŻ5,54.98,False
DE218F00E2,1RŻ5,II,611,142,2021/2022,76.8,2021,RŻ5,64.85,False
2BA49A7C8B,1RŻ5,I,649,18,2021/2022,97.2,2021,RŻ5,54.98,False
2BA49A7C8B,1RŻ5,II,611,59,2021/2022,90.3,2021,RŻ5,64.85,False
77BCAF0666,1RŻ5,I,661,332,2021/2022,49.8,2021,RŻ5,54.98,True
77BCAF0666,1RŻ5,II,611,512,2021/2022,16.2,2021,RŻ5,64.85,True
364AC08BBB,1RŻ5,I,661,121,2021/2022,81.7,2021,RŻ5,54.98,False
364AC08BBB,1RŻ5,II,611,146,2021/2022,76.1,2021,RŻ5,64.85,False
66502486E7,1RŻ5,I,641,159,2021/2022,75.2,2021,RŻ5,54.98,False
66502486E7,1RŻ5,II,611,212,2021/2022,65.3,2021,RŻ5,64.85,False
710C25351D,1RŻ5,I,649,66,2021/2022,89.8,2021,RŻ5,54.98,False
710C25351D,1RŻ5,II,611,122,2021/2022,80.0,2021,RŻ5,64.85,False
462B7DB5AC,1RŻ5,I,649,22,2021/2022,96.6,2021,RŻ5,54.98,False
462B7DB5AC,1RŻ5,II,611,101,2021/2022,83.5,2021,RŻ5,64.85,False
4E6BB3D870,1RŻ5,I,653,121,2021/2022,81.5,2021,RŻ5,54.98,False
4E6BB3D870,1RŻ5,II,611,142,2021/2022,76.8,2021,RŻ5,64.85,False
A6CF67BD9C,1RŻ5,I,649,132,2021/2022,79.7,2021,RŻ5,54.98,False
A6CF67BD9C,1RŻ5,II,611,123,2021/2022,79.9,2021,RŻ5,64.85,False
68AE683B15,1RŻ5,I,641,10,2021/2022,98.4,2021,RŻ5,54.98,False
68AE683B15,1RŻ5,II,589,110,2021/2022,81.3,2021,RŻ5,64.85,False
4320458CF7,1RŻ5,I,653,170,2021/2022,74.0,2021,RŻ5,54.98,False
4320458CF7,1RŻ5,II,611,261,2021/2022,57.3,2021,RŻ5,64.85,True
4A5260C8A8,1RŻ5,I,649,72,2021/2022,88.9,2021,RŻ5,54.98,False
4A5260C8A8,1RŻ5,II,611,150,2021/2022,75.5,2021,RŻ5,64.85,False
AAFB3DEEC6,1RŻ5,I,661,139,2021/2022,79.0,2021,RŻ5,54.98,False
AAFB3DEEC6,1RŻ5,II,611,118,2021/2022,80.7,2021,RŻ5,64.85,False
4C8E4F7251,1RŻ5,I,148,34,2021/2022,77.0,2021,RŻ5,54.98,False
BA84B0307B,1RŻ5,I,649,39,2021/2022,94.0,2021,RŻ5,54.98,False
BA84B0307B,1RŻ5,II,611,139,2021/2022,77.3,2021,RŻ5,64.85,False
24D99A2B7A,1RŻ5,I,649,75,2021/2022,88.4,2021,RŻ5,54.98,False
24D99A2B7A,1RŻ5,II,611,192,2021/2022,68.6,2021,RŻ5,64.85,False
0CD2C2F095,1RŻ5,I,661,55,2021/2022,91.7,2021,RŻ5,54.98,False
0CD2C2F095,1RŻ5,II,611,125,2021/2022,79.5,2021,RŻ5,64.85,False
0CE48860EC,1RŻ5,I,619,138,2021/2022,77.7,2021,RŻ5,54.98,False
0CE48860EC,1RŻ5,II,579,199,2021/2022,65.6,2021,RŻ5,64.85,False
EDBFEDF588,1RŻ5,I,653,87,2021/2022,86.7,2021,RŻ5,54.98,False
EDBFEDF588,1RŻ5,II,611,106,2021/2022,82.7,2021,RŻ5,64.85,False
A33AD07A65,1RŻ5,I,547,47,2021/2022,91.4,2021,RŻ5,54.98,False
A33AD07A65,1RŻ5,II,611,76,2021/2022,87.6,2021,RŻ5,64.85,False
2FCEEB36B4,1RŻ5,I,633,104,2021/2022,83.6,2021,RŻ5,54.98,False
2FCEEB36B4,1RŻ5,II,579,259,2021/2022,55.3,2021,RŻ5,64.85,True
148C0370A4,1RŻ5,I,661,27,2021/2022,95.9,2021,RŻ5,54.98,False
148C0370A4,1RŻ5,II,611,97,2021/2022,84.1,2021,RŻ5,64.85,False
2EBEDF82B0,1TM5,I,666,85,2021/2022,87.2,2021,TM5,69.23,False
2EBEDF82B0,1TM5,II,610,101,2021/2022,83.4,2021,TM5,66.15,False
5C6CD666D0,1TM5,I,666,89,2021/2022,86.6,2021,TM5,69.23,False
5C6CD666D0,1TM5,II,610,134,2021/2022,78.0,2021,TM5,66.15,False
880D7072AF,1TM5,I,666,127,2021/2022,80.9,2021,TM5,69.23,False
880D7072AF,1TM5,II,610,102,2021/2022,83.3,2021,TM5,66.15,False
61570FA665,1TM5,I,666,84,2021/2022,87.4,2021,TM5,69.23,False
61570FA665,1TM5,II,610,74,2021/2022,87.9,2021,TM5,66.15,False
22632D84EA,1TM5,I,666,82,2021/2022,87.7,2021,TM5,69.23,False
22632D84EA,1TM5,II,610,131,2021/2022,78.5,2021,TM5,66.15,False
03B870C824,1TM5,I,666,106,2021/2022,84.1,2021,TM5,69.23,False
03B870C824,1TM5,II,610,66,2021/2022,89.2,2021,TM5,66.15,False
0748FBFDF1,1TM5,I,666,131,2021/2022,80.3,2021,TM5,69.23,False
0748FBFDF1,1TM5,II,610,126,2021/2022,79.3,2021,TM5,66.15,False
D00D53FBB5,1TM5,I,666,108,2021/2022,83.8,2021,TM5,69.23,False
D00D53FBB5,1TM5,II,610,139,2021/2022,77.2,2021,TM5,66.15,False
9ADFEF334F,1TM5,I,666,83,2021/2022,87.5,2021,TM5,69.23,False
9ADFEF334F,1TM5,II,610,65,2021/2022,89.3,2021,TM5,66.15,False
C7B1ECD44B,1TM5,I,666,147,2021/2022,77.9,2021,TM5,69.23,False
C7B1ECD44B,1TM5,II,610,128,2021/2022,79.0,2021,TM5,66.15,False
3E20351F69,1TM5,I,666,110,2021/2022,83.5,2021,TM5,69.23,False
3E20351F69,1TM5,II,610,133,2021/2022,78.2,2021,TM5,66.15,False
7401216D63,1TM5,I,667,68,2021/2022,89.8,2021,TM5,69.23,False
7401216D63,1TM5,II,611,93,2021/2022,84.8,2021,TM5,66.15,False
70D1C5E5D0,1TM5,I,667,80,2021/2022,88.0,2021,TM5,69.23,False
70D1C5E5D0,1TM5,II,611,80,2021/2022,86.9,2021,TM5,66.15,False
B46655A1FC,1TM5,I,667,37,2021/2022,94.5,2021,TM5,69.23,False
B46655A1FC,1TM5,II,611,20,2021/2022,96.7,2021,TM5,66.15,False
9E8DAA8C13,1TM5,I,667,139,2021/2022,79.2,2021,TM5,69.23,False
9E8DAA8C13,1TM5,II,611,134,2021/2022,78.1,2021,TM5,66.15,False
4AFFD105F3,1TM5,I,667,159,2021/2022,76.2,2021,TM5,69.23,False
4AFFD105F3,1TM5,II,611,134,2021/2022,78.1,2021,TM5,66.15,False
ADDA34429D,1TM5,I,667,245,2021/2022,63.3,2021,TM5,69.23,True
ADDA34429D,1TM5,II,611,250,2021/2022,59.1,2021,TM5,66.15,True
BB6E69215D,1TM5,I,667,114,2021/2022,82.9,2021,TM5,69.23,False
BB6E69215D,1TM5,II,611,102,2021/2022,83.3,2021,TM5,66.15,False
B32B6054AC,1TM5,I,667,42,2021/2022,93.7,2021,TM5,69.23,False
B32B6054AC,1TM5,II,611,115,2021/2022,81.2,2021,TM5,66.15,False
FCA47D9B1F,1TM5,I,667,52,2021/2022,92.2,2021,TM5,69.23,False
FCA47D9B1F,1TM5,II,611,58,2021/2022,90.5,2021,TM5,66.15,False
AE5812FBE6,1TM5,I,667,130,2021/2022,80.5,2021,TM5,69.23,False
AE5812FBE6,1TM5,II,611,117,2021/2022,80.9,2021,TM5,66.15,False
59151983BF,1TM5,I,667,161,2021/2022,75.9,2021,TM5,69.23,False
59151983BF,1TM5,II,611,136,2021/2022,77.7,2021,TM5,66.15,False
C96A7542B5,1TM5,I,667,67,2021/2022,90.0,2021,TM5,69.23,False
C96A7542B5,1TM5,II,611,89,2021/2022,85.4,2021,TM5,66.15,False
B4C93EDD81,1TW5,I,660,155,2021/2022,76.5,2021,TW5,57.79,False
B4C93EDD81,1TW5,II,603,144,2021/2022,76.1,2021,TW5,53.11,False
248AC7111A,1TW5,I,660,65,2021/2022,90.2,2021,TW5,57.79,False
248AC7111A,1TW5,II,603,88,2021/2022,85.4,2021,TW5,53.11,False
0656150466,1TW5,I,660,99,2021/2022,85.0,2021,TW5,57.79,False
0656150466,1TW5,II,603,160,2021/2022,73.5,2021,TW5,53.11,False
B70D910674,1TW5,I,660,96,2021/2022,85.5,2021,TW5,57.79,False
B70D910674,1TW5,II,603,120,2021/2022,80.1,2021,TW5,53.11,False
61A03F2675,1TW5,I,660,88,2021/2022,86.7,2021,TW5,57.79,False
61A03F2675,1TW5,II,603,129,2021/2022,78.6,2021,TW5,53.11,False
18B645D5CA,1TW5,I,660,53,2021/2022,92.0,2021,TW5,57.79,False
18B645D5CA,1TW5,II,603,53,2021/2022,91.2,2021,TW5,53.11,False
FFCC9F97F3,1TW5,I,660,67,2021/2022,89.8,2021,TW5,57.79,False
FFCC9F97F3,1TW5,II,603,78,2021/2022,87.1,2021,TW5,53.11,False
CCA3BB568F,1TW5,I,637,23,2021/2022,96.4,2021,TW5,57.79,False
CCA3BB568F,1TW5,II,570,110,2021/2022,80.7,2021,TW5,53.11,False
33C5CA820C,1TW5,I,660,162,2021/2022,75.5,2021,TW5,57.79,False
33C5CA820C,1TW5,II,603,213,2021/2022,64.7,2021,TW5,53.11,False
165732F5D0,1TW5,I,660,232,2021/2022,64.8,2021,TW5,57.79,False
165732F5D0,1TW5,II,605,192,2021/2022,68.3,2021,TW5,53.11,False
B4D7441CB9,1TW5,I,660,113,2021/2022,82.9,2021,TW5,57.79,False
B4D7441CB9,1TW5,II,603,138,2021/2022,77.1,2021,TW5,53.11,False
75ABBFEA09,1TW5,I,660,205,2021/2022,68.9,2021,TW5,57.79,False
75ABBFEA09,1TW5,II,603,221,2021/2022,63.3,2021,TW5,53.11,False
28ACFEDFE8,1TW5,I,637,45,2021/2022,92.9,2021,TW5,57.79,False
28ACFEDFE8,1TW5,II,542,51,2021/2022,90.6,2021,TW5,53.11,False
CB69E274F4,1TW5,I,523,40,2021/2022,92.4,2021,TW5,57.79,False
CB69E274F4,1TW5,II,465,88,2021/2022,81.1,2021,TW5,53.11,False
8BC40F0707,1TW5,I,660,1,2021/2022,99.8,2021,TW5,57.79,False
8BC40F0707,1TW5,II,597,95,2021/2022,84.1,2021,TW5,53.11,False
1E452F8B76,1TW5,I,660,117,2021/2022,82.3,2021,TW5,57.79,False
1E452F8B76,1TW5,II,597,93,2021/2022,84.4,2021,TW5,53.11,False
FD77904472,1TW5,I,660,37,2021/2022,94.4,2021,TW5,57.79,False
FD77904472,1TW5,II,599,129,2021/2022,78.5,2021,TW5,53.11,False
49DA0EE07B,1TW5,I,637,142,2021/2022,77.7,2021,TW5,57.79,False
49DA0EE07B,1TW5,II,564,206,2021/2022,63.5,2021,TW5,53.11,False
560FDC2DD7,1TW5,I,637,190,2021/2022,70.2,2021,TW5,57.79,False
560FDC2DD7,1TW5,II,566,319,2021/2022,43.6,2021,TW5,53.11,True
02A96D4364,1TW5,I,637,136,2021/2022,78.6,2021,TW5,57.79,False
02A96D4364,1TW5,II,564,115,2021/2022,79.6,2021,TW5,53.11,False
233DC37A1E,1TW5,I,660,24,2021/2022,96.4,2021,TW5,57.79,False
233DC37A1E,1TW5,II,597,57,2021/2022,90.5,2021,TW5,53.11,False
D88AD7F31B,1TW5,I,637,65,2021/2022,89.8,2021,TW5,57.79,False
D88AD7F31B,1TW5,II,564,140,2021/2022,75.2,2021,TW5,53.11,False
571C54E9D3,1TW5,I,660,56,2021/2022,91.5,2021,TW5,57.79,False
571C54E9D3,1TW5,II,597,166,2021/2022,72.2,2021,TW5,53.11,False
68E4E95E90,1TW5,I,660,128,2021/2022,80.6,2021,TW5,57.79,False
68E4E95E90,1TW5,II,597,177,2021/2022,70.4,2021,TW5,53.11,False
69B1AB95F7,2TM5,I,548,111,2021/2022,79.7,2020,TM5,53.45,False
69B1AB95F7,2TM5,II,465,25,2021/2022,94.6,2020,TM5,54.2,False
A2B9CCBA47,2TM5,I,651,207,2021/2022,68.2,2020,TM5,53.45,False
A2B9CCBA47,2TM5,II,570,187,2021/2022,67.2,2020,TM5,54.2,False
FECF8CE156,2TM5,I,573,72,2021/2022,87.4,2020,TM5,53.45,False
FECF8CE156,2TM5,II,491,93,2021/2022,81.1,2020,TM5,54.2,False
F65658C34D,2TM5,I,573,82,2021/2022,85.7,2020,TM5,53.45,False
F65658C34D,2TM5,II,491,118,2021/2022,76.0,2020,TM5,54.2,False
BBD752E677,2TM5,I,573,52,2021/2022,90.9,2020,TM5,53.45,False
BBD752E677,2TM5,II,491,64,2021/2022,87.0,2020,TM5,54.2,False
99D7E8DBE9,2TM5,I,573,118,2021/2022,79.4,2020,TM5,53.45,False
99D7E8DBE9,2TM5,II,491,50,2021/2022,89.8,2020,TM5,54.2,False
094EE79A92,2TM5,I,573,10,2021/2022,98.3,2020,TM5,53.45,False
094EE79A92,2TM5,II,491,36,2021/2022,92.7,2020,TM5,54.2,False
EA68223CB9,2TM5,I,573,195,2021/2022,66.0,2020,TM5,53.45,False
EA68223CB9,2TM5,II,491,161,2021/2022,67.2,2020,TM5,54.2,False
E9702359F6,2TM5,I,573,118,2021/2022,79.4,2020,TM5,53.45,False
E9702359F6,2TM5,II,491,114,2021/2022,76.8,2020,TM5,54.2,False
7D9306E51F,2TM5,I,573,156,2021/2022,72.8,2020,TM5,53.45,False
7D9306E51F,2TM5,II,491,109,2021/2022,77.8,2020,TM5,54.2,False
A4FF3FD673,2TM5,I,573,49,2021/2022,91.4,2020,TM5,53.45,False
A4FF3FD673,2TM5,II,491,62,2021/2022,87.4,2020,TM5,54.2,False
FE417FF3C3,2TM5,I,573,151,2021/2022,73.6,2020,TM5,53.45,False
FE417FF3C3,2TM5,II,491,132,2021/2022,73.1,2020,TM5,54.2,False
97EC186A2A,2TM5,I,573,81,2021/2022,85.9,2020,TM5,53.45,False
97EC186A2A,2TM5,II,491,123,2021/2022,74.9,2020,TM5,54.2,False
5AFBF18368,2TM5,I,573,114,2021/2022,80.1,2020,TM5,53.45,False
5AFBF18368,2TM5,II,491,77,2021/2022,84.3,2020,TM5,54.2,False
C05978F027,2TM5,I,573,116,2021/2022,79.8,2020,TM5,53.45,False
C05978F027,2TM5,II,491,133,2021/2022,72.9,2020,TM5,54.2,False
6F984271FD,2TM5,I,573,137,2021/2022,76.1,2020,TM5,53.45,False
6F984271FD,2TM5,II,491,44,2021/2022,91.0,2020,TM5,54.2,False
4C3CEB11E6,2TM5,I,375,156,2021/2022,58.4,2020,TM5,53.45,False
76B27B3D5C,2TM5,I,573,251,2021/2022,56.2,2020,TM5,53.45,False
76B27B3D5C,2TM5,II,491,75,2021/2022,84.7,2020,TM5,54.2,False
63B7A4F8BE,2TM5,I,403,178,2021/2022,55.8,2020,TM5,53.45,False
5B124AA943,2TM5,I,573,152,2021/2022,73.5,2020,TM5,53.45,False
5B124AA943,2TM5,II,491,172,2021/2022,65.0,2020,TM5,54.2,False
922C6FF356,2TM5,I,573,83,2021/2022,85.5,2020,TM5,53.45,False
922C6FF356,2TM5,II,491,82,2021/2022,83.3,2020,TM5,54.2,False
055EE1BDCB,2TW5,I,681,131,2021/2022,80.8,2020,TW5,66.1,False
055EE1BDCB,2TW5,II,472,159,2021/2022,66.3,2020,TW5,50.15,False
AAB60024F5,2TW5,I,683,118,2021/2022,82.7,2020,TW5,66.1,False
AAB60024F5,2TW5,II,474,116,2021/2022,75.5,2020,TW5,50.15,False
210E90C9E4,2TW5,I,683,160,2021/2022,76.6,2020,TW5,66.1,False
210E90C9E4,2TW5,II,474,167,2021/2022,64.8,2020,TW5,50.15,False
B6F4709A1D,2TW5,I,683,145,2021/2022,78.8,2020,TW5,66.1,False
B6F4709A1D,2TW5,II,474,74,2021/2022,84.4,2020,TW5,50.15,False
477DE3B96F,2TW5,I,683,128,2021/2022,81.3,2020,TW5,66.1,False
477DE3B96F,2TW5,II,474,109,2021/2022,77.0,2020,TW5,50.15,False
DA07B49568,2TW5,I,683,137,2021/2022,79.9,2020,TW5,66.1,False
DA07B49568,2TW5,II,474,60,2021/2022,87.3,2020,TW5,50.15,False
617DE9606E,2TW5,I,683,86,2021/2022,87.4,2020,TW5,66.1,False
617DE9606E,2TW5,II,474,97,2021/2022,79.5,2020,TW5,50.15,False
C7A3D50E34,2TW5,I,683,94,2021/2022,86.2,2020,TW5,66.1,False
C7A3D50E34,2TW5,II,474,70,2021/2022,85.2,2020,TW5,50.15,False
5D8D20A0D2,2TW5,I,683,85,2021/2022,87.6,2020,TW5,66.1,False
5D8D20A0D2,2TW5,II,474,105,2021/2022,77.8,2020,TW5,50.15,False
0C450DAFF1,2TW5,I,683,209,2021/2022,69.4,2020,TW5,66.1,False
0C450DAFF1,2TW5,II,474,139,2021/2022,70.7,2020,TW5,50.15,False
EE75A467A8,2TW5,I,683,214,2021/2022,68.7,2020,TW5,66.1,False
EE75A467A8,2TW5,II,474,171,2021/2022,63.9,2020,TW5,50.15,False
0DD7ADDAF3,2TW5,I,683,112,2021/2022,83.6,2020,TW5,66.1,False
0DD7ADDAF3,2TW5,II,474,20,2021/2022,95.8,2020,TW5,50.15,False
E45666FE1F,2TW5,I,683,190,2021/2022,72.2,2020,TW5,66.1,False
E45666FE1F,2TW5,II,474,123,2021/2022,74.1,2020,TW5,50.15,False
3F0C7DC0DA,2TŻ5,I,585,129,2021/2022,77.9,2020,TŻ5,43.59,False
3F0C7DC0DA,2TŻ5,II,639,181,2021/2022,71.7,2020,TŻ5,40.25,False
CD95F36AEF,2TŻ5,I,585,0,2021/2022,100.0,2020,TŻ5,43.59,False
CD95F36AEF,2TŻ5,II,639,27,2021/2022,95.8,2020,TŻ5,40.25,False
94858C34A4,2TŻ5,I,96,27,2021/2022,71.9,2020,TŻ5,43.59,False
7BEA62D88E,2TŻ5,I,585,113,2021/2022,80.7,2020,TŻ5,43.59,False
7BEA62D88E,2TŻ5,II,639,162,2021/2022,74.6,2020,TŻ5,40.25,False
6A5DE94F49,2TŻ5,I,585,232,2021/2022,60.3,2020,TŻ5,43.59,False
6A5DE94F49,2TŻ5,II,639,229,2021/2022,64.2,2020,TŻ5,40.25,False
316DDD1940,2TŻ5,I,585,113,2021/2022,80.7,2020,TŻ5,43.59,False
316DDD1940,2TŻ5,II,639,239,2021/2022,62.6,2020,TŻ5,40.25,False
CAA32635AA,2TŻ5,I,585,65,2021/2022,88.9,2020,TŻ5,43.59,False
CAA32635AA,2TŻ5,II,639,144,2021/2022,77.5,2020,TŻ5,40.25,False
F669A1508D,2TŻ5,I,585,41,2021/2022,93.0,2020,TŻ5,43.59,False
F669A1508D,2TŻ5,II,639,87,2021/2022,86.4,2020,TŻ5,40.25,False
1CD1A2B0B8,2TŻ5,I,585,180,2021/2022,69.2,2020,TŻ5,43.59,False
1CD1A2B0B8,2TŻ5,II,639,278,2021/2022,56.5,2020,TŻ5,40.25,False
53E89434AB,2TŻ5,I,585,187,2021/2022,68.0,2020,TŻ5,43.59,False
53E89434AB,2TŻ5,II,639,289,2021/2022,54.8,2020,TŻ5,40.25,False
65F25A395E,2TŻ5,I,585,143,2021/2022,75.6,2020,TŻ5,43.59,False
65F25A395E,2TŻ5,II,639,177,2021/2022,72.3,2020,TŻ5,40.25,False
B33F428A33,2TŻ5,I,585,17,2021/2022,97.1,2020,TŻ5,43.59,False
B33F428A33,2TŻ5,II,639,94,2021/2022,85.3,2020,TŻ5,40.25,False
D1F6555E9E,2TŻ5,I,585,100,2021/2022,82.9,2020,TŻ5,43.59,False
D1F6555E9E,2TŻ5,II,639,185,2021/2022,71.0,2020,TŻ5,40.25,False
B76800681B,2TŻ5,I,585,222,2021/2022,62.1,2020,TŻ5,43.59,False
B76800681B,2TŻ5,II,639,276,2021/2022,56.8,2020,TŻ5,40.25,False
FF65D504E1,3RŻ5,I,686,417,2021/2022,39.2,2019,RŻ5,42.44,True
FF65D504E1,3RŻ5,II,326,233,2021/2022,28.5,2019,RŻ5,42.85,True
79B382A97F,3RŻ5,I,581,125,2021/2022,78.5,2019,RŻ5,42.44,False
79B382A97F,3RŻ5,II,508,165,2021/2022,67.5,2019,RŻ5,42.85,False
14319EA7C2,3RŻ5,I,547,27,2021/2022,95.1,2019,RŻ5,42.44,False
14319EA7C2,3RŻ5,II,474,65,2021/2022,86.3,2019,RŻ5,42.85,False
71DE1067D6,3RŻ5,I,547,141,2021/2022,74.2,2019,RŻ5,42.44,False
71DE1067D6,3RŻ5,II,474,142,2021/2022,70.0,2019,RŻ5,42.85,False
C125F70583,3RŻ5,I,571,57,2021/2022,90.0,2019,RŻ5,42.44,False
C125F70583,3RŻ5,II,486,135,2021/2022,72.2,2019,RŻ5,42.85,False
7284E44E67,3RŻ5,I,547,244,2021/2022,55.4,2019,RŻ5,42.44,False
7284E44E67,3RŻ5,II,474,197,2021/2022,58.4,2019,RŻ5,42.85,False
432F9B143B,3RŻ5,I,581,37,2021/2022,93.6,2019,RŻ5,42.44,False
432F9B143B,3RŻ5,II,508,85,2021/2022,83.3,2019,RŻ5,42.85,False
1E12E6E73A,3RŻ5,I,571,211,2021/2022,63.0,2019,RŻ5,42.44,False
1E12E6E73A,3RŻ5,II,486,119,2021/2022,75.5,2019,RŻ5,42.85,False
EEF95A0E99,3RŻ5,I,581,147,2021/2022,74.7,2019,RŻ5,42.44,False
EEF95A0E99,3RŻ5,II,508,264,2021/2022,48.0,2019,RŻ5,42.85,False
C10892CDD0,3RŻ5,I,557,273,2021/2022,51.0,2019,RŻ5,42.44,False
C10892CDD0,3RŻ5,II,496,308,2021/2022,37.9,2019,RŻ5,42.85,True
AF2BA1503D,3RŻ5,I,581,82,2021/2022,85.9,2019,RŻ5,42.44,False
AF2BA1503D,3RŻ5,II,508,104,2021/2022,79.5,2019,RŻ5,42.85,False
C1596BA96D,3RŻ5,I,553,259,2021/2022,53.2,2019,RŻ5,42.44,False
C1596BA96D,3RŻ5,II,474,168,2021/2022,64.6,2019,RŻ5,42.85,False
AFDB2301D6,3RŻ5,I,547,131,2021/2022,76.1,2019,RŻ5,42.44,False
AFDB2301D6,3RŻ5,II,474,146,2021/2022,69.2,2019,RŻ5,42.85,False
42C6F17206,3RŻ5,I,571,162,2021/2022,71.6,2019,RŻ5,42.44,False
42C6F17206,3RŻ5,II,486,130,2021/2022,73.3,2019,RŻ5,42.85,False
D2339544C8,3RŻ5,I,571,191,2021/2022,66.5,2019,RŻ5,42.44,False
D2339544C8,3RŻ5,II,486,254,2021/2022,47.7,2019,RŻ5,42.85,False
1F159E3E9E,3RŻ5,I,557,61,2021/2022,89.0,2019,RŻ5,42.44,False
1F159E3E9E,3RŻ5,II,496,71,2021/2022,85.7,2019,RŻ5,42.85,False
069E18C595,3RŻ5,I,581,181,2021/2022,68.8,2019,RŻ5,42.44,False
069E18C595,3RŻ5,II,508,235,2021/2022,53.7,2019,RŻ5,42.85,False
699C40D03D,3RŻ5,I,557,184,2021/2022,67.0,2019,RŻ5,42.44,False
699C40D03D,3RŻ5,II,474,111,2021/2022,76.6,2019,RŻ5,42.85,False
5429C2BA59,3RŻ5,I,581,233,2021/2022,59.9,2019,RŻ5,42.44,False
5429C2BA59,3RŻ5,II,508,195,2021/2022,61.6,2019,RŻ5,42.85,False
5C24230BE6,3RŻ5,I,581,108,2021/2022,81.4,2019,RŻ5,42.44,False
5C24230BE6,3RŻ5,II,508,159,2021/2022,68.7,2019,RŻ5,42.85,False
30BBB22CB7,3RŻ5,I,547,148,2021/2022,72.9,2019,RŻ5,42.44,False
30BBB22CB7,3RŻ5,II,474,177,2021/2022,62.7,2019,RŻ5,42.85,False
54C1680A6B,3RŻ5,I,571,96,2021/2022,83.2,2019,RŻ5,42.44,False
54C1680A6B,3RŻ5,II,486,172,2021/2022,64.6,2019,RŻ5,42.85,False
6419522A82,3RŻ5,I,557,165,2021/2022,70.4,2019,RŻ5,42.44,False
6419522A82,3RŻ5,II,496,189,2021/2022,61.9,2019,RŻ5,42.85,False
933047F475,3RŻ5,I,581,122,2021/2022,79.0,2019,RŻ5,42.44,False
933047F475,3RŻ5,II,508,180,2021/2022,64.6,2019,RŻ5,42.85,False
8DBEC938B6,3RŻ5,I,571,54,2021/2022,90.5,2019,RŻ5,42.44,False
8DBEC938B6,3RŻ5,II,486,133,2021/2022,72.6,2019,RŻ5,42.85,False
03697CB742,3RŻ5,I,571,128,2021/2022,77.6,2019,RŻ5,42.44,False
03697CB742,3RŻ5,II,486,128,2021/2022,73.7,2019,RŻ5,42.85,False
702D690EDF,3RŻ5,I,581,267,2021/2022,54.0,2019,RŻ5,42.44,False
702D690EDF,3RŻ5,II,508,290,2021/2022,42.9,2019,RŻ5,42.85,False
7276FFBF4E,3RŻ5,I,581,85,2021/2022,85.4,2019,RŻ5,42.44,False
7276FFBF4E,3RŻ5,II,508,156,2021/2022,69.3,2019,RŻ5,42.85,False
0023EFDB2E,3RŻ5,I,571,119,2021/2022,79.2,2019,RŻ5,42.44,False
0023EFDB2E,3RŻ5,II,486,116,2021/2022,76.1,2019,RŻ5,42.85,False
CDFF9623C2,3RŻ5,I,581,149,2021/2022,74.4,2019,RŻ5,42.44,False
CDFF9623C2,3RŻ5,II,508,197,2021/2022,61.2,2019,RŻ5,42.85,False
2935D10308,3TM5,I,611,80,2021/2022,86.9,2019,TM5,49.65,False
2935D10308,3TM5,II,514,132,2021/2022,74.3,2019,TM5,48.32,False
D1042AD297,3TM5,I,611,185,2021/2022,69.7,2019,TM5,49.65,False
D1042AD297,3TM5,II,514,168,2021/2022,67.3,2019,TM5,48.32,False
981DF823A3,3TM5,I,611,42,2021/2022,93.1,2019,TM5,49.65,False
981DF823A3,3TM5,II,514,59,2021/2022,88.5,2019,TM5,48.32,False
ACB36E88F0,3TM5,I,611,12,2021/2022,98.0,2019,TM5,49.65,False
ACB36E88F0,3TM5,II,514,37,2021/2022,92.8,2019,TM5,48.32,False
E17A875CD9,3TM5,I,611,162,2021/2022,73.5,2019,TM5,49.65,False
E17A875CD9,3TM5,II,514,251,2021/2022,51.2,2019,TM5,48.32,False
7E6CEEF3DC,3TM5,I,611,71,2021/2022,88.4,2019,TM5,49.65,False
7E6CEEF3DC,3TM5,II,514,122,2021/2022,76.3,2019,TM5,48.32,False
478A24481E,3TM5,I,611,62,2021/2022,89.9,2019,TM5,49.65,False
478A24481E,3TM5,II,514,134,2021/2022,73.9,2019,TM5,48.32,False
95F89069D2,3TM5,I,611,185,2021/2022,69.7,2019,TM5,49.65,False
95F89069D2,3TM5,II,514,149,2021/2022,71.0,2019,TM5,48.32,False
4308B57EDC,3TM5,I,611,108,2021/2022,82.3,2019,TM5,49.65,False
4308B57EDC,3TM5,II,514,187,2021/2022,63.6,2019,TM5,48.32,False
ED3D18923C,3TM5,I,611,160,2021/2022,73.8,2019,TM5,49.65,False
ED3D18923C,3TM5,II,514,165,2021/2022,67.9,2019,TM5,48.32,False
2F536A29DF,3TM5,I,611,267,2021/2022,56.3,2019,TM5,49.65,False
2F536A29DF,3TM5,II,514,274,2021/2022,46.7,2019,TM5,48.32,True
ED1D9CC0A8,3TM5,I,611,107,2021/2022,82.5,2019,TM5,49.65,False
ED1D9CC0A8,3TM5,II,514,142,2021/2022,72.4,2019,TM5,48.32,False
2CC79D8095,3TM5,I,611,40,2021/2022,93.5,2019,TM5,49.65,False
2CC79D8095,3TM5,II,514,99,2021/2022,80.7,2019,TM5,48.32,False
02DD9750C3,3TM5,I,611,34,2021/2022,94.4,2019,TM5,49.65,False
02DD9750C3,3TM5,II,514,94,2021/2022,81.7,2019,TM5,48.32,False
2A67A029B7,3TM5,I,611,188,2021/2022,69.2,2019,TM5,49.65,False
2A67A029B7,3TM5,II,514,181,2021/2022,64.8,2019,TM5,48.32,False
0D08F75B41,3TM5,I,611,133,2021/2022,78.2,2019,TM5,49.65,False
0D08F75B41,3TM5,II,514,162,2021/2022,68.5,2019,TM5,48.32,False
2D31E81106,3TM5,I,611,97,2021/2022,84.1,2019,TM5,49.65,False
2D31E81106,3TM5,II,514,118,2021/2022,77.0,2019,TM5,48.32,False
89918C41A8,3TM5,I,611,40,2021/2022,93.5,2019,TM5,49.65,False
89918C41A8,3TM5,II,514,98,2021/2022,80.9,2019,TM5,48.32,False
77A84704B2,3TM5,I,611,121,2021/2022,80.2,2019,TM5,49.65,False
77A84704B2,3TM5,II,514,187,2021/2022,63.6,2019,TM5,48.32,False
E340CA8D80,3TM5,I,611,150,2021/2022,75.5,2019,TM5,49.65,False
E340CA8D80,3TM5,II,514,151,2021/2022,70.6,2019,TM5,48.32,False
3EEA072A53,3TM5,I,611,214,2021/2022,65.0,2019,TM5,49.65,False
3EEA072A53,3TM5,II,514,190,2021/2022,63.0,2019,TM5,48.32,False
A055A48265,3TM5,I,611,126,2021/2022,79.4,2019,TM5,49.65,False
A055A48265,3TM5,II,514,147,2021/2022,71.4,2019,TM5,48.32,False
EE908F587C,1M,I,589,165,2021/2022,72.0,2021,M,66.45,False
EE908F587C,1M,II,547,162,2021/2022,70.4,2021,M,51.24,False
DD78E090BB,1M,I,589,64,2021/2022,89.1,2021,M,66.45,False
DD78E090BB,1M,II,547,125,2021/2022,77.1,2021,M,51.24,False
23B466CB9C,1M,I,589,96,2021/2022,83.7,2021,M,66.45,False
23B466CB9C,1M,II,547,73,2021/2022,86.7,2021,M,51.24,False
DA27AACFA2,1M,I,589,120,2021/2022,79.6,2021,M,66.45,False
DA27AACFA2,1M,II,547,105,2021/2022,80.8,2021,M,51.24,False
798DC9DE87,1M,I,589,90,2021/2022,84.7,2021,M,66.45,False
798DC9DE87,1M,II,547,86,2021/2022,84.3,2021,M,51.24,False
A32EE5D48C,1M,II,358,75,2021/2022,79.1,2021,M,51.24,False
4C878E2137,1M,I,589,67,2021/2022,88.6,2021,M,66.45,False
4C878E2137,1M,II,547,49,2021/2022,91.0,2021,M,51.24,False
576D777D09,1M,I,589,27,2021/2022,95.4,2021,M,66.45,False
576D777D09,1M,II,547,66,2021/2022,87.9,2021,M,51.24,False
F70FE5F380,1M,I,589,90,2021/2022,84.7,2021,M,66.45,False
F70FE5F380,1M,II,547,97,2021/2022,82.3,2021,M,51.24,False
AAD0D74132,1M,I,589,171,2021/2022,71.0,2021,M,66.45,False
AAD0D74132,1M,II,547,211,2021/2022,61.4,2021,M,51.24,False
6D2F52EE76,1M,I,589,138,2021/2022,76.6,2021,M,66.45,False
6D2F52EE76,1M,II,547,171,2021/2022,68.7,2021,M,51.24,False
17344874FB,1M,I,589,125,2021/2022,78.8,2021,M,66.45,False
17344874FB,1M,II,547,138,2021/2022,74.8,2021,M,51.24,False
1353AF652A,1M,I,589,268,2021/2022,54.5,2021,M,66.45,True
1353AF652A,1M,II,547,180,2021/2022,67.1,2021,M,51.24,False
2F76542913,1M,I,589,107,2021/2022,81.8,2021,M,66.45,False
2F76542913,1M,II,547,153,2021/2022,72.0,2021,M,51.24,False
50F2073D82,1M,I,589,84,2021/2022,85.7,2021,M,66.45,False
50F2073D82,1M,II,547,167,2021/2022,69.5,2021,M,51.24,False
EAB7582532,1M,I,589,115,2021/2022,80.5,2021,M,66.45,False
EAB7582532,1M,II,547,156,2021/2022,71.5,2021,M,51.24,False
2072B8A93F,2M,I,619,360,2021/2022,41.8,2020,M,23.18,False
2072B8A93F,2M,II,564,326,2021/2022,42.2,2020,M,12.91,False
7AC8AB8A05,2M,I,619,100,2021/2022,83.8,2020,M,23.18,False
7AC8AB8A05,2M,II,564,118,2021/2022,79.1,2020,M,12.91,False
27505A1520,2M,I,619,253,2021/2022,59.1,2020,M,23.18,False
27505A1520,2M,II,564,266,2021/2022,52.8,2020,M,12.91,False
2749F8FF3A,2M,I,619,111,2021/2022,82.1,2020,M,23.18,False
2749F8FF3A,2M,II,564,213,2021/2022,62.2,2020,M,12.91,False
F4A86127E1,2M,I,619,43,2021/2022,93.1,2020,M,23.18,False
F4A86127E1,2M,II,564,122,2021/2022,78.4,2020,M,12.91,False
FED285A429,2M,I,619,144,2021/2022,76.7,2020,M,23.18,False
FED285A429,2M,II,564,226,2021/2022,59.9,2020,M,12.91,False
08B5634E90,2M,I,619,63,2021/2022,89.8,2020,M,23.18,False
08B5634E90,2M,II,564,168,2021/2022,70.2,2020,M,12.91,False
5FF9AC7EA8,2M,I,619,139,2021/2022,77.5,2020,M,23.18,False
5FF9AC7EA8,2M,II,564,170,2021/2022,69.9,2020,M,12.91,False
B2A1CAF44C,2M,I,620,88,2021/2022,85.8,2020,M,23.18,False
B2A1CAF44C,2M,II,564,189,2021/2022,66.5,2020,M,12.91,False
C86788ACA3,2M,I,619,164,2021/2022,73.5,2020,M,23.18,False
C86788ACA3,2M,II,564,168,2021/2022,70.2,2020,M,12.91,False
C1F755A6E5,2M,I,619,450,2021/2022,27.3,2020,M,23.18,False
C1F755A6E5,2M,II,564,534,2021/2022,5.3,2020,M,12.91,True
EB0C6FBCBF,2M,I,619,462,2021/2022,25.4,2020,M,23.18,False
EB0C6FBCBF,2M,II,564,536,2021/2022,5.0,2020,M,12.91,True
5BC6EDC0F8,2M,I,193,77,2021/2022,60.1,2020,M,23.18,False
5BC6EDC0F8,2M,II,564,332,2021/2022,41.1,2020,M,12.91,False
755B2B8872,2M,I,619,134,2021/2022,78.4,2020,M,23.18,False
755B2B8872,2M,II,564,201,2021/2022,64.4,2020,M,12.91,False
3D708695C3,2M,I,161,61,2021/2022,62.1,2020,M,23.18,False
3D708695C3,2M,II,564,289,2021/2022,48.8,2020,M,12.91,False
91AD19B797,2M,I,619,86,2021/2022,86.1,2020,M,23.18,False
91AD19B797,2M,II,564,173,2021/2022,69.3,2020,M,12.91,False
9BEA0E0751,3MK,I,237,13,2021/2022,94.5,2019,MK,40.0,False
9BEA0E0751,3MK,II,230,32,2021/2022,86.1,2019,MK,31.95,False
3B160D52C1,3MK,I,626,123,2021/2022,80.4,2019,MK,40.0,False
3B160D52C1,3MK,II,568,262,2021/2022,53.9,2019,MK,31.95,False
421106620E,3MK,I,626,118,2021/2022,81.2,2019,MK,40.0,False
421106620E,3MK,II,567,173,2021/2022,69.5,2019,MK,31.95,False
088F68FF6F,3MK,I,626,177,2021/2022,71.7,2019,MK,40.0,False
088F68FF6F,3MK,II,568,214,2021/2022,62.3,2019,MK,31.95,False
7724A35D33,3MK,I,626,224,2021/2022,64.2,2019,MK,40.0,False
7724A35D33,3MK,II,568,237,2021/2022,58.3,2019,MK,31.95,False
AE83FBCE6C,3MK,I,626,232,2021/2022,62.9,2019,MK,40.0,False
AE83FBCE6C,3MK,II,568,224,2021/2022,60.6,2019,MK,31.95,False
BAEBBD0670,3MK,I,237,67,2021/2022,71.7,2019,MK,40.0,False
BAEBBD0670,3MK,II,230,84,2021/2022,63.5,2019,MK,31.95,False
4774F13C22,3MK,I,237,52,2021/2022,78.1,2019,MK,40.0,False
4774F13C22,3MK,II,230,113,2021/2022,50.9,2019,MK,31.95,False
0A24F61788,3MK,I,237,160,2021/2022,32.5,2019,MK,40.0,True
0A24F61788,3MK,II,230,209,2021/2022,9.1,2019,MK,31.95,True
A9A6A50612,3MK,I,626,173,2021/2022,72.4,2019,MK,40.0,False
A9A6A50612,3MK,II,568,189,2021/2022,66.7,2019,MK,31.95,False
9267F1FBF2,3MK,I,237,105,2021/2022,55.7,2019,MK,40.0,False
9267F1FBF2,3MK,II,230,111,2021/2022,51.7,2019,MK,31.95,False
5775A823FA,3MK,I,237,59,2021/2022,75.1,2019,MK,40.0,False
5775A823FA,3MK,II,230,61,2021/2022,73.5,2019,MK,31.95,False
2C50C889E2,3MK,I,237,35,2021/2022,85.2,2019,MK,40.0,False
2C50C889E2,3MK,II,230,83,2021/2022,63.9,2019,MK,31.95,False
16C4EB5A2F,3MK,I,626,178,2021/2022,71.6,2019,MK,40.0,False
16C4EB5A2F,3MK,II,568,235,2021/2022,58.6,2019,MK,31.95,False
89EB038FD3,3MK,I,237,193,2021/2022,18.6,2019,MK,40.0,True
89EB038FD3,3MK,II,230,103,2021/2022,55.2,2019,MK,31.95,False
F80D3A9DDE,3MK,I,626,84,2021/2022,86.6,2019,MK,40.0,False
F80D3A9DDE,3MK,II,568,152,2021/2022,73.2,2019,MK,31.95,False
DC95F13DF8,3MK,I,626,181,2021/2022,71.1,2019,MK,40.0,False
DC95F13DF8,3MK,II,567,187,2021/2022,67.0,2019,MK,31.95,False
D865EBCDD5,3MK,I,626,177,2021/2022,71.7,2019,MK,40.0,False
D865EBCDD5,3MK,II,568,287,2021/2022,49.5,2019,MK,31.95,False
486C5794AF,3MK,I,626,246,2021/2022,60.7,2019,MK,40.0,False
486C5794AF,3MK,II,568,272,2021/2022,52.1,2019,MK,31.95,False
6C19BA77DD,3MK,I,237,81,2021/2022,65.8,2019,MK,40.0,False
6C19BA77DD,3MK,II,230,80,2021/2022,65.2,2019,MK,31.95,False
B2165FD968,3MK,I,626,106,2021/2022,83.1,2019,MK,40.0,False
B2165FD968,3MK,II,568,269,2021/2022,52.6,2019,MK,31.95,False
BAEF2201A9,3MK,I,237,64,2021/2022,73.0,2019,MK,40.0,False
BAEF2201A9,3MK,II,230,86,2021/2022,62.6,2019,MK,31.95,False
05A142B6F6,3MK,I,626,580,2021/2022,7.3,2019,MK,40.0,True
05A142B6F6,3MK,II,568,532,2021/2022,6.3,2019,MK,31.95,True
8690EEB1EC,4TMR,I,687,133,2022/2023,80.6,2019,TMR,27.07,False
8690EEB1EC,4TMR,II,265,113,2022/2023,57.4,2019,TMR,1.25,False
14B6C5205E,4TMR,I,687,145,2022/2023,78.9,2019,TMR,27.07,False
14B6C5205E,4TMR,II,265,120,2022/2023,54.7,2019,TMR,1.25,False
1A496B7570,4TMR,I,687,384,2022/2023,44.1,2019,TMR,27.07,False
1A496B7570,4TMR,II,265,185,2022/2023,30.2,2019,TMR,1.25,False
75BCF6123B,4TMR,I,687,208,2022/2023,69.7,2019,TMR,27.07,False
75BCF6123B,4TMR,II,265,147,2022/2023,44.5,2019,TMR,1.25,False
D0B043A863,4TMR,I,687,402,2022/2023,41.5,2019,TMR,27.07,False
D0B043A863,4TMR,II,265,181,2022/2023,31.7,2019,TMR,1.25,False
7F4CB815A8,4TMR,I,687,395,2022/2023,42.5,2019,TMR,27.07,False
7F4CB815A8,4TMR,II,265,201,2022/2023,24.2,2019,TMR,1.25,False
49413735A2,4TMR,I,687,278,2022/2023,59.5,2019,TMR,27.07,False
49413735A2,4TMR,II,265,148,2022/2023,44.2,2019,TMR,1.25,False
21B8C59A44,4TMR,I,687,214,2022/2023,68.9,2019,TMR,27.07,False
21B8C59A44,4TMR,II,265,165,2022/2023,37.7,2019,TMR,1.25,False
AB36F4F854,4TMR,I,687,280,2022/2023,59.2,2019,TMR,27.07,False
AB36F4F854,4TMR,II,265,121,2022/2023,54.3,2019,TMR,1.25,False
B1DAE414EE,4TMR,I,687,289,2022/2023,57.9,2019,TMR,27.07,False
B1DAE414EE,4TMR,II,265,142,2022/2023,46.4,2019,TMR,1.25,False
93D256FC07,4TMR,I,687,322,2022/2023,53.1,2019,TMR,27.07,False
93D256FC07,4TMR,II,265,173,2022/2023,34.7,2019,TMR,1.25,False
394F7D11A9,4TMR,I,687,339,2022/2023,50.7,2019,TMR,27.07,False
394F7D11A9,4TMR,II,265,163,2022/2023,38.5,2019,TMR,1.25,False
80E394C666,4TMR,I,687,70,2022/2023,89.8,2019,TMR,27.07,False
80E394C666,4TMR,II,265,131,2022/2023,50.6,2019,TMR,1.25,False
5EF68C3E6E,4TMR,I,687,287,2022/2023,58.2,2019,TMR,27.07,False
5EF68C3E6E,4TMR,II,265,183,2022/2023,30.9,2019,TMR,1.25,False
1ED6F96AB3,4TMR,I,687,241,2022/2023,64.9,2019,TMR,27.07,False
1ED6F96AB3,4TMR,II,265,120,2022/2023,54.7,2019,TMR,1.25,False
65E5992ACF,4TMR,I,687,441,2022/2023,35.8,2019,TMR,27.07,False
65E5992ACF,4TMR,II,265,203,2022/2023,23.4,2019,TMR,1.25,False
1D5288FE1D,4TMR,I,687,134,2022/2023,80.5,2019,TMR,27.07,False
1D5288FE1D,4TMR,II,265,114,2022/2023,57.0,2019,TMR,1.25,False
096F753B79,4TMR,I,687,176,2022/2023,74.4,2019,TMR,27.07,False
096F753B79,4TMR,II,265,161,2022/2023,39.2,2019,TMR,1.25,False
E410EA4AA0,4TMR,I,687,252,2022/2023,63.3,2019,TMR,27.07,False
E410EA4AA0,4TMR,II,265,184,2022/2023,30.6,2019,TMR,1.25,False
B0E4E530DF,4TMR,I,687,273,2022/2023,60.3,2019,TMR,27.07,False
B0E4E530DF,4TMR,II,265,132,2022/2023,50.2,2019,TMR,1.25,False
402213C4F3,4TMR,I,687,128,2022/2023,81.4,2019,TMR,27.07,False
402213C4F3,4TMR,II,265,102,2022/2023,61.5,2019,TMR,1.25,False
4CBA89960B,4TMR,I,687,217,2022/2023,68.4,2019,TMR,27.07,False
4CBA89960B,4TMR,II,265,71,2022/2023,73.2,2019,TMR,1.25,False
E95392B68D,4TMR,I,687,175,2022/2023,74.5,2019,TMR,27.07,False
E95392B68D,4TMR,II,265,154,2022/2023,41.9,2019,TMR,1.25,False
78E13599CC,4TR,I,654,82,2022/2023,87.5,2019,TR,41.8,False
78E13599CC,4TR,II,262,96,2022/2023,63.4,2019,TR,37.65,False
0ADA3C8421,4TR,I,654,208,2022/2023,68.2,2019,TR,41.8,False
0ADA3C8421,4TR,II,262,116,2022/2023,55.7,2019,TR,37.65,False
B7263F326B,4TR,I,654,90,2022/2023,86.2,2019,TR,41.8,False
B7263F326B,4TR,II,262,107,2022/2023,59.2,2019,TR,37.65,False
4E295DB4FC,4TR,I,654,306,2022/2023,53.2,2019,TR,41.8,False
4E295DB4FC,4TR,II,262,139,2022/2023,46.9,2019,TR,37.65,False
94BEC0E385,4TR,I,654,71,2022/2023,89.1,2019,TR,41.8,False
94BEC0E385,4TR,II,262,75,2022/2023,71.4,2019,TR,37.65,False
9D36A4CFD3,4TR,I,654,66,2022/2023,89.9,2019,TR,41.8,False
9D36A4CFD3,4TR,II,262,94,2022/2023,64.1,2019,TR,37.65,False
00C580FC9A,4TR,I,654,225,2022/2023,65.6,2019,TR,41.8,False
00C580FC9A,4TR,II,262,173,2022/2023,34.0,2019,TR,37.65,True
29F1C292A9,4TR,I,654,202,2022/2023,69.1,2019,TR,41.8,False
29F1C292A9,4TR,II,262,107,2022/2023,59.2,2019,TR,37.65,False
09A529FDC0,4TR,I,654,178,2022/2023,72.8,2019,TR,41.8,False
09A529FDC0,4TR,II,262,110,2022/2023,58.0,2019,TR,37.65,False
60D75D8E9E,4TR,I,654,122,2022/2023,81.3,2019,TR,41.8,False
60D75D8E9E,4TR,II,262,123,2022/2023,53.1,2019,TR,37.65,False
D794F30524,4TR,I,654,118,2022/2023,82.0,2019,TR,41.8,False
D794F30524,4TR,II,262,65,2022/2023,75.2,2019,TR,37.65,False
1B2ECF62C7,4TR,I,654,118,2022/2023,82.0,2019,TR,41.8,False
1B2ECF62C7,4TR,II,262,113,2022/2023,56.9,2019,TR,37.65,False
290D76477F,4TR,I,654,93,2022/2023,85.8,2019,TR,41.8,False
290D76477F,4TR,II,262,86,2022/2023,67.2,2019,TR,37.65,False
CFC3AF337C,4TR,I,654,208,2022/2023,68.2,2019,TR,41.8,False
CFC3AF337C,4TR,II,262,106,2022/2023,59.5,2019,TR,37.65,False
B197725529,4TR,I,654,224,2022/2023,65.7,2019,TR,41.8,False
B197725529,4TR,II,262,105,2022/2023,59.9,2019,TR,37.65,False
909EBF6B5C,4TR,I,654,330,2022/2023,49.5,2019,TR,41.8,False
909EBF6B5C,4TR,II,262,155,2022/2023,40.8,2019,TR,37.65,False
9DD27E96D5,4TR,I,654,176,2022/2023,73.1,2019,TR,41.8,False
9DD27E96D5,4TR,II,262,134,2022/2023,48.9,2019,TR,37.65,False
BBA95893A2,4TŻ,I,700,242,2022/2023,65.4,2019,TŻ,35.7,False
BBA95893A2,4TŻ,II,286,110,2022/2023,61.5,2019,TŻ,20.35,False
397130F9AE,4TŻ,I,700,424,2022/2023,39.4,2019,TŻ,35.7,False
397130F9AE,4TŻ,II,286,151,2022/2023,47.2,2019,TŻ,20.35,False
725BA0FCB7,4TŻ,I,700,257,2022/2023,63.3,2019,TŻ,35.7,False
725BA0FCB7,4TŻ,II,286,173,2022/2023,39.5,2019,TŻ,20.35,False
7E158F2113,4TŻ,I,700,142,2022/2023,79.7,2019,TŻ,35.7,False
7E158F2113,4TŻ,II,286,79,2022/2023,72.4,2019,TŻ,20.35,False
B0EC980C63,4TŻ,I,700,175,2022/2023,75.0,2019,TŻ,35.7,False
B0EC980C63,4TŻ,II,286,115,2022/2023,59.8,2019,TŻ,20.35,False
1048C1C498,4TŻ,I,700,88,2022/2023,87.4,2019,TŻ,35.7,False
1048C1C498,4TŻ,II,286,69,2022/2023,75.9,2019,TŻ,20.35,False
5A3CF0FEF9,4TŻ,I,700,103,2022/2023,85.3,2019,TŻ,35.7,False
5A3CF0FEF9,4TŻ,II,286,81,2022/2023,71.7,2019,TŻ,20.35,False
26F80B74C7,4TŻ,I,700,166,2022/2023,76.3,2019,TŻ,35.7,False
26F80B74C7,4TŻ,II,286,106,2022/2023,62.9,2019,TŻ,20.35,False
AEBF7833E6,4TŻ,I,700,161,2022/2023,77.0,2019,TŻ,35.7,False
AEBF7833E6,4TŻ,II,286,162,2022/2023,43.4,2019,TŻ,20.35,False
BE7B9BDC1A,4TŻ,I,700,135,2022/2023,80.7,2019,TŻ,35.7,False
BE7B9BDC1A,4TŻ,II,286,109,2022/2023,61.9,2019,TŻ,20.35,False
9F7BEA7335,4TŻ,I,700,112,2022/2023,84.0,2019,TŻ,35.7,False
9F7BEA7335,4TŻ,II,286,77,2022/2023,73.1,2019,TŻ,20.35,False
B50C514E41,4TŻ,I,700,267,2022/2023,61.9,2019,TŻ,35.7,False
B50C514E41,4TŻ,II,286,124,2022/2023,56.6,2019,TŻ,20.35,False
C0022E02DA,4TŻ,I,700,33,2022/2023,95.3,2019,TŻ,35.7,False
C0022E02DA,4TŻ,II,286,30,2022/2023,89.5,2019,TŻ,20.35,False
70D01B4E57,4TŻ,I,700,218,2022/2023,68.9,2019,TŻ,35.7,False
70D01B4E57,4TŻ,II,286,135,2022/2023,52.8,2019,TŻ,20.35,False
F4A043FB46,4TŻ,I,700,177,2022/2023,74.7,2019,TŻ,35.7,False
F4A043FB46,4TŻ,II,286,138,2022/2023,51.7,2019,TŻ,20.35,False
2156D0BBCA,4TŻ,I,700,228,2022/2023,67.4,2019,TŻ,35.7,False
2156D0BBCA,4TŻ,II,286,145,2022/2023,49.3,2019,TŻ,20.35,False
6C519C7383,4TŻ,I,700,286,2022/2023,59.1,2019,TŻ,35.7,False
6C519C7383,4TŻ,II,286,151,2022/2023,47.2,2019,TŻ,20.35,False
FEE9305EE8,4TŻ,I,700,290,2022/2023,58.6,2019,TŻ,35.7,False
FEE9305EE8,4TŻ,II,286,169,2022/2023,40.9,2019,TŻ,20.35,False
994C98B017,4TŻ,I,700,82,2022/2023,88.3,2019,TŻ,35.7,False
994C98B017,4TŻ,II,286,151,2022/2023,47.2,2019,TŻ,20.35,False
0D4CB53859,4TŻ,I,700,91,2022/2023,87.0,2019,TŻ,35.7,False
0D4CB53859,4TŻ,II,286,113,2022/2023,60.5,2019,TŻ,20.35,False
809530C18F,1TM5,I,752,65,2022/2023,91.4,2022,TM5,72.47,False
809530C18F,1TM5,II,511,95,2022/2023,81.4,2022,TM5,51.5,False
BF6AEF8C61,1TM5,I,752,27,2022/2023,96.4,2022,TM5,72.47,False
BF6AEF8C61,1TM5,II,511,129,2022/2023,74.8,2022,TM5,51.5,False
634A361DE2,1TM5,I,752,95,2022/2023,87.4,2022,TM5,72.47,False
634A361DE2,1TM5,II,511,158,2022/2023,69.1,2022,TM5,51.5,False
9EE013BC2A,1TM5,I,752,127,2022/2023,83.1,2022,TM5,72.47,False
9EE013BC2A,1TM5,II,511,216,2022/2023,57.7,2022,TM5,51.5,False
6CBA33ABB7,1TM5,I,228,61,2022/2023,73.2,2022,TM5,72.47,False
6CBA33ABB7,1TM5,II,511,99,2022/2023,80.6,2022,TM5,51.5,False
92FDDFBFA6,1TM5,I,752,177,2022/2023,76.5,2022,TM5,72.47,False
92FDDFBFA6,1TM5,II,511,157,2022/2023,69.3,2022,TM5,51.5,False
36C712836D,1TM5,I,752,128,2022/2023,83.0,2022,TM5,72.47,False
36C712836D,1TM5,II,511,127,2022/2023,75.1,2022,TM5,51.5,False
ABAF891FDF,1TM5,I,752,19,2022/2023,97.5,2022,TM5,72.47,False
ABAF891FDF,1TM5,II,511,50,2022/2023,90.2,2022,TM5,51.5,False
5F9041FF2E,1TM5,I,752,81,2022/2023,89.2,2022,TM5,72.47,False
5F9041FF2E,1TM5,II,511,122,2022/2023,76.1,2022,TM5,51.5,False
E0485821C4,1TM5,I,752,27,2022/2023,96.4,2022,TM5,72.47,False
E0485821C4,1TM5,II,511,66,2022/2023,87.1,2022,TM5,51.5,False
914E65548B,1TM5,I,752,160,2022/2023,78.7,2022,TM5,72.47,False
914E65548B,1TM5,II,511,133,2022/2023,74.0,2022,TM5,51.5,False
F9B70B42DE,1TM5,I,752,68,2022/2023,91.0,2022,TM5,72.47,False
F9B70B42DE,1TM5,II,511,56,2022/2023,89.0,2022,TM5,51.5,False
4377BA6D39,1TM5,I,753,131,2022/2023,82.6,2022,TM5,72.47,False
4377BA6D39,1TM5,II,510,170,2022/2023,66.7,2022,TM5,51.5,False
58C6C49BB3,1TM5,I,753,146,2022/2023,80.6,2022,TM5,72.47,False
58C6C49BB3,1TM5,II,510,172,2022/2023,66.3,2022,TM5,51.5,False
70D67517C5,1TM5,I,753,108,2022/2023,85.7,2022,TM5,72.47,False
70D67517C5,1TM5,II,510,141,2022/2023,72.4,2022,TM5,51.5,False
805DEAEF7F,1TM5,I,753,127,2022/2023,83.1,2022,TM5,72.47,False
805DEAEF7F,1TM5,II,510,134,2022/2023,73.7,2022,TM5,51.5,False
BCC2D2097C,1TM5,I,1506,113,2022/2023,92.5,2022,TM5,72.47,False
BCC2D2097C,1TM5,II,1020,177,2022/2023,82.6,2022,TM5,51.5,False
4EB5ED671B,1TM5,I,753,123,2022/2023,83.7,2022,TM5,72.47,False
4EB5ED671B,1TM5,II,510,133,2022/2023,73.9,2022,TM5,51.5,False
C23F7A58D4,1TM5,I,753,100,2022/2023,86.7,2022,TM5,72.47,False
C23F7A58D4,1TM5,II,510,186,2022/2023,63.5,2022,TM5,51.5,False
A976A8F4A3,1TM5,I,753,98,2022/2023,87.0,2022,TM5,72.47,False
A976A8F4A3,1TM5,II,510,76,2022/2023,85.1,2022,TM5,51.5,False
41B03EE727,1TM5,I,753,90,2022/2023,88.0,2022,TM5,72.47,False
41B03EE727,1TM5,II,510,160,2022/2023,68.6,2022,TM5,51.5,False
52DA85C107,1TM5,I,753,115,2022/2023,84.7,2022,TM5,72.47,False
52DA85C107,1TM5,II,403,117,2022/2023,71.0,2022,TM5,51.5,False
6DD30301DF,1TM5,I,753,88,2022/2023,88.3,2022,TM5,72.47,False
6DD30301DF,1TM5,II,510,105,2022/2023,79.4,2022,TM5,51.5,False
50229D065B,1TR5,I,214,10,2022/2023,95.3,2022,TR5,70.7,False
50229D065B,1TR5,II,531,211,2022/2023,60.3,2022,TR5,42.92,False
68E2A088B6,1TR5,I,776,35,2022/2023,95.5,2022,TR5,70.7,False
93DC931EBD,1TR5,I,806,266,2022/2023,67.0,2022,TR5,70.7,True
93DC931EBD,1TR5,II,531,247,2022/2023,53.5,2022,TR5,42.92,False
13CE1DABEB,1TR5,I,612,3,2022/2023,99.5,2022,TR5,70.7,False
13CE1DABEB,1TR5,II,442,55,2022/2023,87.6,2022,TR5,42.92,False
46A969DD52,1TR5,I,806,154,2022/2023,80.9,2022,TR5,70.7,False
46A969DD52,1TR5,II,531,124,2022/2023,76.6,2022,TR5,42.92,False
0F4BB60648,1TR5,I,806,75,2022/2023,90.7,2022,TR5,70.7,False
0F4BB60648,1TR5,II,531,99,2022/2023,81.4,2022,TR5,42.92,False
5C6D35477D,1TR5,I,806,99,2022/2023,87.7,2022,TR5,70.7,False
5C6D35477D,1TR5,II,531,130,2022/2023,75.5,2022,TR5,42.92,False
044A58D6C2,1TR5,I,806,69,2022/2023,91.4,2022,TR5,70.7,False
044A58D6C2,1TR5,II,531,116,2022/2023,78.2,2022,TR5,42.92,False
DA56C1A81C,1TR5,I,671,249,2022/2023,62.9,2022,TR5,70.7,True
DA56C1A81C,1TR5,II,413,202,2022/2023,51.1,2022,TR5,42.92,False
EFA14EF01D,1TR5,I,806,225,2022/2023,72.1,2022,TR5,70.7,False
EFA14EF01D,1TR5,II,531,200,2022/2023,62.3,2022,TR5,42.92,False
41F56EF605,1TR5,I,806,147,2022/2023,81.8,2022,TR5,70.7,False
41F56EF605,1TR5,II,531,195,2022/2023,63.3,2022,TR5,42.92,False
DF23FFC8E4,1TR5,I,792,131,2022/2023,83.5,2022,TR5,70.7,False
DF23FFC8E4,1TR5,II,531,145,2022/2023,72.7,2022,TR5,42.92,False
D3891B2179,1TR5,I,684,100,2022/2023,85.4,2022,TR5,70.7,False
D3891B2179,1TR5,II,442,149,2022/2023,66.3,2022,TR5,42.92,False
4011B2C987,1TR5,I,684,121,2022/2023,82.3,2022,TR5,70.7,False
4011B2C987,1TR5,II,442,122,2022/2023,72.4,2022,TR5,42.92,False
55F0BD5C16,1TR5,I,684,86,2022/2023,87.4,2022,TR5,70.7,False
55F0BD5C16,1TR5,II,442,110,2022/2023,75.1,2022,TR5,42.92,False
ECCDE89550,1TR5,I,754,174,2022/2023,76.9,2022,TR5,70.7,False
B52D84287A,1TR5,I,792,106,2022/2023,86.6,2022,TR5,70.7,False
B52D84287A,1TR5,II,531,192,2022/2023,63.8,2022,TR5,42.92,False
833480A4AE,1TR5,I,684,95,2022/2023,86.1,2022,TR5,70.7,False
833480A4AE,1TR5,II,442,166,2022/2023,62.4,2022,TR5,42.92,False
A5DD142A01,1TR5,I,684,86,2022/2023,87.4,2022,TR5,70.7,False
A5DD142A01,1TR5,II,442,112,2022/2023,74.7,2022,TR5,42.92,False
8EBF83DFD8,1TR5,I,806,186,2022/2023,76.9,2022,TR5,70.7,False
8EBF83DFD8,1TR5,II,531,240,2022/2023,54.8,2022,TR5,42.92,False
1D9D01C457,1TR5,I,684,91,2022/2023,86.7,2022,TR5,70.7,False
1D9D01C457,1TR5,II,442,128,2022/2023,71.0,2022,TR5,42.92,False
0A5820F136,1TW5,I,767,125,2022/2023,83.7,2022,TW5,66.88,False
0A5820F136,1TW5,II,495,189,2022/2023,61.8,2022,TW5,47.36,False
912AAEFE58,1TW5,I,767,189,2022/2023,75.4,2022,TW5,66.88,False
912AAEFE58,1TW5,II,495,170,2022/2023,65.7,2022,TW5,47.36,False
F98002DD2C,1TW5,I,767,136,2022/2023,82.3,2022,TW5,66.88,False
F98002DD2C,1TW5,II,495,88,2022/2023,82.2,2022,TW5,47.36,False
A4308F8625,1TW5,I,758,195,2022/2023,74.3,2022,TW5,66.88,False
A4308F8625,1TW5,II,495,202,2022/2023,59.2,2022,TW5,47.36,False
BCDF4B5EE6,1TW5,I,767,16,2022/2023,97.9,2022,TW5,66.88,False
BCDF4B5EE6,1TW5,II,495,107,2022/2023,78.4,2022,TW5,47.36,False
3E9D14C704,1TW5,I,767,28,2022/2023,96.3,2022,TW5,66.88,False
3E9D14C704,1TW5,II,495,104,2022/2023,79.0,2022,TW5,47.36,False
1EC41D38ED,1TW5,I,767,2,2022/2023,99.7,2022,TW5,66.88,False
1EC41D38ED,1TW5,II,495,46,2022/2023,90.7,2022,TW5,47.36,False
143CD130AC,1TW5,I,767,75,2022/2023,90.2,2022,TW5,66.88,False
143CD130AC,1TW5,II,495,158,2022/2023,68.1,2022,TW5,47.36,False
AC16C22BDD,1TW5,I,767,102,2022/2023,86.7,2022,TW5,66.88,False
AC16C22BDD,1TW5,II,495,124,2022/2023,74.9,2022,TW5,47.36,False
63304A2953,1TW5,I,735,134,2022/2023,81.8,2022,TW5,66.88,False
63304A2953,1TW5,II,470,152,2022/2023,67.7,2022,TW5,47.36,False
9E86A0D961,1TW5,I,767,60,2022/2023,92.2,2022,TW5,66.88,False
9E86A0D961,1TW5,II,495,119,2022/2023,76.0,2022,TW5,47.36,False
61981B857B,1TW5,I,767,117,2022/2023,84.7,2022,TW5,66.88,False
61981B857B,1TW5,II,495,160,2022/2023,67.7,2022,TW5,47.36,False
DF2B80C13B,1TW5,I,765,91,2022/2023,88.1,2022,TW5,66.88,False
DF2B80C13B,1TW5,II,494,241,2022/2023,51.2,2022,TW5,47.36,False
D7DADAF72A,1TW5,I,765,259,2022/2023,66.1,2022,TW5,66.88,True
D7DADAF72A,1TW5,II,494,209,2022/2023,57.7,2022,TW5,47.36,False
BFCF86F28B,1TW5,I,765,161,2022/2023,79.0,2022,TW5,66.88,False
BFCF86F28B,1TW5,II,494,210,2022/2023,57.5,2022,TW5,47.36,False
0427C2D88E,1TW5,I,765,64,2022/2023,91.6,2022,TW5,66.88,False
0427C2D88E,1TW5,II,494,163,2022/2023,67.0,2022,TW5,47.36,False
B1071E9DB8,1TW5,I,765,88,2022/2023,88.5,2022,TW5,66.88,False
B1071E9DB8,1TW5,II,494,141,2022/2023,71.5,2022,TW5,47.36,False
BD9FD4EA6A,1TW5,I,765,124,2022/2023,83.8,2022,TW5,66.88,False
BD9FD4EA6A,1TW5,II,494,124,2022/2023,74.9,2022,TW5,47.36,False
06AAE9D41A,1TW5,I,765,63,2022/2023,91.8,2022,TW5,66.88,False
06AAE9D41A,1TW5,II,494,62,2022/2023,87.4,2022,TW5,47.36,False
F2011A4FA9,1TW5,I,765,122,2022/2023,84.1,2022,TW5,66.88,False
F2011A4FA9,1TW5,II,494,162,2022/2023,67.2,2022,TW5,47.36,False
D918AC2E73,1TW5,I,765,1,2022/2023,99.9,2022,TW5,66.88,False
D918AC2E73,1TW5,II,494,20,2022/2023,96.0,2022,TW5,47.36,False
868BCE38C8,1TW5,I,733,36,2022/2023,95.1,2022,TW5,66.88,False
868BCE38C8,1TW5,II,469,135,2022/2023,71.2,2022,TW5,47.36,False
86DD174670,1TW5,I,765,194,2022/2023,74.6,2022,TW5,66.88,False
86DD174670,1TW5,II,494,93,2022/2023,81.2,2022,TW5,47.36,False
14ED939C17,1TW5,I,765,54,2022/2023,92.9,2022,TW5,66.88,False
14ED939C17,1TW5,II,494,69,2022/2023,86.0,2022,TW5,47.36,False
27BA702978,1TŻ5,I,759,7,2022/2023,99.1,2022,TŻ5,64.38,False
27BA702978,1TŻ5,II,498,67,2022/2023,86.5,2022,TŻ5,49.01,False
8767095DDE,1TŻ5,I,759,33,2022/2023,95.7,2022,TŻ5,64.38,False
8767095DDE,1TŻ5,II,498,90,2022/2023,81.9,2022,TŻ5,49.01,False
069590C5EC,1TŻ5,I,759,142,2022/2023,81.3,2022,TŻ5,64.38,False
069590C5EC,1TŻ5,II,498,135,2022/2023,72.9,2022,TŻ5,49.01,False
13CE1DABEB,1TŻ5,I,76,3,2022/2023,96.1,2022,TŻ5,64.38,False
05B54DD7BE,1TŻ5,I,759,132,2022/2023,82.6,2022,TŻ5,64.38,False
05B54DD7BE,1TŻ5,II,498,146,2022/2023,70.7,2022,TŻ5,49.01,False
C9477A3132,1TŻ5,I,759,40,2022/2023,94.7,2022,TŻ5,64.38,False
C9477A3132,1TŻ5,II,498,105,2022/2023,78.9,2022,TŻ5,49.01,False
2BDBFBD70A,1TŻ5,I,520,119,2022/2023,77.1,2022,TŻ5,64.38,False
2BDBFBD70A,1TŻ5,II,387,109,2022/2023,71.8,2022,TŻ5,49.01,False
ADF7C128AD,1TŻ5,I,759,154,2022/2023,79.7,2022,TŻ5,64.38,False
ADF7C128AD,1TŻ5,II,498,240,2022/2023,51.8,2022,TŻ5,49.01,False
39BFA1F088,1TŻ5,I,709,81,2022/2023,88.6,2022,TŻ5,64.38,False
8D3840E19A,1TŻ5,I,759,6,2022/2023,99.2,2022,TŻ5,64.38,False
8D3840E19A,1TŻ5,II,498,33,2022/2023,93.4,2022,TŻ5,49.01,False
4D4FDC4D2A,1TŻ5,I,759,16,2022/2023,97.9,2022,TŻ5,64.38,False
4D4FDC4D2A,1TŻ5,II,498,121,2022/2023,75.7,2022,TŻ5,49.01,False
098E54F2D6,1TŻ5,I,759,109,2022/2023,85.6,2022,TŻ5,64.38,False
098E54F2D6,1TŻ5,II,498,167,2022/2023,66.5,2022,TŻ5,49.01,False
C8DD5EAF9C,1TŻ5,I,616,39,2022/2023,93.7,2022,TŻ5,64.38,False
C8DD5EAF9C,1TŻ5,II,406,91,2022/2023,77.6,2022,TŻ5,49.01,False
8879A5BF84,1TŻ5,I,758,88,2022/2023,88.4,2022,TŻ5,64.38,False
8879A5BF84,1TŻ5,II,498,133,2022/2023,73.3,2022,TŻ5,49.01,False
063B395E1D,1TŻ5,I,612,68,2022/2023,88.9,2022,TŻ5,64.38,False
063B395E1D,1TŻ5,II,406,166,2022/2023,59.1,2022,TŻ5,49.01,False
FF82200A74,1TŻ5,I,758,122,2022/2023,83.9,2022,TŻ5,64.38,False
FF82200A74,1TŻ5,II,498,186,2022/2023,62.7,2022,TŻ5,49.01,False
22C34241E7,1TŻ5,I,758,141,2022/2023,81.4,2022,TŻ5,64.38,False
22C34241E7,1TŻ5,II,498,307,2022/2023,38.4,2022,TŻ5,49.01,True
1042F42DEB,1TŻ5,I,758,126,2022/2023,83.4,2022,TŻ5,64.38,False
1042F42DEB,1TŻ5,II,498,162,2022/2023,67.5,2022,TŻ5,49.01,False
41A63133E1,1TŻ5,I,758,3,2022/2023,99.6,2022,TŻ5,64.38,False
41A63133E1,1TŻ5,II,498,6,2022/2023,98.8,2022,TŻ5,49.01,False
143CF7F3FD,1TŻ5,II,409,98,2022/2023,76.0,2022,TŻ5,49.01,False
B9EBD3E3C1,1TŻ5,I,758,113,2022/2023,85.1,2022,TŻ5,64.38,False
B9EBD3E3C1,1TŻ5,II,498,172,2022/2023,65.5,2022,TŻ5,49.01,False
DE8BA4B295,1TŻ5,I,107,35,2022/2023,67.3,2022,TŻ5,64.38,False
BD9AE7DA74,1TŻ5,I,758,31,2022/2023,95.9,2022,TŻ5,64.38,False
BD9AE7DA74,1TŻ5,II,498,58,2022/2023,88.4,2022,TŻ5,49.01,False
EBDE48A309,1TŻ5,I,758,54,2022/2023,92.9,2022,TŻ5,64.38,False
EBDE48A309,1TŻ5,II,498,124,2022/2023,75.1,2022,TŻ5,49.01,False
EFFA4DE729,1TŻ5,I,758,86,2022/2023,88.7,2022,TŻ5,64.38,False
EFFA4DE729,1TŻ5,II,498,114,2022/2023,77.1,2022,TŻ5,49.01,False
DA41FA6CC6,2RŻ5,I,743,138,2022/2023,81.4,2021,RŻ5,60.25,False
DA41FA6CC6,2RŻ5,II,442,175,2022/2023,60.4,2021,RŻ5,25.95,False
F54B1333DB,2RŻ5,I,743,165,2022/2023,77.8,2021,RŻ5,60.25,False
F54B1333DB,2RŻ5,II,442,168,2022/2023,62.0,2021,RŻ5,25.95,False
0490095064,2RŻ5,I,738,96,2022/2023,87.0,2021,RŻ5,60.25,False
0490095064,2RŻ5,II,421,116,2022/2023,72.4,2021,RŻ5,25.95,False
E50314B097,2RŻ5,I,738,49,2022/2023,93.4,2021,RŻ5,60.25,False
E50314B097,2RŻ5,II,421,121,2022/2023,71.3,2021,RŻ5,25.95,False
7BE43D717C,2RŻ5,I,771,127,2022/2023,83.5,2021,RŻ5,60.25,False
7BE43D717C,2RŻ5,II,450,52,2022/2023,88.4,2021,RŻ5,25.95,False
B09CA92364,2RŻ5,I,771,1,2022/2023,99.9,2021,RŻ5,60.25,False
B09CA92364,2RŻ5,II,450,71,2022/2023,84.2,2021,RŻ5,25.95,False
DE218F00E2,2RŻ5,I,771,37,2022/2023,95.2,2021,RŻ5,60.25,False
DE218F00E2,2RŻ5,II,450,58,2022/2023,87.1,2021,RŻ5,25.95,False
2BA49A7C8B,2RŻ5,I,771,58,2022/2023,92.5,2021,RŻ5,60.25,False
2BA49A7C8B,2RŻ5,II,450,64,2022/2023,85.8,2021,RŻ5,25.95,False
66502486E7,2RŻ5,I,760,214,2022/2023,71.8,2021,RŻ5,60.25,False
66502486E7,2RŻ5,II,450,183,2022/2023,59.3,2021,RŻ5,25.95,False
710C25351D,2RŻ5,I,771,139,2022/2023,82.0,2021,RŻ5,60.25,False
710C25351D,2RŻ5,II,450,147,2022/2023,67.3,2021,RŻ5,25.95,False
462B7DB5AC,2RŻ5,I,771,54,2022/2023,93.0,2021,RŻ5,60.25,False
462B7DB5AC,2RŻ5,II,450,78,2022/2023,82.7,2021,RŻ5,25.95,False
4E6BB3D870,2RŻ5,I,743,98,2022/2023,86.8,2021,RŻ5,60.25,False
4E6BB3D870,2RŻ5,II,442,183,2022/2023,58.6,2021,RŻ5,25.95,False
A6CF67BD9C,2RŻ5,I,771,175,2022/2023,77.3,2021,RŻ5,60.25,False
A6CF67BD9C,2RŻ5,II,450,73,2022/2023,83.8,2021,RŻ5,25.95,False
68AE683B15,2RŻ5,I,755,71,2022/2023,90.6,2021,RŻ5,60.25,False
68AE683B15,2RŻ5,II,428,73,2022/2023,82.9,2021,RŻ5,25.95,False
4320458CF7,2RŻ5,I,743,154,2022/2023,79.3,2021,RŻ5,60.25,False
4320458CF7,2RŻ5,II,443,216,2022/2023,51.2,2021,RŻ5,25.95,False
4A5260C8A8,2RŻ5,I,771,163,2022/2023,78.9,2021,RŻ5,60.25,False
4A5260C8A8,2RŻ5,II,450,142,2022/2023,68.4,2021,RŻ5,25.95,False
AAFB3DEEC6,2RŻ5,I,754,146,2022/2023,80.6,2021,RŻ5,60.25,False
AAFB3DEEC6,2RŻ5,II,442,192,2022/2023,56.6,2021,RŻ5,25.95,False
BA84B0307B,2RŻ5,I,771,93,2022/2023,87.9,2021,RŻ5,60.25,False
BA84B0307B,2RŻ5,II,450,152,2022/2023,66.2,2021,RŻ5,25.95,False
24D99A2B7A,2RŻ5,I,771,251,2022/2023,67.4,2021,RŻ5,60.25,False
24D99A2B7A,2RŻ5,II,450,137,2022/2023,69.6,2021,RŻ5,25.95,False
0CD2C2F095,2RŻ5,I,754,118,2022/2023,84.4,2021,RŻ5,60.25,False
0CD2C2F095,2RŻ5,II,442,177,2022/2023,60.0,2021,RŻ5,25.95,False
0CE48860EC,2RŻ5,I,755,154,2022/2023,79.6,2021,RŻ5,60.25,False
0CE48860EC,2RŻ5,II,429,131,2022/2023,69.5,2021,RŻ5,25.95,False
EDBFEDF588,2RŻ5,I,743,61,2022/2023,91.8,2021,RŻ5,60.25,False
EDBFEDF588,2RŻ5,II,443,183,2022/2023,58.7,2021,RŻ5,25.95,False
A33AD07A65,2RŻ5,I,743,51,2022/2023,93.1,2021,RŻ5,60.25,False
A33AD07A65,2RŻ5,II,443,168,2022/2023,62.1,2021,RŻ5,25.95,False
2FCEEB36B4,2RŻ5,I,738,125,2022/2023,83.1,2021,RŻ5,60.25,False
2FCEEB36B4,2RŻ5,II,421,118,2022/2023,72.0,2021,RŻ5,25.95,False
148C0370A4,2RŻ5,I,754,35,2022/2023,95.4,2021,RŻ5,60.25,False
148C0370A4,2RŻ5,II,442,210,2022/2023,52.5,2021,RŻ5,25.95,False
2EBEDF82B0,2TM5,I,777,172,2022/2023,77.9,2021,TM5,68.56,False
2EBEDF82B0,2TM5,II,426,140,2022/2023,67.1,2021,TM5,56.15,False
5C6CD666D0,2TM5,I,777,97,2022/2023,87.5,2021,TM5,68.56,False
5C6CD666D0,2TM5,II,426,137,2022/2023,67.8,2021,TM5,56.15,False
880D7072AF,2TM5,I,777,148,2022/2023,81.0,2021,TM5,68.56,False
880D7072AF,2TM5,II,426,140,2022/2023,67.1,2021,TM5,56.15,False
61570FA665,2TM5,I,775,75,2022/2023,90.3,2021,TM5,68.56,False
61570FA665,2TM5,II,426,79,2022/2023,81.5,2021,TM5,56.15,False
22632D84EA,2TM5,I,777,171,2022/2023,78.0,2021,TM5,68.56,False
22632D84EA,2TM5,II,426,169,2022/2023,60.3,2021,TM5,56.15,False
03B870C824,2TM5,I,777,158,2022/2023,79.7,2021,TM5,68.56,False
03B870C824,2TM5,II,426,139,2022/2023,67.4,2021,TM5,56.15,False
0748FBFDF1,2TM5,I,777,214,2022/2023,72.5,2021,TM5,68.56,False
0748FBFDF1,2TM5,II,426,147,2022/2023,65.5,2021,TM5,56.15,False
D00D53FBB5,2TM5,I,777,156,2022/2023,79.9,2021,TM5,68.56,False
D00D53FBB5,2TM5,II,426,141,2022/2023,66.9,2021,TM5,56.15,False
9ADFEF334F,2TM5,I,777,119,2022/2023,84.7,2021,TM5,68.56,False
9ADFEF334F,2TM5,II,426,134,2022/2023,68.5,2021,TM5,56.15,False
C7B1ECD44B,2TM5,I,777,220,2022/2023,71.7,2021,TM5,68.56,False
C7B1ECD44B,2TM5,II,426,131,2022/2023,69.2,2021,TM5,56.15,False
3E20351F69,2TM5,I,777,225,2022/2023,71.0,2021,TM5,68.56,False
3E20351F69,2TM5,II,426,157,2022/2023,63.1,2021,TM5,56.15,False
7401216D63,2TM5,I,777,121,2022/2023,84.4,2021,TM5,68.56,False
7401216D63,2TM5,II,426,155,2022/2023,63.6,2021,TM5,56.15,False
70D1C5E5D0,2TM5,I,777,130,2022/2023,83.3,2021,TM5,68.56,False
70D1C5E5D0,2TM5,II,426,185,2022/2023,56.6,2021,TM5,56.15,False
B46655A1FC,2TM5,I,777,16,2022/2023,97.9,2021,TM5,68.56,False
B46655A1FC,2TM5,II,426,48,2022/2023,88.7,2021,TM5,56.15,False
9E8DAA8C13,2TM5,I,777,216,2022/2023,72.2,2021,TM5,68.56,False
9E8DAA8C13,2TM5,II,426,153,2022/2023,64.1,2021,TM5,56.15,False
4AFFD105F3,2TM5,I,777,170,2022/2023,78.1,2021,TM5,68.56,False
4AFFD105F3,2TM5,II,426,163,2022/2023,61.7,2021,TM5,56.15,False
BB6E69215D,2TM5,I,777,150,2022/2023,80.7,2021,TM5,68.56,False
BB6E69215D,2TM5,II,426,140,2022/2023,67.1,2021,TM5,56.15,False
B32B6054AC,2TM5,I,777,262,2022/2023,66.3,2021,TM5,68.56,True
B32B6054AC,2TM5,II,426,116,2022/2023,72.8,2021,TM5,56.15,False
FCA47D9B1F,2TM5,I,777,81,2022/2023,89.6,2021,TM5,68.56,False
FCA47D9B1F,2TM5,II,426,82,2022/2023,80.8,2021,TM5,56.15,False
AE5812FBE6,2TM5,I,777,172,2022/2023,77.9,2021,TM5,68.56,False
AE5812FBE6,2TM5,II,426,154,2022/2023,63.8,2021,TM5,56.15,False
59151983BF,2TM5,I,775,154,2022/2023,80.1,2021,TM5,68.56,False
59151983BF,2TM5,II,426,135,2022/2023,68.3,2021,TM5,56.15,False
C96A7542B5,2TM5,I,777,158,2022/2023,79.7,2021,TM5,68.56,False
C96A7542B5,2TM5,II,426,131,2022/2023,69.2,2021,TM5,56.15,False
B4C93EDD81,2TW5,I,775,172,2022/2023,77.8,2021,TW5,63.73,False
B4C93EDD81,2TW5,II,404,75,2022/2023,81.4,2021,TW5,47.7,False
248AC7111A,2TW5,I,775,66,2022/2023,91.5,2021,TW5,63.73,False
248AC7111A,2TW5,II,404,105,2022/2023,74.0,2021,TW5,47.7,False
0656150466,2TW5,I,775,126,2022/2023,83.7,2021,TW5,63.73,False
0656150466,2TW5,II,404,156,2022/2023,61.4,2021,TW5,47.7,False
B70D910674,2TW5,I,775,139,2022/2023,82.1,2021,TW5,63.73,False
B70D910674,2TW5,II,404,132,2022/2023,67.3,2021,TW5,47.7,False
61A03F2675,2TW5,I,775,54,2022/2023,93.0,2021,TW5,63.73,False
61A03F2675,2TW5,II,404,99,2022/2023,75.5,2021,TW5,47.7,False
18B645D5CA,2TW5,I,775,102,2022/2023,86.8,2021,TW5,63.73,False
18B645D5CA,2TW5,II,404,86,2022/2023,78.7,2021,TW5,47.7,False
FFCC9F97F3,2TW5,I,775,61,2022/2023,92.1,2021,TW5,63.73,False
FFCC9F97F3,2TW5,II,404,129,2022/2023,68.1,2021,TW5,47.7,False
CCA3BB568F,2TW5,I,735,28,2022/2023,96.2,2021,TW5,63.73,False
CCA3BB568F,2TW5,II,384,72,2022/2023,81.2,2021,TW5,47.7,False
33C5CA820C,2TW5,I,775,150,2022/2023,80.6,2021,TW5,63.73,False
33C5CA820C,2TW5,II,404,166,2022/2023,58.9,2021,TW5,47.7,False
165732F5D0,2TW5,I,775,270,2022/2023,65.2,2021,TW5,63.73,False
165732F5D0,2TW5,II,404,135,2022/2023,66.6,2021,TW5,47.7,False
B4D7441CB9,2TW5,I,775,90,2022/2023,88.4,2021,TW5,63.73,False
B4D7441CB9,2TW5,II,404,99,2022/2023,75.5,2021,TW5,47.7,False
75ABBFEA09,2TW5,I,775,160,2022/2023,79.4,2021,TW5,63.73,False
75ABBFEA09,2TW5,II,404,134,2022/2023,66.8,2021,TW5,47.7,False
28ACFEDFE8,2TW5,I,703,52,2022/2023,92.6,2021,TW5,63.73,False
28ACFEDFE8,2TW5,II,365,103,2022/2023,71.8,2021,TW5,47.7,False
CB69E274F4,2TW5,I,617,96,2022/2023,84.4,2021,TW5,63.73,False
CB69E274F4,2TW5,II,301,85,2022/2023,71.8,2021,TW5,47.7,False
8BC40F0707,2TW5,I,776,24,2022/2023,96.9,2021,TW5,63.73,False
8BC40F0707,2TW5,II,404,65,2022/2023,83.9,2021,TW5,47.7,False
1E452F8B76,2TW5,I,776,41,2022/2023,94.7,2021,TW5,63.73,False
1E452F8B76,2TW5,II,404,64,2022/2023,84.2,2021,TW5,47.7,False
FD77904472,2TW5,I,776,126,2022/2023,83.8,2021,TW5,63.73,False
FD77904472,2TW5,II,404,90,2022/2023,77.7,2021,TW5,47.7,False
49DA0EE07B,2TW5,I,737,185,2022/2023,74.9,2021,TW5,63.73,False
49DA0EE07B,2TW5,II,384,166,2022/2023,56.8,2021,TW5,47.7,False
02A96D4364,2TW5,I,740,116,2022/2023,84.3,2021,TW5,63.73,False
02A96D4364,2TW5,II,385,70,2022/2023,81.8,2021,TW5,47.7,False
233DC37A1E,2TW5,I,776,41,2022/2023,94.7,2021,TW5,63.73,False
233DC37A1E,2TW5,II,404,74,2022/2023,81.7,2021,TW5,47.7,False
D88AD7F31B,2TW5,I,740,139,2022/2023,81.2,2021,TW5,63.73,False
D88AD7F31B,2TW5,II,385,94,2022/2023,75.6,2021,TW5,47.7,False
571C54E9D3,2TW5,I,776,67,2022/2023,91.4,2021,TW5,63.73,False
571C54E9D3,2TW5,II,404,91,2022/2023,77.5,2021,TW5,47.7,False
68E4E95E90,2TW5,I,776,194,2022/2023,75.0,2021,TW5,63.73,False
68E4E95E90,2TW5,II,404,157,2022/2023,61.1,2021,TW5,47.7,False
69B1AB95F7,3TM5,I,619,135,2022/2023,78.2,2020,TM5,61.4,False
69B1AB95F7,3TM5,II,347,142,2022/2023,59.1,2020,TM5,46.25,False
A2B9CCBA47,3TM5,I,786,200,2022/2023,74.6,2020,TM5,61.4,False
A2B9CCBA47,3TM5,II,439,233,2022/2023,46.9,2020,TM5,46.25,False
FECF8CE156,3TM5,I,659,124,2022/2023,81.2,2020,TM5,61.4,False
FECF8CE156,3TM5,II,367,139,2022/2023,62.1,2020,TM5,46.25,False
F65658C34D,3TM5,I,659,139,2022/2023,78.9,2020,TM5,61.4,False
F65658C34D,3TM5,II,367,128,2022/2023,65.1,2020,TM5,46.25,False
BBD752E677,3TM5,I,659,69,2022/2023,89.5,2020,TM5,61.4,False
BBD752E677,3TM5,II,367,151,2022/2023,58.9,2020,TM5,46.25,False
99D7E8DBE9,3TM5,I,659,110,2022/2023,83.3,2020,TM5,61.4,False
99D7E8DBE9,3TM5,II,367,96,2022/2023,73.8,2020,TM5,46.25,False
094EE79A92,3TM5,I,659,52,2022/2023,92.1,2020,TM5,61.4,False
094EE79A92,3TM5,II,367,117,2022/2023,68.1,2020,TM5,46.25,False
EA68223CB9,3TM5,I,659,279,2022/2023,57.7,2020,TM5,61.4,True
EA68223CB9,3TM5,II,367,161,2022/2023,56.1,2020,TM5,46.25,False
E9702359F6,3TM5,I,659,201,2022/2023,69.5,2020,TM5,61.4,False
E9702359F6,3TM5,II,367,162,2022/2023,55.9,2020,TM5,46.25,False
7D9306E51F,3TM5,I,659,128,2022/2023,80.6,2020,TM5,61.4,False
7D9306E51F,3TM5,II,367,150,2022/2023,59.1,2020,TM5,46.25,False
A4FF3FD673,3TM5,I,659,100,2022/2023,84.8,2020,TM5,61.4,False
A4FF3FD673,3TM5,II,367,118,2022/2023,67.8,2020,TM5,46.25,False
FE417FF3C3,3TM5,I,659,224,2022/2023,66.0,2020,TM5,61.4,False
FE417FF3C3,3TM5,II,367,186,2022/2023,49.3,2020,TM5,46.25,False
97EC186A2A,3TM5,I,659,115,2022/2023,82.5,2020,TM5,61.4,False
97EC186A2A,3TM5,II,367,149,2022/2023,59.4,2020,TM5,46.25,False
5AFBF18368,3TM5,I,659,168,2022/2023,74.5,2020,TM5,61.4,False
5AFBF18368,3TM5,II,367,138,2022/2023,62.4,2020,TM5,46.25,False
C05978F027,3TM5,I,659,171,2022/2023,74.1,2020,TM5,61.4,False
C05978F027,3TM5,II,367,151,2022/2023,58.9,2020,TM5,46.25,False
6F984271FD,3TM5,I,659,122,2022/2023,81.5,2020,TM5,61.4,False
6F984271FD,3TM5,II,367,115,2022/2023,68.7,2020,TM5,46.25,False
76B27B3D5C,3TM5,I,659,193,2022/2023,70.7,2020,TM5,61.4,False
76B27B3D5C,3TM5,II,367,146,2022/2023,60.2,2020,TM5,46.25,False
5B124AA943,3TM5,I,659,157,2022/2023,76.2,2020,TM5,61.4,False
5B124AA943,3TM5,II,367,164,2022/2023,55.3,2020,TM5,46.25,False
922C6FF356,3TM5,I,659,110,2022/2023,83.3,2020,TM5,61.4,False
922C6FF356,3TM5,II,367,129,2022/2023,64.9,2020,TM5,46.25,False
055EE1BDCB,3TW5,I,802,75,2022/2023,90.6,2020,TW5,51.25,False
055EE1BDCB,3TW5,II,539,111,2022/2023,79.4,2020,TW5,42.25,False
AAB60024F5,3TW5,I,802,105,2022/2023,86.9,2020,TW5,51.25,False
AAB60024F5,3TW5,II,539,215,2022/2023,60.1,2020,TW5,42.25,False
210E90C9E4,3TW5,I,802,211,2022/2023,73.7,2020,TW5,51.25,False
210E90C9E4,3TW5,II,539,151,2022/2023,72.0,2020,TW5,42.25,False
B6F4709A1D,3TW5,I,802,126,2022/2023,84.3,2020,TW5,51.25,False
B6F4709A1D,3TW5,II,539,142,2022/2023,73.7,2020,TW5,42.25,False
477DE3B96F,3TW5,I,802,110,2022/2023,86.3,2020,TW5,51.25,False
477DE3B96F,3TW5,II,539,190,2022/2023,64.7,2020,TW5,42.25,False
DA07B49568,3TW5,I,802,90,2022/2023,88.8,2020,TW5,51.25,False
DA07B49568,3TW5,II,539,152,2022/2023,71.8,2020,TW5,42.25,False
617DE9606E,3TW5,I,802,94,2022/2023,88.3,2020,TW5,51.25,False
617DE9606E,3TW5,II,539,247,2022/2023,54.2,2020,TW5,42.25,False
C7A3D50E34,3TW5,I,802,11,2022/2023,98.6,2020,TW5,51.25,False
C7A3D50E34,3TW5,II,539,82,2022/2023,84.8,2020,TW5,42.25,False
5D8D20A0D2,3TW5,I,802,63,2022/2023,92.1,2020,TW5,51.25,False
5D8D20A0D2,3TW5,II,539,219,2022/2023,59.4,2020,TW5,42.25,False
0C450DAFF1,3TW5,I,802,209,2022/2023,73.9,2020,TW5,51.25,False
0C450DAFF1,3TW5,II,539,273,2022/2023,49.4,2020,TW5,42.25,False
EE75A467A8,3TW5,I,802,214,2022/2023,73.3,2020,TW5,51.25,False
EE75A467A8,3TW5,II,539,206,2022/2023,61.8,2020,TW5,42.25,False
0DD7ADDAF3,3TW5,I,802,88,2022/2023,89.0,2020,TW5,51.25,False
0DD7ADDAF3,3TW5,II,539,194,2022/2023,64.0,2020,TW5,42.25,False
E45666FE1F,3TW5,I,802,244,2022/2023,69.6,2020,TW5,51.25,False
E45666FE1F,3TW5,II,539,161,2022/2023,70.1,2020,TW5,42.25,False
3F0C7DC0DA,3TŻ5,I,794,260,2022/2023,67.3,2020,TŻ5,43.75,False
3F0C7DC0DA,3TŻ5,II,437,144,2022/2023,67.0,2020,TŻ5,54.85,False
CD95F36AEF,3TŻ5,I,794,35,2022/2023,95.6,2020,TŻ5,43.75,False
CD95F36AEF,3TŻ5,II,437,69,2022/2023,84.2,2020,TŻ5,54.85,False
7BEA62D88E,3TŻ5,I,794,115,2022/2023,85.5,2020,TŻ5,43.75,False
7BEA62D88E,3TŻ5,II,437,128,2022/2023,70.7,2020,TŻ5,54.85,False
6A5DE94F49,3TŻ5,I,776,388,2022/2023,50.0,2020,TŻ5,43.75,False
6A5DE94F49,3TŻ5,II,437,147,2022/2023,66.4,2020,TŻ5,54.85,False
316DDD1940,3TŻ5,I,794,311,2022/2023,60.8,2020,TŻ5,43.75,False
316DDD1940,3TŻ5,II,437,141,2022/2023,67.7,2020,TŻ5,54.85,False
CAA32635AA,3TŻ5,I,794,135,2022/2023,83.0,2020,TŻ5,43.75,False
CAA32635AA,3TŻ5,II,437,113,2022/2023,74.1,2020,TŻ5,54.85,False
F669A1508D,3TŻ5,I,794,65,2022/2023,91.8,2020,TŻ5,43.75,False
F669A1508D,3TŻ5,II,437,93,2022/2023,78.7,2020,TŻ5,54.85,False
1CD1A2B0B8,3TŻ5,I,751,268,2022/2023,64.3,2020,TŻ5,43.75,False
1CD1A2B0B8,3TŻ5,II,397,144,2022/2023,63.7,2020,TŻ5,54.85,False
53E89434AB,3TŻ5,I,794,253,2022/2023,68.1,2020,TŻ5,43.75,False
53E89434AB,3TŻ5,II,437,160,2022/2023,63.4,2020,TŻ5,54.85,False
65F25A395E,3TŻ5,I,776,169,2022/2023,78.2,2020,TŻ5,43.75,False
65F25A395E,3TŻ5,II,437,147,2022/2023,66.4,2020,TŻ5,54.85,False
B33F428A33,3TŻ5,I,794,167,2022/2023,79.0,2020,TŻ5,43.75,False
B33F428A33,3TŻ5,II,437,131,2022/2023,70.0,2020,TŻ5,54.85,False
D1F6555E9E,3TŻ5,I,776,178,2022/2023,77.1,2020,TŻ5,43.75,False
D1F6555E9E,3TŻ5,II,437,104,2022/2023,76.2,2020,TŻ5,54.85,False
B76800681B,3TŻ5,I,794,209,2022/2023,73.7,2020,TŻ5,43.75,False
B76800681B,3TŻ5,II,437,171,2022/2023,60.9,2020,TŻ5,54.85,False
79B382A97F,4RŻ5,I,534,52,2022/2023,90.3,2019,RŻ5,48.8,False
79B382A97F,4RŻ5,II,448,161,2022/2023,64.1,2019,RŻ5,25.25,False
14319EA7C2,4RŻ5,I,507,26,2022/2023,94.9,2019,RŻ5,48.8,False
14319EA7C2,4RŻ5,II,422,42,2022/2023,90.0,2019,RŻ5,25.25,False
71DE1067D6,4RŻ5,I,595,177,2022/2023,70.3,2019,RŻ5,48.8,False
71DE1067D6,4RŻ5,II,501,222,2022/2023,55.7,2019,RŻ5,25.25,False
C125F70583,4RŻ5,I,622,113,2022/2023,81.8,2019,RŻ5,48.8,False
C125F70583,4RŻ5,II,527,142,2022/2023,73.1,2019,RŻ5,25.25,False
7284E44E67,4RŻ5,I,507,246,2022/2023,51.5,2019,RŻ5,48.8,False
7284E44E67,4RŻ5,II,422,221,2022/2023,47.6,2019,RŻ5,25.25,False
432F9B143B,4RŻ5,I,534,32,2022/2023,94.0,2019,RŻ5,48.8,False
432F9B143B,4RŻ5,II,448,157,2022/2023,65.0,2019,RŻ5,25.25,False
1E12E6E73A,4RŻ5,I,622,212,2022/2023,65.9,2019,RŻ5,48.8,False
1E12E6E73A,4RŻ5,II,527,262,2022/2023,50.3,2019,RŻ5,25.25,False
EEF95A0E99,4RŻ5,I,534,202,2022/2023,62.2,2019,RŻ5,48.8,False
EEF95A0E99,4RŻ5,II,448,208,2022/2023,53.6,2019,RŻ5,25.25,False
C10892CDD0,4RŻ5,I,507,217,2022/2023,57.2,2019,RŻ5,48.8,False
C10892CDD0,4RŻ5,II,422,268,2022/2023,36.5,2019,RŻ5,25.25,False
AF2BA1503D,4RŻ5,I,534,116,2022/2023,78.3,2019,RŻ5,48.8,False
AF2BA1503D,4RŻ5,II,448,191,2022/2023,57.4,2019,RŻ5,25.25,False
C1596BA96D,4RŻ5,I,507,268,2022/2023,47.1,2019,RŻ5,48.8,True
C1596BA96D,4RŻ5,II,422,213,2022/2023,49.5,2019,RŻ5,25.25,False
AFDB2301D6,4RŻ5,I,595,161,2022/2023,72.9,2019,RŻ5,48.8,False
AFDB2301D6,4RŻ5,II,501,272,2022/2023,45.7,2019,RŻ5,25.25,False
42C6F17206,4RŻ5,I,622,138,2022/2023,77.8,2019,RŻ5,48.8,False
42C6F17206,4RŻ5,II,527,208,2022/2023,60.5,2019,RŻ5,25.25,False
D2339544C8,4RŻ5,I,622,297,2022/2023,52.3,2019,RŻ5,48.8,False
D2339544C8,4RŻ5,II,527,388,2022/2023,26.4,2019,RŻ5,25.25,False
1F159E3E9E,4RŻ5,I,507,21,2022/2023,95.9,2019,RŻ5,48.8,False
1F159E3E9E,4RŻ5,II,422,24,2022/2023,94.3,2019,RŻ5,25.25,False
069E18C595,4RŻ5,I,534,179,2022/2023,66.5,2019,RŻ5,48.8,False
069E18C595,4RŻ5,II,448,216,2022/2023,51.8,2019,RŻ5,25.25,False
699C40D03D,4RŻ5,I,507,57,2022/2023,88.8,2019,RŻ5,48.8,False
699C40D03D,4RŻ5,II,422,107,2022/2023,74.6,2019,RŻ5,25.25,False
5429C2BA59,4RŻ5,I,534,151,2022/2023,71.7,2019,RŻ5,48.8,False
5429C2BA59,4RŻ5,II,448,232,2022/2023,48.2,2019,RŻ5,25.25,False
5C24230BE6,4RŻ5,I,534,122,2022/2023,77.2,2019,RŻ5,48.8,False
5C24230BE6,4RŻ5,II,448,205,2022/2023,54.2,2019,RŻ5,25.25,False
30BBB22CB7,4RŻ5,I,595,163,2022/2023,72.6,2019,RŻ5,48.8,False
30BBB22CB7,4RŻ5,II,501,214,2022/2023,57.3,2019,RŻ5,25.25,False
54C1680A6B,4RŻ5,I,622,160,2022/2023,74.3,2019,RŻ5,48.8,False
54C1680A6B,4RŻ5,II,527,281,2022/2023,46.7,2019,RŻ5,25.25,False
6419522A82,4RŻ5,I,507,146,2022/2023,71.2,2019,RŻ5,48.8,False
6419522A82,4RŻ5,II,422,173,2022/2023,59.0,2019,RŻ5,25.25,False
933047F475,4RŻ5,I,534,169,2022/2023,68.4,2019,RŻ5,48.8,False
933047F475,4RŻ5,II,448,228,2022/2023,49.1,2019,RŻ5,25.25,False
8DBEC938B6,4RŻ5,I,622,136,2022/2023,78.1,2019,RŻ5,48.8,False
8DBEC938B6,4RŻ5,II,527,180,2022/2023,65.8,2019,RŻ5,25.25,False
03697CB742,4RŻ5,I,622,165,2022/2023,73.5,2019,RŻ5,48.8,False
03697CB742,4RŻ5,II,527,180,2022/2023,65.8,2019,RŻ5,25.25,False
702D690EDF,4RŻ5,I,534,299,2022/2023,44.0,2019,RŻ5,48.8,True
702D690EDF,4RŻ5,II,448,293,2022/2023,34.6,2019,RŻ5,25.25,False
7276FFBF4E,4RŻ5,I,534,154,2022/2023,71.2,2019,RŻ5,48.8,False
7276FFBF4E,4RŻ5,II,448,179,2022/2023,60.0,2019,RŻ5,25.25,False
0023EFDB2E,4RŻ5,I,622,189,2022/2023,69.6,2019,RŻ5,48.8,False
0023EFDB2E,4RŻ5,II,527,252,2022/2023,52.2,2019,RŻ5,25.25,False
CDFF9623C2,4RŻ5,I,534,93,2022/2023,82.6,2019,RŻ5,48.8,False
CDFF9623C2,4RŻ5,II,448,144,2022/2023,67.9,2019,RŻ5,25.25,False
2935D10308,4TM5,I,522,59,2022/2023,88.7,2019,TM5,56.61,False
2935D10308,4TM5,II,407,109,2022/2023,73.2,2019,TM5,41.07,False
D1042AD297,4TM5,I,522,108,2022/2023,79.3,2019,TM5,56.61,False
D1042AD297,4TM5,II,407,167,2022/2023,59.0,2019,TM5,41.07,False
981DF823A3,4TM5,I,522,12,2022/2023,97.7,2019,TM5,56.61,False
981DF823A3,4TM5,II,407,132,2022/2023,67.6,2019,TM5,41.07,False
ACB36E88F0,4TM5,I,522,10,2022/2023,98.1,2019,TM5,56.61,False
ACB36E88F0,4TM5,II,407,61,2022/2023,85.0,2019,TM5,41.07,False
E17A875CD9,4TM5,I,522,148,2022/2023,71.6,2019,TM5,56.61,False
E17A875CD9,4TM5,II,407,111,2022/2023,72.7,2019,TM5,41.07,False
7E6CEEF3DC,4TM5,I,522,40,2022/2023,92.3,2019,TM5,56.61,False
7E6CEEF3DC,4TM5,II,407,98,2022/2023,75.9,2019,TM5,41.07,False
478A24481E,4TM5,I,522,29,2022/2023,94.4,2019,TM5,56.61,False
478A24481E,4TM5,II,407,141,2022/2023,65.4,2019,TM5,41.07,False
95F89069D2,4TM5,I,522,218,2022/2023,58.2,2019,TM5,56.61,False
95F89069D2,4TM5,II,407,94,2022/2023,76.9,2019,TM5,41.07,False
4308B57EDC,4TM5,I,522,88,2022/2023,83.1,2019,TM5,56.61,False
4308B57EDC,4TM5,II,407,187,2022/2023,54.1,2019,TM5,41.07,False
ED3D18923C,4TM5,I,522,131,2022/2023,74.9,2019,TM5,56.61,False
ED3D18923C,4TM5,II,407,120,2022/2023,70.5,2019,TM5,41.07,False
2F536A29DF,4TM5,I,522,202,2022/2023,61.3,2019,TM5,56.61,False
2F536A29DF,4TM5,II,407,183,2022/2023,55.0,2019,TM5,41.07,False
ED1D9CC0A8,4TM5,I,522,53,2022/2023,89.8,2019,TM5,56.61,False
ED1D9CC0A8,4TM5,II,407,103,2022/2023,74.7,2019,TM5,41.07,False
2CC79D8095,4TM5,I,522,79,2022/2023,84.9,2019,TM5,56.61,False
2CC79D8095,4TM5,II,407,94,2022/2023,76.9,2019,TM5,41.07,False
02DD9750C3,4TM5,I,522,61,2022/2023,88.3,2019,TM5,56.61,False
02DD9750C3,4TM5,II,407,124,2022/2023,69.5,2019,TM5,41.07,False
2A67A029B7,4TM5,I,522,87,2022/2023,83.3,2019,TM5,56.61,False
2A67A029B7,4TM5,II,407,172,2022/2023,57.7,2019,TM5,41.07,False
0D08F75B41,4TM5,I,522,100,2022/2023,80.8,2019,TM5,56.61,False
0D08F75B41,4TM5,II,407,145,2022/2023,64.4,2019,TM5,41.07,False
2D31E81106,4TM5,I,522,32,2022/2023,93.9,2019,TM5,56.61,False
2D31E81106,4TM5,II,407,152,2022/2023,62.7,2019,TM5,41.07,False
89918C41A8,4TM5,I,522,12,2022/2023,97.7,2019,TM5,56.61,False
89918C41A8,4TM5,II,407,80,2022/2023,80.3,2019,TM5,41.07,False
77A84704B2,4TM5,I,522,118,2022/2023,77.4,2019,TM5,56.61,False
77A84704B2,4TM5,II,407,148,2022/2023,63.6,2019,TM5,41.07,False
E340CA8D80,4TM5,I,522,113,2022/2023,78.4,2019,TM5,56.61,False
E340CA8D80,4TM5,II,407,166,2022/2023,59.2,2019,TM5,41.07,False
3EEA072A53,4TM5,I,522,182,2022/2023,65.1,2019,TM5,56.61,False
3EEA072A53,4TM5,II,407,159,2022/2023,60.9,2019,TM5,41.07,False
A055A48265,4TM5,I,522,75,2022/2023,85.6,2019,TM5,56.61,False
A055A48265,4TM5,II,407,157,2022/2023,61.4,2019,TM5,41.07,False
6B7829B31D,1MK,I,677,159,2022/2023,76.5,2022,MK,41.65,False
6B7829B31D,1MK,II,456,76,2022/2023,83.3,2022,MK,40.1,False
21CCB31218,1MK,I,677,125,2022/2023,81.5,2022,MK,41.65,False
21CCB31218,1MK,II,456,198,2022/2023,56.6,2022,MK,40.1,False
38E81BD51F,1MK,I,677,199,2022/2023,70.6,2022,MK,41.65,False
38E81BD51F,1MK,II,456,189,2022/2023,58.6,2022,MK,40.1,False
E925A2C893,1MK,I,22,6,2022/2023,72.7,2022,MK,41.65,False
E925A2C893,1MK,II,455,86,2022/2023,81.1,2022,MK,40.1,False
9DDA40F2D9,1MK,I,677,270,2022/2023,60.1,2022,MK,41.65,False
9DDA40F2D9,1MK,II,456,63,2022/2023,86.2,2022,MK,40.1,False
5FBDF98D17,1MK,I,634,252,2022/2023,60.3,2022,MK,41.65,False
5FBDF98D17,1MK,II,449,94,2022/2023,79.1,2022,MK,40.1,False
1939788789,1MK,I,89,28,2022/2023,68.5,2022,MK,41.65,False
03C33EFC61,1MK,I,677,23,2022/2023,96.6,2022,MK,41.65,False
03C33EFC61,1MK,II,456,38,2022/2023,91.7,2022,MK,40.1,False
B6F6633122,1MK,I,634,64,2022/2023,89.9,2022,MK,41.65,False
B6F6633122,1MK,II,449,73,2022/2023,83.7,2022,MK,40.1,False
B98B27894E,1MK,I,677,58,2022/2023,91.4,2022,MK,41.65,False
B98B27894E,1MK,II,456,100,2022/2023,78.1,2022,MK,40.1,False
43D4B728D8,1MK,I,634,18,2022/2023,97.2,2022,MK,41.65,False
43D4B728D8,1MK,II,449,38,2022/2023,91.5,2022,MK,40.1,False
1BBBDED4D9,1MK,I,677,131,2022/2023,80.6,2022,MK,41.65,False
1BBBDED4D9,1MK,II,456,148,2022/2023,67.5,2022,MK,40.1,False
67D8901050,1MK,I,31,6,2022/2023,80.6,2022,MK,41.65,False
72420DFAAD,1MK,I,634,99,2022/2023,84.4,2022,MK,41.65,False
72420DFAAD,1MK,II,449,73,2022/2023,83.7,2022,MK,40.1,False
381F85F9FF,1MK,I,677,281,2022/2023,58.5,2022,MK,41.65,False
381F85F9FF,1MK,II,456,401,2022/2023,12.1,2022,MK,40.1,True
4A135655CB,1MK,I,634,121,2022/2023,80.9,2022,MK,41.65,False
4A135655CB,1MK,II,449,82,2022/2023,81.7,2022,MK,40.1,False
C3B8B9BAB3,1MK,I,659,56,2022/2023,91.5,2022,MK,41.65,False
C3B8B9BAB3,1MK,II,442,93,2022/2023,79.0,2022,MK,40.1,False
EF2B9A0982,1MK,I,522,51,2022/2023,90.2,2022,MK,41.65,False
EF2B9A0982,1MK,II,362,54,2022/2023,85.1,2022,MK,40.1,False
1989F40E9B,1MK,I,89,30,2022/2023,66.3,2022,MK,41.65,False
D110BB1996,1MK,I,81,11,2022/2023,86.4,2022,MK,41.65,False
D110BB1996,1MK,II,456,172,2022/2023,62.3,2022,MK,40.1,False
8B04FD22EE,1MK,I,545,170,2022/2023,68.8,2022,MK,41.65,False
8B04FD22EE,1MK,II,376,127,2022/2023,66.2,2022,MK,40.1,False
E9C891E3F0,1MK,I,40,10,2022/2023,75.0,2022,MK,41.65,False
E9C891E3F0,1MK,II,456,154,2022/2023,66.2,2022,MK,40.1,False
6A32292DA6,1MK,I,672,213,2022/2023,68.3,2022,MK,41.65,False
6A32292DA6,1MK,II,456,195,2022/2023,57.2,2022,MK,40.1,False
11E26BD505,1MK,I,672,30,2022/2023,95.5,2022,MK,41.65,False
11E26BD505,1MK,II,456,88,2022/2023,80.7,2022,MK,40.1,False
729F5EF90C,1MK,I,634,6,2022/2023,99.1,2022,MK,41.65,False
729F5EF90C,1MK,II,449,52,2022/2023,88.4,2022,MK,40.1,False
1B7B63E233,1MK,I,634,98,2022/2023,84.5,2022,MK,41.65,False
1B7B63E233,1MK,II,449,88,2022/2023,80.4,2022,MK,40.1,False
526B8D0E54,1MK,I,672,98,2022/2023,85.4,2022,MK,41.65,False
526B8D0E54,1MK,II,456,174,2022/2023,61.8,2022,MK,40.1,False
A4D32F1059,1MK,I,634,151,2022/2023,76.2,2022,MK,41.65,False
A4D32F1059,1MK,II,449,125,2022/2023,72.2,2022,MK,40.1,False
62413E47C4,1MK,I,672,269,2022/2023,60.0,2022,MK,41.65,False
62413E47C4,1MK,II,456,223,2022/2023,51.1,2022,MK,40.1,False
E6ACE753C1,1MK,I,19,4,2022/2023,78.9,2022,MK,41.65,False
A393E1AC9E,1MK,I,672,136,2022/2023,79.8,2022,MK,41.65,False
A393E1AC9E,1MK,II,456,137,2022/2023,70.0,2022,MK,40.1,False
AAE67D0085,1MK,I,672,95,2022/2023,85.9,2022,MK,41.65,False
AAE67D0085,1MK,II,456,108,2022/2023,76.3,2022,MK,40.1,False
481520C19E,1MK,II,97,18,2022/2023,81.4,2022,MK,40.1,False
A8C178CF82,1MK,I,672,5,2022/2023,99.3,2022,MK,41.65,False
A8C178CF82,1MK,II,456,40,2022/2023,91.2,2022,MK,40.1,False
EE908F587C,2M,I,692,219,2022/2023,68.4,2021,M,46.88,False
EE908F587C,2M,II,460,179,2022/2023,61.1,2021,M,29.06,False
DD78E090BB,2M,I,692,111,2022/2023,84.0,2021,M,46.88,False
DD78E090BB,2M,II,460,198,2022/2023,57.0,2021,M,29.06,False
23B466CB9C,2M,I,692,157,2022/2023,77.3,2021,M,46.88,False
23B466CB9C,2M,II,460,130,2022/2023,71.7,2021,M,29.06,False
DA27AACFA2,2M,I,692,198,2022/2023,71.4,2021,M,46.88,False
DA27AACFA2,2M,II,460,79,2022/2023,82.8,2021,M,29.06,False
798DC9DE87,2M,I,692,69,2022/2023,90.0,2021,M,46.88,False
798DC9DE87,2M,II,460,110,2022/2023,76.1,2021,M,29.06,False
A32EE5D48C,2M,I,658,105,2022/2023,84.0,2021,M,46.88,False
A32EE5D48C,2M,II,430,405,2022/2023,5.8,2021,M,29.06,True
4C878E2137,2M,I,692,64,2022/2023,90.8,2021,M,46.88,False
4C878E2137,2M,II,460,114,2022/2023,75.2,2021,M,29.06,False
576D777D09,2M,I,692,94,2022/2023,86.4,2021,M,46.88,False
576D777D09,2M,II,460,159,2022/2023,65.4,2021,M,29.06,False
F70FE5F380,2M,I,692,156,2022/2023,77.5,2021,M,46.88,False
F70FE5F380,2M,II,460,196,2022/2023,57.4,2021,M,29.06,False
6D2F52EE76,2M,I,692,237,2022/2023,65.8,2021,M,46.88,False
6D2F52EE76,2M,II,460,226,2022/2023,50.9,2021,M,29.06,False
17344874FB,2M,I,692,245,2022/2023,64.6,2021,M,46.88,False
17344874FB,2M,II,460,214,2022/2023,53.5,2021,M,29.06,False
1353AF652A,2M,I,692,301,2022/2023,56.5,2021,M,46.88,False
1353AF652A,2M,II,460,231,2022/2023,49.8,2021,M,29.06,False
2F76542913,2M,I,692,178,2022/2023,74.3,2021,M,46.88,False
2F76542913,2M,II,460,210,2022/2023,54.3,2021,M,29.06,False
EAB7582532,2M,I,692,197,2022/2023,71.5,2021,M,46.88,False
EAB7582532,2M,II,460,199,2022/2023,56.7,2021,M,29.06,False
2072B8A93F,3M,I,729,452,2022/2023,38.0,2020,M,25.64,False
2072B8A93F,3M,II,479,299,2022/2023,37.6,2020,M,22.35,False
7AC8AB8A05,3M,I,729,172,2022/2023,76.4,2020,M,25.64,False
7AC8AB8A05,3M,II,479,126,2022/2023,73.7,2020,M,22.35,False
27505A1520,3M,I,729,424,2022/2023,41.8,2020,M,25.64,False
27505A1520,3M,II,479,208,2022/2023,56.6,2020,M,22.35,False
2749F8FF3A,3M,I,729,274,2022/2023,62.4,2020,M,25.64,False
2749F8FF3A,3M,II,479,240,2022/2023,49.9,2020,M,22.35,False
F4A86127E1,3M,I,729,278,2022/2023,61.9,2020,M,25.64,False
F4A86127E1,3M,II,479,129,2022/2023,73.1,2020,M,22.35,False
FED285A429,3M,I,729,215,2022/2023,70.5,2020,M,25.64,False
FED285A429,3M,II,479,135,2022/2023,71.8,2020,M,22.35,False
08B5634E90,3M,I,729,165,2022/2023,77.4,2020,M,25.64,False
08B5634E90,3M,II,479,144,2022/2023,69.9,2020,M,22.35,False
5FF9AC7EA8,3M,I,729,136,2022/2023,81.3,2020,M,25.64,False
5FF9AC7EA8,3M,II,479,112,2022/2023,76.6,2020,M,22.35,False
B2A1CAF44C,3M,I,729,286,2022/2023,60.8,2020,M,25.64,False
B2A1CAF44C,3M,II,479,162,2022/2023,66.2,2020,M,22.35,False
C86788ACA3,3M,I,729,289,2022/2023,60.4,2020,M,25.64,False
C86788ACA3,3M,II,479,226,2022/2023,52.8,2020,M,22.35,False
5BC6EDC0F8,3M,I,729,338,2022/2023,53.6,2020,M,25.64,False
5BC6EDC0F8,3M,II,479,246,2022/2023,48.6,2020,M,22.35,False
755B2B8872,3M,I,729,211,2022/2023,71.1,2020,M,25.64,False
755B2B8872,3M,II,479,156,2022/2023,67.4,2020,M,22.35,False
3D708695C3,3M,I,641,384,2022/2023,40.1,2020,M,25.64,False
91AD19B797,3M,I,729,135,2022/2023,81.5,2020,M,25.64,False
91AD19B797,3M,II,479,106,2022/2023,77.9,2020,M,22.35,False
7700936E4E,1TMR,I,628,87,2023/2024,86.1,2023,TMR,61.4,False
7700936E4E,1TMR,II,643,128,2023/2024,80.1,2023,TMR,45.65,False
F8B50A8344,1TMR,I,628,120,2023/2024,80.9,2023,TMR,61.4,False
F8B50A8344,1TMR,II,665,266,2023/2024,60.0,2023,TMR,45.65,False
03AEB33741,1TMR,I,628,52,2023/2024,91.7,2023,TMR,61.4,False
03AEB33741,1TMR,II,665,181,2023/2024,72.8,2023,TMR,45.65,False
A9E9EC6594,1TMR,I,628,27,2023/2024,95.7,2023,TMR,61.4,False
A9E9EC6594,1TMR,II,657,123,2023/2024,81.3,2023,TMR,45.65,False
98FEAB8F76,1TMR,I,628,37,2023/2024,94.1,2023,TMR,61.4,False
98FEAB8F76,1TMR,II,665,76,2023/2024,88.6,2023,TMR,45.65,False
940BF22883,1TMR,I,628,172,2023/2024,72.6,2023,TMR,61.4,False
940BF22883,1TMR,II,651,266,2023/2024,59.1,2023,TMR,45.65,False
23DB6BD902,1TMR,I,491,84,2023/2024,82.9,2023,TMR,61.4,False
23DB6BD902,1TMR,II,521,169,2023/2024,67.6,2023,TMR,45.65,False
A1243AB615,1TMR,I,628,109,2023/2024,82.6,2023,TMR,61.4,False
A1243AB615,1TMR,II,657,223,2023/2024,66.1,2023,TMR,45.65,False
A4A36B4E09,1TMR,I,409,19,2023/2024,95.4,2023,TMR,61.4,False
083910DC52,1TMR,I,628,117,2023/2024,81.4,2023,TMR,61.4,False
083910DC52,1TMR,II,665,222,2023/2024,66.6,2023,TMR,45.65,False
FD2C74DB5D,1TMR,I,628,57,2023/2024,90.9,2023,TMR,61.4,False
FD2C74DB5D,1TMR,II,651,124,2023/2024,81.0,2023,TMR,45.65,False
B39E849D14,1TMR,I,628,42,2023/2024,93.3,2023,TMR,61.4,False
B39E849D14,1TMR,II,665,136,2023/2024,79.5,2023,TMR,45.65,False
5BF2808B10,1TMR,I,626,38,2023/2024,93.9,2023,TMR,61.4,False
5BF2808B10,1TMR,II,655,162,2023/2024,75.3,2023,TMR,45.65,False
7811B2DBCC,1TMR,I,597,271,2023/2024,54.6,2023,TMR,61.4,True
7811B2DBCC,1TMR,II,620,283,2023/2024,54.4,2023,TMR,45.65,False
B1DDFEEBB0,1TMR,I,626,36,2023/2024,94.2,2023,TMR,61.4,False
B1DDFEEBB0,1TMR,II,663,171,2023/2024,74.2,2023,TMR,45.65,False
D599412EEA,1TMR,I,626,178,2023/2024,71.6,2023,TMR,61.4,False
D599412EEA,1TMR,II,649,221,2023/2024,65.9,2023,TMR,45.65,False
3F27E14055,1TMR,I,625,78,2023/2024,87.5,2023,TMR,61.4,False
3F27E14055,1TMR,II,663,146,2023/2024,78.0,2023,TMR,45.65,False
2954C52C82,1TMR,I,625,128,2023/2024,79.5,2023,TMR,61.4,False
2954C52C82,1TMR,II,655,232,2023/2024,64.6,2023,TMR,45.65,False
D390D5A596,1TMR,I,625,98,2023/2024,84.3,2023,TMR,61.4,False
D390D5A596,1TMR,II,663,175,2023/2024,73.6,2023,TMR,45.65,False
B7C8567112,1TMR,I,178,36,2023/2024,79.8,2023,TMR,61.4,False
B7C8567112,1TMR,II,665,219,2023/2024,67.1,2023,TMR,45.65,False
B26C8B7C69,1TMR,I,626,21,2023/2024,96.6,2023,TMR,61.4,False
B26C8B7C69,1TMR,II,663,129,2023/2024,80.5,2023,TMR,45.65,False
6DD30301DF,1TMR,I,626,68,2023/2024,89.1,2023,TMR,61.4,False
6DD30301DF,1TMR,II,663,128,2023/2024,80.7,2023,TMR,45.65,False
712F3B6D7F,1TMR,I,626,35,2023/2024,94.4,2023,TMR,61.4,False
712F3B6D7F,1TMR,II,663,144,2023/2024,78.3,2023,TMR,45.65,False
D4C0C869C8,1TMR,I,628,60,2023/2024,90.4,2023,TMR,61.4,False
D4C0C869C8,1TMR,II,657,171,2023/2024,74.0,2023,TMR,45.65,False
CA401B47ED,1TMR,I,626,164,2023/2024,73.8,2023,TMR,61.4,False
CA401B47ED,1TMR,II,663,292,2023/2024,56.0,2023,TMR,45.65,False
987F5A2EB5,1TR,I,657,65,2023/2024,90.1,2023,TR,42.81,False
987F5A2EB5,1TR,II,706,189,2023/2024,73.2,2023,TR,47.1,False
1CBC1F0E57,1TR,I,657,57,2023/2024,91.3,2023,TR,42.81,False
1CBC1F0E57,1TR,II,706,137,2023/2024,80.6,2023,TR,47.1,False
E2EB12D56B,1TR,II,452,159,2023/2024,64.8,2023,TR,47.1,False
9517AC92C7,1TR,I,458,118,2023/2024,74.2,2023,TR,42.81,False
9517AC92C7,1TR,II,706,240,2023/2024,66.0,2023,TR,47.1,False
5EC10B5EC7,1TR,I,657,74,2023/2024,88.7,2023,TR,42.81,False
5EC10B5EC7,1TR,II,706,133,2023/2024,81.2,2023,TR,47.1,False
160687C9FD,1TR,I,657,105,2023/2024,84.0,2023,TR,42.81,False
160687C9FD,1TR,II,706,228,2023/2024,67.7,2023,TR,47.1,False
0373CBE4B4,1TR,I,657,77,2023/2024,88.3,2023,TR,42.81,False
0373CBE4B4,1TR,II,706,181,2023/2024,74.4,2023,TR,47.1,False
909307CE90,1TR,I,657,208,2023/2024,68.3,2023,TR,42.81,False
909307CE90,1TR,II,338,90,2023/2024,73.4,2023,TR,47.1,False
07A57A079B,1TR,I,657,31,2023/2024,95.3,2023,TR,42.81,False
07A57A079B,1TR,II,706,132,2023/2024,81.3,2023,TR,47.1,False
97F6191346,1TR,I,657,148,2023/2024,77.5,2023,TR,42.81,False
97F6191346,1TR,II,706,265,2023/2024,62.5,2023,TR,47.1,False
8DF1F18C18,1TR,I,657,263,2023/2024,60.0,2023,TR,42.81,False
8DF1F18C18,1TR,II,330,116,2023/2024,64.8,2023,TR,47.1,False
C1CA22C677,1TR,I,45,14,2023/2024,68.9,2023,TR,42.81,False
24DB2A060B,1TR,I,657,44,2023/2024,93.3,2023,TR,42.81,False
24DB2A060B,1TR,II,699,87,2023/2024,87.6,2023,TR,47.1,False
4A472E1193,1TR,I,657,230,2023/2024,65.0,2023,TR,42.81,False
4A472E1193,1TR,II,699,288,2023/2024,58.8,2023,TR,47.1,False
495ADC4194,1TR,I,46,8,2023/2024,82.6,2023,TR,42.81,False
C3DFC24DBF,1TR,I,658,204,2023/2024,69.0,2023,TR,42.81,False
C3DFC24DBF,1TR,II,714,289,2023/2024,59.5,2023,TR,47.1,False
51EF12B621,1TR,I,658,76,2023/2024,88.4,2023,TR,42.81,False
51EF12B621,1TR,II,714,157,2023/2024,78.0,2023,TR,47.1,False
362BA9762E,1TR,I,658,20,2023/2024,97.0,2023,TR,42.81,False
362BA9762E,1TR,II,714,122,2023/2024,82.9,2023,TR,47.1,False
24B2C50FF5,1TR,I,658,84,2023/2024,87.2,2023,TR,42.81,False
24B2C50FF5,1TR,II,714,220,2023/2024,69.2,2023,TR,47.1,False
161607D752,1TR,I,658,64,2023/2024,90.3,2023,TR,42.81,False
161607D752,1TR,II,714,187,2023/2024,73.8,2023,TR,47.1,False
BBAF304826,1TR,I,658,79,2023/2024,88.0,2023,TR,42.81,False
BBAF304826,1TR,II,714,198,2023/2024,72.3,2023,TR,47.1,False
5E7D2FB554,1TR,I,658,108,2023/2024,83.6,2023,TR,42.81,False
5E7D2FB554,1TR,II,705,196,2023/2024,72.2,2023,TR,47.1,False
88FDD8913F,1TR,I,251,93,2023/2024,62.9,2023,TR,42.81,False
6254A60360,1TR,I,587,116,2023/2024,80.2,2023,TR,42.81,False
6254A60360,1TR,II,714,259,2023/2024,63.7,2023,TR,47.1,False
D703A8BAD9,1TR,I,658,237,2023/2024,64.0,2023,TR,42.81,False
B7C8567112,1TR,I,402,78,2023/2024,80.6,2023,TR,42.81,False
35C4CA1854,1TR,I,658,116,2023/2024,82.4,2023,TR,42.81,False
35C4CA1854,1TR,II,714,220,2023/2024,69.2,2023,TR,47.1,False
0A5EA16AA4,1TW,I,636,133,2023/2024,79.1,2023,TW,67.6,False
0A5EA16AA4,1TW,II,665,259,2023/2024,61.1,2023,TW,44.8,False
07B34AE87D,1TW,I,636,66,2023/2024,89.6,2023,TW,67.6,False
07B34AE87D,1TW,II,665,133,2023/2024,80.0,2023,TW,44.8,False
93F39F9143,1TW,I,636,98,2023/2024,84.6,2023,TW,67.6,False
93F39F9143,1TW,II,665,154,2023/2024,76.8,2023,TW,44.8,False
EDE80F230D,1TW,I,636,70,2023/2024,89.0,2023,TW,67.6,False
EDE80F230D,1TW,II,665,173,2023/2024,74.0,2023,TW,44.8,False
16F2E08692,1TW,I,636,100,2023/2024,84.3,2023,TW,67.6,False
16F2E08692,1TW,II,665,129,2023/2024,80.6,2023,TW,44.8,False
76670B8B88,1TW,I,636,43,2023/2024,93.2,2023,TW,67.6,False
76670B8B88,1TW,II,665,113,2023/2024,83.0,2023,TW,44.8,False
ACBFBB3C0D,1TW,I,613,61,2023/2024,90.0,2023,TW,67.6,False
ACBFBB3C0D,1TW,II,638,167,2023/2024,73.8,2023,TW,44.8,False
E2EB12D56B,1TW,I,630,47,2023/2024,92.5,2023,TW,67.6,False
E2EB12D56B,1TW,II,150,50,2023/2024,66.7,2023,TW,44.8,False
BAE2ED1AB1,1TW,I,636,114,2023/2024,82.1,2023,TW,67.6,False
BAE2ED1AB1,1TW,II,665,125,2023/2024,81.2,2023,TW,44.8,False
DDE141B897,1TW,I,636,176,2023/2024,72.3,2023,TW,67.6,False
DDE141B897,1TW,II,665,254,2023/2024,61.8,2023,TW,44.8,False
843046F9C9,1TW,I,636,122,2023/2024,80.8,2023,TW,67.6,False
843046F9C9,1TW,II,665,221,2023/2024,66.8,2023,TW,44.8,False
5EF45F0346,1TW,I,636,113,2023/2024,82.2,2023,TW,67.6,False
5EF45F0346,1TW,II,665,178,2023/2024,73.2,2023,TW,44.8,False
0AEB44951B,1TW,I,633,100,2023/2024,84.2,2023,TW,67.6,False
0AEB44951B,1TW,II,664,227,2023/2024,65.8,2023,TW,44.8,False
91220F2730,1TW,I,610,82,2023/2024,86.6,2023,TW,67.6,False
91220F2730,1TW,II,637,132,2023/2024,79.3,2023,TW,44.8,False
BB8733CBED,1TW,I,633,53,2023/2024,91.6,2023,TW,67.6,False
BB8733CBED,1TW,II,664,134,2023/2024,79.8,2023,TW,44.8,False
C599144CA3,1TW,I,633,121,2023/2024,80.9,2023,TW,67.6,False
C599144CA3,1TW,II,664,152,2023/2024,77.1,2023,TW,44.8,False
0CAB948628,1TW,I,633,101,2023/2024,84.0,2023,TW,67.6,False
0CAB948628,1TW,II,664,129,2023/2024,80.6,2023,TW,44.8,False
A9C306C81D,1TW,I,633,89,2023/2024,85.9,2023,TW,67.6,False
A9C306C81D,1TW,II,664,245,2023/2024,63.1,2023,TW,44.8,False
70EC2F5365,1TW,I,605,127,2023/2024,79.0,2023,TW,67.6,False
70EC2F5365,1TW,II,664,155,2023/2024,76.7,2023,TW,44.8,False
0644E624AB,1TW,I,633,176,2023/2024,72.2,2023,TW,67.6,False
0644E624AB,1TW,II,664,258,2023/2024,61.1,2023,TW,44.8,False
D14E748152,1TW,I,633,41,2023/2024,93.5,2023,TW,67.6,False
D14E748152,1TW,II,664,102,2023/2024,84.6,2023,TW,44.8,False
F70F492F95,1TW,I,633,149,2023/2024,76.5,2023,TW,67.6,False
F70F492F95,1TW,II,664,243,2023/2024,63.4,2023,TW,44.8,False
8B99A1F16C,1TW,I,632,193,2023/2024,69.5,2023,TW,67.6,False
8B99A1F16C,1TW,II,664,299,2023/2024,55.0,2023,TW,44.8,False
6CB4AF60EE,1TW,I,633,47,2023/2024,92.6,2023,TW,67.6,False
6CB4AF60EE,1TW,II,664,177,2023/2024,73.3,2023,TW,44.8,False
E8B683F21B,1TW,I,633,85,2023/2024,86.6,2023,TW,67.6,False
E8B683F21B,1TW,II,664,191,2023/2024,71.2,2023,TW,44.8,False
D7D0EAC4B0,1TŻ,I,642,35,2023/2024,94.5,2023,TŻ,67.3,False
D7D0EAC4B0,1TŻ,II,674,110,2023/2024,83.7,2023,TŻ,52.35,False
A3C38A835C,1TŻ,I,642,100,2023/2024,84.4,2023,TŻ,67.3,False
A3C38A835C,1TŻ,II,674,92,2023/2024,86.4,2023,TŻ,52.35,False
B84E0B6A57,1TŻ,I,642,11,2023/2024,98.3,2023,TŻ,67.3,False
B84E0B6A57,1TŻ,II,674,107,2023/2024,84.1,2023,TŻ,52.35,False
4143E901F0,1TŻ,I,642,104,2023/2024,83.8,2023,TŻ,67.3,False
4143E901F0,1TŻ,II,673,169,2023/2024,74.9,2023,TŻ,52.35,False
D5DCB8DDBF,1TŻ,I,642,50,2023/2024,92.2,2023,TŻ,67.3,False
D5DCB8DDBF,1TŻ,II,674,155,2023/2024,77.0,2023,TŻ,52.35,False
6F9DD33F7F,1TŻ,I,642,46,2023/2024,92.8,2023,TŻ,67.3,False
6F9DD33F7F,1TŻ,II,674,128,2023/2024,81.0,2023,TŻ,52.35,False
211A0B0C89,1TŻ,I,642,52,2023/2024,91.9,2023,TŻ,67.3,False
211A0B0C89,1TŻ,II,674,52,2023/2024,92.3,2023,TŻ,52.35,False
8F2AF37D0F,1TŻ,I,642,194,2023/2024,69.8,2023,TŻ,67.3,False
8F2AF37D0F,1TŻ,II,674,264,2023/2024,60.8,2023,TŻ,52.35,False
56EDD0A39A,1TŻ,I,436,66,2023/2024,84.9,2023,TŻ,67.3,False
56EDD0A39A,1TŻ,II,674,184,2023/2024,72.7,2023,TŻ,52.35,False
9DFF6EE3BD,1TŻ,I,642,100,2023/2024,84.4,2023,TŻ,67.3,False
9DFF6EE3BD,1TŻ,II,674,245,2023/2024,63.6,2023,TŻ,52.35,False
A93766A98C,1TŻ,I,642,66,2023/2024,89.7,2023,TŻ,67.3,False
A93766A98C,1TŻ,II,674,200,2023/2024,70.3,2023,TŻ,52.35,False
E04911FA86,1TŻ,I,642,126,2023/2024,80.4,2023,TŻ,67.3,False
E04911FA86,1TŻ,II,674,143,2023/2024,78.8,2023,TŻ,52.35,False
F4B12FE899,1TŻ,I,642,51,2023/2024,92.1,2023,TŻ,67.3,False
F4B12FE899,1TŻ,II,674,152,2023/2024,77.4,2023,TŻ,52.35,False
698B4CF901,1TŻ,I,639,34,2023/2024,94.7,2023,TŻ,67.3,False
698B4CF901,1TŻ,II,672,162,2023/2024,75.9,2023,TŻ,52.35,False
3F04D565F2,1TŻ,I,397,100,2023/2024,74.8,2023,TŻ,67.3,False
3F04D565F2,1TŻ,II,404,150,2023/2024,62.9,2023,TŻ,52.35,False
3DF61A4217,1TŻ,I,642,94,2023/2024,85.4,2023,TŻ,67.3,False
3DF61A4217,1TŻ,II,672,84,2023/2024,87.5,2023,TŻ,52.35,False
A31E21CDE1,1TŻ,I,642,122,2023/2024,81.0,2023,TŻ,67.3,False
A31E21CDE1,1TŻ,II,672,198,2023/2024,70.5,2023,TŻ,52.35,False
54A178C507,1TŻ,I,642,39,2023/2024,93.9,2023,TŻ,67.3,False
54A178C507,1TŻ,II,672,107,2023/2024,84.1,2023,TŻ,52.35,False
53C951AEB0,1TŻ,I,642,77,2023/2024,88.0,2023,TŻ,67.3,False
53C951AEB0,1TŻ,II,672,85,2023/2024,87.4,2023,TŻ,52.35,False
4B94DA2FCC,1TŻ,I,642,255,2023/2024,60.3,2023,TŻ,67.3,True
4B94DA2FCC,1TŻ,II,672,277,2023/2024,58.8,2023,TŻ,52.35,False
C61AFBB3DA,1TŻ,I,642,169,2023/2024,73.7,2023,TŻ,67.3,False
C61AFBB3DA,1TŻ,II,672,192,2023/2024,71.4,2023,TŻ,52.35,False
265EC65E02,1TŻ,I,642,112,2023/2024,82.6,2023,TŻ,67.3,False
265EC65E02,1TŻ,II,672,187,2023/2024,72.2,2023,TŻ,52.35,False
979FAF8236,1TŻ,I,642,226,2023/2024,64.8,2023,TŻ,67.3,True
979FAF8236,1TŻ,II,672,348,2023/2024,48.2,2023,TŻ,52.35,True
D4AFB7FBDD,1TŻ,I,400,6,2023/2024,98.5,2023,TŻ,67.3,False
D4AFB7FBDD,1TŻ,II,404,22,2023/2024,94.6,2023,TŻ,52.35,False
4B3B8679F8,1TŻ,I,642,42,2023/2024,93.5,2023,TŻ,67.3,False
4B3B8679F8,1TŻ,II,672,160,2023/2024,76.2,2023,TŻ,52.35,False
DA5549EDF3,1TŻ,I,642,70,2023/2024,89.1,2023,TŻ,67.3,False
DA5549EDF3,1TŻ,II,672,108,2023/2024,83.9,2023,TŻ,52.35,False
515055C608,1TŻ,I,642,90,2023/2024,86.0,2023,TŻ,67.3,False
515055C608,1TŻ,II,672,153,2023/2024,77.2,2023,TŻ,52.35,False
0BD2DF5F7A,1TŻ,I,642,109,2023/2024,83.0,2023,TŻ,67.3,False
0BD2DF5F7A,1TŻ,II,672,79,2023/2024,88.2,2023,TŻ,52.35,False
6F5E7B3666,1TŻ,I,642,41,2023/2024,93.6,2023,TŻ,67.3,False
6F5E7B3666,1TŻ,II,672,108,2023/2024,83.9,2023,TŻ,52.35,False
809530C18F,2TM5,I,652,94,2023/2024,85.6,2022,TM5,50.91,False
809530C18F,2TM5,II,591,127,2023/2024,78.5,2022,TM5,34.25,False
BF6AEF8C61,2TM5,I,653,72,2023/2024,89.0,2022,TM5,50.91,False
BF6AEF8C61,2TM5,II,606,136,2023/2024,77.6,2022,TM5,34.25,False
634A361DE2,2TM5,I,652,175,2023/2024,73.2,2022,TM5,50.91,False
634A361DE2,2TM5,II,606,264,2023/2024,56.4,2022,TM5,34.25,False
9EE013BC2A,2TM5,I,652,275,2023/2024,57.8,2022,TM5,50.91,False
9EE013BC2A,2TM5,II,606,268,2023/2024,55.8,2022,TM5,34.25,False
6CBA33ABB7,2TM5,I,652,228,2023/2024,65.0,2022,TM5,50.91,False
6CBA33ABB7,2TM5,II,606,252,2023/2024,58.4,2022,TM5,34.25,False
92FDDFBFA6,2TM5,I,652,171,2023/2024,73.8,2022,TM5,50.91,False
92FDDFBFA6,2TM5,II,591,199,2023/2024,66.3,2022,TM5,34.25,False
36C712836D,2TM5,I,652,151,2023/2024,76.8,2022,TM5,50.91,False
36C712836D,2TM5,II,606,201,2023/2024,66.8,2022,TM5,34.25,False
ABAF891FDF,2TM5,I,652,26,2023/2024,96.0,2022,TM5,50.91,False
ABAF891FDF,2TM5,II,606,107,2023/2024,82.3,2022,TM5,34.25,False
5F9041FF2E,2TM5,I,653,126,2023/2024,80.7,2022,TM5,50.91,False
5F9041FF2E,2TM5,II,606,254,2023/2024,58.1,2022,TM5,34.25,False
E0485821C4,2TM5,I,652,40,2023/2024,93.9,2022,TM5,50.91,False
E0485821C4,2TM5,II,606,115,2023/2024,81.0,2022,TM5,34.25,False
914E65548B,2TM5,I,652,176,2023/2024,73.0,2022,TM5,50.91,False
914E65548B,2TM5,II,606,229,2023/2024,62.2,2022,TM5,34.25,False
F9B70B42DE,2TM5,I,652,84,2023/2024,87.1,2022,TM5,50.91,False
F9B70B42DE,2TM5,II,591,112,2023/2024,81.0,2022,TM5,34.25,False
4377BA6D39,2TM5,I,652,207,2023/2024,68.3,2022,TM5,50.91,False
4377BA6D39,2TM5,II,607,243,2023/2024,60.0,2022,TM5,34.25,False
58C6C49BB3,2TM5,I,652,150,2023/2024,77.0,2022,TM5,50.91,False
58C6C49BB3,2TM5,II,607,222,2023/2024,63.4,2022,TM5,34.25,False
70D67517C5,2TM5,I,652,107,2023/2024,83.6,2022,TM5,50.91,False
70D67517C5,2TM5,II,607,206,2023/2024,66.1,2022,TM5,34.25,False
805DEAEF7F,2TM5,I,652,160,2023/2024,75.5,2022,TM5,50.91,False
805DEAEF7F,2TM5,II,592,133,2023/2024,77.5,2022,TM5,34.25,False
BCC2D2097C,2TM5,I,1304,251,2023/2024,80.8,2022,TM5,50.91,False
BCC2D2097C,2TM5,II,1199,363,2023/2024,69.7,2022,TM5,34.25,False
4EB5ED671B,2TM5,I,652,190,2023/2024,70.9,2022,TM5,50.91,False
4EB5ED671B,2TM5,II,592,178,2023/2024,69.9,2022,TM5,34.25,False
C23F7A58D4,2TM5,I,652,119,2023/2024,81.7,2022,TM5,50.91,False
C23F7A58D4,2TM5,II,607,142,2023/2024,76.6,2022,TM5,34.25,False
A976A8F4A3,2TM5,I,652,206,2023/2024,68.4,2022,TM5,50.91,False
A976A8F4A3,2TM5,II,607,210,2023/2024,65.4,2022,TM5,34.25,False
41B03EE727,2TM5,I,652,217,2023/2024,66.7,2022,TM5,50.91,False
41B03EE727,2TM5,II,548,218,2023/2024,60.2,2022,TM5,34.25,False
6DD30301DF,2TM5,I,11,1,2023/2024,90.9,2022,TM5,50.91,False
50229D065B,2TR5,I,634,191,2023/2024,69.9,2022,TR5,62.52,False
50229D065B,2TR5,II,608,266,2023/2024,56.2,2022,TR5,58.07,True
13CE1DABEB,2TR5,I,657,20,2023/2024,97.0,2022,TR5,62.52,False
13CE1DABEB,2TR5,II,636,98,2023/2024,84.6,2022,TR5,58.07,False
46A969DD52,2TR5,I,657,157,2023/2024,76.1,2022,TR5,62.52,False
46A969DD52,2TR5,II,630,214,2023/2024,66.0,2022,TR5,58.07,False
0F4BB60648,2TR5,I,657,98,2023/2024,85.1,2022,TR5,62.52,False
0F4BB60648,2TR5,II,630,142,2023/2024,77.5,2022,TR5,58.07,False
5C6D35477D,2TR5,I,657,89,2023/2024,86.5,2022,TR5,62.52,False
5C6D35477D,2TR5,II,630,191,2023/2024,69.7,2022,TR5,58.07,False
044A58D6C2,2TR5,I,657,107,2023/2024,83.7,2022,TR5,62.52,False
044A58D6C2,2TR5,II,630,162,2023/2024,74.3,2022,TR5,58.07,False
EFA14EF01D,2TR5,I,657,194,2023/2024,70.5,2022,TR5,62.52,False
EFA14EF01D,2TR5,II,636,300,2023/2024,52.8,2022,TR5,58.07,True
41F56EF605,2TR5,I,657,141,2023/2024,78.5,2022,TR5,62.52,False
41F56EF605,2TR5,II,630,222,2023/2024,64.8,2022,TR5,58.07,False
D3891B2179,2TR5,I,657,104,2023/2024,84.2,2022,TR5,62.52,False
D3891B2179,2TR5,II,630,195,2023/2024,69.0,2022,TR5,58.07,False
4011B2C987,2TR5,I,657,139,2023/2024,78.8,2022,TR5,62.52,False
4011B2C987,2TR5,II,628,191,2023/2024,69.6,2022,TR5,58.07,False
55F0BD5C16,2TR5,I,657,161,2023/2024,75.5,2022,TR5,62.52,False
55F0BD5C16,2TR5,II,630,271,2023/2024,57.0,2022,TR5,58.07,True
B52D84287A,2TR5,I,657,139,2023/2024,78.8,2022,TR5,62.52,False
B52D84287A,2TR5,II,623,204,2023/2024,67.3,2022,TR5,58.07,False
833480A4AE,2TR5,I,657,152,2023/2024,76.9,2022,TR5,62.52,False
833480A4AE,2TR5,II,630,203,2023/2024,67.8,2022,TR5,58.07,False
A5DD142A01,2TR5,I,657,14,2023/2024,97.9,2022,TR5,62.52,False
A5DD142A01,2TR5,II,636,193,2023/2024,69.7,2022,TR5,58.07,False
1D9D01C457,2TR5,I,657,205,2023/2024,68.8,2022,TR5,62.52,False
1D9D01C457,2TR5,II,622,216,2023/2024,65.3,2022,TR5,58.07,False
0A5820F136,2TW5,I,625,112,2023/2024,82.1,2022,TW5,58.2,False
0A5820F136,2TW5,II,554,233,2023/2024,57.9,2022,TW5,44.48,False
912AAEFE58,2TW5,I,625,249,2023/2024,60.2,2022,TW5,58.2,False
912AAEFE58,2TW5,II,554,325,2023/2024,41.3,2022,TW5,44.48,True
F98002DD2C,2TW5,I,625,70,2023/2024,88.8,2022,TW5,58.2,False
F98002DD2C,2TW5,II,554,139,2023/2024,74.9,2022,TW5,44.48,False
A4308F8625,2TW5,I,625,121,2023/2024,80.6,2022,TW5,58.2,False
A4308F8625,2TW5,II,541,198,2023/2024,63.4,2022,TW5,44.48,False
BCDF4B5EE6,2TW5,I,625,118,2023/2024,81.1,2022,TW5,58.2,False
BCDF4B5EE6,2TW5,II,554,174,2023/2024,68.6,2022,TW5,44.48,False
3E9D14C704,2TW5,I,625,48,2023/2024,92.3,2022,TW5,58.2,False
3E9D14C704,2TW5,II,554,113,2023/2024,79.6,2022,TW5,44.48,False
1EC41D38ED,2TW5,I,625,25,2023/2024,96.0,2022,TW5,58.2,False
1EC41D38ED,2TW5,II,554,116,2023/2024,79.1,2022,TW5,44.48,False
143CD130AC,2TW5,I,625,112,2023/2024,82.1,2022,TW5,58.2,False
143CD130AC,2TW5,II,554,174,2023/2024,68.6,2022,TW5,44.48,False
AC16C22BDD,2TW5,I,625,43,2023/2024,93.1,2022,TW5,58.2,False
AC16C22BDD,2TW5,II,554,126,2023/2024,77.3,2022,TW5,44.48,False
63304A2953,2TW5,I,596,210,2023/2024,64.8,2022,TW5,58.2,False
63304A2953,2TW5,II,537,260,2023/2024,51.6,2022,TW5,44.48,False
9E86A0D961,2TW5,I,625,76,2023/2024,87.8,2022,TW5,58.2,False
9E86A0D961,2TW5,II,554,177,2023/2024,68.1,2022,TW5,44.48,False
61981B857B,2TW5,I,625,145,2023/2024,76.8,2022,TW5,58.2,False
61981B857B,2TW5,II,554,187,2023/2024,66.2,2022,TW5,44.48,False
D7DADAF72A,2TW5,I,625,224,2023/2024,64.2,2022,TW5,58.2,False
D7DADAF72A,2TW5,II,560,247,2023/2024,55.9,2022,TW5,44.48,False
BFCF86F28B,2TW5,I,625,129,2023/2024,79.4,2022,TW5,58.2,False
BFCF86F28B,2TW5,II,560,235,2023/2024,58.0,2022,TW5,44.48,False
0427C2D88E,2TW5,I,625,130,2023/2024,79.2,2022,TW5,58.2,False
0427C2D88E,2TW5,II,560,216,2023/2024,61.4,2022,TW5,44.48,False
B1071E9DB8,2TW5,I,625,62,2023/2024,90.1,2022,TW5,58.2,False
B1071E9DB8,2TW5,II,560,166,2023/2024,70.4,2022,TW5,44.48,False
BD9FD4EA6A,2TW5,I,625,147,2023/2024,76.5,2022,TW5,58.2,False
BD9FD4EA6A,2TW5,II,560,166,2023/2024,70.4,2022,TW5,44.48,False
06AAE9D41A,2TW5,I,625,35,2023/2024,94.4,2022,TW5,58.2,False
06AAE9D41A,2TW5,II,560,168,2023/2024,70.0,2022,TW5,44.48,False
F2011A4FA9,2TW5,I,625,150,2023/2024,76.0,2022,TW5,58.2,False
F2011A4FA9,2TW5,II,560,195,2023/2024,65.2,2022,TW5,44.48,False
D918AC2E73,2TW5,I,625,34,2023/2024,94.6,2022,TW5,58.2,False
D918AC2E73,2TW5,II,554,64,2023/2024,88.4,2022,TW5,44.48,False
868BCE38C8,2TW5,I,596,70,2023/2024,88.3,2022,TW5,58.2,False
868BCE38C8,2TW5,II,543,142,2023/2024,73.8,2022,TW5,44.48,False
86DD174670,2TW5,I,625,85,2023/2024,86.4,2022,TW5,58.2,False
86DD174670,2TW5,II,560,160,2023/2024,71.4,2022,TW5,44.48,False
14ED939C17,2TW5,I,625,30,2023/2024,95.2,2022,TW5,58.2,False
14ED939C17,2TW5,II,560,95,2023/2024,83.0,2022,TW5,44.48,False
27BA702978,2TŻ5,I,631,47,2023/2024,92.6,2022,TŻ5,58.96,False
27BA702978,2TŻ5,II,617,132,2023/2024,78.6,2022,TŻ5,41.07,False
8767095DDE,2TŻ5,I,631,66,2023/2024,89.5,2022,TŻ5,58.96,False
8767095DDE,2TŻ5,II,617,143,2023/2024,76.8,2022,TŻ5,41.07,False
069590C5EC,2TŻ5,I,631,101,2023/2024,84.0,2022,TŻ5,58.96,False
069590C5EC,2TŻ5,II,617,228,2023/2024,63.0,2022,TŻ5,41.07,False
05B54DD7BE,2TŻ5,I,631,192,2023/2024,69.6,2022,TŻ5,58.96,False
05B54DD7BE,2TŻ5,II,617,330,2023/2024,46.5,2022,TŻ5,41.07,False
C9477A3132,2TŻ5,I,631,87,2023/2024,86.2,2022,TŻ5,58.96,False
C9477A3132,2TŻ5,II,617,128,2023/2024,79.3,2022,TŻ5,41.07,False
2BDBFBD70A,2TŻ5,I,535,247,2023/2024,53.8,2022,TŻ5,58.96,True
2BDBFBD70A,2TŻ5,II,525,279,2023/2024,46.9,2022,TŻ5,41.07,False
ADF7C128AD,2TŻ5,I,631,270,2023/2024,57.2,2022,TŻ5,58.96,True
ADF7C128AD,2TŻ5,II,617,244,2023/2024,60.5,2022,TŻ5,41.07,False
8D3840E19A,2TŻ5,I,631,59,2023/2024,90.6,2022,TŻ5,58.96,False
8D3840E19A,2TŻ5,II,617,136,2023/2024,78.0,2022,TŻ5,41.07,False
4D4FDC4D2A,2TŻ5,I,631,61,2023/2024,90.3,2022,TŻ5,58.96,False
4D4FDC4D2A,2TŻ5,II,617,147,2023/2024,76.2,2022,TŻ5,41.07,False
098E54F2D6,2TŻ5,I,631,162,2023/2024,74.3,2022,TŻ5,58.96,False
098E54F2D6,2TŻ5,II,617,210,2023/2024,66.0,2022,TŻ5,41.07,False
C8DD5EAF9C,2TŻ5,I,631,98,2023/2024,84.5,2022,TŻ5,58.96,False
C8DD5EAF9C,2TŻ5,II,617,133,2023/2024,78.4,2022,TŻ5,41.07,False
8879A5BF84,2TŻ5,I,633,114,2023/2024,82.0,2022,TŻ5,58.96,False
8879A5BF84,2TŻ5,II,617,190,2023/2024,69.2,2022,TŻ5,41.07,False
063B395E1D,2TŻ5,I,545,116,2023/2024,78.7,2022,TŻ5,58.96,False
063B395E1D,2TŻ5,II,347,91,2023/2024,73.8,2022,TŻ5,41.07,False
FF82200A74,2TŻ5,I,633,141,2023/2024,77.7,2022,TŻ5,58.96,False
FF82200A74,2TŻ5,II,617,222,2023/2024,64.0,2022,TŻ5,41.07,False
22C34241E7,2TŻ5,I,633,138,2023/2024,78.2,2022,TŻ5,58.96,False
22C34241E7,2TŻ5,II,617,228,2023/2024,63.0,2022,TŻ5,41.07,False
1042F42DEB,2TŻ5,I,633,60,2023/2024,90.5,2022,TŻ5,58.96,False
1042F42DEB,2TŻ5,II,617,182,2023/2024,70.5,2022,TŻ5,41.07,False
41A63133E1,2TŻ5,I,633,62,2023/2024,90.2,2022,TŻ5,58.96,False
41A63133E1,2TŻ5,II,617,56,2023/2024,90.9,2022,TŻ5,41.07,False
143CF7F3FD,2TŻ5,I,633,119,2023/2024,81.2,2022,TŻ5,58.96,False
143CF7F3FD,2TŻ5,II,617,214,2023/2024,65.3,2022,TŻ5,41.07,False
B9EBD3E3C1,2TŻ5,I,633,140,2023/2024,77.9,2022,TŻ5,58.96,False
B9EBD3E3C1,2TŻ5,II,617,227,2023/2024,63.2,2022,TŻ5,41.07,False
BD9AE7DA74,2TŻ5,I,633,42,2023/2024,93.4,2022,TŻ5,58.96,False
BD9AE7DA74,2TŻ5,II,617,186,2023/2024,69.9,2022,TŻ5,41.07,False
EBDE48A309,2TŻ5,I,633,60,2023/2024,90.5,2022,TŻ5,58.96,False
EBDE48A309,2TŻ5,II,617,135,2023/2024,78.1,2022,TŻ5,41.07,False
EFFA4DE729,2TŻ5,I,633,158,2023/2024,75.0,2022,TŻ5,58.96,False
EFFA4DE729,2TŻ5,II,617,241,2023/2024,60.9,2022,TŻ5,41.07,False
DA41FA6CC6,3RŻ5,I,627,145,2023/2024,76.9,2021,RŻ5,57.63,False
DA41FA6CC6,3RŻ5,II,584,214,2023/2024,63.4,2021,RŻ5,44.16,False
F54B1333DB,3RŻ5,I,627,119,2023/2024,81.0,2021,RŻ5,57.63,False
F54B1333DB,3RŻ5,II,584,203,2023/2024,65.2,2021,RŻ5,44.16,False
0490095064,3RŻ5,I,600,148,2023/2024,75.3,2021,RŻ5,57.63,False
0490095064,3RŻ5,II,570,228,2023/2024,60.0,2021,RŻ5,44.16,False
E50314B097,3RŻ5,I,600,83,2023/2024,86.2,2021,RŻ5,57.63,False
E50314B097,3RŻ5,II,570,166,2023/2024,70.9,2021,RŻ5,44.16,False
7BE43D717C,3RŻ5,I,638,115,2023/2024,82.0,2021,RŻ5,57.63,False
7BE43D717C,3RŻ5,II,613,206,2023/2024,66.4,2021,RŻ5,44.16,False
B09CA92364,3RŻ5,I,638,1,2023/2024,99.8,2021,RŻ5,57.63,False
B09CA92364,3RŻ5,II,613,99,2023/2024,83.8,2021,RŻ5,44.16,False
DE218F00E2,3RŻ5,I,638,22,2023/2024,96.6,2021,RŻ5,57.63,False
DE218F00E2,3RŻ5,II,613,127,2023/2024,79.3,2021,RŻ5,44.16,False
2BA49A7C8B,3RŻ5,I,638,82,2023/2024,87.1,2021,RŻ5,57.63,False
2BA49A7C8B,3RŻ5,II,613,160,2023/2024,73.9,2021,RŻ5,44.16,False
66502486E7,3RŻ5,I,638,199,2023/2024,68.8,2021,RŻ5,57.63,False
66502486E7,3RŻ5,II,613,283,2023/2024,53.8,2021,RŻ5,44.16,False
710C25351D,3RŻ5,I,638,149,2023/2024,76.6,2021,RŻ5,57.63,False
710C25351D,3RŻ5,II,613,241,2023/2024,60.7,2021,RŻ5,44.16,False
462B7DB5AC,3RŻ5,I,638,80,2023/2024,87.5,2021,RŻ5,57.63,False
462B7DB5AC,3RŻ5,II,613,159,2023/2024,74.1,2021,RŻ5,44.16,False
4E6BB3D870,3RŻ5,I,627,174,2023/2024,72.2,2021,RŻ5,57.63,False
4E6BB3D870,3RŻ5,II,584,231,2023/2024,60.4,2021,RŻ5,44.16,False
A6CF67BD9C,3RŻ5,I,638,147,2023/2024,77.0,2021,RŻ5,57.63,False
A6CF67BD9C,3RŻ5,II,613,213,2023/2024,65.3,2021,RŻ5,44.16,False
68AE683B15,3RŻ5,I,611,81,2023/2024,86.7,2021,RŻ5,57.63,False
68AE683B15,3RŻ5,II,592,118,2023/2024,80.1,2021,RŻ5,44.16,False
4320458CF7,3RŻ5,I,627,154,2023/2024,75.4,2021,RŻ5,57.63,False
4320458CF7,3RŻ5,II,585,255,2023/2024,56.4,2021,RŻ5,44.16,False
4A5260C8A8,3RŻ5,I,638,117,2023/2024,81.7,2021,RŻ5,57.63,False
4A5260C8A8,3RŻ5,II,613,247,2023/2024,59.7,2021,RŻ5,44.16,False
AAFB3DEEC6,3RŻ5,I,627,183,2023/2024,70.8,2021,RŻ5,57.63,False
AAFB3DEEC6,3RŻ5,II,585,213,2023/2024,63.6,2021,RŻ5,44.16,False
BA84B0307B,3RŻ5,I,638,163,2023/2024,74.5,2021,RŻ5,57.63,False
BA84B0307B,3RŻ5,II,613,226,2023/2024,63.1,2021,RŻ5,44.16,False
24D99A2B7A,3RŻ5,I,638,176,2023/2024,72.4,2021,RŻ5,57.63,False
24D99A2B7A,3RŻ5,II,613,318,2023/2024,48.1,2021,RŻ5,44.16,False
0CD2C2F095,3RŻ5,I,627,131,2023/2024,79.1,2021,RŻ5,57.63,False
0CD2C2F095,3RŻ5,II,583,166,2023/2024,71.5,2021,RŻ5,44.16,False
0CE48860EC,3RŻ5,I,611,101,2023/2024,83.5,2021,RŻ5,57.63,False
0CE48860EC,3RŻ5,II,592,160,2023/2024,73.0,2021,RŻ5,44.16,False
EDBFEDF588,3RŻ5,I,627,148,2023/2024,76.4,2021,RŻ5,57.63,False
EDBFEDF588,3RŻ5,II,585,177,2023/2024,69.7,2021,RŻ5,44.16,False
A33AD07A65,3RŻ5,I,627,157,2023/2024,75.0,2021,RŻ5,57.63,False
A33AD07A65,3RŻ5,II,591,210,2023/2024,64.5,2021,RŻ5,44.16,False
2FCEEB36B4,3RŻ5,I,600,183,2023/2024,69.5,2021,RŻ5,57.63,False
2FCEEB36B4,3RŻ5,II,564,176,2023/2024,68.8,2021,RŻ5,44.16,False
D1F6555E9E,3RŻ5,I,319,257,2023/2024,19.4,2021,RŻ5,57.63,True
D1F6555E9E,3RŻ5,II,373,205,2023/2024,45.0,2021,RŻ5,44.16,False
148C0370A4,3RŻ5,I,627,189,2023/2024,69.9,2021,RŻ5,57.63,False
148C0370A4,3RŻ5,II,584,182,2023/2024,68.8,2021,RŻ5,44.16,False
2EBEDF82B0,3TM5,I,636,125,2023/2024,80.3,2021,TM5,57.2,False
2EBEDF82B0,3TM5,II,599,226,2023/2024,62.3,2021,TM5,34.32,False
5C6CD666D0,3TM5,I,636,128,2023/2024,79.9,2021,TM5,57.2,False
5C6CD666D0,3TM5,II,599,225,2023/2024,62.4,2021,TM5,34.32,False
880D7072AF,3TM5,I,636,172,2023/2024,73.0,2021,TM5,57.2,False
880D7072AF,3TM5,II,599,291,2023/2024,51.4,2021,TM5,34.32,False
A2B9CCBA47,3TM5,I,630,304,2023/2024,51.7,2021,TM5,57.2,True
A2B9CCBA47,3TM5,II,599,301,2023/2024,49.7,2021,TM5,34.32,False
61570FA665,3TM5,I,636,50,2023/2024,92.1,2021,TM5,57.2,False
61570FA665,3TM5,II,599,195,2023/2024,67.4,2021,TM5,34.32,False
22632D84EA,3TM5,I,636,87,2023/2024,86.3,2021,TM5,57.2,False
22632D84EA,3TM5,II,599,231,2023/2024,61.4,2021,TM5,34.32,False
03B870C824,3TM5,I,636,193,2023/2024,69.7,2021,TM5,57.2,False
03B870C824,3TM5,II,599,230,2023/2024,61.6,2021,TM5,34.32,False
0748FBFDF1,3TM5,I,636,166,2023/2024,73.9,2021,TM5,57.2,False
0748FBFDF1,3TM5,II,599,235,2023/2024,60.8,2021,TM5,34.32,False
D00D53FBB5,3TM5,I,636,178,2023/2024,72.0,2021,TM5,57.2,False
D00D53FBB5,3TM5,II,586,293,2023/2024,50.0,2021,TM5,34.32,False
9ADFEF334F,3TM5,I,636,83,2023/2024,86.9,2021,TM5,57.2,False
9ADFEF334F,3TM5,II,599,194,2023/2024,67.6,2021,TM5,34.32,False
C7B1ECD44B,3TM5,I,636,143,2023/2024,77.5,2021,TM5,57.2,False
C7B1ECD44B,3TM5,II,599,258,2023/2024,56.9,2021,TM5,34.32,False
3E20351F69,3TM5,I,636,170,2023/2024,73.3,2021,TM5,57.2,False
3E20351F69,3TM5,II,599,314,2023/2024,47.6,2021,TM5,34.32,False
7401216D63,3TM5,I,637,211,2023/2024,66.9,2021,TM5,57.2,False
7401216D63,3TM5,II,599,302,2023/2024,49.6,2021,TM5,34.32,False
70D1C5E5D0,3TM5,I,637,105,2023/2024,83.5,2021,TM5,57.2,False
70D1C5E5D0,3TM5,II,586,260,2023/2024,55.6,2021,TM5,34.32,False
B46655A1FC,3TM5,I,637,55,2023/2024,91.4,2021,TM5,57.2,False
B46655A1FC,3TM5,II,599,91,2023/2024,84.8,2021,TM5,34.32,False
9E8DAA8C13,3TM5,I,637,185,2023/2024,71.0,2021,TM5,57.2,False
9E8DAA8C13,3TM5,II,599,323,2023/2024,46.1,2021,TM5,34.32,False
4AFFD105F3,3TM5,I,637,169,2023/2024,73.5,2021,TM5,57.2,False
4AFFD105F3,3TM5,II,599,288,2023/2024,51.9,2021,TM5,34.32,False
BB6E69215D,3TM5,I,637,131,2023/2024,79.4,2021,TM5,57.2,False
BB6E69215D,3TM5,II,599,246,2023/2024,58.9,2021,TM5,34.32,False
B32B6054AC,3TM5,I,637,123,2023/2024,80.7,2021,TM5,57.2,False
B32B6054AC,3TM5,II,581,199,2023/2024,65.7,2021,TM5,34.32,False
FCA47D9B1F,3TM5,I,637,58,2023/2024,90.9,2021,TM5,57.2,False
FCA47D9B1F,3TM5,II,594,214,2023/2024,64.0,2021,TM5,34.32,False
AE5812FBE6,3TM5,I,637,210,2023/2024,67.0,2021,TM5,57.2,False
AE5812FBE6,3TM5,II,586,277,2023/2024,52.7,2021,TM5,34.32,False
59151983BF,3TM5,I,637,115,2023/2024,81.9,2021,TM5,57.2,False
59151983BF,3TM5,II,599,231,2023/2024,61.4,2021,TM5,34.32,False
C96A7542B5,3TM5,I,637,142,2023/2024,77.7,2021,TM5,57.2,False
C96A7542B5,3TM5,II,586,197,2023/2024,66.4,2021,TM5,34.32,False
B4C93EDD81,3TW5,I,647,199,2023/2024,69.2,2021,TW5,55.98,False
B4C93EDD81,3TW5,II,694,151,2023/2024,78.2,2021,TW5,51.02,False
248AC7111A,3TW5,I,647,94,2023/2024,85.5,2021,TW5,55.98,False
248AC7111A,3TW5,II,694,233,2023/2024,66.4,2021,TW5,51.02,False
0656150466,3TW5,I,647,94,2023/2024,85.5,2021,TW5,55.98,False
0656150466,3TW5,II,694,174,2023/2024,74.9,2021,TW5,51.02,False
B70D910674,3TW5,I,647,125,2023/2024,80.7,2021,TW5,55.98,False
B70D910674,3TW5,II,705,258,2023/2024,63.4,2021,TW5,51.02,False
61A03F2675,3TW5,I,647,80,2023/2024,87.6,2021,TW5,55.98,False
61A03F2675,3TW5,II,694,199,2023/2024,71.3,2021,TW5,51.02,False
FFCC9F97F3,3TW5,I,647,126,2023/2024,80.5,2021,TW5,55.98,False
FFCC9F97F3,3TW5,II,694,148,2023/2024,78.7,2021,TW5,51.02,False
CCA3BB568F,3TW5,I,627,112,2023/2024,82.1,2021,TW5,55.98,False
CCA3BB568F,3TW5,II,670,171,2023/2024,74.5,2021,TW5,51.02,False
33C5CA820C,3TW5,I,647,186,2023/2024,71.3,2021,TW5,55.98,False
33C5CA820C,3TW5,II,694,195,2023/2024,71.9,2021,TW5,51.02,False
165732F5D0,3TW5,I,647,206,2023/2024,68.2,2021,TW5,55.98,False
165732F5D0,3TW5,II,707,313,2023/2024,55.7,2021,TW5,51.02,False
B4D7441CB9,3TW5,I,647,163,2023/2024,74.8,2021,TW5,55.98,False
B4D7441CB9,3TW5,II,694,215,2023/2024,69.0,2021,TW5,51.02,False
75ABBFEA09,3TW5,I,647,166,2023/2024,74.3,2021,TW5,55.98,False
75ABBFEA09,3TW5,II,694,278,2023/2024,59.9,2021,TW5,51.02,False
28ACFEDFE8,3TW5,I,608,80,2023/2024,86.8,2021,TW5,55.98,False
28ACFEDFE8,3TW5,II,656,156,2023/2024,76.2,2021,TW5,51.02,False
CB69E274F4,3TW5,I,627,137,2023/2024,78.1,2021,TW5,55.98,False
CB69E274F4,3TW5,II,683,236,2023/2024,65.4,2021,TW5,51.02,False
8BC40F0707,3TW5,I,650,84,2023/2024,87.1,2021,TW5,55.98,False
8BC40F0707,3TW5,II,631,94,2023/2024,85.1,2021,TW5,51.02,False
1E452F8B76,3TW5,I,650,77,2023/2024,88.2,2021,TW5,55.98,False
1E452F8B76,3TW5,II,695,196,2023/2024,71.8,2021,TW5,51.02,False
FD77904472,3TW5,I,650,74,2023/2024,88.6,2021,TW5,55.98,False
FD77904472,3TW5,II,708,188,2023/2024,73.4,2021,TW5,51.02,False
49DA0EE07B,3TW5,I,630,239,2023/2024,62.1,2021,TW5,55.98,False
49DA0EE07B,3TW5,II,684,448,2023/2024,34.5,2021,TW5,51.02,True
02A96D4364,3TW5,I,630,85,2023/2024,86.5,2021,TW5,55.98,False
02A96D4364,3TW5,II,671,133,2023/2024,80.2,2021,TW5,51.02,False
233DC37A1E,3TW5,I,650,64,2023/2024,90.2,2021,TW5,55.98,False
233DC37A1E,3TW5,II,695,118,2023/2024,83.0,2021,TW5,51.02,False
D88AD7F31B,3TW5,I,630,151,2023/2024,76.0,2021,TW5,55.98,False
D88AD7F31B,3TW5,II,671,168,2023/2024,75.0,2021,TW5,51.02,False
571C54E9D3,3TW5,I,650,88,2023/2024,86.5,2021,TW5,55.98,False
571C54E9D3,3TW5,II,695,174,2023/2024,75.0,2021,TW5,51.02,False
68E4E95E90,3TW5,I,650,176,2023/2024,72.9,2021,TW5,55.98,False
68E4E95E90,3TW5,II,695,238,2023/2024,65.8,2021,TW5,51.02,False
69B1AB95F7,4TM5,I,385,105,2023/2024,72.7,2020,TM5,38.4,False
69B1AB95F7,4TM5,II,550,241,2023/2024,56.2,2020,TM5,39.61,False
FECF8CE156,4TM5,I,387,61,2023/2024,84.2,2020,TM5,38.4,False
FECF8CE156,4TM5,II,550,258,2023/2024,53.1,2020,TM5,39.61,False
F65658C34D,4TM5,I,387,44,2023/2024,88.6,2020,TM5,38.4,False
F65658C34D,4TM5,II,550,229,2023/2024,58.4,2020,TM5,39.61,False
BBD752E677,4TM5,I,387,41,2023/2024,89.4,2020,TM5,38.4,False
BBD752E677,4TM5,II,547,256,2023/2024,53.2,2020,TM5,39.61,False
99D7E8DBE9,4TM5,I,387,57,2023/2024,85.3,2020,TM5,38.4,False
99D7E8DBE9,4TM5,II,550,256,2023/2024,53.5,2020,TM5,39.61,False
094EE79A92,4TM5,I,387,17,2023/2024,95.6,2020,TM5,38.4,False
094EE79A92,4TM5,II,550,174,2023/2024,68.4,2020,TM5,39.61,False
EA68223CB9,4TM5,I,387,183,2023/2024,52.7,2020,TM5,38.4,False
EA68223CB9,4TM5,II,550,299,2023/2024,45.6,2020,TM5,39.61,False
E9702359F6,4TM5,I,387,142,2023/2024,63.3,2020,TM5,38.4,False
E9702359F6,4TM5,II,548,264,2023/2024,51.8,2020,TM5,39.61,False
7D9306E51F,4TM5,I,387,127,2023/2024,67.2,2020,TM5,38.4,False
7D9306E51F,4TM5,II,550,240,2023/2024,56.4,2020,TM5,39.61,False
A4FF3FD673,4TM5,I,387,72,2023/2024,81.4,2020,TM5,38.4,False
A4FF3FD673,4TM5,II,550,222,2023/2024,59.6,2020,TM5,39.61,False
FE417FF3C3,4TM5,I,387,179,2023/2024,53.7,2020,TM5,38.4,False
FE417FF3C3,4TM5,II,550,382,2023/2024,30.5,2020,TM5,39.61,True
97EC186A2A,4TM5,I,387,73,2023/2024,81.1,2020,TM5,38.4,False
97EC186A2A,4TM5,II,549,309,2023/2024,43.7,2020,TM5,39.61,False
5AFBF18368,4TM5,I,387,134,2023/2024,65.4,2020,TM5,38.4,False
5AFBF18368,4TM5,II,550,231,2023/2024,58.0,2020,TM5,39.61,False
C05978F027,4TM5,I,387,111,2023/2024,71.3,2020,TM5,38.4,False
C05978F027,4TM5,II,538,222,2023/2024,58.7,2020,TM5,39.61,False
6F984271FD,4TM5,I,387,62,2023/2024,84.0,2020,TM5,38.4,False
6F984271FD,4TM5,II,550,190,2023/2024,65.5,2020,TM5,39.61,False
76B27B3D5C,4TM5,I,387,98,2023/2024,74.7,2020,TM5,38.4,False
76B27B3D5C,4TM5,II,550,294,2023/2024,46.5,2020,TM5,39.61,False
5B124AA943,4TM5,I,387,143,2023/2024,63.0,2020,TM5,38.4,False
5B124AA943,4TM5,II,548,271,2023/2024,50.5,2020,TM5,39.61,False
922C6FF356,4TM5,I,387,93,2023/2024,76.0,2020,TM5,38.4,False
922C6FF356,4TM5,II,550,239,2023/2024,56.5,2020,TM5,39.61,False
055EE1BDCB,4TW5,I,475,117,2023/2024,75.4,2020,TW5,51.1,False
055EE1BDCB,4TW5,II,652,117,2023/2024,82.1,2020,TW5,61.35,False
AAB60024F5,4TW5,I,475,40,2023/2024,91.6,2020,TW5,51.1,False
AAB60024F5,4TW5,II,652,97,2023/2024,85.1,2020,TW5,61.35,False
210E90C9E4,4TW5,I,475,76,2023/2024,84.0,2020,TW5,51.1,False
210E90C9E4,4TW5,II,652,157,2023/2024,75.9,2020,TW5,61.35,False
B6F4709A1D,4TW5,I,475,52,2023/2024,89.1,2020,TW5,51.1,False
B6F4709A1D,4TW5,II,652,92,2023/2024,85.9,2020,TW5,61.35,False
477DE3B96F,4TW5,I,475,83,2023/2024,82.5,2020,TW5,51.1,False
477DE3B96F,4TW5,II,652,122,2023/2024,81.3,2020,TW5,61.35,False
DA07B49568,4TW5,I,475,108,2023/2024,77.3,2020,TW5,51.1,False
DA07B49568,4TW5,II,652,149,2023/2024,77.1,2020,TW5,61.35,False
617DE9606E,4TW5,I,475,68,2023/2024,85.7,2020,TW5,51.1,False
617DE9606E,4TW5,II,655,175,2023/2024,73.3,2020,TW5,61.35,False
C7A3D50E34,4TW5,I,475,25,2023/2024,94.7,2020,TW5,51.1,False
C7A3D50E34,4TW5,II,652,42,2023/2024,93.6,2020,TW5,61.35,False
5D8D20A0D2,4TW5,I,475,8,2023/2024,98.3,2020,TW5,51.1,False
5D8D20A0D2,4TW5,II,652,94,2023/2024,85.6,2020,TW5,61.35,False
0C450DAFF1,4TW5,I,475,169,2023/2024,64.4,2020,TW5,51.1,False
0C450DAFF1,4TW5,II,652,276,2023/2024,57.7,2020,TW5,61.35,True
EE75A467A8,4TW5,I,475,210,2023/2024,55.8,2020,TW5,51.1,False
EE75A467A8,4TW5,II,660,590,2023/2024,10.6,2020,TW5,61.35,True
0DD7ADDAF3,4TW5,I,475,26,2023/2024,94.5,2020,TW5,51.1,False
0DD7ADDAF3,4TW5,II,652,67,2023/2024,89.7,2020,TW5,61.35,False
E45666FE1F,4TW5,I,475,177,2023/2024,62.7,2020,TW5,51.1,False
E45666FE1F,4TW5,II,652,155,2023/2024,76.2,2020,TW5,61.35,False
3F0C7DC0DA,4TŻ5,I,477,180,2023/2024,62.3,2020,TŻ5,45.65,False
3F0C7DC0DA,4TŻ5,II,676,285,2023/2024,57.8,2020,TŻ5,37.23,False
CD95F36AEF,4TŻ5,I,477,72,2023/2024,84.9,2020,TŻ5,45.65,False
CD95F36AEF,4TŻ5,II,676,118,2023/2024,82.5,2020,TŻ5,37.23,False
7BEA62D88E,4TŻ5,I,477,127,2023/2024,73.4,2020,TŻ5,45.65,False
7BEA62D88E,4TŻ5,II,670,195,2023/2024,70.9,2020,TŻ5,37.23,False
6A5DE94F49,4TŻ5,I,458,253,2023/2024,44.8,2020,TŻ5,45.65,True
6A5DE94F49,4TŻ5,II,649,380,2023/2024,41.4,2020,TŻ5,37.23,False
316DDD1940,4TŻ5,I,477,179,2023/2024,62.5,2020,TŻ5,45.65,False
316DDD1940,4TŻ5,II,676,316,2023/2024,53.3,2020,TŻ5,37.23,False
CAA32635AA,4TŻ5,I,477,122,2023/2024,74.4,2020,TŻ5,45.65,False
CAA32635AA,4TŻ5,II,676,283,2023/2024,58.1,2020,TŻ5,37.23,False
F669A1508D,4TŻ5,I,477,24,2023/2024,95.0,2020,TŻ5,45.65,False
F669A1508D,4TŻ5,II,676,152,2023/2024,77.5,2020,TŻ5,37.23,False
1CD1A2B0B8,4TŻ5,I,455,168,2023/2024,63.1,2020,TŻ5,45.65,False
1CD1A2B0B8,4TŻ5,II,648,216,2023/2024,66.7,2020,TŻ5,37.23,False
53E89434AB,4TŻ5,I,477,217,2023/2024,54.5,2020,TŻ5,45.65,False
53E89434AB,4TŻ5,II,667,274,2023/2024,58.9,2020,TŻ5,37.23,False
65F25A395E,4TŻ5,I,458,137,2023/2024,70.1,2020,TŻ5,45.65,False
65F25A395E,4TŻ5,II,649,288,2023/2024,55.6,2020,TŻ5,37.23,False
B33F428A33,4TŻ5,I,477,140,2023/2024,70.6,2020,TŻ5,45.65,False
B33F428A33,4TŻ5,II,676,213,2023/2024,68.5,2020,TŻ5,37.23,False
B76800681B,4TŻ5,I,477,167,2023/2024,65.0,2020,TŻ5,45.65,False
B76800681B,4TŻ5,II,670,291,2023/2024,56.6,2020,TŻ5,37.23,False
79B382A97F,5RŻ5,I,483,78,2023/2024,83.9,2019,RŻ5,14.5,False
79B382A97F,5RŻ5,II,327,77,2023/2024,76.5,2019,RŻ5,-11.7,False
14319EA7C2,5RŻ5,I,464,7,2023/2024,98.5,2019,RŻ5,14.5,False
14319EA7C2,5RŻ5,II,316,47,2023/2024,85.1,2019,RŻ5,-11.7,False
71DE1067D6,5RŻ5,I,452,194,2023/2024,57.1,2019,RŻ5,14.5,False
71DE1067D6,5RŻ5,II,319,213,2023/2024,33.2,2019,RŻ5,-11.7,False
C125F70583,5RŻ5,I,471,68,2023/2024,85.6,2019,RŻ5,14.5,False
C125F70583,5RŻ5,II,339,108,2023/2024,68.1,2019,RŻ5,-11.7,False
7284E44E67,5RŻ5,I,464,249,2023/2024,46.3,2019,RŻ5,14.5,False
7284E44E67,5RŻ5,II,316,224,2023/2024,29.1,2019,RŻ5,-11.7,False
432F9B143B,5RŻ5,I,483,3,2023/2024,99.4,2019,RŻ5,14.5,False
432F9B143B,5RŻ5,II,330,24,2023/2024,92.7,2019,RŻ5,-11.7,False
1E12E6E73A,5RŻ5,I,471,223,2023/2024,52.7,2019,RŻ5,14.5,False
1E12E6E73A,5RŻ5,II,339,228,2023/2024,32.7,2019,RŻ5,-11.7,False
EEF95A0E99,5RŻ5,I,483,253,2023/2024,47.6,2019,RŻ5,14.5,False
EEF95A0E99,5RŻ5,II,336,217,2023/2024,35.4,2019,RŻ5,-11.7,False
C10892CDD0,5RŻ5,I,464,229,2023/2024,50.6,2019,RŻ5,14.5,False
C10892CDD0,5RŻ5,II,316,215,2023/2024,32.0,2019,RŻ5,-11.7,False
AF2BA1503D,5RŻ5,I,483,146,2023/2024,69.8,2019,RŻ5,14.5,False
AF2BA1503D,5RŻ5,II,336,146,2023/2024,56.5,2019,RŻ5,-11.7,False
C1596BA96D,5RŻ5,I,464,254,2023/2024,45.3,2019,RŻ5,14.5,False
C1596BA96D,5RŻ5,II,316,228,2023/2024,27.8,2019,RŻ5,-11.7,False
AFDB2301D6,5RŻ5,I,452,244,2023/2024,46.0,2019,RŻ5,14.5,False
AFDB2301D6,5RŻ5,II,319,205,2023/2024,35.7,2019,RŻ5,-11.7,False
42C6F17206,5RŻ5,I,471,89,2023/2024,81.1,2019,RŻ5,14.5,False
42C6F17206,5RŻ5,II,334,99,2023/2024,70.4,2019,RŻ5,-11.7,False
D2339544C8,5RŻ5,I,471,324,2023/2024,31.2,2019,RŻ5,14.5,False
D2339544C8,5RŻ5,II,339,229,2023/2024,32.4,2019,RŻ5,-11.7,False
1F159E3E9E,5RŻ5,I,464,53,2023/2024,88.6,2019,RŻ5,14.5,False
1F159E3E9E,5RŻ5,II,316,56,2023/2024,82.3,2019,RŻ5,-11.7,False
069E18C595,5RŻ5,I,483,232,2023/2024,52.0,2019,RŻ5,14.5,False
069E18C595,5RŻ5,II,336,173,2023/2024,48.5,2019,RŻ5,-11.7,False
699C40D03D,5RŻ5,I,464,74,2023/2024,84.1,2019,RŻ5,14.5,False
699C40D03D,5RŻ5,II,316,67,2023/2024,78.8,2019,RŻ5,-11.7,False
5429C2BA59,5RŻ5,I,483,111,2023/2024,77.0,2019,RŻ5,14.5,False
5429C2BA59,5RŻ5,II,330,146,2023/2024,55.8,2019,RŻ5,-11.7,False
5C24230BE6,5RŻ5,I,483,128,2023/2024,73.5,2019,RŻ5,14.5,False
5C24230BE6,5RŻ5,II,327,107,2023/2024,67.3,2019,RŻ5,-11.7,False
30BBB22CB7,5RŻ5,I,452,116,2023/2024,74.3,2019,RŻ5,14.5,False
30BBB22CB7,5RŻ5,II,319,163,2023/2024,48.9,2019,RŻ5,-11.7,False
54C1680A6B,5RŻ5,I,471,146,2023/2024,69.0,2019,RŻ5,14.5,False
54C1680A6B,5RŻ5,II,339,149,2023/2024,56.0,2019,RŻ5,-11.7,False
6419522A82,5RŻ5,I,464,129,2023/2024,72.2,2019,RŻ5,14.5,False
6419522A82,5RŻ5,II,316,118,2023/2024,62.7,2019,RŻ5,-11.7,False
933047F475,5RŻ5,I,483,125,2023/2024,74.1,2019,RŻ5,14.5,False
933047F475,5RŻ5,II,336,157,2023/2024,53.3,2019,RŻ5,-11.7,False
8DBEC938B6,5RŻ5,I,471,142,2023/2024,69.9,2019,RŻ5,14.5,False
8DBEC938B6,5RŻ5,II,339,154,2023/2024,54.6,2019,RŻ5,-11.7,False
03697CB742,5RŻ5,I,471,126,2023/2024,73.2,2019,RŻ5,14.5,False
03697CB742,5RŻ5,II,339,161,2023/2024,52.5,2019,RŻ5,-11.7,False
702D690EDF,5RŻ5,I,483,256,2023/2024,47.0,2019,RŻ5,14.5,False
702D690EDF,5RŻ5,II,336,181,2023/2024,46.1,2019,RŻ5,-11.7,False
7276FFBF4E,5RŻ5,I,483,174,2023/2024,64.0,2019,RŻ5,14.5,False
7276FFBF4E,5RŻ5,II,334,138,2023/2024,58.7,2019,RŻ5,-11.7,False
0023EFDB2E,5RŻ5,I,471,194,2023/2024,58.8,2019,RŻ5,14.5,False
0023EFDB2E,5RŻ5,II,338,154,2023/2024,54.4,2019,RŻ5,-11.7,False
CDFF9623C2,5RŻ5,I,483,118,2023/2024,75.6,2019,RŻ5,14.5,False
CDFF9623C2,5RŻ5,II,336,116,2023/2024,65.5,2019,RŻ5,-11.7,False
2935D10308,5TM5,I,495,44,2023/2024,91.1,2019,TM5,62.22,False
2935D10308,5TM5,II,336,122,2023/2024,63.7,2019,TM5,37.75,False
D1042AD297,5TM5,I,495,139,2023/2024,71.9,2019,TM5,62.22,False
D1042AD297,5TM5,II,331,114,2023/2024,65.6,2019,TM5,37.75,False
981DF823A3,5TM5,I,495,61,2023/2024,87.7,2019,TM5,62.22,False
981DF823A3,5TM5,II,336,100,2023/2024,70.2,2019,TM5,37.75,False
ACB36E88F0,5TM5,I,495,20,2023/2024,96.0,2019,TM5,62.22,False
ACB36E88F0,5TM5,II,331,5,2023/2024,98.5,2019,TM5,37.75,False
E17A875CD9,5TM5,I,495,113,2023/2024,77.2,2019,TM5,62.22,False
E17A875CD9,5TM5,II,336,160,2023/2024,52.4,2019,TM5,37.75,False
7E6CEEF3DC,5TM5,I,495,74,2023/2024,85.1,2019,TM5,62.22,False
7E6CEEF3DC,5TM5,II,336,108,2023/2024,67.9,2019,TM5,37.75,False
478A24481E,5TM5,I,495,79,2023/2024,84.0,2019,TM5,62.22,False
478A24481E,5TM5,II,336,128,2023/2024,61.9,2019,TM5,37.75,False
95F89069D2,5TM5,I,495,103,2023/2024,79.2,2019,TM5,62.22,False
95F89069D2,5TM5,II,331,132,2023/2024,60.1,2019,TM5,37.75,False
4308B57EDC,5TM5,I,495,79,2023/2024,84.0,2019,TM5,62.22,False
4308B57EDC,5TM5,II,336,127,2023/2024,62.2,2019,TM5,37.75,False
ED3D18923C,5TM5,I,495,86,2023/2024,82.6,2019,TM5,62.22,False
ED3D18923C,5TM5,II,340,139,2023/2024,59.1,2019,TM5,37.75,False
2F536A29DF,5TM5,I,495,223,2023/2024,54.9,2019,TM5,62.22,True
2F536A29DF,5TM5,II,339,233,2023/2024,31.3,2019,TM5,37.75,True
ED1D9CC0A8,5TM5,I,496,74,2023/2024,85.1,2019,TM5,62.22,False
ED1D9CC0A8,5TM5,II,336,151,2023/2024,55.1,2019,TM5,37.75,False
2CC79D8095,5TM5,I,496,37,2023/2024,92.5,2019,TM5,62.22,False
2CC79D8095,5TM5,II,340,93,2023/2024,72.6,2019,TM5,37.75,False
02DD9750C3,5TM5,I,496,36,2023/2024,92.7,2019,TM5,62.22,False
02DD9750C3,5TM5,II,336,108,2023/2024,67.9,2019,TM5,37.75,False
2A67A029B7,5TM5,I,496,122,2023/2024,75.4,2019,TM5,62.22,False
2A67A029B7,5TM5,II,336,154,2023/2024,54.2,2019,TM5,37.75,False
0D08F75B41,5TM5,I,496,105,2023/2024,78.8,2019,TM5,62.22,False
0D08F75B41,5TM5,II,335,178,2023/2024,46.9,2019,TM5,37.75,False
2D31E81106,5TM5,I,496,60,2023/2024,87.9,2019,TM5,62.22,False
2D31E81106,5TM5,II,331,110,2023/2024,66.8,2019,TM5,37.75,False
89918C41A8,5TM5,I,496,14,2023/2024,97.2,2019,TM5,62.22,False
89918C41A8,5TM5,II,336,78,2023/2024,76.8,2019,TM5,37.75,False
77A84704B2,5TM5,I,496,100,2023/2024,79.8,2019,TM5,62.22,False
77A84704B2,5TM5,II,336,141,2023/2024,58.0,2019,TM5,37.75,False
E340CA8D80,5TM5,I,496,137,2023/2024,72.4,2019,TM5,62.22,False
E340CA8D80,5TM5,II,336,143,2023/2024,57.4,2019,TM5,37.75,False
3EEA072A53,5TM5,I,496,153,2023/2024,69.2,2019,TM5,62.22,False
3EEA072A53,5TM5,II,336,189,2023/2024,43.8,2019,TM5,37.75,False
A055A48265,5TM5,I,496,79,2023/2024,84.1,2019,TM5,62.22,False
A055A48265,5TM5,II,335,138,2023/2024,58.8,2019,TM5,37.75,False
A510329A5F,1M,I,552,101,2023/2024,81.7,2023,M,47.74,False
A510329A5F,1M,II,598,214,2023/2024,64.2,2023,M,21.21,False
88EE17D191,1M,I,552,45,2023/2024,91.8,2023,M,47.74,False
88EE17D191,1M,II,619,86,2023/2024,86.1,2023,M,21.21,False
AD6BE5923B,1M,I,552,179,2023/2024,67.6,2023,M,47.74,False
AD6BE5923B,1M,II,598,230,2023/2024,61.5,2023,M,21.21,False
874DBAED47,1M,I,552,79,2023/2024,85.7,2023,M,47.74,False
874DBAED47,1M,II,587,131,2023/2024,77.7,2023,M,21.21,False
9095074A0F,1M,II,302,130,2023/2024,57.0,2023,M,21.21,False
DB30796B43,1M,I,552,66,2023/2024,88.0,2023,M,47.74,False
DB30796B43,1M,II,598,152,2023/2024,74.6,2023,M,21.21,False
65A4222506,1M,I,552,281,2023/2024,49.1,2023,M,47.74,False
65A4222506,1M,II,548,546,2023/2024,0.4,2023,M,21.21,True
BE7BEC9A8C,1M,II,302,157,2023/2024,48.0,2023,M,21.21,False
4BE6E13535,1M,I,552,118,2023/2024,78.6,2023,M,47.74,False
4BE6E13535,1M,II,598,100,2023/2024,83.3,2023,M,21.21,False
B66642A93B,1M,I,15,4,2023/2024,73.3,2023,M,47.74,False
C181DD9ACF,1M,I,552,46,2023/2024,91.7,2023,M,47.74,False
C181DD9ACF,1M,II,618,94,2023/2024,84.8,2023,M,21.21,False
CE5ADB47E8,1M,I,552,92,2023/2024,83.3,2023,M,47.74,False
CE5ADB47E8,1M,II,598,50,2023/2024,91.6,2023,M,21.21,False
12FDA82E23,1M,I,394,134,2023/2024,66.0,2023,M,47.74,False
12FDA82E23,1M,II,424,183,2023/2024,56.8,2023,M,21.21,False
E8E3451C4A,1M,I,558,143,2023/2024,74.4,2023,M,47.74,False
E8E3451C4A,1M,II,596,288,2023/2024,51.7,2023,M,21.21,False
257A597D9B,1M,I,558,111,2023/2024,80.1,2023,M,47.74,False
257A597D9B,1M,II,596,226,2023/2024,62.1,2023,M,21.21,False
085EB0C6C4,1M,I,558,52,2023/2024,90.7,2023,M,47.74,False
085EB0C6C4,1M,II,585,68,2023/2024,88.4,2023,M,21.21,False
FC9BA2641A,1M,I,558,163,2023/2024,70.8,2023,M,47.74,False
FC9BA2641A,1M,II,596,288,2023/2024,51.7,2023,M,21.21,False
99F95E06E6,1M,I,558,106,2023/2024,81.0,2023,M,47.74,False
99F95E06E6,1M,II,596,188,2023/2024,68.5,2023,M,21.21,False
E50B981424,1M,I,558,304,2023/2024,45.5,2023,M,47.74,True
E50B981424,1M,II,547,525,2023/2024,4.0,2023,M,21.21,True
85CA4B4F29,1M,I,558,99,2023/2024,82.3,2023,M,47.74,False
85CA4B4F29,1M,II,596,116,2023/2024,80.5,2023,M,21.21,False
87216BCB66,1M,I,558,177,2023/2024,68.3,2023,M,47.74,False
87216BCB66,1M,II,596,245,2023/2024,58.9,2023,M,21.21,False
907867E9B4,1M,II,581,215,2023/2024,63.0,2023,M,21.21,False
8C8C00CDD5,1M,I,558,193,2023/2024,65.4,2023,M,47.74,False
8C8C00CDD5,1M,II,596,309,2023/2024,48.2,2023,M,21.21,False
39CF3DB037,1M,I,558,157,2023/2024,71.9,2023,M,47.74,False
39CF3DB037,1M,II,596,200,2023/2024,66.4,2023,M,21.21,False
10993B78D2,1M,I,558,102,2023/2024,81.7,2023,M,47.74,False
10993B78D2,1M,II,596,207,2023/2024,65.3,2023,M,21.21,False
6B7829B31D,2MK,I,579,204,2023/2024,64.8,2022,MK,35.82,False
6B7829B31D,2MK,II,610,180,2023/2024,70.5,2022,MK,12.65,False
21CCB31218,2MK,I,579,230,2023/2024,60.3,2022,MK,35.82,False
21CCB31218,2MK,II,610,314,2023/2024,48.5,2022,MK,12.65,False
38E81BD51F,2MK,I,579,327,2023/2024,43.5,2022,MK,35.82,False
38E81BD51F,2MK,II,610,416,2023/2024,31.8,2022,MK,12.65,False
E925A2C893,2MK,I,579,129,2023/2024,77.7,2022,MK,35.82,False
E925A2C893,2MK,II,609,204,2023/2024,66.5,2022,MK,12.65,False
9DDA40F2D9,2MK,I,433,121,2023/2024,72.1,2022,MK,35.82,False
9DDA40F2D9,2MK,II,475,213,2023/2024,55.2,2022,MK,12.65,False
5FBDF98D17,2MK,I,556,197,2023/2024,64.6,2022,MK,35.82,False
5FBDF98D17,2MK,II,593,218,2023/2024,63.2,2022,MK,12.65,False
03C33EFC61,2MK,I,433,66,2023/2024,84.8,2022,MK,35.82,False
03C33EFC61,2MK,II,475,151,2023/2024,68.2,2022,MK,12.65,False
B6F6633122,2MK,I,556,102,2023/2024,81.7,2022,MK,35.82,False
B6F6633122,2MK,II,593,151,2023/2024,74.5,2022,MK,12.65,False
B98B27894E,2MK,I,579,146,2023/2024,74.8,2022,MK,35.82,False
B98B27894E,2MK,II,610,260,2023/2024,57.4,2022,MK,12.65,False
43D4B728D8,2MK,I,556,40,2023/2024,92.8,2022,MK,35.82,False
43D4B728D8,2MK,II,593,72,2023/2024,87.9,2022,MK,12.65,False
1BBBDED4D9,2MK,I,579,210,2023/2024,63.7,2022,MK,35.82,False
1BBBDED4D9,2MK,II,610,410,2023/2024,32.8,2022,MK,12.65,False
72420DFAAD,2MK,I,556,44,2023/2024,92.1,2022,MK,35.82,False
72420DFAAD,2MK,II,593,206,2023/2024,65.3,2022,MK,12.65,False
4A135655CB,2MK,I,556,130,2023/2024,76.6,2022,MK,35.82,False
4A135655CB,2MK,II,593,59,2023/2024,90.1,2022,MK,12.65,False
C3B8B9BAB3,2MK,I,579,118,2023/2024,79.6,2022,MK,35.82,False
C3B8B9BAB3,2MK,II,610,153,2023/2024,74.9,2022,MK,12.65,False
EF2B9A0982,2MK,I,574,126,2023/2024,78.0,2022,MK,35.82,False
EF2B9A0982,2MK,II,610,201,2023/2024,67.0,2022,MK,12.65,False
96EE3C15E6,2MK,II,255,119,2023/2024,53.3,2022,MK,12.65,False
D110BB1996,2MK,I,574,271,2023/2024,52.8,2022,MK,35.82,False
D110BB1996,2MK,II,610,376,2023/2024,38.4,2022,MK,12.65,False
8B04FD22EE,2MK,I,574,163,2023/2024,71.6,2022,MK,35.82,False
8B04FD22EE,2MK,II,610,297,2023/2024,51.3,2022,MK,12.65,False
E9C891E3F0,2MK,I,428,116,2023/2024,72.9,2022,MK,35.82,False
E9C891E3F0,2MK,II,475,291,2023/2024,38.7,2022,MK,12.65,False
6A32292DA6,2MK,I,573,200,2023/2024,65.1,2022,MK,35.82,False
6A32292DA6,2MK,II,613,309,2023/2024,49.6,2022,MK,12.65,False
11E26BD505,2MK,I,573,91,2023/2024,84.1,2022,MK,35.82,False
11E26BD505,2MK,II,613,171,2023/2024,72.1,2022,MK,12.65,False
1353AF652A,2MK,I,556,368,2023/2024,33.8,2022,MK,35.82,True
1353AF652A,2MK,II,572,448,2023/2024,21.7,2022,MK,12.65,False
729F5EF90C,2MK,I,556,27,2023/2024,95.1,2022,MK,35.82,False
729F5EF90C,2MK,II,593,127,2023/2024,78.6,2022,MK,12.65,False
1B7B63E233,2MK,I,556,53,2023/2024,90.5,2022,MK,35.82,False
1B7B63E233,2MK,II,593,119,2023/2024,79.9,2022,MK,12.65,False
526B8D0E54,2MK,I,573,315,2023/2024,45.0,2022,MK,35.82,False
526B8D0E54,2MK,II,613,393,2023/2024,35.9,2022,MK,12.65,False
A4D32F1059,2MK,I,556,176,2023/2024,68.3,2022,MK,35.82,False
A4D32F1059,2MK,II,593,187,2023/2024,68.5,2022,MK,12.65,False
62413E47C4,2MK,I,573,310,2023/2024,45.9,2022,MK,35.82,False
62413E47C4,2MK,II,613,320,2023/2024,47.8,2022,MK,12.65,False
A393E1AC9E,2MK,I,573,93,2023/2024,83.8,2022,MK,35.82,False
A393E1AC9E,2MK,II,613,214,2023/2024,65.1,2022,MK,12.65,False
932CFAC66E,2MK,II,61,54,2023/2024,11.5,2022,MK,12.65,True
AAE67D0085,2MK,I,573,149,2023/2024,74.0,2022,MK,35.82,False
AAE67D0085,2MK,II,613,212,2023/2024,65.4,2022,MK,12.65,False
481520C19E,2MK,I,573,122,2023/2024,78.7,2022,MK,35.82,False
481520C19E,2MK,II,613,169,2023/2024,72.4,2022,MK,12.65,False
33CA88648C,2MK,I,551,57,2023/2024,89.7,2022,MK,35.82,False
33CA88648C,2MK,II,613,140,2023/2024,77.2,2022,MK,12.65,False
A8C178CF82,2MK,I,573,31,2023/2024,94.6,2022,MK,35.82,False
A8C178CF82,2MK,II,613,141,2023/2024,77.0,2022,MK,12.65,False
2072B8A93F,3M,I,578,292,2023/2024,49.5,2021,M,46.1,False
2072B8A93F,3M,II,625,274,2023/2024,56.2,2021,M,28.4,False
EE908F587C,3M,I,578,237,2023/2024,59.0,2021,M,46.1,False
EE908F587C,3M,II,625,286,2023/2024,54.2,2021,M,28.4,False
DD78E090BB,3M,I,578,225,2023/2024,61.1,2021,M,46.1,False
DD78E090BB,3M,II,625,210,2023/2024,66.4,2021,M,28.4,False
23B466CB9C,3M,I,578,207,2023/2024,64.2,2021,M,46.1,False
23B466CB9C,3M,II,625,203,2023/2024,67.5,2021,M,28.4,False
DA27AACFA2,3M,I,578,170,2023/2024,70.6,2021,M,46.1,False
DA27AACFA2,3M,II,625,201,2023/2024,67.8,2021,M,28.4,False
798DC9DE87,3M,I,578,187,2023/2024,67.6,2021,M,46.1,False
798DC9DE87,3M,II,625,174,2023/2024,72.2,2021,M,28.4,False
4C878E2137,3M,I,578,181,2023/2024,68.7,2021,M,46.1,False
4C878E2137,3M,II,625,211,2023/2024,66.2,2021,M,28.4,False
576D777D09,3M,I,578,187,2023/2024,67.6,2021,M,46.1,False
576D777D09,3M,II,625,259,2023/2024,58.6,2021,M,28.4,False
F70FE5F380,3M,I,578,261,2023/2024,54.8,2021,M,46.1,False
F70FE5F380,3M,II,625,314,2023/2024,49.8,2021,M,28.4,False
6D2F52EE76,3M,I,578,280,2023/2024,51.6,2021,M,46.1,False
6D2F52EE76,3M,II,625,344,2023/2024,45.0,2021,M,28.4,False
17344874FB,3M,I,578,233,2023/2024,59.7,2021,M,46.1,False
17344874FB,3M,II,625,305,2023/2024,51.2,2021,M,28.4,False
2F76542913,3M,I,578,201,2023/2024,65.2,2021,M,46.1,False
2F76542913,3M,II,625,250,2023/2024,60.0,2021,M,28.4,False
EAB7582532,3M,I,578,208,2023/2024,64.0,2021,M,46.1,False
EAB7582532,3M,II,625,321,2023/2024,48.6,2021,M,28.4,False
7672689A0F,1RŻ,I,571,15,2024/2025,97.4,2024,RŻ,51.17,False
7672689A0F,1RŻ,II,688,65,2024/2025,90.6,2024,RŻ,51.9,False
E677A2C610,1RŻ,I,570,267,2024/2025,53.2,2024,RŻ,51.17,False
E677A2C610,1RŻ,II,701,488,2024/2025,30.4,2024,RŻ,51.9,True
1A8A6B0FC8,1RŻ,I,570,305,2024/2025,46.5,2024,RŻ,51.17,True
1A8A6B0FC8,1RŻ,II,764,529,2024/2025,30.8,2024,RŻ,51.9,True
CFAA093389,1RŻ,I,555,103,2024/2025,81.4,2024,RŻ,51.17,False
CFAA093389,1RŻ,II,728,216,2024/2025,70.3,2024,RŻ,51.9,False
7EB1118E2B,1RŻ,I,555,89,2024/2025,84.0,2024,RŻ,51.17,False
7EB1118E2B,1RŻ,II,728,165,2024/2025,77.3,2024,RŻ,51.9,False
3EB3F892FB,1RŻ,I,570,179,2024/2025,68.6,2024,RŻ,51.17,False
3EB3F892FB,1RŻ,II,693,205,2024/2025,70.4,2024,RŻ,51.9,False
C691BA9630,1RŻ,I,549,56,2024/2025,89.8,2024,RŻ,51.17,False
C691BA9630,1RŻ,II,660,101,2024/2025,84.7,2024,RŻ,51.9,False
1EA6DCF969,1RŻ,I,549,134,2024/2025,75.6,2024,RŻ,51.17,False
1EA6DCF969,1RŻ,II,660,195,2024/2025,70.5,2024,RŻ,51.9,False
048BDF9C42,1RŻ,I,570,152,2024/2025,73.3,2024,RŻ,51.17,False
048BDF9C42,1RŻ,II,693,134,2024/2025,80.7,2024,RŻ,51.9,False
EF7CDF8C95,1RŻ,I,555,122,2024/2025,78.0,2024,RŻ,51.17,False
EF7CDF8C95,1RŻ,II,728,293,2024/2025,59.8,2024,RŻ,51.9,False
CA164116DD,1RŻ,I,555,106,2024/2025,80.9,2024,RŻ,51.17,False
CA164116DD,1RŻ,II,728,233,2024/2025,68.0,2024,RŻ,51.9,False
1B27A450B8,1RŻ,I,555,56,2024/2025,89.9,2024,RŻ,51.17,False
1B27A450B8,1RŻ,II,511,99,2024/2025,80.6,2024,RŻ,51.9,False
BEDF3FC793,1RŻ,II,461,64,2024/2025,86.1,2024,RŻ,51.9,False
79B8AABB74,1RŻ,I,549,185,2024/2025,66.3,2024,RŻ,51.17,False
79B8AABB74,1RŻ,II,660,256,2024/2025,61.2,2024,RŻ,51.9,False
7D9E1CFBA6,1RŻ,I,549,70,2024/2025,87.2,2024,RŻ,51.17,False
7D9E1CFBA6,1RŻ,II,660,172,2024/2025,73.9,2024,RŻ,51.9,False
3A42F6F782,1RŻ,I,396,53,2024/2025,86.6,2024,RŻ,51.17,False
3A42F6F782,1RŻ,II,515,106,2024/2025,79.4,2024,RŻ,51.9,False
844F545F8D,1RŻ,I,534,14,2024/2025,97.4,2024,RŻ,51.17,False
844F545F8D,1RŻ,II,692,89,2024/2025,87.1,2024,RŻ,51.9,False
DAB55A3494,1RŻ,I,534,136,2024/2025,74.5,2024,RŻ,51.17,False
DAB55A3494,1RŻ,II,692,172,2024/2025,75.1,2024,RŻ,51.9,False
99AD4362C5,1RŻ,I,555,61,2024/2025,89.0,2024,RŻ,51.17,False
99AD4362C5,1RŻ,II,728,174,2024/2025,76.1,2024,RŻ,51.9,False
7672689A0F,1TMR,II,75,53,2024/2025,29.3,2024,TMR,39.57,True
E1F467CA3D,1TMR,I,553,141,2024/2025,74.5,2024,TMR,59.5,False
E1F467CA3D,1TMR,II,738,248,2024/2025,66.4,2024,TMR,39.57,False
7D9A8DFBEF,1TMR,I,553,63,2024/2025,88.6,2024,TMR,59.5,False
7D9A8DFBEF,1TMR,II,738,233,2024/2025,68.4,2024,TMR,39.57,False
9B18D9BE98,1TMR,I,531,85,2024/2025,84.0,2024,TMR,59.5,False
9B18D9BE98,1TMR,II,711,180,2024/2025,74.7,2024,TMR,39.57,False
C745E2D829,1TMR,I,531,119,2024/2025,77.6,2024,TMR,59.5,False
C745E2D829,1TMR,II,711,227,2024/2025,68.1,2024,TMR,39.57,False
C039135C89,1TMR,I,531,22,2024/2025,95.9,2024,TMR,59.5,False
C039135C89,1TMR,II,711,135,2024/2025,81.0,2024,TMR,39.57,False
7EFD1AF7BF,1TMR,I,531,55,2024/2025,89.6,2024,TMR,59.5,False
7EFD1AF7BF,1TMR,II,711,124,2024/2025,82.6,2024,TMR,39.57,False
60FD3568FA,1TMR,I,553,51,2024/2025,90.8,2024,TMR,59.5,False
60FD3568FA,1TMR,II,738,227,2024/2025,69.2,2024,TMR,39.57,False
3EB3F892FB,1TMR,II,59,44,2024/2025,25.4,2024,TMR,39.57,True
BACFA2C4CA,1TMR,I,531,158,2024/2025,70.2,2024,TMR,59.5,False
BACFA2C4CA,1TMR,II,711,263,2024/2025,63.0,2024,TMR,39.57,False
6AF1D956A2,1TMR,I,463,40,2024/2025,91.4,2024,TMR,59.5,False
6AF1D956A2,1TMR,II,599,187,2024/2025,68.8,2024,TMR,39.57,False
1146BBBFF5,1TMR,I,149,44,2024/2025,70.5,2024,TMR,59.5,False
7E2671BD35,1TMR,I,554,11,2024/2025,98.0,2024,TMR,59.5,False
7E2671BD35,1TMR,II,729,39,2024/2025,94.7,2024,TMR,39.57,False
4160F987C1,1TMR,I,554,107,2024/2025,80.7,2024,TMR,59.5,False
4160F987C1,1TMR,II,729,155,2024/2025,78.7,2024,TMR,39.57,False
EE6501656E,1TMR,I,554,172,2024/2025,69.0,2024,TMR,59.5,False
EE6501656E,1TMR,II,664,262,2024/2025,60.5,2024,TMR,39.57,False
05E3A75875,1TMR,I,554,16,2024/2025,97.1,2024,TMR,59.5,False
05E3A75875,1TMR,II,729,35,2024/2025,95.2,2024,TMR,39.57,False
048BDF9C42,1TMR,II,73,35,2024/2025,52.1,2024,TMR,39.57,False
7FC8D84EE7,1TMR,I,554,85,2024/2025,84.7,2024,TMR,59.5,False
7FC8D84EE7,1TMR,II,729,239,2024/2025,67.2,2024,TMR,39.57,False
78C8D08E0D,1TMR,I,554,38,2024/2025,93.1,2024,TMR,59.5,False
78C8D08E0D,1TMR,II,729,166,2024/2025,77.2,2024,TMR,39.57,False
5ED2B87721,1TMR,I,554,51,2024/2025,90.8,2024,TMR,59.5,False
5ED2B87721,1TMR,II,729,191,2024/2025,73.8,2024,TMR,39.57,False
36A8585508,1TMR,I,554,104,2024/2025,81.2,2024,TMR,59.5,False
36A8585508,1TMR,II,729,293,2024/2025,59.8,2024,TMR,39.57,False
134C356101,1TMR,I,30,0,2024/2025,100.0,2024,TMR,59.5,False
FA58A769C3,1TW,I,545,37,2024/2025,93.2,2024,TW,59.93,False
FA58A769C3,1TW,II,727,109,2024/2025,85.0,2024,TW,50.27,False
6623F9C560,1TW,I,527,123,2024/2025,76.7,2024,TW,59.93,False
6623F9C560,1TW,II,727,229,2024/2025,68.5,2024,TW,50.27,False
F01C3B5B41,1TW,I,527,114,2024/2025,78.4,2024,TW,59.93,False
F01C3B5B41,1TW,II,727,229,2024/2025,68.5,2024,TW,50.27,False
75F61E82BE,1TW,I,539,103,2024/2025,80.9,2024,TW,59.93,False
75F61E82BE,1TW,II,727,213,2024/2025,70.7,2024,TW,50.27,False
7E2186E73A,1TW,I,545,28,2024/2025,94.9,2024,TW,59.93,False
7E2186E73A,1TW,II,727,86,2024/2025,88.2,2024,TW,50.27,False
495C87F778,1TW,I,527,79,2024/2025,85.0,2024,TW,59.93,False
495C87F778,1TW,II,727,216,2024/2025,70.3,2024,TW,50.27,False
7B41F62E15,1TW,I,104,65,2024/2025,37.5,2024,TW,59.93,True
56FEA389A0,1TW,I,545,15,2024/2025,97.2,2024,TW,59.93,False
56FEA389A0,1TW,II,727,70,2024/2025,90.4,2024,TW,50.27,False
37CFA1C63A,1TW,I,520,85,2024/2025,83.7,2024,TW,59.93,False
37CFA1C63A,1TW,II,727,240,2024/2025,67.0,2024,TW,50.27,False
0EAEC41C6D,1TW,I,527,93,2024/2025,82.4,2024,TW,59.93,False
0EAEC41C6D,1TW,II,721,186,2024/2025,74.2,2024,TW,50.27,False
C691BA9630,1TW,II,64,54,2024/2025,15.6,2024,TW,50.27,True
5158AD93BE,1TW,I,545,162,2024/2025,70.3,2024,TW,59.93,False
5158AD93BE,1TW,II,721,409,2024/2025,43.3,2024,TW,50.27,True
9028A77BE1,1TW,I,545,49,2024/2025,91.0,2024,TW,59.93,False
9028A77BE1,1TW,II,721,153,2024/2025,78.8,2024,TW,50.27,False
783BC6E02D,1TW,I,545,46,2024/2025,91.6,2024,TW,59.93,False
783BC6E02D,1TW,II,721,196,2024/2025,72.8,2024,TW,50.27,False
6730233D9B,1TW,I,539,111,2024/2025,79.4,2024,TW,59.93,False
6730233D9B,1TW,II,721,220,2024/2025,69.5,2024,TW,50.27,False
75AED3C340,1TW,I,545,104,2024/2025,80.9,2024,TW,59.93,False
75AED3C340,1TW,II,721,252,2024/2025,65.0,2024,TW,50.27,False
62B04ED066,1TW,I,527,124,2024/2025,76.5,2024,TW,59.93,False
62B04ED066,1TW,II,721,282,2024/2025,60.9,2024,TW,50.27,False
7FDF19781A,1TW,I,527,45,2024/2025,91.5,2024,TW,59.93,False
7FDF19781A,1TW,II,721,150,2024/2025,79.2,2024,TW,50.27,False
134C356101,1TW,I,509,22,2024/2025,95.7,2024,TW,59.93,False
134C356101,1TW,II,721,106,2024/2025,85.3,2024,TW,50.27,False
98C64DA07D,1TW,I,539,52,2024/2025,90.4,2024,TW,59.93,False
98C64DA07D,1TW,II,721,147,2024/2025,79.6,2024,TW,50.27,False
7700936E4E,2TMR,I,583,153,2024/2025,73.8,2023,TMR,55.65,False
7700936E4E,2TMR,II,714,287,2024/2025,59.8,2023,TMR,38.95,False
6CBA33ABB7,2TMR,I,580,159,2024/2025,72.6,2023,TMR,55.65,False
6CBA33ABB7,2TMR,II,121,51,2024/2025,57.9,2023,TMR,38.95,False
F8B50A8344,2TMR,I,583,178,2024/2025,69.5,2023,TMR,55.65,False
F8B50A8344,2TMR,II,714,335,2024/2025,53.1,2023,TMR,38.95,False
03AEB33741,2TMR,I,583,82,2024/2025,85.9,2023,TMR,55.65,False
03AEB33741,2TMR,II,714,157,2024/2025,78.0,2023,TMR,38.95,False
A9E9EC6594,2TMR,I,583,46,2024/2025,92.1,2023,TMR,55.65,False
A9E9EC6594,2TMR,II,714,157,2024/2025,78.0,2023,TMR,38.95,False
98FEAB8F76,2TMR,I,583,81,2024/2025,86.1,2023,TMR,55.65,False
98FEAB8F76,2TMR,II,714,126,2024/2025,82.4,2023,TMR,38.95,False
940BF22883,2TMR,I,583,122,2024/2025,79.1,2023,TMR,55.65,False
940BF22883,2TMR,II,714,257,2024/2025,64.0,2023,TMR,38.95,False
23DB6BD902,2TMR,I,408,88,2024/2025,78.4,2023,TMR,55.65,False
23DB6BD902,2TMR,II,495,208,2024/2025,58.0,2023,TMR,38.95,False
A1243AB615,2TMR,I,583,150,2024/2025,74.3,2023,TMR,55.65,False
A1243AB615,2TMR,II,714,247,2024/2025,65.4,2023,TMR,38.95,False
083910DC52,2TMR,I,583,90,2024/2025,84.6,2023,TMR,55.65,False
083910DC52,2TMR,II,714,216,2024/2025,69.7,2023,TMR,38.95,False
FD2C74DB5D,2TMR,I,583,95,2024/2025,83.7,2023,TMR,55.65,False
FD2C74DB5D,2TMR,II,714,215,2024/2025,69.9,2023,TMR,38.95,False
B39E849D14,2TMR,I,583,54,2024/2025,90.7,2023,TMR,55.65,False
B39E849D14,2TMR,II,714,224,2024/2025,68.6,2023,TMR,38.95,False
5BF2808B10,2TMR,I,581,71,2024/2025,87.8,2023,TMR,55.65,False
5BF2808B10,2TMR,II,711,187,2024/2025,73.7,2023,TMR,38.95,False
7811B2DBCC,2TMR,I,553,226,2024/2025,59.1,2023,TMR,55.65,False
7811B2DBCC,2TMR,II,675,411,2024/2025,39.1,2023,TMR,38.95,False
B1DDFEEBB0,2TMR,I,581,108,2024/2025,81.4,2023,TMR,55.65,False
B1DDFEEBB0,2TMR,II,711,168,2024/2025,76.4,2023,TMR,38.95,False
D599412EEA,2TMR,I,581,207,2024/2025,64.4,2023,TMR,55.65,False
D599412EEA,2TMR,II,711,254,2024/2025,64.3,2023,TMR,38.95,False
3F27E14055,2TMR,I,581,85,2024/2025,85.4,2023,TMR,55.65,False
3F27E14055,2TMR,II,711,230,2024/2025,67.7,2023,TMR,38.95,False
2954C52C82,2TMR,I,581,158,2024/2025,72.8,2023,TMR,55.65,False
2954C52C82,2TMR,II,711,287,2024/2025,59.6,2023,TMR,38.95,False
D390D5A596,2TMR,I,581,94,2024/2025,83.8,2023,TMR,55.65,False
D390D5A596,2TMR,II,711,176,2024/2025,75.2,2023,TMR,38.95,False
B7C8567112,2TMR,I,583,93,2024/2025,84.0,2023,TMR,55.65,False
B7C8567112,2TMR,II,714,219,2024/2025,69.3,2023,TMR,38.95,False
B26C8B7C69,2TMR,I,581,101,2024/2025,82.6,2023,TMR,55.65,False
B26C8B7C69,2TMR,II,711,238,2024/2025,66.5,2023,TMR,38.95,False
6DD30301DF,2TMR,I,581,69,2024/2025,88.1,2023,TMR,55.65,False
6DD30301DF,2TMR,II,711,232,2024/2025,67.4,2023,TMR,38.95,False
712F3B6D7F,2TMR,I,581,72,2024/2025,87.6,2023,TMR,55.65,False
712F3B6D7F,2TMR,II,711,212,2024/2025,70.2,2023,TMR,38.95,False
D4C0C869C8,2TMR,I,583,84,2024/2025,85.6,2023,TMR,55.65,False
D4C0C869C8,2TMR,II,714,170,2024/2025,76.2,2023,TMR,38.95,False
CA401B47ED,2TMR,I,581,207,2024/2025,64.4,2023,TMR,55.65,False
CA401B47ED,2TMR,II,711,346,2024/2025,51.3,2023,TMR,38.95,False
987F5A2EB5,2TR,I,587,126,2024/2025,78.5,2023,TR,57.24,False
987F5A2EB5,2TR,II,758,228,2024/2025,69.9,2023,TR,36.1,False
1CBC1F0E57,2TR,I,587,64,2024/2025,89.1,2023,TR,57.24,False
1CBC1F0E57,2TR,II,760,187,2024/2025,75.4,2023,TR,36.1,False
E2EB12D56B,2TR,I,571,190,2024/2025,66.7,2023,TR,57.24,False
E2EB12D56B,2TR,II,761,302,2024/2025,60.3,2023,TR,36.1,False
9517AC92C7,2TR,I,587,165,2024/2025,71.9,2023,TR,57.24,False
9517AC92C7,2TR,II,760,350,2024/2025,53.9,2023,TR,36.1,False
5EC10B5EC7,2TR,I,587,94,2024/2025,84.0,2023,TR,57.24,False
5EC10B5EC7,2TR,II,760,159,2024/2025,79.1,2023,TR,36.1,False
160687C9FD,2TR,I,587,157,2024/2025,73.3,2023,TR,57.24,False
160687C9FD,2TR,II,760,315,2024/2025,58.6,2023,TR,36.1,False
0373CBE4B4,2TR,I,587,96,2024/2025,83.6,2023,TR,57.24,False
0373CBE4B4,2TR,II,761,213,2024/2025,72.0,2023,TR,36.1,False
07A57A079B,2TR,I,587,59,2024/2025,89.9,2023,TR,57.24,False
07A57A079B,2TR,II,761,194,2024/2025,74.5,2023,TR,36.1,False
97F6191346,2TR,I,587,169,2024/2025,71.2,2023,TR,57.24,False
97F6191346,2TR,II,761,287,2024/2025,62.3,2023,TR,36.1,False
24DB2A060B,2TR,I,587,62,2024/2025,89.4,2023,TR,57.24,False
24DB2A060B,2TR,II,761,155,2024/2025,79.6,2023,TR,36.1,False
4A472E1193,2TR,I,571,141,2024/2025,75.3,2023,TR,57.24,False
4A472E1193,2TR,II,761,352,2024/2025,53.7,2023,TR,36.1,False
C3DFC24DBF,2TR,I,587,136,2024/2025,76.8,2023,TR,57.24,False
C3DFC24DBF,2TR,II,761,340,2024/2025,55.3,2023,TR,36.1,False
51EF12B621,2TR,I,587,82,2024/2025,86.0,2023,TR,57.24,False
51EF12B621,2TR,II,761,179,2024/2025,76.5,2023,TR,36.1,False
362BA9762E,2TR,I,587,78,2024/2025,86.7,2023,TR,57.24,False
362BA9762E,2TR,II,761,172,2024/2025,77.4,2023,TR,36.1,False
24B2C50FF5,2TR,I,587,113,2024/2025,80.7,2023,TR,57.24,False
24B2C50FF5,2TR,II,761,285,2024/2025,62.5,2023,TR,36.1,False
161607D752,2TR,I,587,119,2024/2025,79.7,2023,TR,57.24,False
161607D752,2TR,II,761,303,2024/2025,60.2,2023,TR,36.1,False
BBAF304826,2TR,I,587,93,2024/2025,84.2,2023,TR,57.24,False
BBAF304826,2TR,II,761,290,2024/2025,61.9,2023,TR,36.1,False
5E7D2FB554,2TR,I,587,147,2024/2025,75.0,2023,TR,57.24,False
5E7D2FB554,2TR,II,761,398,2024/2025,47.7,2023,TR,36.1,False
6254A60360,2TR,I,587,156,2024/2025,73.4,2023,TR,57.24,False
6254A60360,2TR,II,761,308,2024/2025,59.5,2023,TR,36.1,False
35C4CA1854,2TR,I,587,74,2024/2025,87.4,2023,TR,57.24,False
35C4CA1854,2TR,II,761,254,2024/2025,66.6,2023,TR,36.1,False
0A5EA16AA4,2TW,I,566,250,2024/2025,55.8,2023,TW,47.9,False
0A5EA16AA4,2TW,II,661,323,2024/2025,51.1,2023,TW,39.65,False
07B34AE87D,2TW,I,566,45,2024/2025,92.0,2023,TW,47.9,False
07B34AE87D,2TW,II,661,176,2024/2025,73.4,2023,TW,39.65,False
93F39F9143,2TW,I,566,61,2024/2025,89.2,2023,TW,47.9,False
93F39F9143,2TW,II,661,141,2024/2025,78.7,2023,TW,39.65,False
EDE80F230D,2TW,I,566,92,2024/2025,83.7,2023,TW,47.9,False
EDE80F230D,2TW,II,661,221,2024/2025,66.6,2023,TW,39.65,False
16F2E08692,2TW,I,566,108,2024/2025,80.9,2023,TW,47.9,False
16F2E08692,2TW,II,661,194,2024/2025,70.7,2023,TW,39.65,False
76670B8B88,2TW,I,566,74,2024/2025,86.9,2023,TW,47.9,False
76670B8B88,2TW,II,661,202,2024/2025,69.4,2023,TW,39.65,False
ACBFBB3C0D,2TW,I,540,97,2024/2025,82.0,2023,TW,47.9,False
ACBFBB3C0D,2TW,II,630,195,2024/2025,69.0,2023,TW,39.65,False
BAE2ED1AB1,2TW,I,566,133,2024/2025,76.5,2023,TW,47.9,False
BAE2ED1AB1,2TW,II,661,143,2024/2025,78.4,2023,TW,39.65,False
DDE141B897,2TW,I,566,216,2024/2025,61.8,2023,TW,47.9,False
DDE141B897,2TW,II,661,340,2024/2025,48.6,2023,TW,39.65,False
843046F9C9,2TW,I,566,159,2024/2025,71.9,2023,TW,47.9,False
843046F9C9,2TW,II,661,215,2024/2025,67.5,2023,TW,39.65,False
5EF45F0346,2TW,I,566,119,2024/2025,79.0,2023,TW,47.9,False
5EF45F0346,2TW,II,661,277,2024/2025,58.1,2023,TW,39.65,False
E26D446AFC,2TW,I,566,16,2024/2025,97.2,2023,TW,47.9,False
E26D446AFC,2TW,II,661,142,2024/2025,78.5,2023,TW,39.65,False
0AEB44951B,2TW,I,572,182,2024/2025,68.2,2023,TW,47.9,False
0AEB44951B,2TW,II,664,266,2024/2025,59.9,2023,TW,39.65,False
91220F2730,2TW,I,546,52,2024/2025,90.5,2023,TW,47.9,False
91220F2730,2TW,II,633,234,2024/2025,63.0,2023,TW,39.65,False
BB8733CBED,2TW,I,572,120,2024/2025,79.0,2023,TW,47.9,False
BB8733CBED,2TW,II,664,150,2024/2025,77.4,2023,TW,39.65,False
C599144CA3,2TW,I,572,109,2024/2025,80.9,2023,TW,47.9,False
C599144CA3,2TW,II,664,191,2024/2025,71.2,2023,TW,39.65,False
0CAB948628,2TW,I,551,65,2024/2025,88.2,2023,TW,47.9,False
0CAB948628,2TW,II,633,156,2024/2025,75.4,2023,TW,39.65,False
A9C306C81D,2TW,I,572,164,2024/2025,71.3,2023,TW,47.9,False
A9C306C81D,2TW,II,664,245,2024/2025,63.1,2023,TW,39.65,False
70EC2F5365,2TW,I,572,132,2024/2025,76.9,2023,TW,47.9,False
70EC2F5365,2TW,II,664,229,2024/2025,65.5,2023,TW,39.65,False
0644E624AB,2TW,I,572,221,2024/2025,61.4,2023,TW,47.9,False
0644E624AB,2TW,II,664,308,2024/2025,53.6,2023,TW,39.65,False
D14E748152,2TW,I,572,132,2024/2025,76.9,2023,TW,47.9,False
D14E748152,2TW,II,664,221,2024/2025,66.7,2023,TW,39.65,False
F70F492F95,2TW,I,572,198,2024/2025,65.4,2023,TW,47.9,False
F70F492F95,2TW,II,664,284,2024/2025,57.2,2023,TW,39.65,False
8B99A1F16C,2TW,I,572,238,2024/2025,58.4,2023,TW,47.9,False
8B99A1F16C,2TW,II,664,448,2024/2025,32.5,2023,TW,39.65,True
6CB4AF60EE,2TW,I,572,124,2024/2025,78.3,2023,TW,47.9,False
6CB4AF60EE,2TW,II,664,256,2024/2025,61.4,2023,TW,39.65,False
E8B683F21B,2TW,I,572,67,2024/2025,88.3,2023,TW,47.9,False
E8B683F21B,2TW,II,664,128,2024/2025,80.7,2023,TW,39.65,False
D7D0EAC4B0,2TŻ,I,582,74,2024/2025,87.3,2023,TŻ,66.15,False
D7D0EAC4B0,2TŻ,II,728,202,2024/2025,72.3,2023,TŻ,53.72,False
A3C38A835C,2TŻ,I,582,108,2024/2025,81.4,2023,TŻ,66.15,False
A3C38A835C,2TŻ,II,728,167,2024/2025,77.1,2023,TŻ,53.72,False
B84E0B6A57,2TŻ,I,582,49,2024/2025,91.6,2023,TŻ,66.15,False
B84E0B6A57,2TŻ,II,728,180,2024/2025,75.3,2023,TŻ,53.72,False
4143E901F0,2TŻ,I,582,127,2024/2025,78.2,2023,TŻ,66.15,False
4143E901F0,2TŻ,II,728,226,2024/2025,69.0,2023,TŻ,53.72,False
D5DCB8DDBF,2TŻ,I,582,58,2024/2025,90.0,2023,TŻ,66.15,False
D5DCB8DDBF,2TŻ,II,728,212,2024/2025,70.9,2023,TŻ,53.72,False
6F9DD33F7F,2TŻ,I,582,73,2024/2025,87.5,2023,TŻ,66.15,False
6F9DD33F7F,2TŻ,II,728,156,2024/2025,78.6,2023,TŻ,53.72,False
211A0B0C89,2TŻ,I,582,63,2024/2025,89.2,2023,TŻ,66.15,False
211A0B0C89,2TŻ,II,728,106,2024/2025,85.4,2023,TŻ,53.72,False
8F2AF37D0F,2TŻ,I,582,231,2024/2025,60.3,2023,TŻ,66.15,True
8F2AF37D0F,2TŻ,II,728,258,2024/2025,64.6,2023,TŻ,53.72,False
56EDD0A39A,2TŻ,I,582,90,2024/2025,84.5,2023,TŻ,66.15,False
56EDD0A39A,2TŻ,II,728,189,2024/2025,74.0,2023,TŻ,53.72,False
9DFF6EE3BD,2TŻ,I,582,225,2024/2025,61.3,2023,TŻ,66.15,True
9DFF6EE3BD,2TŻ,II,728,344,2024/2025,52.7,2023,TŻ,53.72,True
A93766A98C,2TŻ,I,582,112,2024/2025,80.8,2023,TŻ,66.15,False
A93766A98C,2TŻ,II,728,200,2024/2025,72.5,2023,TŻ,53.72,False
2BDBFBD70A,2TŻ,I,369,184,2024/2025,50.1,2023,TŻ,66.15,True
2BDBFBD70A,2TŻ,II,460,311,2024/2025,32.4,2023,TŻ,53.72,True
E04911FA86,2TŻ,I,582,119,2024/2025,79.6,2023,TŻ,66.15,False
E04911FA86,2TŻ,II,728,131,2024/2025,82.0,2023,TŻ,53.72,False
F4B12FE899,2TŻ,I,582,118,2024/2025,79.7,2023,TŻ,66.15,False
F4B12FE899,2TŻ,II,728,167,2024/2025,77.1,2023,TŻ,53.72,False
698B4CF901,2TŻ,I,581,48,2024/2025,91.7,2023,TŻ,66.15,False
698B4CF901,2TŻ,II,728,145,2024/2025,80.1,2023,TŻ,53.72,False
3F04D565F2,2TŻ,I,573,151,2024/2025,73.6,2023,TŻ,66.15,False
3F04D565F2,2TŻ,II,728,224,2024/2025,69.2,2023,TŻ,53.72,False
54A178C507,2TŻ,I,581,56,2024/2025,90.4,2023,TŻ,66.15,False
54A178C507,2TŻ,II,728,122,2024/2025,83.2,2023,TŻ,53.72,False
53C951AEB0,2TŻ,I,575,83,2024/2025,85.6,2023,TŻ,66.15,False
53C951AEB0,2TŻ,II,728,129,2024/2025,82.3,2023,TŻ,53.72,False
4B94DA2FCC,2TŻ,I,581,195,2024/2025,66.4,2023,TŻ,66.15,False
4B94DA2FCC,2TŻ,II,728,220,2024/2025,69.8,2023,TŻ,53.72,False
C61AFBB3DA,2TŻ,I,581,133,2024/2025,77.1,2023,TŻ,66.15,False
C61AFBB3DA,2TŻ,II,728,256,2024/2025,64.8,2023,TŻ,53.72,False
265EC65E02,2TŻ,I,581,102,2024/2025,82.4,2023,TŻ,66.15,False
265EC65E02,2TŻ,II,728,227,2024/2025,68.8,2023,TŻ,53.72,False
D4AFB7FBDD,2TŻ,I,581,31,2024/2025,94.7,2023,TŻ,66.15,False
D4AFB7FBDD,2TŻ,II,728,69,2024/2025,90.5,2023,TŻ,53.72,False
4B3B8679F8,2TŻ,I,581,82,2024/2025,85.9,2023,TŻ,66.15,False
4B3B8679F8,2TŻ,II,728,255,2024/2025,65.0,2023,TŻ,53.72,False
DA5549EDF3,2TŻ,I,575,74,2024/2025,87.1,2023,TŻ,66.15,False
DA5549EDF3,2TŻ,II,728,156,2024/2025,78.6,2023,TŻ,53.72,False
515055C608,2TŻ,I,581,99,2024/2025,83.0,2023,TŻ,66.15,False
515055C608,2TŻ,II,728,177,2024/2025,75.7,2023,TŻ,53.72,False
0BD2DF5F7A,2TŻ,I,581,105,2024/2025,81.9,2023,TŻ,66.15,False
0BD2DF5F7A,2TŻ,II,728,129,2024/2025,82.3,2023,TŻ,53.72,False
6F5E7B3666,2TŻ,I,581,79,2024/2025,86.4,2023,TŻ,66.15,False
6F5E7B3666,2TŻ,II,728,203,2024/2025,72.1,2023,TŻ,53.72,False
809530C18F,3TM5,I,568,71,2024/2025,87.5,2022,TM5,47.73,False
809530C18F,3TM5,II,717,256,2024/2025,64.3,2022,TM5,30.77,False
BF6AEF8C61,3TM5,I,568,124,2024/2025,78.2,2022,TM5,47.73,False
BF6AEF8C61,3TM5,II,717,183,2024/2025,74.5,2022,TM5,30.77,False
634A361DE2,3TM5,I,568,270,2024/2025,52.5,2022,TM5,47.73,False
634A361DE2,3TM5,II,717,351,2024/2025,51.0,2022,TM5,30.77,False
9EE013BC2A,3TM5,I,568,171,2024/2025,69.9,2022,TM5,47.73,False
9EE013BC2A,3TM5,II,717,359,2024/2025,49.9,2022,TM5,30.77,False
92FDDFBFA6,3TM5,I,568,202,2024/2025,64.4,2022,TM5,47.73,False
92FDDFBFA6,3TM5,II,717,357,2024/2025,50.2,2022,TM5,30.77,False
36C712836D,3TM5,I,568,154,2024/2025,72.9,2022,TM5,47.73,False
36C712836D,3TM5,II,717,338,2024/2025,52.9,2022,TM5,30.77,False
ABAF891FDF,3TM5,I,568,38,2024/2025,93.3,2022,TM5,47.73,False
ABAF891FDF,3TM5,II,717,211,2024/2025,70.6,2022,TM5,30.77,False
5F9041FF2E,3TM5,I,568,118,2024/2025,79.2,2022,TM5,47.73,False
5F9041FF2E,3TM5,II,717,354,2024/2025,50.6,2022,TM5,30.77,False
E0485821C4,3TM5,I,568,91,2024/2025,84.0,2022,TM5,47.73,False
E0485821C4,3TM5,II,717,213,2024/2025,70.3,2022,TM5,30.77,False
914E65548B,3TM5,I,568,148,2024/2025,73.9,2022,TM5,47.73,False
914E65548B,3TM5,II,717,244,2024/2025,66.0,2022,TM5,30.77,False
F9B70B42DE,3TM5,I,568,165,2024/2025,71.0,2022,TM5,47.73,False
F9B70B42DE,3TM5,II,717,307,2024/2025,57.2,2022,TM5,30.77,False
4377BA6D39,3TM5,I,568,166,2024/2025,70.8,2022,TM5,47.73,False
4377BA6D39,3TM5,II,717,434,2024/2025,39.5,2022,TM5,30.77,False
58C6C49BB3,3TM5,I,568,260,2024/2025,54.2,2022,TM5,47.73,False
58C6C49BB3,3TM5,II,717,432,2024/2025,39.7,2022,TM5,30.77,False
70D67517C5,3TM5,I,568,91,2024/2025,84.0,2022,TM5,47.73,False
70D67517C5,3TM5,II,717,321,2024/2025,55.2,2022,TM5,30.77,False
805DEAEF7F,3TM5,I,568,65,2024/2025,88.6,2022,TM5,47.73,False
805DEAEF7F,3TM5,II,717,258,2024/2025,64.0,2022,TM5,30.77,False
BCC2D2097C,3TM5,I,1136,307,2024/2025,73.0,2022,TM5,47.73,False
BCC2D2097C,3TM5,II,1434,595,2024/2025,58.5,2022,TM5,30.77,False
4EB5ED671B,3TM5,I,568,125,2024/2025,78.0,2022,TM5,47.73,False
4EB5ED671B,3TM5,II,717,347,2024/2025,51.6,2022,TM5,30.77,False
C23F7A58D4,3TM5,I,568,197,2024/2025,65.3,2022,TM5,47.73,False
C23F7A58D4,3TM5,II,717,274,2024/2025,61.8,2022,TM5,30.77,False
A976A8F4A3,3TM5,I,568,192,2024/2025,66.2,2022,TM5,47.73,False
A976A8F4A3,3TM5,II,717,331,2024/2025,53.8,2022,TM5,30.77,False
50229D065B,3TR5,I,571,144,2024/2025,74.8,2022,TR5,46.05,False
50229D065B,3TR5,II,785,344,2024/2025,56.2,2022,TR5,42.23,False
13CE1DABEB,3TR5,I,593,20,2024/2025,96.6,2022,TR5,46.05,False
13CE1DABEB,3TR5,II,817,142,2024/2025,82.6,2022,TR5,42.23,False
46A969DD52,3TR5,I,593,158,2024/2025,73.4,2022,TR5,46.05,False
46A969DD52,3TR5,II,817,348,2024/2025,57.4,2022,TR5,42.23,False
0F4BB60648,3TR5,I,591,220,2024/2025,62.8,2022,TR5,46.05,False
0F4BB60648,3TR5,II,785,281,2024/2025,64.2,2022,TR5,42.23,False
5C6D35477D,3TR5,I,591,104,2024/2025,82.4,2022,TR5,46.05,False
5C6D35477D,3TR5,II,811,233,2024/2025,71.3,2022,TR5,42.23,False
044A58D6C2,3TR5,I,593,313,2024/2025,47.2,2022,TR5,46.05,False
044A58D6C2,3TR5,II,817,601,2024/2025,26.4,2022,TR5,42.23,True
EFA14EF01D,3TR5,I,593,227,2024/2025,61.7,2022,TR5,46.05,False
EFA14EF01D,3TR5,II,817,329,2024/2025,59.7,2022,TR5,42.23,False
41F56EF605,3TR5,I,591,186,2024/2025,68.5,2022,TR5,46.05,False
41F56EF605,3TR5,II,811,332,2024/2025,59.1,2022,TR5,42.23,False
D3891B2179,3TR5,I,593,107,2024/2025,82.0,2022,TR5,46.05,False
D3891B2179,3TR5,II,817,241,2024/2025,70.5,2022,TR5,42.23,False
4011B2C987,3TR5,I,593,130,2024/2025,78.1,2022,TR5,46.05,False
4011B2C987,3TR5,II,817,249,2024/2025,69.5,2022,TR5,42.23,False
55F0BD5C16,3TR5,I,593,188,2024/2025,68.3,2022,TR5,46.05,False
55F0BD5C16,3TR5,II,817,239,2024/2025,70.7,2022,TR5,42.23,False
B52D84287A,3TR5,I,593,201,2024/2025,66.1,2022,TR5,46.05,False
B52D84287A,3TR5,II,817,332,2024/2025,59.4,2022,TR5,42.23,False
833480A4AE,3TR5,I,593,130,2024/2025,78.1,2022,TR5,46.05,False
833480A4AE,3TR5,II,817,257,2024/2025,68.5,2022,TR5,42.23,False
A5DD142A01,3TR5,I,593,76,2024/2025,87.2,2022,TR5,46.05,False
A5DD142A01,3TR5,II,817,161,2024/2025,80.3,2022,TR5,42.23,False
1D9D01C457,3TR5,I,593,197,2024/2025,66.8,2022,TR5,46.05,False
1D9D01C457,3TR5,II,817,314,2024/2025,61.6,2022,TR5,42.23,False
0A5820F136,3TW5,I,561,79,2024/2025,85.9,2022,TW5,45.3,False
0A5820F136,3TW5,II,732,350,2024/2025,52.2,2022,TW5,32.85,False
912AAEFE58,3TW5,I,558,334,2024/2025,40.1,2022,TW5,45.3,True
912AAEFE58,3TW5,II,762,424,2024/2025,44.4,2022,TW5,32.85,False
F98002DD2C,3TW5,I,561,93,2024/2025,83.4,2022,TW5,45.3,False
F98002DD2C,3TW5,II,732,234,2024/2025,68.0,2022,TW5,32.85,False
A4308F8625,3TW5,I,565,196,2024/2025,65.3,2022,TW5,45.3,False
A4308F8625,3TW5,II,762,343,2024/2025,55.0,2022,TW5,32.85,False
BCDF4B5EE6,3TW5,I,565,126,2024/2025,77.7,2022,TW5,45.3,False
BCDF4B5EE6,3TW5,II,762,310,2024/2025,59.3,2022,TW5,32.85,False
3E9D14C704,3TW5,I,565,88,2024/2025,84.4,2022,TW5,45.3,False
3E9D14C704,3TW5,II,762,172,2024/2025,77.4,2022,TW5,32.85,False
1EC41D38ED,3TW5,I,561,63,2024/2025,88.8,2022,TW5,45.3,False
1EC41D38ED,3TW5,II,732,241,2024/2025,67.1,2022,TW5,32.85,False
143CD130AC,3TW5,I,561,173,2024/2025,69.2,2022,TW5,45.3,False
143CD130AC,3TW5,II,732,349,2024/2025,52.3,2022,TW5,32.85,False
AC16C22BDD,3TW5,I,561,81,2024/2025,85.6,2022,TW5,45.3,False
AC16C22BDD,3TW5,II,732,240,2024/2025,67.2,2022,TW5,32.85,False
63304A2953,3TW5,I,541,179,2024/2025,66.9,2022,TW5,45.3,False
63304A2953,3TW5,II,726,369,2024/2025,49.2,2022,TW5,32.85,False
9E86A0D961,3TW5,I,561,130,2024/2025,76.8,2022,TW5,45.3,False
9E86A0D961,3TW5,II,732,242,2024/2025,66.9,2022,TW5,32.85,False
61981B857B,3TW5,I,561,98,2024/2025,82.5,2022,TW5,45.3,False
61981B857B,3TW5,II,732,323,2024/2025,55.9,2022,TW5,32.85,False
D7DADAF72A,3TW5,I,561,164,2024/2025,70.8,2022,TW5,45.3,False
D7DADAF72A,3TW5,II,735,160,2024/2025,78.2,2022,TW5,32.85,False
BFCF86F28B,3TW5,I,565,171,2024/2025,69.7,2022,TW5,45.3,False
BFCF86F28B,3TW5,II,765,304,2024/2025,60.3,2022,TW5,32.85,False
0427C2D88E,3TW5,I,561,187,2024/2025,66.7,2022,TW5,45.3,False
0427C2D88E,3TW5,II,735,296,2024/2025,59.7,2022,TW5,32.85,False
B1071E9DB8,3TW5,I,561,67,2024/2025,88.1,2022,TW5,45.3,False
B1071E9DB8,3TW5,II,735,289,2024/2025,60.7,2022,TW5,32.85,False
BD9FD4EA6A,3TW5,I,565,185,2024/2025,67.3,2022,TW5,45.3,False
BD9FD4EA6A,3TW5,II,765,319,2024/2025,58.3,2022,TW5,32.85,False
06AAE9D41A,3TW5,I,565,82,2024/2025,85.5,2022,TW5,45.3,False
06AAE9D41A,3TW5,II,765,364,2024/2025,52.4,2022,TW5,32.85,False
F2011A4FA9,3TW5,I,561,135,2024/2025,75.9,2022,TW5,45.3,False
F2011A4FA9,3TW5,II,735,384,2024/2025,47.8,2022,TW5,32.85,False
D918AC2E73,3TW5,I,565,62,2024/2025,89.0,2022,TW5,45.3,False
D918AC2E73,3TW5,II,765,135,2024/2025,82.4,2022,TW5,32.85,False
868BCE38C8,3TW5,I,541,140,2024/2025,74.1,2022,TW5,45.3,False
868BCE38C8,3TW5,II,729,209,2024/2025,71.3,2022,TW5,32.85,False
86DD174670,3TW5,I,561,157,2024/2025,72.0,2022,TW5,45.3,False
86DD174670,3TW5,II,735,326,2024/2025,55.6,2022,TW5,32.85,False
14ED939C17,3TW5,I,565,60,2024/2025,89.4,2022,TW5,45.3,False
14ED939C17,3TW5,II,765,158,2024/2025,79.3,2022,TW5,32.85,False
27BA702978,3TŻ5,I,567,24,2024/2025,95.8,2022,TŻ5,56.49,False
27BA702978,3TŻ5,II,714,128,2024/2025,82.1,2022,TŻ5,55.7,False
8767095DDE,3TŻ5,I,567,82,2024/2025,85.5,2022,TŻ5,56.49,False
8767095DDE,3TŻ5,II,714,125,2024/2025,82.5,2022,TŻ5,55.7,False
069590C5EC,3TŻ5,I,567,185,2024/2025,67.4,2022,TŻ5,56.49,False
069590C5EC,3TŻ5,II,714,267,2024/2025,62.6,2022,TŻ5,55.7,False
C9477A3132,3TŻ5,I,567,146,2024/2025,74.3,2022,TŻ5,56.49,False
C9477A3132,3TŻ5,II,714,203,2024/2025,71.6,2022,TŻ5,55.7,False
462B7DB5AC,3TŻ5,I,568,110,2024/2025,80.6,2022,TŻ5,56.49,False
462B7DB5AC,3TŻ5,II,292,92,2024/2025,68.5,2022,TŻ5,55.7,False
ADF7C128AD,3TŻ5,I,567,234,2024/2025,58.7,2022,TŻ5,56.49,False
ADF7C128AD,3TŻ5,II,714,199,2024/2025,72.1,2022,TŻ5,55.7,False
8D3840E19A,3TŻ5,I,567,60,2024/2025,89.4,2022,TŻ5,56.49,False
8D3840E19A,3TŻ5,II,714,175,2024/2025,75.5,2022,TŻ5,55.7,False
4D4FDC4D2A,3TŻ5,I,567,107,2024/2025,81.1,2022,TŻ5,56.49,False
4D4FDC4D2A,3TŻ5,II,714,150,2024/2025,79.0,2022,TŻ5,55.7,False
098E54F2D6,3TŻ5,I,567,161,2024/2025,71.6,2022,TŻ5,56.49,False
098E54F2D6,3TŻ5,II,714,249,2024/2025,65.1,2022,TŻ5,55.7,False
C8DD5EAF9C,3TŻ5,I,567,50,2024/2025,91.2,2022,TŻ5,56.49,False
C8DD5EAF9C,3TŻ5,II,714,127,2024/2025,82.2,2022,TŻ5,55.7,False
8879A5BF84,3TŻ5,I,569,138,2024/2025,75.7,2022,TŻ5,56.49,False
8879A5BF84,3TŻ5,II,715,235,2024/2025,67.1,2022,TŻ5,55.7,False
FF82200A74,3TŻ5,I,569,115,2024/2025,79.8,2022,TŻ5,56.49,False
FF82200A74,3TŻ5,II,715,190,2024/2025,73.4,2022,TŻ5,55.7,False
22C34241E7,3TŻ5,I,569,170,2024/2025,70.1,2022,TŻ5,56.49,False
22C34241E7,3TŻ5,II,715,225,2024/2025,68.5,2022,TŻ5,55.7,False
1042F42DEB,3TŻ5,I,569,68,2024/2025,88.0,2022,TŻ5,56.49,False
1042F42DEB,3TŻ5,II,715,187,2024/2025,73.8,2022,TŻ5,55.7,False
41A63133E1,3TŻ5,I,569,84,2024/2025,85.2,2022,TŻ5,56.49,False
41A63133E1,3TŻ5,II,715,205,2024/2025,71.3,2022,TŻ5,55.7,False
143CF7F3FD,3TŻ5,I,569,87,2024/2025,84.7,2022,TŻ5,56.49,False
143CF7F3FD,3TŻ5,II,715,230,2024/2025,67.8,2022,TŻ5,55.7,False
B9EBD3E3C1,3TŻ5,I,569,103,2024/2025,81.9,2022,TŻ5,56.49,False
B9EBD3E3C1,3TŻ5,II,715,297,2024/2025,58.5,2022,TŻ5,55.7,False
BD9AE7DA74,3TŻ5,I,569,69,2024/2025,87.9,2022,TŻ5,56.49,False
BD9AE7DA74,3TŻ5,II,715,218,2024/2025,69.5,2022,TŻ5,55.7,False
EBDE48A309,3TŻ5,I,569,52,2024/2025,90.9,2022,TŻ5,56.49,False
EBDE48A309,3TŻ5,II,715,173,2024/2025,75.8,2022,TŻ5,55.7,False
EFFA4DE729,3TŻ5,I,569,76,2024/2025,86.6,2022,TŻ5,56.49,False
EFFA4DE729,3TŻ5,II,715,267,2024/2025,62.7,2022,TŻ5,55.7,False
DA41FA6CC6,4RŻ5,I,405,141,2024/2025,65.2,2021,RŻ5,46.15,False
DA41FA6CC6,4RŻ5,II,723,260,2024/2025,64.0,2021,RŻ5,36.53,False
F54B1333DB,4RŻ5,I,405,63,2024/2025,84.4,2021,RŻ5,46.15,False
F54B1333DB,4RŻ5,II,723,182,2024/2025,74.8,2021,RŻ5,36.53,False
0490095064,4RŻ5,I,387,48,2024/2025,87.6,2021,RŻ5,46.15,False
0490095064,4RŻ5,II,685,198,2024/2025,71.1,2021,RŻ5,36.53,False
E50314B097,4RŻ5,I,387,35,2024/2025,91.0,2021,RŻ5,46.15,False
E50314B097,4RŻ5,II,685,148,2024/2025,78.4,2021,RŻ5,36.53,False
7BE43D717C,4RŻ5,I,414,109,2024/2025,73.7,2021,RŻ5,46.15,False
7BE43D717C,4RŻ5,II,741,283,2024/2025,61.8,2021,RŻ5,36.53,False
B09CA92364,4RŻ5,I,414,15,2024/2025,96.4,2021,RŻ5,46.15,False
B09CA92364,4RŻ5,II,741,151,2024/2025,79.6,2021,RŻ5,36.53,False
DE218F00E2,4RŻ5,I,414,121,2024/2025,70.8,2021,RŻ5,46.15,False
DE218F00E2,4RŻ5,II,741,169,2024/2025,77.2,2021,RŻ5,36.53,False
2BA49A7C8B,4RŻ5,I,414,75,2024/2025,81.9,2021,RŻ5,46.15,False
2BA49A7C8B,4RŻ5,II,741,242,2024/2025,67.3,2021,RŻ5,36.53,False
66502486E7,4RŻ5,I,414,151,2024/2025,63.5,2021,RŻ5,46.15,False
66502486E7,4RŻ5,II,741,322,2024/2025,56.5,2021,RŻ5,36.53,False
710C25351D,4RŻ5,I,414,94,2024/2025,77.3,2021,RŻ5,46.15,False
710C25351D,4RŻ5,II,741,277,2024/2025,62.6,2021,RŻ5,36.53,False
4E6BB3D870,4RŻ5,I,405,80,2024/2025,80.2,2021,RŻ5,46.15,False
4E6BB3D870,4RŻ5,II,723,294,2024/2025,59.3,2021,RŻ5,36.53,False
A6CF67BD9C,4RŻ5,I,414,75,2024/2025,81.9,2021,RŻ5,46.15,False
A6CF67BD9C,4RŻ5,II,741,339,2024/2025,54.3,2021,RŻ5,36.53,False
68AE683B15,4RŻ5,I,396,70,2024/2025,82.3,2021,RŻ5,46.15,False
68AE683B15,4RŻ5,II,703,269,2024/2025,61.7,2021,RŻ5,36.53,False
4320458CF7,4RŻ5,I,405,164,2024/2025,59.5,2021,RŻ5,46.15,False
4320458CF7,4RŻ5,II,723,313,2024/2025,56.7,2021,RŻ5,36.53,False
4A5260C8A8,4RŻ5,I,414,145,2024/2025,65.0,2021,RŻ5,46.15,False
4A5260C8A8,4RŻ5,II,741,257,2024/2025,65.3,2021,RŻ5,36.53,False
AAFB3DEEC6,4RŻ5,I,405,142,2024/2025,64.9,2021,RŻ5,46.15,False
AAFB3DEEC6,4RŻ5,II,723,259,2024/2025,64.2,2021,RŻ5,36.53,False
BA84B0307B,4RŻ5,I,414,115,2024/2025,72.2,2021,RŻ5,46.15,False
BA84B0307B,4RŻ5,II,741,341,2024/2025,54.0,2021,RŻ5,36.53,False
24D99A2B7A,4RŻ5,I,414,131,2024/2025,68.4,2021,RŻ5,46.15,False
24D99A2B7A,4RŻ5,II,741,431,2024/2025,41.8,2021,RŻ5,36.53,False
0CD2C2F095,4RŻ5,I,405,90,2024/2025,77.8,2021,RŻ5,46.15,False
0CD2C2F095,4RŻ5,II,723,200,2024/2025,72.3,2021,RŻ5,36.53,False
0CE48860EC,4RŻ5,I,396,105,2024/2025,73.5,2021,RŻ5,46.15,False
0CE48860EC,4RŻ5,II,703,249,2024/2025,64.6,2021,RŻ5,36.53,False
EDBFEDF588,4RŻ5,I,405,99,2024/2025,75.6,2021,RŻ5,46.15,False
EDBFEDF588,4RŻ5,II,723,252,2024/2025,65.1,2021,RŻ5,36.53,False
A33AD07A65,4RŻ5,I,405,110,2024/2025,72.8,2021,RŻ5,46.15,False
A33AD07A65,4RŻ5,II,723,306,2024/2025,57.7,2021,RŻ5,36.53,False
2FCEEB36B4,4RŻ5,I,387,119,2024/2025,69.3,2021,RŻ5,46.15,False
2FCEEB36B4,4RŻ5,II,685,327,2024/2025,52.3,2021,RŻ5,36.53,False
148C0370A4,4RŻ5,I,405,150,2024/2025,63.0,2021,RŻ5,46.15,False
148C0370A4,4RŻ5,II,723,191,2024/2025,73.6,2021,RŻ5,36.53,False
2EBEDF82B0,4TM5,I,424,85,2024/2025,80.0,2021,TM5,49.75,False
2EBEDF82B0,4TM5,II,732,255,2024/2025,65.2,2021,TM5,32.85,False
5C6CD666D0,4TM5,I,424,76,2024/2025,82.1,2021,TM5,49.75,False
5C6CD666D0,4TM5,II,732,309,2024/2025,57.8,2021,TM5,32.85,False
880D7072AF,4TM5,I,424,71,2024/2025,83.3,2021,TM5,49.75,False
880D7072AF,4TM5,II,732,180,2024/2025,75.4,2021,TM5,32.85,False
A2B9CCBA47,4TM5,I,424,148,2024/2025,65.1,2021,TM5,49.75,False
A2B9CCBA47,4TM5,II,732,386,2024/2025,47.3,2021,TM5,32.85,False
61570FA665,4TM5,I,424,52,2024/2025,87.7,2021,TM5,49.75,False
61570FA665,4TM5,II,732,162,2024/2025,77.9,2021,TM5,32.85,False
22632D84EA,4TM5,I,424,23,2024/2025,94.6,2021,TM5,49.75,False
22632D84EA,4TM5,II,732,204,2024/2025,72.1,2021,TM5,32.85,False
03B870C824,4TM5,I,424,118,2024/2025,72.2,2021,TM5,49.75,False
03B870C824,4TM5,II,732,230,2024/2025,68.6,2021,TM5,32.85,False
0748FBFDF1,4TM5,I,424,105,2024/2025,75.2,2021,TM5,49.75,False
0748FBFDF1,4TM5,II,732,309,2024/2025,57.8,2021,TM5,32.85,False
D00D53FBB5,4TM5,I,424,125,2024/2025,70.5,2021,TM5,49.75,False
D00D53FBB5,4TM5,II,732,325,2024/2025,55.6,2021,TM5,32.85,False
9ADFEF334F,4TM5,I,424,47,2024/2025,88.9,2021,TM5,49.75,False
9ADFEF334F,4TM5,II,732,180,2024/2025,75.4,2021,TM5,32.85,False
C7B1ECD44B,4TM5,I,424,130,2024/2025,69.3,2021,TM5,49.75,False
C7B1ECD44B,4TM5,II,732,234,2024/2025,68.0,2021,TM5,32.85,False
3E20351F69,4TM5,I,424,104,2024/2025,75.5,2021,TM5,49.75,False
3E20351F69,4TM5,II,732,326,2024/2025,55.5,2021,TM5,32.85,False
7401216D63,4TM5,I,424,190,2024/2025,55.2,2021,TM5,49.75,False
7401216D63,4TM5,II,739,393,2024/2025,46.8,2021,TM5,32.85,False
70D1C5E5D0,4TM5,I,424,59,2024/2025,86.1,2021,TM5,49.75,False
70D1C5E5D0,4TM5,II,739,264,2024/2025,64.3,2021,TM5,32.85,False
B46655A1FC,4TM5,I,424,3,2024/2025,99.3,2021,TM5,49.75,False
B46655A1FC,4TM5,II,739,87,2024/2025,88.2,2021,TM5,32.85,False
9E8DAA8C13,4TM5,I,424,113,2024/2025,73.3,2021,TM5,49.75,False
9E8DAA8C13,4TM5,II,739,272,2024/2025,63.2,2021,TM5,32.85,False
4AFFD105F3,4TM5,I,424,127,2024/2025,70.0,2021,TM5,49.75,False
4AFFD105F3,4TM5,II,739,367,2024/2025,50.3,2021,TM5,32.85,False
BB6E69215D,4TM5,I,424,74,2024/2025,82.5,2021,TM5,49.75,False
BB6E69215D,4TM5,II,739,277,2024/2025,62.5,2021,TM5,32.85,False
B32B6054AC,4TM5,I,424,74,2024/2025,82.5,2021,TM5,49.75,False
B32B6054AC,4TM5,II,739,283,2024/2025,61.7,2021,TM5,32.85,False
FCA47D9B1F,4TM5,I,424,23,2024/2025,94.6,2021,TM5,49.75,False
FCA47D9B1F,4TM5,II,739,147,2024/2025,80.1,2021,TM5,32.85,False
AE5812FBE6,4TM5,I,424,148,2024/2025,65.1,2021,TM5,49.75,False
AE5812FBE6,4TM5,II,739,368,2024/2025,50.2,2021,TM5,32.85,False
59151983BF,4TM5,I,424,100,2024/2025,76.4,2021,TM5,49.75,False
59151983BF,4TM5,II,739,278,2024/2025,62.4,2021,TM5,32.85,False
C96A7542B5,4TM5,I,424,62,2024/2025,85.4,2021,TM5,49.75,False
C96A7542B5,4TM5,II,739,199,2024/2025,73.1,2021,TM5,32.85,False
B4C93EDD81,4TW5,I,416,65,2024/2025,84.4,2021,TW5,66.95,False
B4C93EDD81,4TW5,II,753,326,2024/2025,56.7,2021,TW5,57.89,True
248AC7111A,4TW5,I,416,81,2024/2025,80.5,2021,TW5,66.95,False
248AC7111A,4TW5,II,753,195,2024/2025,74.1,2021,TW5,57.89,False
0656150466,4TW5,I,416,82,2024/2025,80.3,2021,TW5,66.95,False
0656150466,4TW5,II,753,217,2024/2025,71.2,2021,TW5,57.89,False
B70D910674,4TW5,I,416,66,2024/2025,84.1,2021,TW5,66.95,False
B70D910674,4TW5,II,753,224,2024/2025,70.3,2021,TW5,57.89,False
61A03F2675,4TW5,I,416,11,2024/2025,97.4,2021,TW5,66.95,False
61A03F2675,4TW5,II,753,158,2024/2025,79.0,2021,TW5,57.89,False
FFCC9F97F3,4TW5,I,416,56,2024/2025,86.5,2021,TW5,66.95,False
FFCC9F97F3,4TW5,II,753,114,2024/2025,84.9,2021,TW5,57.89,False
CCA3BB568F,4TW5,I,395,41,2024/2025,89.6,2021,TW5,66.95,False
CCA3BB568F,4TW5,II,725,154,2024/2025,78.8,2021,TW5,57.89,False
33C5CA820C,4TW5,I,416,50,2024/2025,88.0,2021,TW5,66.95,False
33C5CA820C,4TW5,II,753,216,2024/2025,71.3,2021,TW5,57.89,False
165732F5D0,4TW5,I,416,208,2024/2025,50.0,2021,TW5,66.95,True
165732F5D0,4TW5,II,753,402,2024/2025,46.6,2021,TW5,57.89,True
B4D7441CB9,4TW5,I,416,65,2024/2025,84.4,2021,TW5,66.95,False
B4D7441CB9,4TW5,II,753,199,2024/2025,73.6,2021,TW5,57.89,False
75ABBFEA09,4TW5,I,416,109,2024/2025,73.8,2021,TW5,66.95,False
75ABBFEA09,4TW5,II,753,257,2024/2025,65.9,2021,TW5,57.89,False
28ACFEDFE8,4TW5,I,387,56,2024/2025,85.5,2021,TW5,66.95,False
28ACFEDFE8,4TW5,II,711,170,2024/2025,76.1,2021,TW5,57.89,False
CB69E274F4,4TW5,I,395,131,2024/2025,66.8,2021,TW5,66.95,True
CB69E274F4,4TW5,II,725,188,2024/2025,74.1,2021,TW5,57.89,False
8BC40F0707,4TW5,I,417,27,2024/2025,93.5,2021,TW5,66.95,False
8BC40F0707,4TW5,II,753,106,2024/2025,85.9,2021,TW5,57.89,False
1E452F8B76,4TW5,I,417,19,2024/2025,95.4,2021,TW5,66.95,False
1E452F8B76,4TW5,II,753,143,2024/2025,81.0,2021,TW5,57.89,False
FD77904472,4TW5,I,417,16,2024/2025,96.2,2021,TW5,66.95,False
FD77904472,4TW5,II,753,130,2024/2025,82.7,2021,TW5,57.89,False
49DA0EE07B,4TW5,I,315,125,2024/2025,60.3,2021,TW5,66.95,True
49DA0EE07B,4TW5,II,409,93,2024/2025,77.3,2021,TW5,57.89,False
02A96D4364,4TW5,I,396,78,2024/2025,80.3,2021,TW5,66.95,False
02A96D4364,4TW5,II,725,240,2024/2025,66.9,2021,TW5,57.89,False
233DC37A1E,4TW5,I,417,34,2024/2025,91.8,2021,TW5,66.95,False
233DC37A1E,4TW5,II,753,152,2024/2025,79.8,2021,TW5,57.89,False
D88AD7F31B,4TW5,I,396,78,2024/2025,80.3,2021,TW5,66.95,False
D88AD7F31B,4TW5,II,725,207,2024/2025,71.4,2021,TW5,57.89,False
571C54E9D3,4TW5,I,417,56,2024/2025,86.6,2021,TW5,66.95,False
571C54E9D3,4TW5,II,753,211,2024/2025,72.0,2021,TW5,57.89,False
68E4E95E90,4TW5,I,417,155,2024/2025,62.8,2021,TW5,66.95,True
68E4E95E90,4TW5,II,753,282,2024/2025,62.5,2021,TW5,57.89,False
69B1AB95F7,5TM5,I,455,202,2024/2025,55.6,2020,TM5,36.1,False
69B1AB95F7,5TM5,II,369,179,2024/2025,51.5,2020,TM5,21.89,False
FECF8CE156,5TM5,I,455,151,2024/2025,66.8,2020,TM5,36.1,False
FECF8CE156,5TM5,II,370,177,2024/2025,52.2,2020,TM5,21.89,False
F65658C34D,5TM5,I,455,163,2024/2025,64.2,2020,TM5,36.1,False
F65658C34D,5TM5,II,369,229,2024/2025,37.9,2020,TM5,21.89,False
BBD752E677,5TM5,I,455,183,2024/2025,59.8,2020,TM5,36.1,False
BBD752E677,5TM5,II,370,174,2024/2025,53.0,2020,TM5,21.89,False
99D7E8DBE9,5TM5,I,455,201,2024/2025,55.8,2020,TM5,36.1,False
99D7E8DBE9,5TM5,II,370,256,2024/2025,30.8,2020,TM5,21.89,False
094EE79A92,5TM5,I,455,67,2024/2025,85.3,2020,TM5,36.1,False
094EE79A92,5TM5,II,370,141,2024/2025,61.9,2020,TM5,21.89,False
EA68223CB9,5TM5,I,455,195,2024/2025,57.1,2020,TM5,36.1,False
EA68223CB9,5TM5,II,370,227,2024/2025,38.6,2020,TM5,21.89,False
E9702359F6,5TM5,I,455,183,2024/2025,59.8,2020,TM5,36.1,False
E9702359F6,5TM5,II,369,235,2024/2025,36.3,2020,TM5,21.89,False
7D9306E51F,5TM5,I,455,147,2024/2025,67.7,2020,TM5,36.1,False
7D9306E51F,5TM5,II,369,196,2024/2025,46.9,2020,TM5,21.89,False
A4FF3FD673,5TM5,I,455,127,2024/2025,72.1,2020,TM5,36.1,False
A4FF3FD673,5TM5,II,370,190,2024/2025,48.6,2020,TM5,21.89,False
FE417FF3C3,5TM5,I,455,280,2024/2025,38.5,2020,TM5,36.1,False
FE417FF3C3,5TM5,II,370,262,2024/2025,29.2,2020,TM5,21.89,False
97EC186A2A,5TM5,I,455,92,2024/2025,79.8,2020,TM5,36.1,False
97EC186A2A,5TM5,II,370,196,2024/2025,47.0,2020,TM5,21.89,False
5AFBF18368,5TM5,I,455,138,2024/2025,69.7,2020,TM5,36.1,False
5AFBF18368,5TM5,II,370,213,2024/2025,42.4,2020,TM5,21.89,False
C05978F027,5TM5,I,455,90,2024/2025,80.2,2020,TM5,36.1,False
C05978F027,5TM5,II,370,207,2024/2025,44.1,2020,TM5,21.89,False
6F984271FD,5TM5,I,455,65,2024/2025,85.7,2020,TM5,36.1,False
6F984271FD,5TM5,II,370,180,2024/2025,51.4,2020,TM5,21.89,False
76B27B3D5C,5TM5,I,455,111,2024/2025,75.6,2020,TM5,36.1,False
76B27B3D5C,5TM5,II,370,209,2024/2025,43.5,2020,TM5,21.89,False
5B124AA943,5TM5,I,455,124,2024/2025,72.7,2020,TM5,36.1,False
5B124AA943,5TM5,II,370,204,2024/2025,44.9,2020,TM5,21.89,False
922C6FF356,5TM5,I,455,111,2024/2025,75.6,2020,TM5,36.1,False
922C6FF356,5TM5,II,370,181,2024/2025,51.1,2020,TM5,21.89,False
055EE1BDCB,5TW5,I,418,71,2024/2025,83.0,2020,TW5,48.75,False
055EE1BDCB,5TW5,II,324,71,2024/2025,78.1,2020,TW5,40.95,False
AAB60024F5,5TW5,I,438,83,2024/2025,81.1,2020,TW5,48.75,False
AAB60024F5,5TW5,II,346,62,2024/2025,82.1,2020,TW5,40.95,False
210E90C9E4,5TW5,I,438,121,2024/2025,72.4,2020,TW5,48.75,False
210E90C9E4,5TW5,II,346,129,2024/2025,62.7,2020,TW5,40.95,False
B6F4709A1D,5TW5,I,438,93,2024/2025,78.8,2020,TW5,48.75,False
B6F4709A1D,5TW5,II,346,121,2024/2025,65.0,2020,TW5,40.95,False
477DE3B96F,5TW5,I,438,55,2024/2025,87.4,2020,TW5,48.75,False
477DE3B96F,5TW5,II,346,79,2024/2025,77.2,2020,TW5,40.95,False
DA07B49568,5TW5,I,438,132,2024/2025,69.9,2020,TW5,48.75,False
DA07B49568,5TW5,II,346,123,2024/2025,64.5,2020,TW5,40.95,False
617DE9606E,5TW5,I,438,120,2024/2025,72.6,2020,TW5,48.75,False
617DE9606E,5TW5,II,346,96,2024/2025,72.3,2020,TW5,40.95,False
C7A3D50E34,5TW5,I,438,31,2024/2025,92.9,2020,TW5,48.75,False
C7A3D50E34,5TW5,II,346,52,2024/2025,85.0,2020,TW5,40.95,False
5D8D20A0D2,5TW5,I,438,70,2024/2025,84.0,2020,TW5,48.75,False
5D8D20A0D2,5TW5,II,346,79,2024/2025,77.2,2020,TW5,40.95,False
0C450DAFF1,5TW5,I,438,196,2024/2025,55.3,2020,TW5,48.75,False
0C450DAFF1,5TW5,II,346,264,2024/2025,23.7,2020,TW5,40.95,True
EE75A467A8,5TW5,I,438,412,2024/2025,5.9,2020,TW5,48.75,True
EE75A467A8,5TW5,II,346,338,2024/2025,2.3,2020,TW5,40.95,True
0DD7ADDAF3,5TW5,I,438,58,2024/2025,86.8,2020,TW5,48.75,False
0DD7ADDAF3,5TW5,II,346,92,2024/2025,73.4,2020,TW5,40.95,False
E45666FE1F,5TW5,I,438,159,2024/2025,63.7,2020,TW5,48.75,False
E45666FE1F,5TW5,II,346,145,2024/2025,58.1,2020,TW5,40.95,False
3F0C7DC0DA,5TŻ5,I,450,160,2024/2025,64.4,2020,TŻ5,59.05,False
3F0C7DC0DA,5TŻ5,II,348,168,2024/2025,51.7,2020,TŻ5,32.12,False
CD95F36AEF,5TŻ5,I,450,30,2024/2025,93.3,2020,TŻ5,59.05,False
CD95F36AEF,5TŻ5,II,348,73,2024/2025,79.0,2020,TŻ5,32.12,False
7BEA62D88E,5TŻ5,I,450,79,2024/2025,82.4,2020,TŻ5,59.05,False
7BEA62D88E,5TŻ5,II,348,106,2024/2025,69.5,2020,TŻ5,32.12,False
6A5DE94F49,5TŻ5,I,428,210,2024/2025,50.9,2020,TŻ5,59.05,True
6A5DE94F49,5TŻ5,II,335,252,2024/2025,24.8,2020,TŻ5,32.12,True
316DDD1940,5TŻ5,I,450,105,2024/2025,76.7,2020,TŻ5,59.05,False
316DDD1940,5TŻ5,II,348,129,2024/2025,62.9,2020,TŻ5,32.12,False
CAA32635AA,5TŻ5,I,450,85,2024/2025,81.1,2020,TŻ5,59.05,False
CAA32635AA,5TŻ5,II,348,119,2024/2025,65.8,2020,TŻ5,32.12,False
F669A1508D,5TŻ5,I,450,42,2024/2025,90.7,2020,TŻ5,59.05,False
F669A1508D,5TŻ5,II,348,77,2024/2025,77.9,2020,TŻ5,32.12,False
1CD1A2B0B8,5TŻ5,I,426,117,2024/2025,72.5,2020,TŻ5,59.05,False
1CD1A2B0B8,5TŻ5,II,326,111,2024/2025,66.0,2020,TŻ5,32.12,False
53E89434AB,5TŻ5,I,450,120,2024/2025,73.3,2020,TŻ5,59.05,False
53E89434AB,5TŻ5,II,348,170,2024/2025,51.1,2020,TŻ5,32.12,False
65F25A395E,5TŻ5,I,428,118,2024/2025,72.4,2020,TŻ5,59.05,False
65F25A395E,5TŻ5,II,335,126,2024/2025,62.4,2020,TŻ5,32.12,False
B33F428A33,5TŻ5,I,450,85,2024/2025,81.1,2020,TŻ5,59.05,False
B33F428A33,5TŻ5,II,348,123,2024/2025,64.7,2020,TŻ5,32.12,False
B76800681B,5TŻ5,I,450,86,2024/2025,80.9,2020,TŻ5,59.05,False
B76800681B,5TŻ5,II,348,162,2024/2025,53.4,2020,TŻ5,32.12,False
361602E01A,1M,I,473,60,2024/2025,87.3,2024,M,21.88,False
361602E01A,1M,II,651,183,2024/2025,71.9,2024,M,-35.54,False
CD2873309A,1M,I,473,36,2024/2025,92.4,2024,M,21.88,False
CD2873309A,1M,II,651,106,2024/2025,83.7,2024,M,-35.54,False
9C24014A17,1M,I,473,32,2024/2025,93.2,2024,M,21.88,False
9C24014A17,1M,II,651,90,2024/2025,86.2,2024,M,-35.54,False
99D9678E19,1M,I,473,52,2024/2025,89.0,2024,M,21.88,False
99D9678E19,1M,II,651,91,2024/2025,86.0,2024,M,-35.54,False
19C9A4459E,1M,I,127,114,2024/2025,10.2,2024,M,21.88,True
5EBE942F64,1M,I,448,198,2024/2025,55.8,2024,M,21.88,False
5EBE942F64,1M,II,637,458,2024/2025,28.1,2024,M,-35.54,False
A61B9E0BA9,1M,I,473,141,2024/2025,70.2,2024,M,21.88,False
A61B9E0BA9,1M,II,651,292,2024/2025,55.1,2024,M,-35.54,False
36375DE4E7,1M,I,473,123,2024/2025,74.0,2024,M,21.88,False
36375DE4E7,1M,II,651,335,2024/2025,48.5,2024,M,-35.54,False
AC085690EA,1M,I,46,14,2024/2025,69.6,2024,M,21.88,False
4066A85747,1M,I,473,49,2024/2025,89.6,2024,M,21.88,False
4066A85747,1M,II,651,145,2024/2025,77.7,2024,M,-35.54,False
0EDBE6C0D8,1M,II,168,131,2024/2025,22.0,2024,M,-35.54,False
26BE6494BB,1M,I,473,111,2024/2025,76.5,2024,M,21.88,False
26BE6494BB,1M,II,651,263,2024/2025,59.6,2024,M,-35.54,False
27BE6256EC,1M,II,62,50,2024/2025,19.4,2024,M,-35.54,False
FC9BA2641A,1M,I,473,177,2024/2025,62.6,2024,M,21.88,False
FC9BA2641A,1M,II,651,227,2024/2025,65.1,2024,M,-35.54,False
99F95E06E6,1M,I,473,181,2024/2025,61.7,2024,M,21.88,False
99F95E06E6,1M,II,651,134,2024/2025,79.4,2024,M,-35.54,False
F0AB1214F0,1M,II,62,57,2024/2025,8.1,2024,M,-35.54,False
29A99559C5,1M,II,62,53,2024/2025,14.5,2024,M,-35.54,False
06E73EB4A6,1M,I,473,243,2024/2025,48.6,2024,M,21.88,False
06E73EB4A6,1M,II,651,238,2024/2025,63.4,2024,M,-35.54,False
4A4378F22D,1M,II,492,103,2024/2025,79.1,2024,M,-35.54,False
32C3C01A62,1M,I,473,52,2024/2025,89.0,2024,M,21.88,False
32C3C01A62,1M,II,651,138,2024/2025,78.8,2024,M,-35.54,False
A510329A5F,2M,I,500,199,2024/2025,60.2,2023,M,25.43,False
A510329A5F,2M,II,682,243,2024/2025,64.4,2023,M,27.73,False
88EE17D191,2M,I,486,50,2024/2025,89.7,2023,M,25.43,False
88EE17D191,2M,II,659,148,2024/2025,77.5,2023,M,27.73,False
38E81BD51F,2M,I,500,248,2024/2025,50.4,2023,M,25.43,False
38E81BD51F,2M,II,682,511,2024/2025,25.1,2023,M,27.73,True
AD6BE5923B,2M,I,500,194,2024/2025,61.2,2023,M,25.43,False
AD6BE5923B,2M,II,669,303,2024/2025,54.7,2023,M,27.73,False
874DBAED47,2M,I,500,64,2024/2025,87.2,2023,M,25.43,False
874DBAED47,2M,II,682,197,2024/2025,71.1,2023,M,27.73,False
A1CE292364,2M,II,575,173,2024/2025,69.9,2023,M,27.73,False
9095074A0F,2M,I,500,155,2024/2025,69.0,2023,M,25.43,False
9095074A0F,2M,II,669,300,2024/2025,55.2,2023,M,27.73,False
DB30796B43,2M,I,500,106,2024/2025,78.8,2023,M,25.43,False
DB30796B43,2M,II,669,203,2024/2025,69.7,2023,M,27.73,False
BE7BEC9A8C,2M,I,500,145,2024/2025,71.0,2023,M,25.43,False
BE7BEC9A8C,2M,II,669,283,2024/2025,57.7,2023,M,27.73,False
4BE6E13535,2M,I,500,56,2024/2025,88.8,2023,M,25.43,False
4BE6E13535,2M,II,682,111,2024/2025,83.7,2023,M,27.73,False
C181DD9ACF,2M,I,486,39,2024/2025,92.0,2023,M,25.43,False
C181DD9ACF,2M,II,672,145,2024/2025,78.4,2023,M,27.73,False
CE5ADB47E8,2M,I,500,48,2024/2025,90.4,2023,M,25.43,False
CE5ADB47E8,2M,II,669,125,2024/2025,81.3,2023,M,27.73,False
12FDA82E23,2M,I,472,199,2024/2025,57.8,2023,M,25.43,False
12FDA82E23,2M,II,649,324,2024/2025,50.1,2023,M,27.73,False
E8E3451C4A,2M,I,500,174,2024/2025,65.2,2023,M,25.43,False
E8E3451C4A,2M,II,674,338,2024/2025,49.9,2023,M,27.73,False
257A597D9B,2M,I,500,165,2024/2025,67.0,2023,M,25.43,False
257A597D9B,2M,II,687,206,2024/2025,70.0,2023,M,27.73,False
085EB0C6C4,2M,I,500,61,2024/2025,87.8,2023,M,25.43,False
085EB0C6C4,2M,II,674,109,2024/2025,83.8,2023,M,27.73,False
D110BB1996,2M,I,500,312,2024/2025,37.6,2023,M,25.43,False
D110BB1996,2M,II,504,455,2024/2025,9.7,2023,M,27.73,True
85CA4B4F29,2M,I,500,77,2024/2025,84.6,2023,M,25.43,False
85CA4B4F29,2M,II,674,168,2024/2025,75.1,2023,M,27.73,False
87216BCB66,2M,I,500,116,2024/2025,76.8,2023,M,25.43,False
87216BCB66,2M,II,687,260,2024/2025,62.2,2023,M,27.73,False
907867E9B4,2M,I,500,216,2024/2025,56.8,2023,M,25.43,False
907867E9B4,2M,II,674,309,2024/2025,54.2,2023,M,27.73,False
8C8C00CDD5,2M,I,500,176,2024/2025,64.8,2023,M,25.43,False
8C8C00CDD5,2M,II,674,296,2024/2025,56.1,2023,M,27.73,False
39CF3DB037,2M,I,500,169,2024/2025,66.2,2023,M,25.43,False
39CF3DB037,2M,II,687,275,2024/2025,60.0,2023,M,27.73,False
10993B78D2,2M,I,500,84,2024/2025,83.2,2023,M,25.43,False
10993B78D2,2M,II,674,260,2024/2025,61.4,2023,M,27.73,False
6B7829B31D,3MK,I,511,126,2024/2025,75.3,2022,MK,30.4,False
6B7829B31D,3MK,II,695,335,2024/2025,51.8,2022,MK,14.3,False
21CCB31218,3MK,I,511,163,2024/2025,68.1,2022,MK,30.4,False
21CCB31218,3MK,II,695,326,2024/2025,53.1,2022,MK,14.3,False
E925A2C893,3MK,I,511,117,2024/2025,77.1,2022,MK,30.4,False
E925A2C893,3MK,II,695,302,2024/2025,56.5,2022,MK,14.3,False
9DDA40F2D9,3MK,I,511,183,2024/2025,64.2,2022,MK,30.4,False
9DDA40F2D9,3MK,II,695,341,2024/2025,50.9,2022,MK,14.3,False
5FBDF98D17,3MK,I,494,216,2024/2025,56.3,2022,MK,30.4,False
5FBDF98D17,3MK,II,683,410,2024/2025,40.0,2022,MK,14.3,False
03C33EFC61,3MK,I,511,71,2024/2025,86.1,2022,MK,30.4,False
03C33EFC61,3MK,II,695,184,2024/2025,73.5,2022,MK,14.3,False
B6F6633122,3MK,I,494,97,2024/2025,80.4,2022,MK,30.4,False
B6F6633122,3MK,II,683,286,2024/2025,58.1,2022,MK,14.3,False
B98B27894E,3MK,I,511,119,2024/2025,76.7,2022,MK,30.4,False
B98B27894E,3MK,II,695,363,2024/2025,47.8,2022,MK,14.3,False
43D4B728D8,3MK,I,494,12,2024/2025,97.6,2022,MK,30.4,False
43D4B728D8,3MK,II,683,101,2024/2025,85.2,2022,MK,14.3,False
1BBBDED4D9,3MK,I,511,305,2024/2025,40.3,2022,MK,30.4,False
1BBBDED4D9,3MK,II,695,454,2024/2025,34.7,2022,MK,14.3,False
FD80E9E40A,3MK,II,408,206,2024/2025,49.5,2022,MK,14.3,False
72420DFAAD,3MK,I,494,151,2024/2025,69.4,2022,MK,30.4,False
72420DFAAD,3MK,II,683,256,2024/2025,62.5,2022,MK,14.3,False
4A135655CB,3MK,I,494,97,2024/2025,80.4,2022,MK,30.4,False
4A135655CB,3MK,II,683,118,2024/2025,82.7,2022,MK,14.3,False
C3B8B9BAB3,3MK,I,511,130,2024/2025,74.6,2022,MK,30.4,False
C3B8B9BAB3,3MK,II,695,203,2024/2025,70.8,2022,MK,14.3,False
EF2B9A0982,3MK,I,511,45,2024/2025,91.2,2022,MK,30.4,False
EF2B9A0982,3MK,II,695,166,2024/2025,76.1,2022,MK,14.3,False
96EE3C15E6,3MK,I,494,126,2024/2025,74.5,2022,MK,30.4,False
96EE3C15E6,3MK,II,683,233,2024/2025,65.9,2022,MK,14.3,False
8B04FD22EE,3MK,I,511,218,2024/2025,57.3,2022,MK,30.4,False
8B04FD22EE,3MK,II,695,359,2024/2025,48.3,2022,MK,14.3,False
E9C891E3F0,3MK,I,511,296,2024/2025,42.1,2022,MK,30.4,False
E9C891E3F0,3MK,II,695,461,2024/2025,33.7,2022,MK,14.3,False
6A32292DA6,3MK,I,510,277,2024/2025,45.7,2022,MK,30.4,False
6A32292DA6,3MK,II,703,586,2024/2025,16.6,2022,MK,14.3,False
11E26BD505,3MK,I,510,137,2024/2025,73.1,2022,MK,30.4,False
11E26BD505,3MK,II,703,414,2024/2025,41.1,2022,MK,14.3,False
729F5EF90C,3MK,I,494,89,2024/2025,82.0,2022,MK,30.4,False
729F5EF90C,3MK,II,683,168,2024/2025,75.4,2022,MK,14.3,False
1B7B63E233,3MK,I,494,23,2024/2025,95.3,2022,MK,30.4,False
1B7B63E233,3MK,II,683,174,2024/2025,74.5,2022,MK,14.3,False
526B8D0E54,3MK,I,510,334,2024/2025,34.5,2022,MK,30.4,False
526B8D0E54,3MK,II,582,466,2024/2025,19.9,2022,MK,14.3,False
A4D32F1059,3MK,I,494,181,2024/2025,63.4,2022,MK,30.4,False
A4D32F1059,3MK,II,683,253,2024/2025,63.0,2022,MK,14.3,False
62413E47C4,3MK,I,510,314,2024/2025,38.4,2022,MK,30.4,False
62413E47C4,3MK,II,703,425,2024/2025,39.5,2022,MK,14.3,False
A393E1AC9E,3MK,I,510,155,2024/2025,69.6,2022,MK,30.4,False
A393E1AC9E,3MK,II,703,261,2024/2025,62.9,2022,MK,14.3,False
932CFAC66E,3MK,I,510,207,2024/2025,59.4,2022,MK,30.4,False
932CFAC66E,3MK,II,703,341,2024/2025,51.5,2022,MK,14.3,False
AAE67D0085,3MK,I,510,145,2024/2025,71.6,2022,MK,30.4,False
AAE67D0085,3MK,II,703,246,2024/2025,65.0,2022,MK,14.3,False
481520C19E,3MK,I,510,140,2024/2025,72.5,2022,MK,30.4,False
481520C19E,3MK,II,703,180,2024/2025,74.4,2022,MK,14.3,False
33CA88648C,3MK,I,510,72,2024/2025,85.9,2022,MK,30.4,False
33CA88648C,3MK,II,703,209,2024/2025,70.3,2022,MK,14.3,False
A8C178CF82,3MK,I,510,78,2024/2025,84.7,2022,MK,30.4,False
A8C178CF82,3MK,II,703,284,2024/2025,59.6,2022,MK,14.3,False
57373E427A,1TMR,I,515,49,2025/2026,90.5,2025,TMR,72.09,False
57373E427A,1TMR,II,700,123,2025/2026,82.4,2025,TMR,56.04,False
DFC2B3B3A0,1TMR,I,515,51,2025/2026,90.1,2025,TMR,72.09,False
DFC2B3B3A0,1TMR,II,700,177,2025/2026,74.7,2025,TMR,56.04,False
69551A8998,1TMR,I,515,47,2025/2026,90.9,2025,TMR,72.09,False
69551A8998,1TMR,II,700,116,2025/2026,83.4,2025,TMR,56.04,False
DE3DE08108,1TMR,I,515,80,2025/2026,84.5,2025,TMR,72.09,False
DE3DE08108,1TMR,II,700,195,2025/2026,72.1,2025,TMR,56.04,False
37C90782D1,1TMR,I,515,35,2025/2026,93.2,2025,TMR,72.09,False
37C90782D1,1TMR,II,700,90,2025/2026,87.1,2025,TMR,56.04,False
ECABF2DF8B,1TMR,I,503,200,2025/2026,60.2,2025,TMR,72.09,True
ECABF2DF8B,1TMR,II,680,215,2025/2026,68.4,2025,TMR,56.04,False
89EB5FA95B,1TMR,I,482,185,2025/2026,61.6,2025,TMR,72.09,True
89EB5FA95B,1TMR,II,633,217,2025/2026,65.7,2025,TMR,56.04,False
6C6374FE51,1TMR,I,515,143,2025/2026,72.2,2025,TMR,72.09,False
6C6374FE51,1TMR,II,700,214,2025/2026,69.4,2025,TMR,56.04,False
A6CB543CF5,1TMR,I,503,56,2025/2026,88.9,2025,TMR,72.09,False
A6CB543CF5,1TMR,II,680,158,2025/2026,76.8,2025,TMR,56.04,False
85986E2C89,1TMR,I,515,77,2025/2026,85.0,2025,TMR,72.09,False
85986E2C89,1TMR,II,700,199,2025/2026,71.6,2025,TMR,56.04,False
6C9D8934BA,1TMR,I,490,25,2025/2026,94.9,2025,TMR,72.09,False
6C9D8934BA,1TMR,II,661,111,2025/2026,83.2,2025,TMR,56.04,False
F0AB965B5B,1TMR,II,665,244,2025/2026,63.3,2025,TMR,56.04,False
F851724F2C,1TMR,I,515,20,2025/2026,96.1,2025,TMR,72.09,False
F851724F2C,1TMR,II,700,179,2025/2026,74.4,2025,TMR,56.04,False
998A5171D2,1TMR,I,515,53,2025/2026,89.7,2025,TMR,72.09,False
998A5171D2,1TMR,II,700,188,2025/2026,73.1,2025,TMR,56.04,False
976A60772D,1TMR,I,515,30,2025/2026,94.2,2025,TMR,72.09,False
976A60772D,1TMR,II,700,104,2025/2026,85.1,2025,TMR,56.04,False
267EF672AA,1TMR,I,515,28,2025/2026,94.6,2025,TMR,72.09,False
267EF672AA,1TMR,II,467,76,2025/2026,83.7,2025,TMR,56.04,False
5832904BD1,1TMR,I,515,76,2025/2026,85.2,2025,TMR,72.09,False
5832904BD1,1TMR,II,700,185,2025/2026,73.6,2025,TMR,56.04,False
D5274CFBD3,1TMR,I,515,23,2025/2026,95.5,2025,TMR,72.09,False
D5274CFBD3,1TMR,II,700,136,2025/2026,80.6,2025,TMR,56.04,False
87E71FE94F,1TMR,I,515,49,2025/2026,90.5,2025,TMR,72.09,False
87E71FE94F,1TMR,II,700,170,2025/2026,75.7,2025,TMR,56.04,False
B7C8567112,1TMR,I,515,56,2025/2026,89.1,2025,TMR,72.09,False
B7C8567112,1TMR,II,700,154,2025/2026,78.0,2025,TMR,56.04,False
C95362D1B9,1TMR,I,515,63,2025/2026,87.8,2025,TMR,72.09,False
C95362D1B9,1TMR,II,700,129,2025/2026,81.6,2025,TMR,56.04,False
A9EC476BB2,1TMR,I,515,81,2025/2026,84.3,2025,TMR,72.09,False
A9EC476BB2,1TMR,II,700,214,2025/2026,69.4,2025,TMR,56.04,False
11167041A5,1TMR,I,515,36,2025/2026,93.0,2025,TMR,72.09,False
11167041A5,1TMR,II,700,130,2025/2026,81.4,2025,TMR,56.04,False
33822FC181,1TMR,I,229,49,2025/2026,78.6,2025,TMR,72.09,False
6987CC47D9,1TMR,I,515,31,2025/2026,94.0,2025,TMR,72.09,False
6987CC47D9,1TMR,II,700,116,2025/2026,83.4,2025,TMR,56.04,False
B48F5D26C3,1TR,I,528,126,2025/2026,76.1,2025,TR,53.31,False
B48F5D26C3,1TR,II,716,241,2025/2026,66.3,2025,TR,41.84,False
80D46F7BB8,1TR,I,533,107,2025/2026,79.9,2025,TR,53.31,False
80D46F7BB8,1TR,II,55,43,2025/2026,21.8,2025,TR,41.84,True
DD7A57F399,1TR,I,525,90,2025/2026,82.9,2025,TR,53.31,False
DD7A57F399,1TR,II,695,300,2025/2026,56.8,2025,TR,41.84,False
FDAEE28602,1TR,I,533,36,2025/2026,93.2,2025,TR,53.31,False
FDAEE28602,1TR,II,716,140,2025/2026,80.4,2025,TR,41.84,False
F1EA738B91,1TR,I,528,180,2025/2026,65.9,2025,TR,53.31,False
F1EA738B91,1TR,II,716,369,2025/2026,48.5,2025,TR,41.84,False
1146BBBFF5,1TR,I,528,141,2025/2026,73.3,2025,TR,53.31,False
1146BBBFF5,1TR,II,695,320,2025/2026,54.0,2025,TR,41.84,False
814B8F5D43,1TR,I,528,119,2025/2026,77.5,2025,TR,53.31,False
814B8F5D43,1TR,II,716,208,2025/2026,70.9,2025,TR,41.84,False
312A4EC4B0,1TR,I,528,90,2025/2026,83.0,2025,TR,53.31,False
312A4EC4B0,1TR,II,716,226,2025/2026,68.4,2025,TR,41.84,False
F583E7B258,1TR,I,29,15,2025/2026,48.3,2025,TR,53.31,True
0E342AE111,1TR,I,533,18,2025/2026,96.6,2025,TR,53.31,False
0E342AE111,1TR,II,716,105,2025/2026,85.3,2025,TR,41.84,False
F6ED75AC32,1TR,I,533,18,2025/2026,96.6,2025,TR,53.31,False
F6ED75AC32,1TR,II,716,105,2025/2026,85.3,2025,TR,41.84,False
EAA85770FA,1TR,I,533,72,2025/2026,86.5,2025,TR,53.31,False
EAA85770FA,1TR,II,716,126,2025/2026,82.4,2025,TR,41.84,False
10575FD0FD,1TR,I,533,68,2025/2026,87.2,2025,TR,53.31,False
10575FD0FD,1TR,II,716,218,2025/2026,69.6,2025,TR,41.84,False
B5E88F3351,1TR,I,528,91,2025/2026,82.8,2025,TR,53.31,False
B5E88F3351,1TR,II,716,240,2025/2026,66.5,2025,TR,41.84,False
CFE87EB955,1TR,I,528,15,2025/2026,97.2,2025,TR,53.31,False
CFE87EB955,1TR,II,716,75,2025/2026,89.5,2025,TR,41.84,False
37119FFF3D,1TR,I,533,54,2025/2026,89.9,2025,TR,53.31,False
37119FFF3D,1TR,II,716,158,2025/2026,77.9,2025,TR,41.84,False
B83C6E6A6E,1TR,I,528,26,2025/2026,95.1,2025,TR,53.31,False
B83C6E6A6E,1TR,II,716,150,2025/2026,79.1,2025,TR,41.84,False
5996A226D0,1TR,I,44,6,2025/2026,86.4,2025,TR,53.31,False
BB5F7EEB61,1TR,I,528,25,2025/2026,95.3,2025,TR,53.31,False
BB5F7EEB61,1TR,II,716,152,2025/2026,78.8,2025,TR,41.84,False
573225E40E,1TR,I,528,73,2025/2026,86.2,2025,TR,53.31,False
573225E40E,1TR,II,716,208,2025/2026,70.9,2025,TR,41.84,False
77B9D6EA2D,1TR,I,533,141,2025/2026,73.5,2025,TR,53.31,False
77B9D6EA2D,1TR,II,716,271,2025/2026,62.2,2025,TR,41.84,False
BCD26EC3C7,1TR,I,533,22,2025/2026,95.9,2025,TR,53.31,False
BCD26EC3C7,1TR,II,716,108,2025/2026,84.9,2025,TR,41.84,False
3CBB30C14E,1TW,I,513,17,2025/2026,96.7,2025,TW,70.68,False
3CBB30C14E,1TW,II,700,69,2025/2026,90.1,2025,TW,43.74,False
0CB5EA9608,1TW,I,98,20,2025/2026,79.6,2025,TW,70.68,False
6D04E063E8,1TW,I,513,24,2025/2026,95.3,2025,TW,70.68,False
6D04E063E8,1TW,II,700,176,2025/2026,74.9,2025,TW,43.74,False
8E5009A27B,1TW,I,513,75,2025/2026,85.4,2025,TW,70.68,False
8E5009A27B,1TW,II,700,140,2025/2026,80.0,2025,TW,43.74,False
3DC675536E,1TW,I,513,31,2025/2026,94.0,2025,TW,70.68,False
3DC675536E,1TW,II,700,182,2025/2026,74.0,2025,TW,43.74,False
A817B9B6BA,1TW,I,472,127,2025/2026,73.1,2025,TW,70.68,False
872EB1DED9,1TW,I,513,30,2025/2026,94.2,2025,TW,70.68,False
872EB1DED9,1TW,II,700,92,2025/2026,86.9,2025,TW,43.74,False
E701BCC43E,1TW,I,513,25,2025/2026,95.1,2025,TW,70.68,False
E701BCC43E,1TW,II,700,102,2025/2026,85.4,2025,TW,43.74,False
0A0A27E969,1TW,I,513,80,2025/2026,84.4,2025,TW,70.68,False
0A0A27E969,1TW,II,700,193,2025/2026,72.4,2025,TW,43.74,False
FF695639B2,1TW,I,504,41,2025/2026,91.9,2025,TW,70.68,False
FF695639B2,1TW,II,680,179,2025/2026,73.7,2025,TW,43.74,False
FA0376797B,1TW,I,513,117,2025/2026,77.2,2025,TW,70.68,False
FA0376797B,1TW,II,700,283,2025/2026,59.6,2025,TW,43.74,False
05BEC2FF38,1TW,I,513,17,2025/2026,96.7,2025,TW,70.68,False
05BEC2FF38,1TW,II,700,183,2025/2026,73.9,2025,TW,43.74,False
A828138F7C,1TW,I,513,61,2025/2026,88.1,2025,TW,70.68,False
A828138F7C,1TW,II,700,356,2025/2026,49.1,2025,TW,43.74,False
451C8E5D38,1TW,I,504,29,2025/2026,94.2,2025,TW,70.68,False
451C8E5D38,1TW,II,680,143,2025/2026,79.0,2025,TW,43.74,False
1B266170B7,1TW,I,513,33,2025/2026,93.6,2025,TW,70.68,False
1B266170B7,1TW,II,696,99,2025/2026,85.8,2025,TW,43.74,False
A542C3AD3C,1TW,I,513,105,2025/2026,79.5,2025,TW,70.68,False
A542C3AD3C,1TW,II,696,239,2025/2026,65.7,2025,TW,43.74,False
7228140A21,1TW,I,513,20,2025/2026,96.1,2025,TW,70.68,False
7228140A21,1TW,II,696,105,2025/2026,84.9,2025,TW,43.74,False
658AD1AFEA,1TW,I,513,58,2025/2026,88.7,2025,TW,70.68,False
658AD1AFEA,1TW,II,696,249,2025/2026,64.2,2025,TW,43.74,False
E31DE71B9D,1TW,I,513,13,2025/2026,97.5,2025,TW,70.68,False
E31DE71B9D,1TW,II,696,67,2025/2026,90.4,2025,TW,43.74,False
9BE2B06B35,1TW,I,513,27,2025/2026,94.7,2025,TW,70.68,False
9BE2B06B35,1TW,II,696,224,2025/2026,67.8,2025,TW,43.74,False
3F20A26ED5,1TW,I,513,80,2025/2026,84.4,2025,TW,70.68,False
3F20A26ED5,1TW,II,696,258,2025/2026,62.9,2025,TW,43.74,False
E74EEC8C3E,1TW,I,513,7,2025/2026,98.6,2025,TW,70.68,False
E74EEC8C3E,1TW,II,696,108,2025/2026,84.5,2025,TW,43.74,False
1F2FAFD6C1,1TW,I,513,41,2025/2026,92.0,2025,TW,70.68,False
1F2FAFD6C1,1TW,II,696,146,2025/2026,79.0,2025,TW,43.74,False
E3B3BDB6D8,1TW,I,513,70,2025/2026,86.4,2025,TW,70.68,False
E3B3BDB6D8,1TW,II,696,148,2025/2026,78.7,2025,TW,43.74,False
233DC37A1E,1TW,I,504,37,2025/2026,92.7,2025,TW,70.68,False
233DC37A1E,1TW,II,676,156,2025/2026,76.9,2025,TW,43.74,False
C7B162111C,1TW,I,513,92,2025/2026,82.1,2025,TW,70.68,False
C7B162111C,1TW,II,696,208,2025/2026,70.1,2025,TW,43.74,False
C30EC07E8D,1TW,I,513,33,2025/2026,93.6,2025,TW,70.68,False
C30EC07E8D,1TW,II,696,69,2025/2026,90.1,2025,TW,43.74,False
E1B843CDB9,1TW,I,513,53,2025/2026,89.7,2025,TW,70.68,False
E1B843CDB9,1TW,II,696,271,2025/2026,61.1,2025,TW,43.74,False
2F008C15A1,1TŻ,I,505,57,2025/2026,88.7,2025,TŻ,57.95,False
2F008C15A1,1TŻ,II,696,237,2025/2026,65.9,2025,TŻ,40.5,False
8F80787373,1TŻ,I,505,139,2025/2026,72.5,2025,TŻ,57.95,False
8F80787373,1TŻ,II,696,213,2025/2026,69.4,2025,TŻ,40.5,False
7EDDAB1665,1TŻ,I,495,152,2025/2026,69.3,2025,TŻ,57.95,False
7EDDAB1665,1TŻ,II,676,194,2025/2026,71.3,2025,TŻ,40.5,False
10E157CD77,1TŻ,I,505,68,2025/2026,86.5,2025,TŻ,57.95,False
10E157CD77,1TŻ,II,696,186,2025/2026,73.3,2025,TŻ,40.5,False
1E9617DFC6,1TŻ,I,505,28,2025/2026,94.5,2025,TŻ,57.95,False
1E9617DFC6,1TŻ,II,696,223,2025/2026,68.0,2025,TŻ,40.5,False
78D46E37A9,1TŻ,I,505,60,2025/2026,88.1,2025,TŻ,57.95,False
78D46E37A9,1TŻ,II,696,150,2025/2026,78.4,2025,TŻ,40.5,False
4F53E1DBF8,1TŻ,I,505,113,2025/2026,77.6,2025,TŻ,57.95,False
4F53E1DBF8,1TŻ,II,696,392,2025/2026,43.7,2025,TŻ,40.5,False
2CC5567E23,1TŻ,I,505,122,2025/2026,75.8,2025,TŻ,57.95,False
2CC5567E23,1TŻ,II,696,216,2025/2026,69.0,2025,TŻ,40.5,False
A1508943D5,1TŻ,I,505,105,2025/2026,79.2,2025,TŻ,57.95,False
A1508943D5,1TŻ,II,696,284,2025/2026,59.2,2025,TŻ,40.5,False
62D3FDB8E5,1TŻ,I,505,44,2025/2026,91.3,2025,TŻ,57.95,False
62D3FDB8E5,1TŻ,II,696,145,2025/2026,79.2,2025,TŻ,40.5,False
CABE13697E,1TŻ,I,505,48,2025/2026,90.5,2025,TŻ,57.95,False
CABE13697E,1TŻ,II,696,218,2025/2026,68.7,2025,TŻ,40.5,False
B8751B86C0,1TŻ,I,505,124,2025/2026,75.4,2025,TŻ,57.95,False
B8751B86C0,1TŻ,II,696,314,2025/2026,54.9,2025,TŻ,40.5,False
E2445679DF,1TŻ,I,507,46,2025/2026,90.9,2025,TŻ,57.95,False
E2445679DF,1TŻ,II,696,160,2025/2026,77.0,2025,TŻ,40.5,False
17B9BE5E0F,1TŻ,I,507,66,2025/2026,87.0,2025,TŻ,57.95,False
17B9BE5E0F,1TŻ,II,696,262,2025/2026,62.4,2025,TŻ,40.5,False
AEBE7E97D7,1TŻ,I,507,38,2025/2026,92.5,2025,TŻ,57.95,False
AEBE7E97D7,1TŻ,II,696,129,2025/2026,81.5,2025,TŻ,40.5,False
597832C0E7,1TŻ,I,507,186,2025/2026,63.3,2025,TŻ,57.95,False
597832C0E7,1TŻ,II,696,332,2025/2026,52.3,2025,TŻ,40.5,False
DCED7AE8B0,1TŻ,I,507,81,2025/2026,84.0,2025,TŻ,57.95,False
DCED7AE8B0,1TŻ,II,696,276,2025/2026,60.3,2025,TŻ,40.5,False
ABA646479D,1TŻ,I,507,64,2025/2026,87.4,2025,TŻ,57.95,False
ABA646479D,1TŻ,II,696,247,2025/2026,64.5,2025,TŻ,40.5,False
052D293C8A,1TŻ,I,497,95,2025/2026,80.9,2025,TŻ,57.95,False
052D293C8A,1TŻ,II,676,210,2025/2026,68.9,2025,TŻ,40.5,False
E8CAE060C5,1TŻ,I,507,47,2025/2026,90.7,2025,TŻ,57.95,False
E8CAE060C5,1TŻ,II,696,154,2025/2026,77.9,2025,TŻ,40.5,False
A39F909FFD,1TŻ,I,507,65,2025/2026,87.2,2025,TŻ,57.95,False
A39F909FFD,1TŻ,II,696,190,2025/2026,72.7,2025,TŻ,40.5,False
06E7DEEBEC,1TŻ,I,507,39,2025/2026,92.3,2025,TŻ,57.95,False
06E7DEEBEC,1TŻ,II,696,137,2025/2026,80.3,2025,TŻ,40.5,False
7B1675CCEF,1TŻ,I,490,151,2025/2026,69.2,2025,TŻ,57.95,False
7B1675CCEF,1TŻ,II,635,274,2025/2026,56.9,2025,TŻ,40.5,False
47C8EBA4A7,1TŻ,I,507,52,2025/2026,89.7,2025,TŻ,57.95,False
47C8EBA4A7,1TŻ,II,696,190,2025/2026,72.7,2025,TŻ,40.5,False
B6BE934E3E,1TŻ,I,507,32,2025/2026,93.7,2025,TŻ,57.95,False
B6BE934E3E,1TŻ,II,696,136,2025/2026,80.5,2025,TŻ,40.5,False
7672689A0F,2TMŻ,I,554,59,2025/2026,89.4,2024,TMŻ,46.29,False
7672689A0F,2TMŻ,II,578,183,2025/2026,68.3,2024,TMŻ,43.86,False
E1F467CA3D,2TMŻ,I,556,205,2025/2026,63.1,2024,TMŻ,46.29,False
E1F467CA3D,2TMŻ,II,713,262,2025/2026,63.3,2024,TMŻ,43.86,False
7D9A8DFBEF,2TMŻ,I,556,88,2025/2026,84.2,2024,TMŻ,46.29,False
7D9A8DFBEF,2TMŻ,II,713,196,2025/2026,72.5,2024,TMŻ,43.86,False
9B18D9BE98,2TMŻ,I,543,109,2025/2026,79.9,2024,TMŻ,46.29,False
9B18D9BE98,2TMŻ,II,694,205,2025/2026,70.5,2024,TMŻ,43.86,False
C745E2D829,2TMŻ,I,543,195,2025/2026,64.1,2024,TMŻ,46.29,False
C745E2D829,2TMŻ,II,45,44,2025/2026,2.2,2024,TMŻ,43.86,True
C039135C89,2TMŻ,I,543,55,2025/2026,89.9,2024,TMŻ,46.29,False
C039135C89,2TMŻ,II,694,191,2025/2026,72.5,2024,TMŻ,43.86,False
7EFD1AF7BF,2TMŻ,I,556,61,2025/2026,89.0,2024,TMŻ,46.29,False
7EFD1AF7BF,2TMŻ,II,713,270,2025/2026,62.1,2024,TMŻ,43.86,False
CFAA093389,2TMŻ,I,541,109,2025/2026,79.9,2024,TMŻ,46.29,False
CFAA093389,2TMŻ,II,700,236,2025/2026,66.3,2024,TMŻ,43.86,False
7EB1118E2B,2TMŻ,I,541,80,2025/2026,85.2,2024,TMŻ,46.29,False
7EB1118E2B,2TMŻ,II,700,235,2025/2026,66.4,2024,TMŻ,43.86,False
3EB3F892FB,2TMŻ,I,554,131,2025/2026,76.4,2024,TMŻ,46.29,False
3EB3F892FB,2TMŻ,II,717,276,2025/2026,61.5,2024,TMŻ,43.86,False
BACFA2C4CA,2TMŻ,I,543,206,2025/2026,62.1,2024,TMŻ,46.29,False
BACFA2C4CA,2TMŻ,II,694,232,2025/2026,66.6,2024,TMŻ,43.86,False
2BDBFBD70A,2TMŻ,I,539,324,2025/2026,39.9,2024,TMŻ,46.29,True
2BDBFBD70A,2TMŻ,II,44,41,2025/2026,6.8,2024,TMŻ,43.86,True
6AF1D956A2,2TMŻ,I,556,174,2025/2026,68.7,2024,TMŻ,46.29,False
6AF1D956A2,2TMŻ,II,713,318,2025/2026,55.4,2024,TMŻ,43.86,False
7E2671BD35,2TMŻ,I,556,24,2025/2026,95.7,2024,TMŻ,46.29,False
7E2671BD35,2TMŻ,II,713,126,2025/2026,82.3,2024,TMŻ,43.86,False
4160F987C1,2TMŻ,I,556,109,2025/2026,80.4,2024,TMŻ,46.29,False
4160F987C1,2TMŻ,II,713,175,2025/2026,75.5,2024,TMŻ,43.86,False
05E3A75875,2TMŻ,I,556,65,2025/2026,88.3,2024,TMŻ,46.29,False
05E3A75875,2TMŻ,II,713,109,2025/2026,84.7,2024,TMŻ,43.86,False
048BDF9C42,2TMŻ,I,554,73,2025/2026,86.8,2024,TMŻ,46.29,False
048BDF9C42,2TMŻ,II,717,239,2025/2026,66.7,2024,TMŻ,43.86,False
EF7CDF8C95,2TMŻ,I,541,138,2025/2026,74.5,2024,TMŻ,46.29,False
EF7CDF8C95,2TMŻ,II,700,227,2025/2026,67.6,2024,TMŻ,43.86,False
CA164116DD,2TMŻ,I,541,115,2025/2026,78.7,2024,TMŻ,46.29,False
CA164116DD,2TMŻ,II,700,295,2025/2026,57.9,2024,TMŻ,43.86,False
7FC8D84EE7,2TMŻ,I,556,152,2025/2026,72.7,2024,TMŻ,46.29,False
7FC8D84EE7,2TMŻ,II,713,282,2025/2026,60.4,2024,TMŻ,43.86,False
BEDF3FC793,2TMŻ,I,541,11,2025/2026,98.0,2024,TMŻ,46.29,False
BEDF3FC793,2TMŻ,II,700,116,2025/2026,83.4,2024,TMŻ,43.86,False
78C8D08E0D,2TMŻ,I,556,177,2025/2026,68.2,2024,TMŻ,46.29,False
78C8D08E0D,2TMŻ,II,713,322,2025/2026,54.8,2024,TMŻ,43.86,False
5ED2B87721,2TMŻ,I,556,83,2025/2026,85.1,2024,TMŻ,46.29,False
5ED2B87721,2TMŻ,II,713,293,2025/2026,58.9,2024,TMŻ,43.86,False
36A8585508,2TMŻ,I,556,168,2025/2026,69.8,2024,TMŻ,46.29,False
36A8585508,2TMŻ,II,713,247,2025/2026,65.4,2024,TMŻ,43.86,False
3A42F6F782,2TMŻ,I,541,13,2025/2026,97.6,2024,TMŻ,46.29,False
3A42F6F782,2TMŻ,II,700,142,2025/2026,79.7,2024,TMŻ,43.86,False
844F545F8D,2TMŻ,I,528,54,2025/2026,89.8,2024,TMŻ,46.29,False
844F545F8D,2TMŻ,II,681,179,2025/2026,73.7,2024,TMŻ,43.86,False
DAB55A3494,2TMŻ,I,528,118,2025/2026,77.7,2024,TMŻ,46.29,False
DAB55A3494,2TMŻ,II,681,250,2025/2026,63.3,2024,TMŻ,43.86,False
99AD4362C5,2TMŻ,I,541,25,2025/2026,95.4,2024,TMŻ,46.29,False
99AD4362C5,2TMŻ,II,700,111,2025/2026,84.1,2024,TMŻ,43.86,False
FA58A769C3,2TW,I,547,39,2025/2026,92.9,2024,TW,60.65,False
FA58A769C3,2TW,II,624,223,2025/2026,64.3,2024,TW,39.45,False
6623F9C560,2TW,I,534,157,2025/2026,70.6,2024,TW,60.65,False
6623F9C560,2TW,II,612,235,2025/2026,61.6,2024,TW,39.45,False
F01C3B5B41,2TW,I,534,119,2025/2026,77.7,2024,TW,60.65,False
F01C3B5B41,2TW,II,612,258,2025/2026,57.8,2024,TW,39.45,False
7E2186E73A,2TW,I,547,45,2025/2026,91.8,2024,TW,60.65,False
7E2186E73A,2TW,II,624,149,2025/2026,76.1,2024,TW,39.45,False
495C87F778,2TW,I,534,91,2025/2026,83.0,2024,TW,60.65,False
495C87F778,2TW,II,612,275,2025/2026,55.1,2024,TW,39.45,False
56FEA389A0,2TW,I,547,20,2025/2026,96.3,2024,TW,60.65,False
56FEA389A0,2TW,II,624,132,2025/2026,78.8,2024,TW,39.45,False
37CFA1C63A,2TW,I,534,126,2025/2026,76.4,2024,TW,60.65,False
37CFA1C63A,2TW,II,612,259,2025/2026,57.7,2024,TW,39.45,False
0EAEC41C6D,2TW,I,534,97,2025/2026,81.8,2024,TW,60.65,False
0EAEC41C6D,2TW,II,612,203,2025/2026,66.8,2024,TW,39.45,False
91220F2730,2TW,I,534,109,2025/2026,79.6,2024,TW,60.65,False
91220F2730,2TW,II,607,317,2025/2026,47.8,2024,TW,39.45,False
C691BA9630,2TW,I,534,73,2025/2026,86.3,2024,TW,60.65,False
C691BA9630,2TW,II,612,153,2025/2026,75.0,2024,TW,39.45,False
5158AD93BE,2TW,I,547,254,2025/2026,53.6,2024,TW,60.65,True
5158AD93BE,2TW,II,620,392,2025/2026,36.8,2024,TW,39.45,True
9028A77BE1,2TW,I,547,62,2025/2026,88.7,2024,TW,60.65,False
9028A77BE1,2TW,II,624,183,2025/2026,70.7,2024,TW,39.45,False
783BC6E02D,2TW,I,547,67,2025/2026,87.8,2024,TW,60.65,False
783BC6E02D,2TW,II,624,180,2025/2026,71.2,2024,TW,39.45,False
6730233D9B,2TW,I,547,123,2025/2026,77.5,2024,TW,60.65,False
6730233D9B,2TW,II,624,213,2025/2026,65.9,2024,TW,39.45,False
75AED3C340,2TW,I,547,86,2025/2026,84.3,2024,TW,60.65,False
75AED3C340,2TW,II,624,216,2025/2026,65.4,2024,TW,39.45,False
62B04ED066,2TW,I,534,80,2025/2026,85.0,2024,TW,60.65,False
62B04ED066,2TW,II,612,201,2025/2026,67.2,2024,TW,39.45,False
7FDF19781A,2TW,I,534,56,2025/2026,89.5,2024,TW,60.65,False
7FDF19781A,2TW,II,612,154,2025/2026,74.8,2024,TW,39.45,False
134C356101,2TW,I,547,16,2025/2026,97.1,2024,TW,60.65,False
134C356101,2TW,II,624,177,2025/2026,71.6,2024,TW,39.45,False
98C64DA07D,2TW,I,547,35,2025/2026,93.6,2024,TW,60.65,False
98C64DA07D,2TW,II,624,154,2025/2026,75.3,2024,TW,39.45,False
7700936E4E,3TMR,I,528,244,2025/2026,53.8,2023,TMR,36.06,False
7700936E4E,3TMR,II,658,260,2025/2026,60.5,2023,TMR,33.03,False
F8B50A8344,3TMR,I,528,206,2025/2026,61.0,2023,TMR,36.06,False
F8B50A8344,3TMR,II,649,417,2025/2026,35.7,2023,TMR,33.03,False
03AEB33741,3TMR,I,528,189,2025/2026,64.2,2023,TMR,36.06,False
03AEB33741,3TMR,II,658,293,2025/2026,55.5,2023,TMR,33.03,False
A9E9EC6594,3TMR,I,528,80,2025/2026,84.8,2023,TMR,36.06,False
A9E9EC6594,3TMR,II,658,208,2025/2026,68.4,2023,TMR,33.03,False
98FEAB8F76,3TMR,I,528,47,2025/2026,91.1,2023,TMR,36.06,False
98FEAB8F76,3TMR,II,658,199,2025/2026,69.8,2023,TMR,33.03,False
940BF22883,3TMR,I,528,203,2025/2026,61.6,2023,TMR,36.06,False
940BF22883,3TMR,II,649,346,2025/2026,46.7,2023,TMR,33.03,False
23DB6BD902,3TMR,I,445,201,2025/2026,54.8,2023,TMR,36.06,False
23DB6BD902,3TMR,II,164,80,2025/2026,51.2,2023,TMR,33.03,False
A1243AB615,3TMR,I,528,212,2025/2026,59.8,2023,TMR,36.06,False
A1243AB615,3TMR,II,649,299,2025/2026,53.9,2023,TMR,33.03,False
083910DC52,3TMR,I,528,120,2025/2026,77.3,2023,TMR,36.06,False
083910DC52,3TMR,II,658,288,2025/2026,56.2,2023,TMR,33.03,False
FD2C74DB5D,3TMR,I,528,137,2025/2026,74.1,2023,TMR,36.06,False
FD2C74DB5D,3TMR,II,658,221,2025/2026,66.4,2023,TMR,33.03,False
B39E849D14,3TMR,I,528,91,2025/2026,82.8,2023,TMR,36.06,False
B39E849D14,3TMR,II,658,221,2025/2026,66.4,2023,TMR,33.03,False
5BF2808B10,3TMR,I,528,97,2025/2026,81.6,2023,TMR,36.06,False
5BF2808B10,3TMR,II,649,284,2025/2026,56.2,2023,TMR,33.03,False
7811B2DBCC,3TMR,I,514,297,2025/2026,42.2,2023,TMR,36.06,False
7811B2DBCC,3TMR,II,177,118,2025/2026,33.3,2023,TMR,33.03,False
B1DDFEEBB0,3TMR,I,528,188,2025/2026,64.4,2023,TMR,36.06,False
B1DDFEEBB0,3TMR,II,658,251,2025/2026,61.9,2023,TMR,33.03,False
D599412EEA,3TMR,I,528,275,2025/2026,47.9,2023,TMR,36.06,False
D599412EEA,3TMR,II,658,274,2025/2026,58.4,2023,TMR,33.03,False
3F27E14055,3TMR,I,528,161,2025/2026,69.5,2023,TMR,36.06,False
3F27E14055,3TMR,II,649,341,2025/2026,47.5,2023,TMR,33.03,False
2954C52C82,3TMR,I,528,203,2025/2026,61.6,2023,TMR,36.06,False
2954C52C82,3TMR,II,658,286,2025/2026,56.5,2023,TMR,33.03,False
D390D5A596,3TMR,I,528,134,2025/2026,74.6,2023,TMR,36.06,False
D390D5A596,3TMR,II,658,331,2025/2026,49.7,2023,TMR,33.03,False
B7C8567112,3TMR,I,528,199,2025/2026,62.3,2023,TMR,36.06,False
B7C8567112,3TMR,II,658,317,2025/2026,51.8,2023,TMR,33.03,False
B26C8B7C69,3TMR,I,528,96,2025/2026,81.8,2023,TMR,36.06,False
B26C8B7C69,3TMR,II,649,247,2025/2026,61.9,2023,TMR,33.03,False
6DD30301DF,3TMR,I,528,64,2025/2026,87.9,2023,TMR,36.06,False
6DD30301DF,3TMR,II,658,284,2025/2026,56.8,2023,TMR,33.03,False
712F3B6D7F,3TMR,I,528,170,2025/2026,67.8,2023,TMR,36.06,False
712F3B6D7F,3TMR,II,658,326,2025/2026,50.5,2023,TMR,33.03,False
D4C0C869C8,3TMR,I,528,141,2025/2026,73.3,2023,TMR,36.06,False
D4C0C869C8,3TMR,II,649,221,2025/2026,65.9,2023,TMR,33.03,False
CA401B47ED,3TMR,I,528,135,2025/2026,74.4,2023,TMR,36.06,False
CA401B47ED,3TMR,II,649,325,2025/2026,49.9,2023,TMR,33.03,False
987F5A2EB5,3TR,I,562,130,2025/2026,76.9,2023,TR,38.94,False
987F5A2EB5,3TR,II,704,342,2025/2026,51.4,2023,TR,28.86,False
1CBC1F0E57,3TR,I,562,64,2025/2026,88.6,2023,TR,38.94,False
1CBC1F0E57,3TR,II,704,274,2025/2026,61.1,2023,TR,28.86,False
E2EB12D56B,3TR,I,555,161,2025/2026,71.0,2023,TR,38.94,False
E2EB12D56B,3TR,II,704,345,2025/2026,51.0,2023,TR,28.86,False
9517AC92C7,3TR,I,562,221,2025/2026,60.7,2023,TR,38.94,False
9517AC92C7,3TR,II,704,395,2025/2026,43.9,2023,TR,28.86,False
5EC10B5EC7,3TR,I,562,66,2025/2026,88.3,2023,TR,38.94,False
5EC10B5EC7,3TR,II,704,199,2025/2026,71.7,2023,TR,28.86,False
160687C9FD,3TR,I,562,216,2025/2026,61.6,2023,TR,38.94,False
160687C9FD,3TR,II,704,356,2025/2026,49.4,2023,TR,28.86,False
0373CBE4B4,3TR,I,562,99,2025/2026,82.4,2023,TR,38.94,False
0373CBE4B4,3TR,II,704,248,2025/2026,64.8,2023,TR,28.86,False
07A57A079B,3TR,I,562,60,2025/2026,89.3,2023,TR,38.94,False
07A57A079B,3TR,II,704,234,2025/2026,66.8,2023,TR,28.86,False
97F6191346,3TR,I,562,178,2025/2026,68.3,2023,TR,38.94,False
97F6191346,3TR,II,704,300,2025/2026,57.4,2023,TR,28.86,False
24DB2A060B,3TR,I,562,53,2025/2026,90.6,2023,TR,38.94,False
24DB2A060B,3TR,II,704,175,2025/2026,75.1,2023,TR,28.86,False
4A472E1193,3TR,I,555,207,2025/2026,62.7,2023,TR,38.94,False
4A472E1193,3TR,II,704,432,2025/2026,38.6,2023,TR,28.86,False
C3DFC24DBF,3TR,I,563,216,2025/2026,61.6,2023,TR,38.94,False
C3DFC24DBF,3TR,II,704,407,2025/2026,42.2,2023,TR,28.86,False
51EF12B621,3TR,I,563,56,2025/2026,90.1,2023,TR,38.94,False
51EF12B621,3TR,II,704,218,2025/2026,69.0,2023,TR,28.86,False
362BA9762E,3TR,I,563,44,2025/2026,92.2,2023,TR,38.94,False
362BA9762E,3TR,II,704,210,2025/2026,70.2,2023,TR,28.86,False
24B2C50FF5,3TR,I,563,145,2025/2026,74.2,2023,TR,38.94,False
24B2C50FF5,3TR,II,704,283,2025/2026,59.8,2023,TR,28.86,False
161607D752,3TR,I,563,119,2025/2026,78.9,2023,TR,38.94,False
161607D752,3TR,II,704,294,2025/2026,58.2,2023,TR,28.86,False
BBAF304826,3TR,I,563,176,2025/2026,68.7,2023,TR,38.94,False
BBAF304826,3TR,II,704,353,2025/2026,49.9,2023,TR,28.86,False
5E7D2FB554,3TR,I,563,132,2025/2026,76.6,2023,TR,38.94,False
5E7D2FB554,3TR,II,704,287,2025/2026,59.2,2023,TR,28.86,False
6254A60360,3TR,I,563,175,2025/2026,68.9,2023,TR,38.94,False
6254A60360,3TR,II,704,284,2025/2026,59.7,2023,TR,28.86,False
35C4CA1854,3TR,I,563,130,2025/2026,76.9,2023,TR,38.94,False
35C4CA1854,3TR,II,704,315,2025/2026,55.3,2023,TR,28.86,False
0A5EA16AA4,3TW,I,535,225,2025/2026,57.9,2023,TW,41.95,False
0A5EA16AA4,3TW,II,718,370,2025/2026,48.5,2023,TW,31.36,False
07B34AE87D,3TW,I,543,131,2025/2026,75.9,2023,TW,41.95,False
07B34AE87D,3TW,II,736,370,2025/2026,49.7,2023,TW,31.36,False
93F39F9143,3TW,I,543,88,2025/2026,83.8,2023,TW,41.95,False
93F39F9143,3TW,II,736,252,2025/2026,65.8,2023,TW,31.36,False
EDE80F230D,3TW,I,543,128,2025/2026,76.4,2023,TW,41.95,False
EDE80F230D,3TW,II,736,351,2025/2026,52.3,2023,TW,31.36,False
16F2E08692,3TW,I,543,86,2025/2026,84.2,2023,TW,41.95,False
16F2E08692,3TW,II,736,313,2025/2026,57.5,2023,TW,31.36,False
76670B8B88,3TW,I,543,120,2025/2026,77.9,2023,TW,41.95,False
76670B8B88,3TW,II,736,327,2025/2026,55.6,2023,TW,31.36,False
912AAEFE58,3TW,I,274,231,2025/2026,15.7,2023,TW,41.95,True
ACBFBB3C0D,3TW,I,541,122,2025/2026,77.4,2023,TW,41.95,False
ACBFBB3C0D,3TW,II,736,304,2025/2026,58.7,2023,TW,31.36,False
BAE2ED1AB1,3TW,I,543,155,2025/2026,71.5,2023,TW,41.95,False
BAE2ED1AB1,3TW,II,736,229,2025/2026,68.9,2023,TW,31.36,False
DDE141B897,3TW,I,536,214,2025/2026,60.1,2023,TW,41.95,False
DDE141B897,3TW,II,733,466,2025/2026,36.4,2023,TW,31.36,False
843046F9C9,3TW,I,543,233,2025/2026,57.1,2023,TW,41.95,False
843046F9C9,3TW,II,736,348,2025/2026,52.7,2023,TW,31.36,False
5EF45F0346,3TW,I,536,153,2025/2026,71.5,2023,TW,41.95,False
5EF45F0346,3TW,II,733,322,2025/2026,56.1,2023,TW,31.36,False
E26D446AFC,3TW,I,536,29,2025/2026,94.6,2023,TW,41.95,False
E26D446AFC,3TW,II,732,202,2025/2026,72.4,2023,TW,31.36,False
0AEB44951B,3TW,I,535,143,2025/2026,73.3,2023,TW,41.95,False
0AEB44951B,3TW,II,723,353,2025/2026,51.2,2023,TW,31.36,False
BB8733CBED,3TW,I,542,69,2025/2026,87.3,2023,TW,41.95,False
BB8733CBED,3TW,II,733,263,2025/2026,64.1,2023,TW,31.36,False
C599144CA3,3TW,I,542,128,2025/2026,76.4,2023,TW,41.95,False
C599144CA3,3TW,II,733,313,2025/2026,57.3,2023,TW,31.36,False
0CAB948628,3TW,I,528,107,2025/2026,79.7,2023,TW,41.95,False
0CAB948628,3TW,II,715,203,2025/2026,71.6,2023,TW,31.36,False
A9C306C81D,3TW,I,534,189,2025/2026,64.6,2023,TW,41.95,False
A9C306C81D,3TW,II,715,305,2025/2026,57.3,2023,TW,31.36,False
70EC2F5365,3TW,I,542,100,2025/2026,81.5,2023,TW,41.95,False
70EC2F5365,3TW,II,733,212,2025/2026,71.1,2023,TW,31.36,False
0644E624AB,3TW,I,542,201,2025/2026,62.9,2023,TW,41.95,False
0644E624AB,3TW,II,733,414,2025/2026,43.5,2023,TW,31.36,False
D14E748152,3TW,I,542,133,2025/2026,75.5,2023,TW,41.95,False
D14E748152,3TW,II,733,299,2025/2026,59.2,2023,TW,31.36,False
F70F492F95,3TW,I,542,143,2025/2026,73.6,2023,TW,41.95,False
F70F492F95,3TW,II,733,441,2025/2026,39.8,2023,TW,31.36,False
8B99A1F16C,3TW,I,474,343,2025/2026,27.6,2023,TW,41.95,True
8B99A1F16C,3TW,II,494,443,2025/2026,10.3,2023,TW,31.36,True
6CB4AF60EE,3TW,I,542,178,2025/2026,67.2,2023,TW,41.95,False
6CB4AF60EE,3TW,II,733,266,2025/2026,63.7,2023,TW,31.36,False
E8B683F21B,3TW,I,542,64,2025/2026,88.2,2023,TW,41.95,False
E8B683F21B,3TW,II,733,295,2025/2026,59.8,2023,TW,31.36,False
D7D0EAC4B0,3TŻ,I,551,72,2025/2026,86.9,2023,TŻ,51.97,False
D7D0EAC4B0,3TŻ,II,664,190,2025/2026,71.4,2023,TŻ,31.25,False
A3C38A835C,3TŻ,I,551,107,2025/2026,80.6,2023,TŻ,51.97,False
A3C38A835C,3TŻ,II,664,214,2025/2026,67.8,2023,TŻ,31.25,False
B84E0B6A57,3TŻ,I,551,83,2025/2026,84.9,2023,TŻ,51.97,False
B84E0B6A57,3TŻ,II,664,180,2025/2026,72.9,2023,TŻ,31.25,False
4143E901F0,3TŻ,I,551,216,2025/2026,60.8,2023,TŻ,51.97,False
4143E901F0,3TŻ,II,664,338,2025/2026,49.1,2023,TŻ,31.25,False
D5DCB8DDBF,3TŻ,I,551,185,2025/2026,66.4,2023,TŻ,51.97,False
D5DCB8DDBF,3TŻ,II,664,280,2025/2026,57.8,2023,TŻ,31.25,False
6F9DD33F7F,3TŻ,I,551,120,2025/2026,78.2,2023,TŻ,51.97,False
6F9DD33F7F,3TŻ,II,664,278,2025/2026,58.1,2023,TŻ,31.25,False
211A0B0C89,3TŻ,I,551,44,2025/2026,92.0,2023,TŻ,51.97,False
211A0B0C89,3TŻ,II,664,160,2025/2026,75.9,2023,TŻ,31.25,False
8F2AF37D0F,3TŻ,I,551,167,2025/2026,69.7,2023,TŻ,51.97,False
8F2AF37D0F,3TŻ,II,664,323,2025/2026,51.4,2023,TŻ,31.25,False
56EDD0A39A,3TŻ,I,551,106,2025/2026,80.8,2023,TŻ,51.97,False
56EDD0A39A,3TŻ,II,664,331,2025/2026,50.2,2023,TŻ,31.25,False
9DFF6EE3BD,3TŻ,I,368,188,2025/2026,48.9,2023,TŻ,51.97,True
A93766A98C,3TŻ,I,551,161,2025/2026,70.8,2023,TŻ,51.97,False
A93766A98C,3TŻ,II,664,279,2025/2026,58.0,2023,TŻ,31.25,False
E04911FA86,3TŻ,I,551,129,2025/2026,76.6,2023,TŻ,51.97,False
E04911FA86,3TŻ,II,664,276,2025/2026,58.4,2023,TŻ,31.25,False
F4B12FE899,3TŻ,I,551,91,2025/2026,83.5,2023,TŻ,51.97,False
F4B12FE899,3TŻ,II,664,238,2025/2026,64.2,2023,TŻ,31.25,False
698B4CF901,3TŻ,I,552,104,2025/2026,81.2,2023,TŻ,51.97,False
698B4CF901,3TŻ,II,666,200,2025/2026,70.0,2023,TŻ,31.25,False
3F04D565F2,3TŻ,I,552,159,2025/2026,71.2,2023,TŻ,51.97,False
3F04D565F2,3TŻ,II,666,327,2025/2026,50.9,2023,TŻ,31.25,False
54A178C507,3TŻ,I,552,98,2025/2026,82.2,2023,TŻ,51.97,False
54A178C507,3TŻ,II,666,190,2025/2026,71.5,2023,TŻ,31.25,False
53C951AEB0,3TŻ,I,552,76,2025/2026,86.2,2023,TŻ,51.97,False
53C951AEB0,3TŻ,II,666,128,2025/2026,80.8,2023,TŻ,31.25,False
4B94DA2FCC,3TŻ,I,552,151,2025/2026,72.6,2023,TŻ,51.97,False
4B94DA2FCC,3TŻ,II,666,269,2025/2026,59.6,2023,TŻ,31.25,False
C61AFBB3DA,3TŻ,I,552,153,2025/2026,72.3,2023,TŻ,51.97,False
C61AFBB3DA,3TŻ,II,666,297,2025/2026,55.4,2023,TŻ,31.25,False
265EC65E02,3TŻ,I,552,213,2025/2026,61.4,2023,TŻ,51.97,False
265EC65E02,3TŻ,II,666,366,2025/2026,45.0,2023,TŻ,31.25,False
D4AFB7FBDD,3TŻ,I,552,22,2025/2026,96.0,2023,TŻ,51.97,False
D4AFB7FBDD,3TŻ,II,666,92,2025/2026,86.2,2023,TŻ,31.25,False
4B3B8679F8,3TŻ,I,552,85,2025/2026,84.6,2023,TŻ,51.97,False
4B3B8679F8,3TŻ,II,666,307,2025/2026,53.9,2023,TŻ,31.25,False
DA5549EDF3,3TŻ,I,552,32,2025/2026,94.2,2023,TŻ,51.97,False
DA5549EDF3,3TŻ,II,666,70,2025/2026,89.5,2023,TŻ,31.25,False
515055C608,3TŻ,I,552,88,2025/2026,84.1,2023,TŻ,51.97,False
515055C608,3TŻ,II,666,128,2025/2026,80.8,2023,TŻ,31.25,False
0BD2DF5F7A,3TŻ,I,552,96,2025/2026,82.6,2023,TŻ,51.97,False
0BD2DF5F7A,3TŻ,II,666,199,2025/2026,70.1,2023,TŻ,31.25,False
6F5E7B3666,3TŻ,I,552,98,2025/2026,82.2,2023,TŻ,51.97,False
6F5E7B3666,3TŻ,II,666,210,2025/2026,68.5,2023,TŻ,31.25,False
809530C18F,4TM5,I,410,44,2025/2026,89.3,2022,TM5,43.75,False
809530C18F,4TM5,II,699,182,2025/2026,74.0,2022,TM5,26.37,False
BF6AEF8C61,4TM5,I,403,46,2025/2026,88.6,2022,TM5,43.75,False
BF6AEF8C61,4TM5,II,679,202,2025/2026,70.3,2022,TM5,26.37,False
634A361DE2,4TM5,I,403,134,2025/2026,66.7,2022,TM5,43.75,False
634A361DE2,4TM5,II,679,322,2025/2026,52.6,2022,TM5,26.37,False
9EE013BC2A,4TM5,I,403,127,2025/2026,68.5,2022,TM5,43.75,False
9EE013BC2A,4TM5,II,679,298,2025/2026,56.1,2022,TM5,26.37,False
92FDDFBFA6,4TM5,I,410,145,2025/2026,64.6,2022,TM5,43.75,False
92FDDFBFA6,4TM5,II,699,338,2025/2026,51.6,2022,TM5,26.37,False
36C712836D,4TM5,I,403,74,2025/2026,81.6,2022,TM5,43.75,False
36C712836D,4TM5,II,679,284,2025/2026,58.2,2022,TM5,26.37,False
ABAF891FDF,4TM5,I,403,52,2025/2026,87.1,2022,TM5,43.75,False
ABAF891FDF,4TM5,II,679,157,2025/2026,76.9,2022,TM5,26.37,False
5F9041FF2E,4TM5,I,403,94,2025/2026,76.7,2022,TM5,43.75,False
5F9041FF2E,4TM5,II,679,264,2025/2026,61.1,2022,TM5,26.37,False
E0485821C4,4TM5,I,403,81,2025/2026,79.9,2022,TM5,43.75,False
E0485821C4,4TM5,II,679,182,2025/2026,73.2,2022,TM5,26.37,False
914E65548B,4TM5,I,403,67,2025/2026,83.4,2022,TM5,43.75,False
914E65548B,4TM5,II,679,170,2025/2026,75.0,2022,TM5,26.37,False
F9B70B42DE,4TM5,I,403,82,2025/2026,79.7,2022,TM5,43.75,False
F9B70B42DE,4TM5,II,679,226,2025/2026,66.7,2022,TM5,26.37,False
4377BA6D39,4TM5,I,401,143,2025/2026,64.3,2022,TM5,43.75,False
4377BA6D39,4TM5,II,680,310,2025/2026,54.4,2022,TM5,26.37,False
58C6C49BB3,4TM5,I,401,153,2025/2026,61.8,2022,TM5,43.75,False
58C6C49BB3,4TM5,II,680,343,2025/2026,49.6,2022,TM5,26.37,False
70D67517C5,4TM5,I,401,131,2025/2026,67.3,2022,TM5,43.75,False
70D67517C5,4TM5,II,680,321,2025/2026,52.8,2022,TM5,26.37,False
805DEAEF7F,4TM5,I,401,23,2025/2026,94.3,2022,TM5,43.75,False
805DEAEF7F,4TM5,II,680,115,2025/2026,83.1,2022,TM5,26.37,False
BCC2D2097C,4TM5,I,809,214,2025/2026,73.5,2022,TM5,43.75,False
BCC2D2097C,4TM5,II,1380,502,2025/2026,63.6,2022,TM5,26.37,False
4EB5ED671B,4TM5,I,408,109,2025/2026,73.3,2022,TM5,43.75,False
4EB5ED671B,4TM5,II,700,264,2025/2026,62.3,2022,TM5,26.37,False
C23F7A58D4,4TM5,I,401,111,2025/2026,72.3,2022,TM5,43.75,False
C23F7A58D4,4TM5,II,680,241,2025/2026,64.6,2022,TM5,26.37,False
A976A8F4A3,4TM5,I,401,207,2025/2026,48.4,2022,TM5,43.75,False
A976A8F4A3,4TM5,II,680,338,2025/2026,50.3,2022,TM5,26.37,False
50229D065B,4TR5,I,419,114,2025/2026,72.8,2022,TR5,44.01,False
50229D065B,4TR5,II,721,401,2025/2026,44.4,2022,TR5,33.86,False
13CE1DABEB,4TR5,I,429,118,2025/2026,72.5,2022,TR5,44.01,False
13CE1DABEB,4TR5,II,738,187,2025/2026,74.7,2022,TR5,33.86,False
46A969DD52,4TR5,I,429,151,2025/2026,64.8,2022,TR5,44.01,False
46A969DD52,4TR5,II,738,330,2025/2026,55.3,2022,TR5,33.86,False
0F4BB60648,4TR5,I,419,108,2025/2026,74.2,2022,TR5,44.01,False
0F4BB60648,4TR5,II,721,317,2025/2026,56.0,2022,TR5,33.86,False
5C6D35477D,4TR5,I,421,161,2025/2026,61.8,2022,TR5,44.01,False
5C6D35477D,4TR5,II,721,259,2025/2026,64.1,2022,TR5,33.86,False
EFA14EF01D,4TR5,I,429,134,2025/2026,68.8,2022,TR5,44.01,False
EFA14EF01D,4TR5,II,738,339,2025/2026,54.1,2022,TR5,33.86,False
41F56EF605,4TR5,I,421,167,2025/2026,60.3,2022,TR5,44.01,False
41F56EF605,4TR5,II,721,218,2025/2026,69.8,2022,TR5,33.86,False
D3891B2179,4TR5,I,429,71,2025/2026,83.4,2022,TR5,44.01,False
D3891B2179,4TR5,II,738,223,2025/2026,69.8,2022,TR5,33.86,False
4011B2C987,4TR5,I,429,113,2025/2026,73.7,2022,TR5,44.01,False
4011B2C987,4TR5,II,738,300,2025/2026,59.3,2022,TR5,33.86,False
55F0BD5C16,4TR5,I,429,68,2025/2026,84.1,2022,TR5,44.01,False
55F0BD5C16,4TR5,II,738,326,2025/2026,55.8,2022,TR5,33.86,False
B52D84287A,4TR5,I,429,148,2025/2026,65.5,2022,TR5,44.01,False
B52D84287A,4TR5,II,738,413,2025/2026,44.0,2022,TR5,33.86,False
833480A4AE,4TR5,I,429,48,2025/2026,88.8,2022,TR5,44.01,False
833480A4AE,4TR5,II,738,223,2025/2026,69.8,2022,TR5,33.86,False
A5DD142A01,4TR5,I,429,68,2025/2026,84.1,2022,TR5,44.01,False
A5DD142A01,4TR5,II,738,203,2025/2026,72.5,2022,TR5,33.86,False
1D9D01C457,4TR5,I,429,109,2025/2026,74.6,2022,TR5,44.01,False
1D9D01C457,4TR5,II,738,270,2025/2026,63.4,2022,TR5,33.86,False
0A5820F136,4TW5,I,396,80,2025/2026,79.8,2022,TW5,56.66,False
0A5820F136,4TW5,II,687,324,2025/2026,52.8,2022,TW5,26.9,False
F98002DD2C,4TW5,I,396,82,2025/2026,79.3,2022,TW5,56.66,False
F98002DD2C,4TW5,II,687,218,2025/2026,68.3,2022,TW5,26.9,False
A4308F8625,4TW5,I,406,139,2025/2026,65.8,2022,TW5,56.66,False
A4308F8625,4TW5,II,707,447,2025/2026,36.8,2022,TW5,26.9,False
BCDF4B5EE6,4TW5,I,406,115,2025/2026,71.7,2022,TW5,56.66,False
BCDF4B5EE6,4TW5,II,707,208,2025/2026,70.6,2022,TW5,26.9,False
3E9D14C704,4TW5,I,406,79,2025/2026,80.5,2022,TW5,56.66,False
3E9D14C704,4TW5,II,707,161,2025/2026,77.2,2022,TW5,26.9,False
1EC41D38ED,4TW5,I,396,27,2025/2026,93.2,2022,TW5,56.66,False
1EC41D38ED,4TW5,II,687,201,2025/2026,70.7,2022,TW5,26.9,False
143CD130AC,4TW5,I,396,79,2025/2026,80.1,2022,TW5,56.66,False
143CD130AC,4TW5,II,687,319,2025/2026,53.6,2022,TW5,26.9,False
AC16C22BDD,4TW5,I,396,70,2025/2026,82.3,2022,TW5,56.66,False
AC16C22BDD,4TW5,II,687,269,2025/2026,60.8,2022,TW5,26.9,False
63304A2953,4TW5,I,396,113,2025/2026,71.5,2022,TW5,56.66,False
63304A2953,4TW5,II,687,382,2025/2026,44.4,2022,TW5,26.9,False
9E86A0D961,4TW5,I,396,72,2025/2026,81.8,2022,TW5,56.66,False
9E86A0D961,4TW5,II,687,195,2025/2026,71.6,2022,TW5,26.9,False
61981B857B,4TW5,I,396,116,2025/2026,70.7,2022,TW5,56.66,False
61981B857B,4TW5,II,687,362,2025/2026,47.3,2022,TW5,26.9,False
D7DADAF72A,4TW5,I,396,32,2025/2026,91.9,2022,TW5,56.66,False
D7DADAF72A,4TW5,II,685,237,2025/2026,65.4,2022,TW5,26.9,False
BFCF86F28B,4TW5,I,406,91,2025/2026,77.6,2022,TW5,56.66,False
BFCF86F28B,4TW5,II,705,236,2025/2026,66.5,2022,TW5,26.9,False
0427C2D88E,4TW5,I,396,87,2025/2026,78.0,2022,TW5,56.66,False
0427C2D88E,4TW5,II,685,325,2025/2026,52.6,2022,TW5,26.9,False
B1071E9DB8,4TW5,I,396,108,2025/2026,72.7,2022,TW5,56.66,False
B1071E9DB8,4TW5,II,685,295,2025/2026,56.9,2022,TW5,26.9,False
BD9FD4EA6A,4TW5,I,406,149,2025/2026,63.3,2022,TW5,56.66,False
BD9FD4EA6A,4TW5,II,705,315,2025/2026,55.3,2022,TW5,26.9,False
06AAE9D41A,4TW5,I,406,82,2025/2026,79.8,2022,TW5,56.66,False
06AAE9D41A,4TW5,II,705,213,2025/2026,69.8,2022,TW5,26.9,False
F2011A4FA9,4TW5,I,396,169,2025/2026,57.3,2022,TW5,56.66,False
F2011A4FA9,4TW5,II,685,458,2025/2026,33.1,2022,TW5,26.9,False
D918AC2E73,4TW5,I,406,17,2025/2026,95.8,2022,TW5,56.66,False
D918AC2E73,4TW5,II,705,69,2025/2026,90.2,2022,TW5,26.9,False
868BCE38C8,4TW5,I,396,107,2025/2026,73.0,2022,TW5,56.66,False
868BCE38C8,4TW5,II,685,270,2025/2026,60.6,2022,TW5,26.9,False
86DD174670,4TW5,I,396,127,2025/2026,67.9,2022,TW5,56.66,False
86DD174670,4TW5,II,685,292,2025/2026,57.4,2022,TW5,26.9,False
14ED939C17,4TW5,I,406,25,2025/2026,93.8,2022,TW5,56.66,False
14ED939C17,4TW5,II,705,145,2025/2026,79.4,2022,TW5,26.9,False
27BA702978,4TŻ5,I,404,38,2025/2026,90.6,2022,TŻ5,44.67,False
27BA702978,4TŻ5,II,700,163,2025/2026,76.7,2022,TŻ5,24.73,False
8767095DDE,4TŻ5,I,404,65,2025/2026,83.9,2022,TŻ5,44.67,False
8767095DDE,4TŻ5,II,700,322,2025/2026,54.0,2022,TŻ5,24.73,False
069590C5EC,4TŻ5,I,399,146,2025/2026,63.4,2022,TŻ5,44.67,False
069590C5EC,4TŻ5,II,56,56,2025/2026,0.0,2022,TŻ5,24.73,True
C9477A3132,4TŻ5,I,399,64,2025/2026,84.0,2022,TŻ5,44.67,False
C9477A3132,4TŻ5,II,681,414,2025/2026,39.2,2022,TŻ5,24.73,False
ADF7C128AD,4TŻ5,I,399,142,2025/2026,64.4,2022,TŻ5,44.67,False
ADF7C128AD,4TŻ5,II,681,430,2025/2026,36.9,2022,TŻ5,24.73,False
8D3840E19A,4TŻ5,I,399,86,2025/2026,78.4,2022,TŻ5,44.67,False
8D3840E19A,4TŻ5,II,681,177,2025/2026,74.0,2022,TŻ5,24.73,False
4D4FDC4D2A,4TŻ5,I,399,71,2025/2026,82.2,2022,TŻ5,44.67,False
4D4FDC4D2A,4TŻ5,II,681,337,2025/2026,50.5,2022,TŻ5,24.73,False
098E54F2D6,4TŻ5,I,399,53,2025/2026,86.7,2022,TŻ5,44.67,False
098E54F2D6,4TŻ5,II,681,353,2025/2026,48.2,2022,TŻ5,24.73,False
C8DD5EAF9C,4TŻ5,I,399,43,2025/2026,89.2,2022,TŻ5,44.67,False
C8DD5EAF9C,4TŻ5,II,681,252,2025/2026,63.0,2022,TŻ5,24.73,False
8879A5BF84,4TŻ5,I,399,76,2025/2026,81.0,2022,TŻ5,44.67,False
8879A5BF84,4TŻ5,II,681,284,2025/2026,58.3,2022,TŻ5,24.73,False
FF82200A74,4TŻ5,I,399,113,2025/2026,71.7,2022,TŻ5,44.67,False
FF82200A74,4TŻ5,II,681,253,2025/2026,62.8,2022,TŻ5,24.73,False
22C34241E7,4TŻ5,I,399,105,2025/2026,73.7,2022,TŻ5,44.67,False
22C34241E7,4TŻ5,II,681,404,2025/2026,40.7,2022,TŻ5,24.73,False
1042F42DEB,4TŻ5,I,399,144,2025/2026,63.9,2022,TŻ5,44.67,False
1042F42DEB,4TŻ5,II,681,260,2025/2026,61.8,2022,TŻ5,24.73,False
41A63133E1,4TŻ5,I,399,131,2025/2026,67.2,2022,TŻ5,44.67,False
41A63133E1,4TŻ5,II,681,256,2025/2026,62.4,2022,TŻ5,24.73,False
143CF7F3FD,4TŻ5,I,399,122,2025/2026,69.4,2022,TŻ5,44.67,False
143CF7F3FD,4TŻ5,II,681,296,2025/2026,56.5,2022,TŻ5,24.73,False
B9EBD3E3C1,4TŻ5,I,399,149,2025/2026,62.7,2022,TŻ5,44.67,False
B9EBD3E3C1,4TŻ5,II,681,333,2025/2026,51.1,2022,TŻ5,24.73,False
BD9AE7DA74,4TŻ5,I,399,127,2025/2026,68.2,2022,TŻ5,44.67,False
BD9AE7DA74,4TŻ5,II,681,276,2025/2026,59.5,2022,TŻ5,24.73,False
EBDE48A309,4TŻ5,I,404,103,2025/2026,74.5,2022,TŻ5,44.67,False
EBDE48A309,4TŻ5,II,700,200,2025/2026,71.4,2022,TŻ5,24.73,False
EFFA4DE729,4TŻ5,I,399,91,2025/2026,77.2,2022,TŻ5,44.67,False
EFFA4DE729,4TŻ5,II,681,363,2025/2026,46.7,2022,TŻ5,24.73,False
DA41FA6CC6,5RŻ5,I,410,135,2025/2026,67.1,2021,RŻ5,36.24,False
DA41FA6CC6,5RŻ5,II,339,138,2025/2026,59.3,2021,RŻ5,24.37,False
F54B1333DB,5RŻ5,I,410,33,2025/2026,92.0,2021,RŻ5,36.24,False
F54B1333DB,5RŻ5,II,339,95,2025/2026,72.0,2021,RŻ5,24.37,False
0490095064,5RŻ5,I,404,145,2025/2026,64.1,2021,RŻ5,36.24,False
0490095064,5RŻ5,II,339,169,2025/2026,50.1,2021,RŻ5,24.37,False
E50314B097,5RŻ5,I,404,43,2025/2026,89.4,2021,RŻ5,36.24,False
E50314B097,5RŻ5,II,339,79,2025/2026,76.7,2021,RŻ5,24.37,False
7BE43D717C,5RŻ5,I,444,110,2025/2026,75.2,2021,RŻ5,36.24,False
7BE43D717C,5RŻ5,II,351,125,2025/2026,64.4,2021,RŻ5,24.37,False
B09CA92364,5RŻ5,I,444,19,2025/2026,95.7,2021,RŻ5,36.24,False
B09CA92364,5RŻ5,II,351,85,2025/2026,75.8,2021,RŻ5,24.37,False
DE218F00E2,5RŻ5,I,444,13,2025/2026,97.1,2021,RŻ5,36.24,False
DE218F00E2,5RŻ5,II,351,82,2025/2026,76.6,2021,RŻ5,24.37,False
2BA49A7C8B,5RŻ5,I,444,92,2025/2026,79.3,2021,RŻ5,36.24,False
2BA49A7C8B,5RŻ5,II,351,102,2025/2026,70.9,2021,RŻ5,24.37,False
66502486E7,5RŻ5,I,436,154,2025/2026,64.7,2021,RŻ5,36.24,False
66502486E7,5RŻ5,II,339,184,2025/2026,45.7,2021,RŻ5,24.37,False
710C25351D,5RŻ5,I,444,98,2025/2026,77.9,2021,RŻ5,36.24,False
710C25351D,5RŻ5,II,351,110,2025/2026,68.7,2021,RŻ5,24.37,False
4E6BB3D870,5RŻ5,I,410,180,2025/2026,56.1,2021,RŻ5,36.24,False
4E6BB3D870,5RŻ5,II,339,165,2025/2026,51.3,2021,RŻ5,24.37,False
A6CF67BD9C,5RŻ5,I,444,135,2025/2026,69.6,2021,RŻ5,36.24,False
A6CF67BD9C,5RŻ5,II,351,171,2025/2026,51.3,2021,RŻ5,24.37,False
68AE683B15,5RŻ5,I,430,63,2025/2026,85.3,2021,RŻ5,36.24,False
68AE683B15,5RŻ5,II,339,82,2025/2026,75.8,2021,RŻ5,24.37,False
4320458CF7,5RŻ5,I,410,192,2025/2026,53.2,2021,RŻ5,36.24,False
4320458CF7,5RŻ5,II,339,165,2025/2026,51.3,2021,RŻ5,24.37,False
4A5260C8A8,5RŻ5,I,444,105,2025/2026,76.4,2021,RŻ5,36.24,False
4A5260C8A8,5RŻ5,II,351,114,2025/2026,67.5,2021,RŻ5,24.37,False
AAFB3DEEC6,5RŻ5,I,418,127,2025/2026,69.6,2021,RŻ5,36.24,False
AAFB3DEEC6,5RŻ5,II,351,129,2025/2026,63.2,2021,RŻ5,24.37,False
BA84B0307B,5RŻ5,I,444,138,2025/2026,68.9,2021,RŻ5,36.24,False
BA84B0307B,5RŻ5,II,351,203,2025/2026,42.2,2021,RŻ5,24.37,False
24D99A2B7A,5RŻ5,I,444,202,2025/2026,54.5,2021,RŻ5,36.24,False
24D99A2B7A,5RŻ5,II,351,260,2025/2026,25.9,2021,RŻ5,24.37,False
0CD2C2F095,5RŻ5,I,418,53,2025/2026,87.3,2021,RŻ5,36.24,False
0CD2C2F095,5RŻ5,II,351,128,2025/2026,63.5,2021,RŻ5,24.37,False
0CE48860EC,5RŻ5,I,430,74,2025/2026,82.8,2021,RŻ5,36.24,False
0CE48860EC,5RŻ5,II,339,113,2025/2026,66.7,2021,RŻ5,24.37,False
EDBFEDF588,5RŻ5,I,410,79,2025/2026,80.7,2021,RŻ5,36.24,False
EDBFEDF588,5RŻ5,II,339,155,2025/2026,54.3,2021,RŻ5,24.37,False
A33AD07A65,5RŻ5,I,410,79,2025/2026,80.7,2021,RŻ5,36.24,False
A33AD07A65,5RŻ5,II,339,137,2025/2026,59.6,2021,RŻ5,24.37,False
2FCEEB36B4,5RŻ5,I,404,227,2025/2026,43.8,2021,RŻ5,36.24,False
2FCEEB36B4,5RŻ5,II,339,241,2025/2026,28.9,2021,RŻ5,24.37,False
148C0370A4,5RŻ5,I,418,152,2025/2026,63.6,2021,RŻ5,36.24,False
148C0370A4,5RŻ5,II,351,156,2025/2026,55.6,2021,RŻ5,24.37,False
2EBEDF82B0,5TM5,I,423,168,2025/2026,60.3,2021,TM5,31.55,False
2EBEDF82B0,5TM5,II,341,165,2025/2026,51.6,2021,TM5,12.7,False
5C6CD666D0,5TM5,I,423,165,2025/2026,61.0,2021,TM5,31.55,False
5C6CD666D0,5TM5,II,341,229,2025/2026,32.8,2021,TM5,12.7,False
880D7072AF,5TM5,I,423,99,2025/2026,76.6,2021,TM5,31.55,False
880D7072AF,5TM5,II,341,181,2025/2026,46.9,2021,TM5,12.7,False
A2B9CCBA47,5TM5,I,407,208,2025/2026,48.9,2021,TM5,31.55,False
A2B9CCBA47,5TM5,II,341,290,2025/2026,15.0,2021,TM5,12.7,False
61570FA665,5TM5,I,423,73,2025/2026,82.7,2021,TM5,31.55,False
61570FA665,5TM5,II,341,137,2025/2026,59.8,2021,TM5,12.7,False
22632D84EA,5TM5,I,426,71,2025/2026,83.3,2021,TM5,31.55,False
22632D84EA,5TM5,II,352,148,2025/2026,58.0,2021,TM5,12.7,False
03B870C824,5TM5,I,423,177,2025/2026,58.2,2021,TM5,31.55,False
03B870C824,5TM5,II,341,161,2025/2026,52.8,2021,TM5,12.7,False
0748FBFDF1,5TM5,I,423,198,2025/2026,53.2,2021,TM5,31.55,False
0748FBFDF1,5TM5,II,341,197,2025/2026,42.2,2021,TM5,12.7,False
D00D53FBB5,5TM5,I,423,175,2025/2026,58.6,2021,TM5,31.55,False
D00D53FBB5,5TM5,II,341,183,2025/2026,46.3,2021,TM5,12.7,False
9ADFEF334F,5TM5,I,423,91,2025/2026,78.5,2021,TM5,31.55,False
9ADFEF334F,5TM5,II,341,146,2025/2026,57.2,2021,TM5,12.7,False
C7B1ECD44B,5TM5,I,423,154,2025/2026,63.6,2021,TM5,31.55,False
C7B1ECD44B,5TM5,II,341,196,2025/2026,42.5,2021,TM5,12.7,False
3E20351F69,5TM5,I,423,181,2025/2026,57.2,2021,TM5,31.55,False
3E20351F69,5TM5,II,341,217,2025/2026,36.4,2021,TM5,12.7,False
7401216D63,5TM5,I,422,181,2025/2026,57.1,2021,TM5,31.55,False
7401216D63,5TM5,II,341,236,2025/2026,30.8,2021,TM5,12.7,False
70D1C5E5D0,5TM5,I,425,142,2025/2026,66.6,2021,TM5,31.55,False
70D1C5E5D0,5TM5,II,352,175,2025/2026,50.3,2021,TM5,12.7,False
B46655A1FC,5TM5,I,425,12,2025/2026,97.2,2021,TM5,31.55,False
B46655A1FC,5TM5,II,352,92,2025/2026,73.9,2021,TM5,12.7,False
9E8DAA8C13,5TM5,I,422,137,2025/2026,67.5,2021,TM5,31.55,False
9E8DAA8C13,5TM5,II,341,198,2025/2026,41.9,2021,TM5,12.7,False
4AFFD105F3,5TM5,I,422,161,2025/2026,61.8,2021,TM5,31.55,False
4AFFD105F3,5TM5,II,341,212,2025/2026,37.8,2021,TM5,12.7,False
BB6E69215D,5TM5,I,425,102,2025/2026,76.0,2021,TM5,31.55,False
BB6E69215D,5TM5,II,352,175,2025/2026,50.3,2021,TM5,12.7,False
B32B6054AC,5TM5,I,425,166,2025/2026,60.9,2021,TM5,31.55,False
B32B6054AC,5TM5,II,352,140,2025/2026,60.2,2021,TM5,12.7,False
FCA47D9B1F,5TM5,I,425,63,2025/2026,85.2,2021,TM5,31.55,False
FCA47D9B1F,5TM5,II,352,136,2025/2026,61.4,2021,TM5,12.7,False
AE5812FBE6,5TM5,I,422,206,2025/2026,51.2,2021,TM5,31.55,False
AE5812FBE6,5TM5,II,341,211,2025/2026,38.1,2021,TM5,12.7,False
59151983BF,5TM5,I,422,130,2025/2026,69.2,2021,TM5,31.55,False
59151983BF,5TM5,II,341,120,2025/2026,64.8,2021,TM5,12.7,False
C96A7542B5,5TM5,I,422,108,2025/2026,74.4,2021,TM5,31.55,False
C96A7542B5,5TM5,II,341,142,2025/2026,58.4,2021,TM5,12.7,False
B4C93EDD81,5TW5,I,455,138,2025/2026,69.7,2021,TW5,44.17,False
B4C93EDD81,5TW5,II,339,130,2025/2026,61.7,2021,TW5,43.76,False
248AC7111A,5TW5,I,455,153,2025/2026,66.4,2021,TW5,44.17,False
248AC7111A,5TW5,II,339,171,2025/2026,49.6,2021,TW5,43.76,False
0656150466,5TW5,I,455,108,2025/2026,76.3,2021,TW5,44.17,False
0656150466,5TW5,II,339,141,2025/2026,58.4,2021,TW5,43.76,False
B70D910674,5TW5,I,455,93,2025/2026,79.6,2021,TW5,44.17,False
B70D910674,5TW5,II,339,119,2025/2026,64.9,2021,TW5,43.76,False
61A03F2675,5TW5,I,455,73,2025/2026,84.0,2021,TW5,44.17,False
61A03F2675,5TW5,II,339,103,2025/2026,69.6,2021,TW5,43.76,False
FFCC9F97F3,5TW5,I,455,84,2025/2026,81.5,2021,TW5,44.17,False
FFCC9F97F3,5TW5,II,339,137,2025/2026,59.6,2021,TW5,43.76,False
CCA3BB568F,5TW5,I,442,73,2025/2026,83.5,2021,TW5,44.17,False
CCA3BB568F,5TW5,II,328,112,2025/2026,65.9,2021,TW5,43.76,False
33C5CA820C,5TW5,I,455,98,2025/2026,78.5,2021,TW5,44.17,False
33C5CA820C,5TW5,II,339,160,2025/2026,52.8,2021,TW5,43.76,False
165732F5D0,5TW5,I,455,233,2025/2026,48.8,2021,TW5,44.17,False
165732F5D0,5TW5,II,339,171,2025/2026,49.6,2021,TW5,43.76,False
B4D7441CB9,5TW5,I,455,91,2025/2026,80.0,2021,TW5,44.17,False
B4D7441CB9,5TW5,II,339,117,2025/2026,65.5,2021,TW5,43.76,False
75ABBFEA09,5TW5,I,455,126,2025/2026,72.3,2021,TW5,44.17,False
75ABBFEA09,5TW5,II,339,154,2025/2026,54.6,2021,TW5,43.76,False
28ACFEDFE8,5TW5,I,429,83,2025/2026,80.7,2021,TW5,44.17,False
28ACFEDFE8,5TW5,II,315,125,2025/2026,60.3,2021,TW5,43.76,False
CB69E274F4,5TW5,I,442,95,2025/2026,78.5,2021,TW5,44.17,False
CB69E274F4,5TW5,II,328,142,2025/2026,56.7,2021,TW5,43.76,False
8BC40F0707,5TW5,I,455,91,2025/2026,80.0,2021,TW5,44.17,False
8BC40F0707,5TW5,II,339,65,2025/2026,80.8,2021,TW5,43.76,False
1E452F8B76,5TW5,I,455,93,2025/2026,79.6,2021,TW5,44.17,False
1E452F8B76,5TW5,II,339,136,2025/2026,59.9,2021,TW5,43.76,False
EE75A467A8,5TW5,I,18,17,2025/2026,5.6,2021,TW5,44.17,True
FD77904472,5TW5,I,455,89,2025/2026,80.4,2021,TW5,44.17,False
FD77904472,5TW5,II,339,123,2025/2026,63.7,2021,TW5,43.76,False
49DA0EE07B,5TW5,I,441,195,2025/2026,55.8,2021,TW5,44.17,False
49DA0EE07B,5TW5,II,328,194,2025/2026,40.9,2021,TW5,43.76,True
02A96D4364,5TW5,I,442,152,2025/2026,65.6,2021,TW5,44.17,False
02A96D4364,5TW5,II,328,139,2025/2026,57.6,2021,TW5,43.76,False
233DC37A1E,5TW5,I,455,177,2025/2026,61.1,2021,TW5,44.17,False
233DC37A1E,5TW5,II,339,128,2025/2026,62.2,2021,TW5,43.76,False
D88AD7F31B,5TW5,I,442,82,2025/2026,81.4,2021,TW5,44.17,False
D88AD7F31B,5TW5,II,328,88,2025/2026,73.2,2021,TW5,43.76,False
571C54E9D3,5TW5,I,455,84,2025/2026,81.5,2021,TW5,44.17,False
571C54E9D3,5TW5,II,339,120,2025/2026,64.6,2021,TW5,43.76,False
68E4E95E90,5TW5,I,455,161,2025/2026,64.6,2021,TW5,44.17,False
68E4E95E90,5TW5,II,339,148,2025/2026,56.3,2021,TW5,43.76,False
1D7CE27219,1M,I,448,173,2025/2026,61.4,2025,M,39.75,False
1D7CE27219,1M,II,624,403,2025/2026,35.4,2025,M,-1.73,False
6F7EAC37BB,1M,I,448,252,2025/2026,43.8,2025,M,39.75,False
6F7EAC37BB,1M,II,624,484,2025/2026,22.4,2025,M,-1.73,False
1D52910AEC,1M,I,448,101,2025/2026,77.5,2025,M,39.75,False
1D52910AEC,1M,II,624,275,2025/2026,55.9,2025,M,-1.73,False
24C7D75398,1M,I,448,116,2025/2026,74.1,2025,M,39.75,False
24C7D75398,1M,II,624,249,2025/2026,60.1,2025,M,-1.73,False
EC514CB4CC,1M,I,448,128,2025/2026,71.4,2025,M,39.75,False
EC514CB4CC,1M,II,624,211,2025/2026,66.2,2025,M,-1.73,False
2BFD2025B4,1M,I,448,177,2025/2026,60.5,2025,M,39.75,False
2BFD2025B4,1M,II,624,408,2025/2026,34.6,2025,M,-1.73,False
0033BC69A3,1M,II,23,17,2025/2026,26.1,2025,M,-1.73,False
F7AE5C8CE6,1M,I,448,92,2025/2026,79.5,2025,M,39.75,False
F7AE5C8CE6,1M,II,624,209,2025/2026,66.5,2025,M,-1.73,False
D9BB6ECBB4,1M,I,448,163,2025/2026,63.6,2025,M,39.75,False
D9BB6ECBB4,1M,II,624,377,2025/2026,39.6,2025,M,-1.73,False
29FB9E412C,1M,I,446,175,2025/2026,60.8,2025,M,39.75,False
29FB9E412C,1M,II,627,484,2025/2026,22.8,2025,M,-1.73,False
FC9BA2641A,1M,I,446,81,2025/2026,81.8,2025,M,39.75,False
FC9BA2641A,1M,II,627,244,2025/2026,61.1,2025,M,-1.73,False
DC266A9396,1M,I,446,48,2025/2026,89.2,2025,M,39.75,False
DC266A9396,1M,II,627,160,2025/2026,74.5,2025,M,-1.73,False
6B6562052E,1M,I,446,34,2025/2026,92.4,2025,M,39.75,False
6B6562052E,1M,II,627,133,2025/2026,78.8,2025,M,-1.73,False
81F4D6FF65,1M,II,212,89,2025/2026,58.0,2025,M,-1.73,False
C6EB844156,1M,I,405,92,2025/2026,77.3,2025,M,39.75,False
C6EB844156,1M,II,627,176,2025/2026,71.9,2025,M,-1.73,False
357DFBCB4D,1M,I,446,154,2025/2026,65.5,2025,M,39.75,False
357DFBCB4D,1M,II,627,338,2025/2026,46.1,2025,M,-1.73,False
3BE3545E01,1M,I,446,133,2025/2026,70.2,2025,M,39.75,False
3BE3545E01,1M,II,627,313,2025/2026,50.1,2025,M,-1.73,False
E273281386,1M,I,446,86,2025/2026,80.7,2025,M,39.75,False
E273281386,1M,II,627,273,2025/2026,56.5,2025,M,-1.73,False
B89B1AF3AC,1M,I,446,140,2025/2026,68.6,2025,M,39.75,False
B89B1AF3AC,1M,II,627,248,2025/2026,60.4,2025,M,-1.73,False
A86E206FEE,2M,II,119,76,2025/2026,36.1,2024,M,38.35,True
361602E01A,2M,I,470,61,2025/2026,87.0,2024,M,33.45,False
361602E01A,2M,II,678,233,2025/2026,65.6,2024,M,38.35,False
CD2873309A,2M,I,489,17,2025/2026,96.5,2024,M,33.45,False
CD2873309A,2M,II,678,117,2025/2026,82.7,2024,M,38.35,False
9C24014A17,2M,I,489,17,2025/2026,96.5,2024,M,33.45,False
9C24014A17,2M,II,678,89,2025/2026,86.9,2024,M,38.35,False
99D9678E19,2M,I,489,65,2025/2026,86.7,2024,M,33.45,False
99D9678E19,2M,II,678,121,2025/2026,82.2,2024,M,38.35,False
A61B9E0BA9,2M,I,489,147,2025/2026,69.9,2024,M,33.45,False
A61B9E0BA9,2M,II,678,287,2025/2026,57.7,2024,M,38.35,False
36375DE4E7,2M,I,489,169,2025/2026,65.4,2024,M,33.45,False
36375DE4E7,2M,II,678,243,2025/2026,64.2,2024,M,38.35,False
4066A85747,2M,I,489,50,2025/2026,89.8,2024,M,33.45,False
4066A85747,2M,II,678,173,2025/2026,74.5,2024,M,38.35,False
26BE6494BB,2M,I,489,107,2025/2026,78.1,2024,M,33.45,False
26BE6494BB,2M,II,678,242,2025/2026,64.3,2024,M,38.35,False
27BE6256EC,2M,I,479,102,2025/2026,78.7,2024,M,33.45,False
27BE6256EC,2M,II,659,194,2025/2026,70.6,2024,M,38.35,False
FC9BA2641A,2M,I,489,129,2025/2026,73.6,2024,M,33.45,False
FC9BA2641A,2M,II,678,221,2025/2026,67.4,2024,M,38.35,False
99F95E06E6,2M,I,479,163,2025/2026,66.0,2024,M,33.45,False
99F95E06E6,2M,II,659,293,2025/2026,55.5,2024,M,38.35,False
F0AB1214F0,2M,I,479,179,2025/2026,62.6,2024,M,33.45,False
F0AB1214F0,2M,II,659,331,2025/2026,49.8,2024,M,38.35,False
29A99559C5,2M,I,479,163,2025/2026,66.0,2024,M,33.45,False
29A99559C5,2M,II,659,260,2025/2026,60.5,2024,M,38.35,False
06E73EB4A6,2M,I,489,262,2025/2026,46.4,2024,M,33.45,False
06E73EB4A6,2M,II,678,351,2025/2026,48.2,2024,M,38.35,False
4A4378F22D,2M,I,459,22,2025/2026,95.2,2024,M,33.45,False
4A4378F22D,2M,II,659,259,2025/2026,60.7,2024,M,38.35,False
32C3C01A62,2M,I,489,88,2025/2026,82.0,2024,M,33.45,False
32C3C01A62,2M,II,678,233,2025/2026,65.6,2024,M,38.35,False
A510329A5F,3M,I,481,185,2025/2026,61.5,2023,M,20.25,False
A510329A5F,3M,II,654,338,2025/2026,48.3,2023,M,13.97,False
88EE17D191,3M,I,468,57,2025/2026,87.8,2023,M,20.25,False
88EE17D191,3M,II,631,191,2025/2026,69.7,2023,M,13.97,False
AD6BE5923B,3M,I,470,263,2025/2026,44.0,2023,M,20.25,False
AD6BE5923B,3M,II,635,454,2025/2026,28.5,2023,M,13.97,False
874DBAED47,3M,I,481,93,2025/2026,80.7,2023,M,20.25,False
874DBAED47,3M,II,654,280,2025/2026,57.2,2023,M,13.97,False
A1CE292364,3M,I,481,149,2025/2026,69.0,2023,M,20.25,False
A1CE292364,3M,II,654,244,2025/2026,62.7,2023,M,13.97,False
9095074A0F,3M,I,470,240,2025/2026,48.9,2023,M,20.25,False
9095074A0F,3M,II,635,355,2025/2026,44.1,2023,M,13.97,False
DB30796B43,3M,I,470,151,2025/2026,67.9,2023,M,20.25,False
DB30796B43,3M,II,635,214,2025/2026,66.3,2023,M,13.97,False
BE7BEC9A8C,3M,I,470,222,2025/2026,52.8,2023,M,20.25,False
BE7BEC9A8C,3M,II,635,339,2025/2026,46.6,2023,M,13.97,False
C107B7F21D,3M,II,463,292,2025/2026,36.9,2023,M,13.97,False
4BE6E13535,3M,I,481,83,2025/2026,82.7,2023,M,20.25,False
4BE6E13535,3M,II,654,188,2025/2026,71.3,2023,M,13.97,False
C181DD9ACF,3M,I,479,80,2025/2026,83.3,2023,M,20.25,False
C181DD9ACF,3M,II,650,219,2025/2026,66.3,2023,M,13.97,False
CE5ADB47E8,3M,I,470,96,2025/2026,79.6,2023,M,20.25,False
CE5ADB47E8,3M,II,635,157,2025/2026,75.3,2023,M,13.97,False
12FDA82E23,3M,I,468,182,2025/2026,61.1,2023,M,20.25,False
12FDA82E23,3M,II,637,295,2025/2026,53.7,2023,M,13.97,False
E8E3451C4A,3M,I,471,194,2025/2026,58.8,2023,M,20.25,False
E8E3451C4A,3M,II,637,333,2025/2026,47.7,2023,M,13.97,False
257A597D9B,3M,I,481,141,2025/2026,70.7,2023,M,20.25,False
257A597D9B,3M,II,656,257,2025/2026,60.8,2023,M,13.97,False
085EB0C6C4,3M,I,471,64,2025/2026,86.4,2023,M,20.25,False
085EB0C6C4,3M,II,637,106,2025/2026,83.4,2023,M,13.97,False
E9C891E3F0,3M,I,64,63,2025/2026,1.6,2023,M,20.25,True
6A32292DA6,3M,I,469,460,2025/2026,1.9,2023,M,20.25,True
6A32292DA6,3M,II,48,48,2025/2026,0.0,2023,M,13.97,True
0244E1B6BF,3M,II,473,276,2025/2026,41.6,2023,M,13.97,False
85CA4B4F29,3M,I,471,97,2025/2026,79.4,2023,M,20.25,False
85CA4B4F29,3M,II,637,268,2025/2026,57.9,2023,M,13.97,False
87216BCB66,3M,I,482,176,2025/2026,63.5,2023,M,20.25,False
87216BCB66,3M,II,656,302,2025/2026,54.0,2023,M,13.97,False
907867E9B4,3M,I,471,256,2025/2026,45.6,2023,M,20.25,False
907867E9B4,3M,II,637,400,2025/2026,37.2,2023,M,13.97,False
8C8C00CDD5,3M,I,471,189,2025/2026,59.9,2023,M,20.25,False
8C8C00CDD5,3M,II,637,365,2025/2026,42.7,2023,M,13.97,False
39CF3DB037,3M,I,482,129,2025/2026,73.2,2023,M,20.25,False
39CF3DB037,3M,II,656,333,2025/2026,49.2,2023,M,13.97,False
10993B78D2,3M,I,471,103,2025/2026,78.1,2023,M,20.25,False
10993B78D2,3M,II,637,308,2025/2026,51.6,2023,M,13.97,False
